<?xml version="1.0" encoding="ISO-8859-1"?>
<preferences>
    <locale language="AUTO"/>
    <basedir dir = "profile/"/>
    <lastprofile autoreload="false">Musterprofil</lastprofile>
    <CurrentCentre FromGPSPosition="true"/>
    <alias name ="musteruser" password="" />
    <alias2 name =""/>
    <gcmemberid name ="3199335" Premium ="false"/>
    <browser name = "FirefoxPortable\FirefoxPortable.exe"/>
    <proxy prx = "" prt = "" active = "false" />
    <port portname = "" baud = "4800"/>
    <portforward active= "false" destinationHost = "192.168.1.15"/>
    <gpsd active= "false" host = "127.0.0.1" port = "2947"/>
    <portlog active= "false" logTimer = "5"/>
    <font size ="16"/>
    <screen menuattop="true" tabsattop="true" showstatus="true" hasclosebutton="true" h="706" w="1366" />
    <fixedsip state = "false"/>
    <listview colmap="0,1,2,3,4,5,6,7,8,9,10,11,12" colwidths="15,20,20,25,92,177,144,83,60,105,50,104,22,30,30,30,30,30,30,30" />
    <travelbugs colmap="1,4,5,6,8,9,10,7" colwidths="212,136,62,90,50,56,90,38,50,50,94,50" shownonlogged="false" />
    <descpanel showimages="true" />
    <imagepanel showdeletedimages="true"/>
    <hintlogpanel logsperpage="5" initialhintheight="10"  maxspiderlogs="250" />
    <solver ignorevariablecase="true" degMode="true" />
    <garmin connection = "com1" GPSBabelOptions = "" MaxWaypointLength = "0" addDetailsToWaypoint = "false" addDetailsToName = "false" />
    <opencaching lastSite="www.opencaching.de" downloadMissing="false"/>
    <location lat = "51.16500" long = "010.45528"/>
    <spider forcelogin="true" spiderUpdates="2" checkLog="false" maxSpiderNumber="200" downloadPics="true" downloadTBs="true"/>
    <gotopanel northcentered="true" />
    <details cacheSize="50" delete="5"/>
    <metric type="1"/>
    <export numberOfLogsToExport="5" exportTravelbugs="false" exportGpxAsMyFinds="true"/>
    <datamover processorMode="0" />
    <logkeeping maximum="250" keepown="true" />
    <fillWhiteArea on="false"/>
    <mapLoader tileSize="1" overlapping="100"/>
    <showCachesOnMap on="true"/>
    <SortingGroupedByCache on="true"/>
    <Symbols useOwnSymbols="true"/>
</preferences>