<?xml version="1.0" encoding="ISO-8859-1"?>
<CACHEDETAILS>
<VERSION value = "3"/>
<DETAILS><![CDATA[Kurz der Strasse Richtung Süden folgen. Dann durch das Unigelände und am Waldrand entlang zum Event]]></DETAILS>
<COUNTRY><![CDATA[]]></COUNTRY>
<STATE><![CDATA[]]></STATE>
<ATTRIBUTES>
</ATTRIBUTES>
<HINTS><![CDATA[]]></HINTS>
<LOGS>
<OWNLOGID></OWNLOGID>
<OWNLOG><![CDATA[]]></OWNLOG>
</LOGS>
<NOTES><![CDATA[]]></NOTES>
<IMAGES>
</IMAGES>
<TRAVELBUGS>
</TRAVELBUGS>
<URL><![CDATA[]]></URL>
<SOLVER><![CDATA[]]></SOLVER>
    <CACHE  name = "Bei der Bibliothek" owner = "" lat = "48,422366666667" lon = "9,9468" hidden = "" wayp = "0220002" status = "" ocCacheID = "" lastSyncOC = "" num_recommended = "0" num_found = "-1" attributesYes = "0" attributesNo = "0" boolFields="1666" byteFields="3276800" attributesYes1 = "0" attributesNo1 = "0" />
</CACHEDETAILS>
