<?xml version="1.0" encoding="ISO-8859-1"?>
<CACHEDETAILS>
<VERSION value = "3"/>
<DETAILS><![CDATA[Von hier aus zu Fuß südlich des langgestreckten Gebäudekomplexes der Uni bis zum Waldrand.]]></DETAILS>
<COUNTRY><![CDATA[]]></COUNTRY>
<STATE><![CDATA[]]></STATE>
<ATTRIBUTES>
</ATTRIBUTES>
<HINTS><![CDATA[]]></HINTS>
<LOGS>
<OWNLOGID></OWNLOGID>
<OWNLOG><![CDATA[]]></OWNLOG>
</LOGS>
<NOTES><![CDATA[]]></NOTES>
<IMAGES>
</IMAGES>
<TRAVELBUGS>
</TRAVELBUGS>
<URL><![CDATA[]]></URL>
<SOLVER><![CDATA[]]></SOLVER>
    <CACHE  name = "Parkplatz Uni West" owner = "" lat = "48,419133333333" lon = "9,94405" hidden = "" wayp = "0320002" status = "" ocCacheID = "" lastSyncOC = "" num_recommended = "0" num_found = "-1" attributesYes = "0" attributesNo = "0" boolFields="1666" byteFields="3276800" attributesYes1 = "0" attributesNo1 = "0" />
</CACHEDETAILS>
