<?xml version="1.0" encoding="ISO-8859-1"?>
<CACHEDETAILS>
<VERSION value = "3"/>
<DETAILS><![CDATA[Da in Ulm an allen Fahrzeugen Umweltplaketten benötigt werden, haben wir hier einen Parkplatz ausserhalb der Umweltzone ausgewiesen. Diesen Parkplatz könnt ihr erreichen, ohne durch die Umweltzone zu fahren.<br>Von Parkplatz aus sind es zum FORT ca. 15 min zu Fuß. Folgt einfach der Albert-Einstein-Allee]]></DETAILS>
<COUNTRY><![CDATA[]]></COUNTRY>
<STATE><![CDATA[]]></STATE>
<ATTRIBUTES>
</ATTRIBUTES>
<HINTS><![CDATA[]]></HINTS>
<LOGS>
<OWNLOGID></OWNLOGID>
<OWNLOG><![CDATA[]]></OWNLOG>
</LOGS>
<NOTES><![CDATA[]]></NOTES>
<IMAGES>
</IMAGES>
<TRAVELBUGS>
</TRAVELBUGS>
<URL><![CDATA[]]></URL>
<SOLVER><![CDATA[]]></SOLVER>
    <CACHE  name = "Parkplatz ausserhalb der Umweltzone" owner = "" lat = "48,428433333333" lon = "9,95735" hidden = "" wayp = "0420002" status = "" ocCacheID = "" lastSyncOC = "" num_recommended = "0" num_found = "-1" attributesYes = "0" attributesNo = "0" boolFields="1666" byteFields="3276800" attributesYes1 = "0" attributesNo1 = "0" />
</CACHEDETAILS>
