<?xml version="1.0" encoding="ISO-8859-1"?>
<CACHEDETAILS>
<VERSION value = "3"/>
<DETAILS><![CDATA[Auto Anreise Nördlicher Zugang aber kaum Parkplätze !]]></DETAILS>
<COUNTRY><![CDATA[]]></COUNTRY>
<STATE><![CDATA[]]></STATE>
<ATTRIBUTES>
</ATTRIBUTES>
<HINTS><![CDATA[]]></HINTS>
<LOGS>
<OWNLOGID></OWNLOGID>
<OWNLOG><![CDATA[]]></OWNLOG>
</LOGS>
<NOTES><![CDATA[]]></NOTES>
<IMAGES>
</IMAGES>
<TRAVELBUGS>
</TRAVELBUGS>
<URL><![CDATA[]]></URL>
<SOLVER><![CDATA[]]></SOLVER>
    <CACHE  name = "Cito Zugang Nord" owner = "" lat = "51,363266666667" lon = "12,352066666667" hidden = "" wayp = "CI24Z97" status = "" ocCacheID = "" lastSyncOC = "" num_recommended = "0" num_found = "-1" attributesYes = "0" attributesNo = "0" boolFields="1666" byteFields="3604480" attributesYes1 = "0" attributesNo1 = "0" />
</CACHEDETAILS>
