<?xml version="1.0" encoding="ISO-8859-1"?>
<CACHEDETAILS>
<VERSION value = "3"/>
<DETAILS><![CDATA[]]></DETAILS>
<COUNTRY><![CDATA[]]></COUNTRY>
<STATE><![CDATA[]]></STATE>
<ATTRIBUTES>
</ATTRIBUTES>
<HINTS><![CDATA[]]></HINTS>
<LOGS>
<OWNLOGID></OWNLOGID>
<OWNLOG><![CDATA[]]></OWNLOG>
</LOGS>
<NOTES><![CDATA[]]></NOTES>
<IMAGES>
</IMAGES>
<TRAVELBUGS>
</TRAVELBUGS>
<URL><![CDATA[]]></URL>
<SOLVER><![CDATA[]]></SOLVER>
    <CACHE  name = "Final" owner = "" lat = "-361,0" lon = "-361,0" hidden = "" wayp = "FIH73R" status = "" ocCacheID = "" lastSyncOC = "" num_recommended = "0" num_found = "-1" attributesYes = "0" attributesNo = "0" boolFields="1154" byteFields="3473408" attributesYes1 = "0" attributesNo1 = "0" />
</CACHEDETAILS>
