<?xml version="1.0" encoding="ISO-8859-1"?>
<CACHEDETAILS>
<VERSION value = "3"/>
<DETAILS><![CDATA[<br>Ein Nachtcache: Folge den Reflektoren.<br />
A night cache : Follow the reflective trail markers
<p>Parken kannst du bei: N51°12.300 E 010°29.024</p>
<p>Ein Nachtcache im Thomas Müntzer Park meiner Heimatstadt.<br />
An den oben angegebenen Koordinaten geht es los,<br />
von dort leiten Reflektoren deinen Weg.<br />
Du brauchst eine starke und weitreichende Taschenlampe!<br />
Die Reflektoren sind überwiegend bei Tage nicht sichtbar und nicht
aus allen Richtungen erkennbar.<br />
Der Abstand der Reflektoren variiert, nicht immer kann man von
Einem zum Anderen sehen.<br />
<br />
Es muß nicht (außer am Cache) querfeldein gegangen werden,<br />
also Augen auf, sonst verpaßt ihr den "Abzweig",oder einen
Baum.</p>
<p>Viel Spaß</p>]]></DETAILS>
<COUNTRY><![CDATA[Germany]]></COUNTRY>
<STATE><![CDATA[Thüringen]]></STATE>
<ATTRIBUTES>
   <ATT>wheelchair-no.gif</ATT>
   <ATT>bicycles-yes.gif</ATT>
   <ATT>stroller-yes.gif</ATT>
   <ATT>night-yes.gif</ATT>
   <ATT>dogs-yes.gif</ATT>
</ATTRIBUTES>
<HINTS><![CDATA[]]></HINTS>
<LOGS>
<OWNLOGID></OWNLOGID>
<OWNLOG><![CDATA[]]></OWNLOG>
<LOG><![CDATA[<img src='icon_smile.gif'>&nbsp;2010-04-06 by blue flow<br><br />Schöner cache aber man muss schon genau schauen um in zu finden <br />]]></LOG>
<LOG><![CDATA[<img src='icon_smile.gif'>&nbsp;2010-04-05 by dop3<br><br />Heute mal den freien Tag genutz um ein paar Cache zu suchen dieser war einer davon. Nach dem einbruch der Dunkelheit konnten sich die Reflektoren nicht mehr lange vor uns verstecken. Die Runde konnten wir relativ schnell absolvieren. Eine schöne Nachtwanderung durch den Thomas Müntzer Park als Abschluss der Osterfeiertage.<p>TFTC dop3&sandra<br />]]></LOG>
<LOG><![CDATA[<img src='icon_smile.gif'>&nbsp;2010-03-26 by Satchmo77<br><br />Auf unserer Thüringentour sollte dies die Nummer 1 sein. Hatte zuerst ein wenig die Stationen vermißt, aber als sich dann der Kurs durch den Park gestaltete war das Reflektorensuchen fast Aufgabe genug. TFTC<br />]]></LOG>
<LOG><![CDATA[<img src='icon_smile.gif'>&nbsp;2010-03-26 by saheimast<br><br />Guter Start eines hoffentlich erfolgreichen Caching-Wochenendes in Mühlhausen. Jetzt haben wir auch endlich einen Nachtcache. TFTC<br />]]></LOG>
<LOG><![CDATA[<img src='icon_smile.gif'>&nbsp;2010-03-26 by Fhuti83<br><br />Mein erster Nachtcache. Zusammen mit saheimast und satchmo77 an unserem ersten Tag/Nacht in Mühlhausen schnell gefunden. TFTC<br />]]></LOG>
<LOG><![CDATA[<img src='icon_smile.gif'>&nbsp;2010-03-18 by rageracer<br><br />Heute kam endlich mal die große Stabtaschenlampe, die für "normale" Caches immer zu unhandlich ist, zum Einsatz.  <img src='http://www.geocaching.com/images/icons/icon_smile_tongue.gif' border=0 align=middle><br>Das war unser erster Nachtcache und er hat uns echt viel Spaß gemacht.<br>Ich bin als Kind immer am Rieseninger mit dem Fahrrad rumgefahren und hatte dort ab und zu Sportunterricht.<br>Daher kannte ich die Gegend ganz gut, aber im Dunkeln war ich noch nie hier.<br>Schöner Cache, Danke.<p>PS: wie habt ihr denn die Reflektoren so hoch dran bekommen? Söckchen Huckepack, oder mit Leiter am Rieseninger rumgelaufen???  	<img src='http://www.geocaching.com/images/icons/icon_smile_big.gif' border=0 align=middle><p>#106 --- 18.03.2010 --- 20.30 Uhr<p>TFTC rageracer & Gastcacher Jörgi<br />]]></LOG>
<LOG><![CDATA[<img src='icon_smile.gif'>&nbsp;2010-03-13 by j.kowi<br><br />TFTC sagen j.kowi + Frau von der CSG9. Das war ja dann doch mal eine ganz sch&#246;n lange Runde durch den Park. Hatten wir so nicht erwartet. Danke f&#252;rs zeigen.<br />]]></LOG>
<LOG><![CDATA[<img src='icon_smile.gif'>&nbsp;2010-03-13 by stevm<br><br />schöne runde!!!<br>alle reflektoren gut  gefunden!!!<p>TFTC stevm von der CSG 9<br />]]></LOG>
<LOG><![CDATA[<img src='icon_smile.gif'>&nbsp;2010-03-05 by toxic89<br><br />Schöne Runde. TFTC<br />]]></LOG>
<LOG><![CDATA[<img src='icon_smile.gif'>&nbsp;2010-03-05 by lissi1991<br><br />tolle strecke! der schnee hat uns auch nicht die laune verdorben <img src='http://www.geocaching.com/images/icons/icon_smile.gif' border=0 align=middle><p>DFDC <img src='http://www.geocaching.com/images/icons/icon_smile.gif' border=0 align=middle><br />]]></LOG>
<LOG><![CDATA[<img src='icon_smile.gif'>&nbsp;2010-03-05 by Fox33<br><br />Schnell gefunden. TFTC<br />]]></LOG>
<LOG><![CDATA[<img src='icon_smile.gif'>&nbsp;2010-01-01 by FG1-Team<br><br />Halleluja - mit diesem Cache haben wir unsere überflüssigen Festtagspfunde ganz gut in Angriff genommen <img src='http://www.geocaching.com/images/icons/icon_smile.gif' border=0 align=middle>. Bei Tiefschnee barg die Wanderung noch zusätzliche Anstrengungen, aber definitiv auch zusätzliche Charme! Wir hatten ja das Gefühl, uns in konzentrischen Bewegungen dem Cache zu nähern... der Track sah jedenfalls lustig aus <img src='http://www.geocaching.com/images/icons/icon_smile_wink.gif' border=0 align=middle><br>Vielen Dank für die Runde!<br />]]></LOG>
<LOG><![CDATA[<img src='icon_smile.gif'>&nbsp;2009-12-28 by hblack<br><br /><img src='http://www.geocaching.com/images/icons/icon_smile_shock.gif' border=0 align=middle> Oh ha, ein weiter Weg!!! Aber mit der nötigen Ausdauer kein Problem. Danke für diese Runde!<br>NT. LG hblack<br />]]></LOG>
<LOG><![CDATA[<img src='icon_smile.gif'>&nbsp;2009-11-29 by DasKnie<br><br />Heute den Final schnell gefunden, nachdem meine kleine Tochter (1,5J) gestern zu viel Angst hatte, um die Runde ruhig zu beenden. Mit einem Kinderwagen sollte die Terrain-Wertung aber auf 3,5 mindestens angehoben werden! Das war der erste Nachtcache, den ich angegangen bin, aber bestimmt nicht der letzte... <p>IN: Nix.<br>OUT: TB.<p>TFTC!!!<br />]]></LOG>
<LOG><![CDATA[<img src='icon_smile.gif'>&nbsp;2009-11-20 by beagle67<br><br />Ein Cach der gern gesucht wird. Waren nicht die Einzigsten im Park. Nach schöner Tour haben wir den Cach gefunden.<p>TFTC <p>Beagle67 <br />]]></LOG>
<LOG><![CDATA[<img src='icon_smile.gif'>&nbsp;2009-11-20 by Die Doose<br><br />Jo im Team gefunden! <br>schöner Park ! <br>die Hunde am anfang waren recht nett ! also da wo wir geparkt haben... <br>und die anderen cache , die wir getroffen haben, müssten eigentlich noch loggen....  es sei denn sie haben ihn nicht gefunden.... <p>tftc <br />]]></LOG>
<LOG><![CDATA[<img src='icon_note.gif'>&nbsp;2009-11-20 by Ronja♥R&#228;ubertochter<br><br />TB in & out<br />]]></LOG>
<LOG><![CDATA[<img src='icon_smile.gif'>&nbsp;2009-11-20 by Ronja♥R&#228;ubertochter<br><br />Im Team durch den nächtlichen Park, der Weg war gut mit Reflektoren bestückt, hatte trotzdem manchmal das Gefühl, hier waren wir doch schon mal? Final gut gefunden. TFTC.<br />]]></LOG>
<LOG><![CDATA[<img src='icon_smile.gif'>&nbsp;2009-11-20 by Schneekanone<br><br />Im Team gut gefunden und einen guten Fußmarsch hingelegt, später noch auf andere Cacher getroffen. <p>Lg<br>Schneekanone<br />]]></LOG>
<LOG><![CDATA[<img src='icon_smile.gif'>&nbsp;2009-11-20 by Steppenwolf6666<br><br />Diesen Cache nach der Stärkung bei Hunger!!! im team angegangen und am Ende auch erfolgreich geloggt! <br />]]></LOG>
<LOG><![CDATA[<img src='icon_smile.gif'>&nbsp;2009-11-08 by Geo-Zwerge<br><br />haben den nachtcache heut fertig gemacht man ist halt doch manchmal blind und läuft einfach vorbei<br>schöner cache TFTC<br />]]></LOG>
<LOG><![CDATA[<img src='icon_smile.gif'>&nbsp;2009-11-07 by R&#252;ben<br><br />endlich geschafft!<br>TFTC<br />]]></LOG>
<LOG><![CDATA[<img src='icon_smile.gif'>&nbsp;2009-11-06 by monalisa812<br><br />endlich haben wir ihn auch mal geschafft, war ja ein ganz schönes kunststück!<br>ach ja ich würde mal sagen die reflektoren könnten mal ausgetauscht werden!<br>aber trotzalle dem ein schöner cach und ne schöne runde<br>TFTC<br />]]></LOG>
<LOG><![CDATA[<img src='icon_smile.gif'>&nbsp;2009-10-31 by Hardcore-UH<br><br />schöne runde schnell gefunden und das Tagsüber :) 8D<p>TFTC<br />]]></LOG>
<LOG><![CDATA[<img src='icon_smile.gif'>&nbsp;2009-10-24 by David+Chrissi<br><br />Endlich auch diesen Nacht-cache gefunden.Hat spaß gemacht.Danke<br>TFTC<br>David+Chrissi<br />]]></LOG>
<LOG><![CDATA[<img src='icon_smile.gif'>&nbsp;2009-10-24 by klins<br><br />Die kleinen Adleraugen leiten uns mit Hilfe der Reflektoren entspannt durch die Nacht, gerade rechtzeitig finden wir das Final - heimwärts im Auto schlafen alle kleinen Krieger....<p>Vielen Dank sagen das Beck´s Team, das Klein-Team und Klins<p>P.S. Einen Coin haben wir nicht gesehen.... 	<img src='http://www.geocaching.com/images/icons/icon_smile_sad.gif' border=0 align=middle><br />]]></LOG>
<LOG><![CDATA[<img src='icon_smile.gif'>&nbsp;2009-10-16 by misfit87<br><br />Zusammen mit Rurpot gefunden...ebenfalls mein erster Nachtcach...schöne Runde gedreht und danach sogar das Auto wiedergefunden ;)...und ein Wildschwein haben wir auch getroffen<br>TFTC<br />]]></LOG>
<LOG><![CDATA[<img src='icon_smile.gif'>&nbsp;2009-10-04 by Rurpot<br><br />Juhuuuu mein erster Nachtcache =)<br>War ne coole Runde und auch nicht zu schwer. Vielen Dank dafür!<br>in: Kopftuch<br>out: Golfball<br />]]></LOG>
<LOG><![CDATA[<img src='icon_note.gif'>&nbsp;2009-10-04 by Geo-Zwerge<br><br />der cache ist bestimmt nicht schlecht aber aus irgend einem grund waren mit einem schlag die reflektoren alle und wir haben leider nix gefunden keinen cache und au keine refle.<br>blind???<br>wech???<br>oder einfach nur b...???<br>naja egal hätten gern mal nen kleinen tip waren schon das 2. mal im wald<br />]]></LOG>
<LOG><![CDATA[<img src='icon_smile.gif'>&nbsp;2009-09-17 by Tini1985<br><br />Dieser Cache war der Start unserer ersten Nachttour. Wir sind mit einem Kumpel losgezogen (wird sicher demnächst einen Login hier haben ;-) ) und haben den schönen Nachtspaziergang entlang der Reflektoren auch ganz gut gefunden (anfangs war es etwas schwierig, aber wenn man den Blick dann einmal geschult hat, geht es gut). Den Cache haben wir um 22.45 Uhr geloggt: In: Duftöl; Out: Geocoin<br>Vielen, vielen Dank für einen so tollen, erfolgreichen, ersten Nachtcache, Tini1985.<br />]]></LOG>
<LOG><![CDATA[<img src='icon_smile.gif'>&nbsp;2009-07-13 by MV79<br><br />Das war an diesem Abend unsere letzte Station. Vorher war es noch zu hell <img src='http://www.geocaching.com/images/icons/icon_smile_wink.gif' border=0 align=middle>.<br>Also packten TamaL, mkay90 und ich es gegen 22 Uhr an. Hat uns wirklich gut gefallen, war auch unser erster Nachtcach und am Final gut gefunden. Außer am Start hatten wir ein paar Schwierigkeiten und ein bis 2 Reflektoren sind kaum noch erkennbar.<br>Der TB ging mit und ein neuer Ort ist schon erspät. Leider war der Geocoin nicht mehr drinne <img src='http://www.geocaching.com/images/icons/icon_smile_angry.gif' border=0 align=middle> laut Logbuch hat unseren Vorgängern der Cach auch keinen Spaß gemacht.<br>Wir sagen TFTC<p>IN: Golfball <br>OUT: TB<br />]]></LOG>
<LOG><![CDATA[<img src='icon_smile.gif'>&nbsp;2009-07-13 by mkay90<br><br />Zusammen mit MV79 und TamaL bei einer kleinen Tour geloggt!<br>Schöne Wanderung.<br>Einige Reflektoren sollten mal gewartet werden!<p>TFTC<br />]]></LOG>
<LOG><![CDATA[<img src='icon_smile.gif'>&nbsp;2009-07-13 by TamaL<br><br />Bei einem abendlichen Geocaching Ausflug mit MV79 und mkay90 geloggt. Wir hatten leichte Schwierigkeiten den Startpunkt zu finden. Tolle Idee. <br>In: GC<br>TFTC<br />]]></LOG>
<LOG><![CDATA[<img src='icon_smile.gif'>&nbsp;2009-07-06 by uniqueray<br><br /># 143<p><br />]]></LOG>
<LOG><![CDATA[<img src='icon_smile.gif'>&nbsp;2009-05-22 by russchmabu<br><br />Dieser Cache stand schon lange auf meiner zu erledigen Liste, sollte es doch unser erster Nightcache fernab unserer Heimat sein. Es hat viel Spaß gemacht ihn zu suchen, die "Wegweiser" gaben sich recht deutlich zu erkennen.<br>out: Kartenspiel<br>in: TB<br>TFTC Andre und Moni<br />]]></LOG>
<LOG><![CDATA[<img src='icon_smile.gif'>&nbsp;2009-05-02 by kalimo<br><br />Nach unserem Besuch an den Katzentreppen haben wir noch schnell ne Runde durch den Park gedreht und auch diesen Cache ohne Probleme gehoben.<p>TFTC Team kalimo<br />]]></LOG>
<LOG><![CDATA[<img src='icon_smile.gif'>&nbsp;2009-05-01 by hetten2001<br><br />schöne runden durch den park. flüssig bis zum final!<p>TFTC<p>hetten2001 & Team<br />]]></LOG>
<LOG><![CDATA[<img src='icon_smile.gif'>&nbsp;2009-04-20 by BastiVW<br><br />Kurz entschlossen und dann los gezogen und die runde ohne zwischenfälle gemeistert<br />]]></LOG>
<LOG><![CDATA[<img src='icon_note.gif'>&nbsp;2009-04-19 by Kruemel68<br><br />Währen des cito mal den Cache sauber gemacht und mit einer passende Coin bestückt.<br />]]></LOG>
<LOG><![CDATA[<img src='icon_smile.gif'>&nbsp;2009-04-03 by FTT<br><br />23.05 Uhr<br>Spontan mal den ersten Nachtcache angegangen.Zusammen mit biba1981 eine schöne Runde im Dunkeln gedreht.Wenn man weis wo man hingucken muss ziemlich gut auffindbar.Hat echt Spass gemacht.<br>TFTC  #16<br />]]></LOG>
<LOG><![CDATA[<img src='icon_smile.gif'>&nbsp;2009-04-03 by biba1981<br><br />mal ne runde bei nacht gedreht mit FTT und weide :-)<br />]]></LOG>
<LOG><![CDATA[<img src='icon_smile.gif'>&nbsp;2009-02-06 by die Engel vom Dorf<br><br />Wenn man schon im Cache-Ziel-Gebiet übernachtet, sollte doch auch wenigstens ein Nacht-Cache mit auf dem Plan stehen. Bei uns war das so und heute gegen 20.00 Uhr gings durchs dunkle Mühlhausen <img src='http://www.geocaching.com/images/icons/icon_smile_shy.gif' border=0 align=middle>. Naja, ganz Mühlhausen war es nicht und ganz dunkel Dank der Reflektoren auch nicht. Die Strecke ging über unzählige kleine Wege. Mal rechts, mal links, mal geradeaus - immer den kleinen Glitzi's folgend. <br>Eins muss man ja sagen. Der Owner ist um das Wohl der Cacher bedacht und, dass jeder Heil wieder aus dem Park findet. Denn die Reflektoren sind so zahlreich, diesen Luxus hatten wir bisher noch nicht. So unterstützt wurden wir irgendwann fündig und konnten uns zufrieden ins Gästebuch eintragen <img src='http://www.geocaching.com/images/icons/icon_smile_approve.gif' border=0 align=middle>.<p>Vielen Dank für den Cache und den nächtlichen Parkspaziergang sagen    <br>die Engel vom Dorf<br># 786<p>out: TB<br />]]></LOG>
<LOG><![CDATA[<img src='icon_smile.gif'>&nbsp;2009-01-16 by DrPtah<br><br />Das war der zweite Streich, doch der dritte folgt zu gleich...<p>TFTC<p>Greetz to theio & friends, DirtyDirch, Tom_Po, Rey81, Rocco82 und sein Schatz, TeamTambach, TheFinch und Kraehe82<br />]]></LOG>
<LOG><![CDATA[<img src='icon_smile.gif'>&nbsp;2009-01-16 by rey81<br><br />Das war unsere 2te Station der Nachtcachetour. Nach einem ausgedehnten Parkspaziergang <img src='http://www.geocaching.com/images/icons/icon_smile_wink.gif' border=0 align=middle> haben wir den Cache trotz des Nebel-Handicaps schnell gefunden und konnten gleich zum Nächsten aufbrechen. <p>TFTC<br>rey81<p>+ theio & friends, DirtyDirch, 1/3 Dog-on-Tour, DrPtah,Rocco82 und sein Schatz, TeamTambach, TheFinch und ein Gastcacher<p><br />]]></LOG>
<LOG><![CDATA[<img src='icon_smile.gif'>&nbsp;2009-01-16 by Theio&amp;Friends<br><br />Da wir auf Nachtcache-Cachetour waren, haben wir die Parkrunde als 2. Station auf der Tour geplant. Der Startpunkt war schnell ausgemacht und so folgten wir der Reflektorstrecke wie am Schnürchen. Kein Abzweig konnte uns schrecken... Naja, bis auf einen... Aber das haben wir schnell bemerkt. Trotz Nebel war die Runde gut machbar und hat uns durch den Park geführt. Wir wussten gar nicht, dass es hier einen so großen Park gibt. Der Final konnte sich auch nicht lange vor unseren 24 Augen verstecken! <img src='http://www.geocaching.com/images/icons/icon_smile_approve.gif' border=0 align=middle><p>TFTC<br><i>theio & friends, DirtyDirch, 1/3 Dog-on-Tour, DrPtah, Rey81, Rocco82 und sein Schatz, TeamTambach, TheFinch und ein Gastcacher</i><br />]]></LOG>
<LOG><![CDATA[<img src='icon_smile.gif'>&nbsp;2009-01-16 by dirtydirch<br><br />Schöner Rundgang im heute sehr nebligen Park. Die Reflektoren waren dennoch sehr gut zu erkennen.<p>DirtyDirch unterwegs mit<br>TheFinch, Rey81, DrPtah, Dog-on-Tour, Theio&friend, TeamTambach, Rocco82&Schatz und unserem Gastcacher!<br />]]></LOG>
<LOG><![CDATA[<img src='icon_smile.gif'>&nbsp;2009-01-16 by TheFinch<br><br />Ich glaube bei diesem NC halten wir mit Abstand den Rundenrekord. :) Wir mussten uns sputen, da wir noch einen weiteren Termin wahrnehmen wollten. TheFinch in Herde mit Rocco82 und seine bessere Hälfte, Rey81, DrPtah, 1/2 Dog-on-Tour, Theio&friends, DirtyDirch und Gast unterwegs.<br>TFTC<p>TheFinch<br />]]></LOG>
<LOG><![CDATA[<img src='icon_smile.gif'>&nbsp;2009-01-16 by Team Tambach<br><br />Als zweiten NC auf unserer nächtlichen Tour nahmen wir diesen hier in Angriff. Da das Reflektorsuchen ja schon beim ersten geübt wurde, viel es uns hier nicht schwer der Strecke zu folgen. Und so ging es im "Schnelldurchgang" die Runde entlang, denn wir hatten ja noch einen anderen Termin bei einem NC. <img src='http://www.geocaching.com/images/icons/icon_smile_wink.gif' border=0 align=middle><p>Diesmal in großer Runde, zusammen  mit TheFinch, Rey81, DrPtah, 1/2 Dog-on-Tour, Theio&friends, DirtyDirch, Rocco82 und seinem Schatz und Gastcacher unterwegs.<p><br>Danke, das Team Tambach.<br />]]></LOG>
<LOG><![CDATA[<img src='icon_smile.gif'>&nbsp;2009-01-16 by Rocco82 und sein Schatz<br><br />Nachdem wir schon in Reflektorsuchen geübt waren, war dieser Cache nicht sooooo schwer! Eine wunderschöne Runde. Wir haben alle Reflektoren sehr gut sehen können. Auch wenn es ein wenig neblig war!<p>Und den Final haben wir auch eindeutig identifizieren können!<img src='http://www.geocaching.com/images/icons/icon_smile_wink.gif' border=0 align=middle><p>TFTC<br>no trade<p>rocco82 und sein Schatz.<br>Auch diesen cache im Rudel gefunden!<br>TheFinch, Rey81, DrPtah, DirtyDirch, Theio & friend, Dog-on-Tour, Team Tambach und unser Gastcacher<br />]]></LOG>
<LOG><![CDATA[<img src='icon_smile.gif'>&nbsp;2008-12-13 by Traumpaar1<br><br />nach 5-maligen Anlauf endlich gefunden dachte schon ich bin total blind aber sollte doch öfter meine castcacherin sonne mitnehmen :)<br>wunderschöner cache in dem man nie aufgeben sollte wenn mein kein eindeutiges zeichen fürs final gefunden hat... an alle die noch suchen AUGEN IMMER GANZ WEIT AUF UND VORRAUSSCHAUEND GUCKEN!!!<p>vielen Dank an Mückenfett<p>IN: TB fish from smyrna <br>OUT: nix<br />]]></LOG>
<LOG><![CDATA[<img src='icon_smile.gif'>&nbsp;2008-10-30 by das Licht<br><br />Es war echt eine tolle Runde.<p>DNAKE<br />]]></LOG>
<LOG><![CDATA[<img src='icon_smile.gif'>&nbsp;2008-10-30 by Sonnen Strahl<br><br />Sehr sehr schöne Runde. Anfangs waren wir kurzzeitig am verzweifeln, haben den Weg dann aber doch wieder gefunden. <br>Hat viel Spaß gemacht, besonders unserem Gastcacher, den dieser Spaziergang wohl restlos begeisterte.<p>Danke<br />]]></LOG>
<LOG><![CDATA[<img src='icon_smile.gif'>&nbsp;2008-10-07 by GeoSittiche<br><br />Ein schöner Nachtcache,im zweiten Anlauf gefunden.Am Tag waren wir wohl zu blind.Leider haben wir laut Inventory keinen TB oder GC entdecken können.<br>TFTC<br>die GeoSittiche  <br />]]></LOG>
<LOG><![CDATA[<img src='icon_smile.gif'>&nbsp;2008-10-03 by Hoffi1986<br><br />Nach einer schönen Nachtwanderung mit 3 Gastcachern und einer Rutschpartie am Ende erfolgreich gehoben!<br />]]></LOG>
<LOG><![CDATA[<img src='icon_smile.gif'>&nbsp;2008-09-02 by Team Kumunst<br><br />Zusammen mit ifindnix waren wir an einem wunderbaren und langen Wochenende gemeinsam in Thüringen unterwegs. Natürlich haben wir auch ein paar Dosen gefunden. <br>Diese war eine davon.<br>Danke und Gruß<br>Team Kumunst<br />]]></LOG>
<LOG><![CDATA[<img src='icon_smile.gif'>&nbsp;2008-09-02 by ifindnix<br><br />Salvete!<br>Wir waren mal wieder gemeinsam mit Team Kumunst auf cache-Tour und konnten dabei auch dieses interessante Dunkelheits-Döschen finden! <img src='http://www.geocaching.com/images/icons/icon_smile_big.gif' border=0 align=middle><br>Vobis gratias agimus!<br>ifindnix & crew <br />]]></LOG>
<LOG><![CDATA[<img src='icon_note.gif'>&nbsp;2008-08-21 by Mueckenfett<br><br />Kleine Cachewartung, hier wurde alles sauber gemacht und leider auch der Coin mit weg geputzt.<br>Der virtuelle ist noch vorne im Logbuch abgebildet.<br />]]></LOG>
<LOG><![CDATA[<img src='icon_smile.gif'>&nbsp;2008-08-06 by LUPO.79<br><br />Endlich diesen Nachtcache gehoben. Bei wunderbarem Sommernachtswetter im Alleingang losgezogen und diesen wunderschön angelegten Parcour durchlaufen. TFTC<p>OUT: TB<br>IN: Coin<br />]]></LOG>
<LOG><![CDATA[<img src='icon_smile.gif'>&nbsp;2008-05-03 by AT-AT<br><br />Heute mit gollumgandalf und 2 Gastcachern diesen endlich angegangen. Durch die Geräusche war es teilweise schon etwas gruselig. Ansonsten eine schöne Nachtwanderung mit einem schönen großen Final.<br>TFTC<br />]]></LOG>
<LOG><![CDATA[<img src='icon_smile.gif'>&nbsp;2008-05-03 by Gollum &amp; Galadriel<br><br />Wie groß der Park doch ist <img src='http://www.geocaching.com/images/icons/icon_smile_wink.gif' border=0 align=middle><br>Eine sauber gelgte Strecke, man kann den Reflektoren zügig folgen. Die Bewohner des Waldes fühlten sich etwas gestört und regten sich mächtig auf. Schade, dass es mit LUPO nicht geklappt hat!<br>TFTC<br />]]></LOG>
<LOG><![CDATA[<img src='icon_note.gif'>&nbsp;2008-03-25 by LUPO.79<br><br />Für die nächsten "Angreifer" dieses Caches würde ich mich gern zur Verstärkung anmelden, da es im Team sicher mehr Spaß macht. Kurze Mail, Vielleicht klappts ja mit nem gemeinsamen erfolgreichen Cacheerlebnis!<br />]]></LOG>
<LOG><![CDATA[<img src='icon_smile.gif'>&nbsp;2008-03-21 by Renault Family<br><br />Eine schöne kleine Nachtwanderung. Danke sagt Matti<br />]]></LOG>
<LOG><![CDATA[<img src='icon_smile.gif'>&nbsp;2008-03-21 by madd.in<br><br />Waren heute abend kurz vor zwöf noch im Park unterwegs :D Schöne Runde :-)<p>tb tausch<p>tftc madd.in<br />]]></LOG>
<LOG><![CDATA[<img src='icon_smile.gif'>&nbsp;2008-02-23 by Ashracx<br><br />gestern noch im rudel angegangen und gefunden<br />]]></LOG>
<LOG><![CDATA[<img src='icon_smile.gif'>&nbsp;2008-02-23 by Mosaiker<br><br />Gestern nach dem Ivent geloggt.<br />]]></LOG>
<LOG><![CDATA[<img src='icon_note.gif'>&nbsp;2008-02-23 by harzgeist<br><br />Noch schnell den TB abgelegt.<br />]]></LOG>
<LOG><![CDATA[<img src='icon_smile.gif'>&nbsp;2008-02-23 by gelao7<br><br />Nach dem Eichsfelder Event, noch im Rudel, den Mühlhäuser Stadtwald durchsucht,und das Final gefunden.<br> <br />]]></LOG>
<LOG><![CDATA[<img src='icon_smile.gif'>&nbsp;2008-02-23 by harzgeist<br><br />Zum Abschluß eines wunderschönen Tages diesen Nachtcache noch schnell geloggt.<p>In: TB<p>TFTC sagt Team Harzgeist<br />]]></LOG>
<LOG><![CDATA[<img src='icon_smile.gif'>&nbsp;2008-02-23 by Heppi Aua<br><br />Endlich mal wieder ein Nacht-Cache!! Im Rudel angegangen und alles supi gefunden. Schöne große Box.<br>Vielen Dank <br>Heppi Aua :-))<br />]]></LOG>
<LOG><![CDATA[<img src='icon_smile.gif'>&nbsp;2008-02-23 by Muelli96<br><br />#364<p>als krönenden abschluss einen schönen tages nochmal nach mühlhausen gefahren um im rudel einen nachtcache zu zelebrieren. Alles auch gut gefunden.<p>TFTC<br />]]></LOG>
<LOG><![CDATA[<img src='icon_smile.gif'>&nbsp;2008-02-09 by Kuchenmops<br><br />Eine starke und weitreichende Taschenlampe.. bei den vielen Reflektoren vielleicht nicht unbedingt notwendig. Bis auf einen Abschnitt war immer alles gut markiert, doch teils hatte man das Gefühl sich auf einer Endlosschleife zu bewegen. Ich glaube der Cache nutzt extrem geschickt jeden Weg des Parks aus.<p>Toll gemacht, vielen Dank!<p>noTrade<br />]]></LOG>
<LOG><![CDATA[<img src='icon_smile.gif'>&nbsp;2008-02-09 by NZ48<br><br />Es ist schon erstaunlich, wie man auf so wenig Gesamtfläche so viel Cacheweg unterbringen kann. War da etwa eine Strecke doppelt?<br>Dank hervorragendem Beleuchtungsteam heute gut gefunden. Vielen Dank für die schöne Tour!<br />]]></LOG>
<LOG><![CDATA[<img src='icon_smile.gif'>&nbsp;2008-02-08 by tbauer<br><br />Diese schöne Runde durch den Thomas Müntzer Park haben wir heute abend absolviert.<br>An zwei Stellen waren wir leicht abgelenkt, haben aber den richtigen Weg schnell wiedergefunden.<br>Danke für diese sehr schön gemachte Runde.<p>In: Periskop, Täschchen<br>Out: Mini-Taschenlampe, Igelfigur<br><br />]]></LOG>
<LOG><![CDATA[<img src='icon_smile.gif'>&nbsp;2008-01-12 by braendys<br><br />Nadem wir vor längerer Zeit schon einmal am Tag hier waren und keinen Erfolg bei der Suche hatten, hats heute bei Nacht endlich geklappt. <p>Danke, Team Braendys<br />]]></LOG>
<LOG><![CDATA[<img src='icon_smile.gif'>&nbsp;2008-01-08 by FroehlicheRadlerin<br><br />Schöner Nachtcache, und mit einer guten Taschenlampe und männlichem "Beistand" für mehr Mut war denn auch der Schatz recht schnell gefunden. Den "Vergessenen Ort" hätten wir auch fast mit gemacht, aber das war mir dann doch zu gruselig und zu sportlich. Vielen Dank für die Runde und Grüße aus dem hohen Norden Brandenburgs!<p>[This entry was edited by FroehlicheRadlerin on Wednesday, January 09, 2008 at 4:05:42 AM.]<br />]]></LOG>
<LOG><![CDATA[<img src='icon_smile.gif'>&nbsp;2007-12-16 by nudenn<br><br />Dies sollte der Letzte für heute sein - für die schöne Runde danken Sylvia und Günter aus Donndorf. <img src='http://www.geocaching.com/images/icons/icon_smile_cool.gif' border=0 align=middle><img src='http://www.geocaching.com/images/icons/icon_smile_cool.gif' border=0 align=middle><img src='http://www.geocaching.com/images/icons/icon_smile_cool.gif' border=0 align=middle><br />]]></LOG>
<LOG><![CDATA[<img src='icon_smile.gif'>&nbsp;2007-12-13 by caprikitty<br><br />Danke für den schönen Nachtspaziergang. Bin ihn zusammen mit Chris601 gelaufen, allein hätte ich wohlmöglich Angst bekommen.<br>IN: TB<br />]]></LOG>
<LOG><![CDATA[<img src='icon_smile.gif'>&nbsp;2007-12-08 by ArnGeko<br><br />Im ANschluss an den Ersten Unstrut - Hainich - Geocaching - Stammtisches diese schöne Runde gegangen. In der Gegend war ich bei Tag schonmal.<br>Vielen Dank für diesen Cache.<br />]]></LOG>
<LOG><![CDATA[<img src='icon_maint.gif'>&nbsp;2007-11-18 by Mueckenfett<br><br />Strecke mit Gastcacher Leon,Horst und Anja abgegangen und fehlende Reflektoren erneuert.<br>Sollte wieder alles bestens sein.<br>Tom<br />]]></LOG>
<LOG><![CDATA[<img src='icon_smile.gif'>&nbsp;2007-10-06 by uhri<br><br />Zusammen mit Fam. Marsch nächtliche Runde gedreht.<br>TFTC<br />]]></LOG>
<LOG><![CDATA[<img src='icon_smile.gif'>&nbsp;2007-10-06 by Fam.Marsch<br><br />Als Ende eines Cachetages angegangen und bis auf einer Stelle alles gut gefunden und den Cache leicht gehoben.<br>Danke für diesen schönen Nachtchache, auch wen wir den Park wahrscheinlich ganz vermessen haben :D.<br>Zu der einen Stelle an der es nicht so gut ging: Der Reflektor ist dort nicht mehr vorhanden, nur noch die Reiszwecke ist zu sehen. Und zwar an dem Reflektor vor der ersten Treppe, also im letzten Viertel des Weges. Wir haben uns dort einen wolf gesucht, weil wir dachten wir wären am Final ;) .<p>Out: Ritter, Coin3<br>In: schlumpf ( damit der andere Schlumpf nicht so alleine ist ;) )<p>TFTC<br />]]></LOG>
<LOG><![CDATA[<img src='icon_smile.gif'>&nbsp;2007-04-15 by Uzusmaximus<br><br />Zusammen mit den Hasenschnitzels den Cache schnell gefunden!! Danke<br />]]></LOG>
<LOG><![CDATA[<img src='icon_smile.gif'>&nbsp;2007-04-14 by Odysseus-DPB<br><br />#0268 23:30<br>Nachdem wir den Cache"Über den Lichtern Mühlhausens" gefunden hatten, wolten ein paar von uns noch einen anderen Nachtcache machen. Auch ich sagte dazu nicht nein. Am Parkplatz angekommen sagten ein paar von uns das sie nur noch den Final brauchen. <p>Somit blieb auser mir selber, nur noch ein anderer Cacher übrig der den Cache noch nicht hatte. Somit gingen wir beide zusammen den Weg von Stage zu Stage ab, bis auch wir schließlich am Final eintrafen.<br>Wieder am Parkplatz angekommen, trenten sich unsere Wege. Ich machte mich dann noch auf den anderen Cache hier im Wald zu suchen.<br />]]></LOG>
<LOG><![CDATA[<img src='icon_smile.gif'>&nbsp;2007-04-14 by KaputtesLicht<br><br />Auf den Geschmack gekommen! Nachtcaches sind was tolles! Danke<br />]]></LOG>
<LOG><![CDATA[<img src='icon_smile.gif'>&nbsp;2007-04-14 by Die Hasenschnitzels<br><br />Nach dem Krümel-Nachtcache noch diesen schnell gehoben. Mussten heute Nacht ja nur noch zum Final, den Rest haben wir schon bei klirrender Kälte erledigt. Danach hundemüde ins Bett gefallen. Was für ein Cache-Tag. Vielen Dank für den Cache<p>MfG Die Hasenschnitzels<br />]]></LOG>
<LOG><![CDATA[<img src='icon_smile.gif'>&nbsp;2007-04-14 by DerAlte<br><br />Da ich kein Freund von Nachtcaches bin, habe ich diesen Cache vor dem 2. Thüringer Event aufgesucht und gefunden, wobei ich mehrmals die Spur verloren hatte. Am letzten 'Doppelbaum' konnte ich auch am Tage keine Markierung entdecken!<br>Momentan ist die letzte Wegstrecke wegen Holzfällarbeiten gesperrt, es ist aber kein 'Markierungsbaum' betroffen.<br>In/out: nichts<br>DerAlte <br />]]></LOG>
<LOG><![CDATA[<img src='icon_smile.gif'>&nbsp;2007-04-06 by Team Fire &amp; Ice<br><br />LOG 20:30 Uhr<br>Nachdem wir 'ne Stunde auf einbrechende Dunkelheit gewartet haben, konnten wir endlich loslegen. Es ist eine schöne Runde durch den Park. In Richtung Final finden derzeit Fällarbeiten statt. Hoffentlich trift es keinen markierten Baum. <p>Danke für diese Nachtrunde sagen das<p>Team Fire & Ice<br>Steffi und Heiko aus Erfurt<p>IN: Kartenspiel, Schlumpf<br>OUT: nix<br />]]></LOG>
<LOG><![CDATA[<img src='icon_smile.gif'>&nbsp;2007-04-05 by gloomy<br><br />Den hatte ich mir für Gründonnerstagnacht aufgehoben. Tolle Runde. VG und Danke, gloomy!<br />]]></LOG>
<LOG><![CDATA[<img src='icon_smile.gif'>&nbsp;2007-03-31 by Traveler77<br><br />Bei fast Vollmond den Cache gelogt. War ja heute abend viel los hier. Hat sich auch gelohnt. <img src='http://www.geocaching.com/images/icons/icon_smile_wink.gif' border=0 align=middle> TFTC<br />]]></LOG>
<LOG><![CDATA[<img src='icon_smile.gif'>&nbsp;2007-03-31 by Krieger_des_Lichtes<br><br />Mein erster Nachtcache. Die Suche verlief relativ problemlos dank einer leistungsstarken Taschenlampe. Etwas schwierig fand ich jedoch die Zahlen-Buchstaben-Kombinationen an manchen Bäumen. Nichts für Weitsichtige! Hab den Final dann aber doch zusammen mit Muck um 22:22 Uhr gefunden. Cache ist in gutem Zustand.<br />]]></LOG>
<LOG><![CDATA[<img src='icon_smile.gif'>&nbsp;2007-03-31 by Hor_andy<br><br />Wir waren nun die dritten heute nacht, muss wohl ideale cache-nacht gewesen sein. TFTC<br />]]></LOG>
<LOG><![CDATA[<img src='icon_smile.gif'>&nbsp;2007-03-31 by Bara68<br><br />Ich war im Februar zusammen mit meinen Kindern schon einmal hier gewesen. Am Start mussten wir ein wenig suchen, doch nachdem wir den ersten Reflektor gefunden hatten, war es sehr einfach, der Reflektorenkette zu folgen. Leider enthält die Cachebeschreibung bis heute einen Fehler und so glaubten wir, etwas falsch gemacht zu haben. Deshalb und aufgrund der Müdigkeit eines Kindes brachen wir die Suche ab. Heute war ich dann doch sehr erstaunt, dass wir im Februar direkt am Cacheversteck die Suche beendet haben. Also der Cache hat uns sehr gut gefallen aber die Cachebeschreibung sollte korrigiert werden! Bara68 -notrade-<br />]]></LOG>
<LOG><![CDATA[<img src='icon_smile.gif'>&nbsp;2007-03-17 by Grottenolm87<br><br />Habe meinen Account von Knutsch&Fleck in Grottenolm87 gewechselt. Sollte jemand damit Probleme haben, kann er diesen Log ohne Kommentar löschen.<br>I´ve changed my account from Knutsch&Fleck to Grottenolm87. The log can discharge momentarily if somebody disagree with this.  <br><br />]]></LOG>
<LOG><![CDATA[<img src='icon_smile.gif'>&nbsp;2007-03-17 by Erithacus Rubecula<br><br />Abgestaubt<br>Zuvor bei nacht angegangen und am Tag darauf dann den Final geholt. TFTC<br>12:30 Uhr<p>Knutsch&Fleck<br />]]></LOG>
<LOG><![CDATA[<img src='icon_note.gif'>&nbsp;2007-02-24 by Mueckenfett<br><br />da ist doch ein Coin drin,aber auch nicht,aber jetzt doch.<br>Jedenfalls im Logbuch ein Foto <img src='http://www.geocaching.com/images/icons/icon_smile_big.gif' border=0 align=middle><br />]]></LOG>
<LOG><![CDATA[<img src='icon_smile.gif'>&nbsp;2007-02-17 by Eichsgenossen<br><br />Go Trabi Go<br>Gut gefunden und sehr schön gemacht. Haben mal wieder was von Mhl gesehen, dass wir noch nicht kannten.<br>TFTC<p>Die Eichsgenossen<br />]]></LOG>
<LOG><![CDATA[<img src='icon_smile.gif'>&nbsp;2007-02-10 by JonnyH&#252;tchen<br><br />Gemeinsam mit Krümel bin ich im Dunkel der Nacht aufgebrochen, diesen im Finstren verborgenen Schatz zu suchen. Nach einer schönen Runde mit etwas Gänsehaut und viel Knacken im Unterholz wurden wir schliesslich fündig. Danke Tom für diese wunderschöne Box.<br />]]></LOG>
<LOG><![CDATA[<img src='icon_smile.gif'>&nbsp;2007-02-09 by Kruemel68<br><br />Diesen schönen Nachtcache habe ich gut gefunden. Danke dafür !<br>Krümel<br />]]></LOG>
<LOG><![CDATA[<img src='icon_smile.gif'>&nbsp;2007-02-08 by Chris601<br><br />Found: 2:30<p>tchaaaaa. Was ist bloß los im Moment? Ich glaube, langsam werden die Maßstäbe für gute Caches immer höher gesetzt! Vorige Woche erst "über den Lichtern von Mühlhausen" und heute dieser Schatz! GANZ GROSSES LOB an den Schatzmeister! Mit meiner 55W-Lampe war jeder Reflektor super zu sehen. Teilweise hatte ich 5 oder 6 auf einem mal im Blickfeld und man konnte den genauen Verlauf des Weges sehen. An der letzten Station konnte ich auch nach längerem Suchen keinen Code entdecken. Liegt vermutlich an der nicht 100%igen Schneetauglichkeit dieser Stage. Da es aber nur um ein Tausendstel der Bogenminute (und damit nur um ein paar Meter) ging, habe ich es einfach geschätzt. <br>In der Final-Gegend habe ich dann etwas vor mich hin gebrabbelt, dass wohl absichtlich kein Reflektor am Final montiert ist - kurz danach allerdings doch einen entdeckt <img src='http://www.geocaching.com/images/icons/icon_smile_wink.gif' border=0 align=middle><p>in: -<br>out: TB <br />]]></LOG>
<LOG><![CDATA[<img src='icon_smile.gif'>&nbsp;2007-02-07 by S&#246;ckchen<br><br />Heute als Beta-Tester den Nachtcach von Mückenfett, ohne GPS erfolgreich getestet. Noch kleine Änderungen vorgenommen. Erst am Final vorbeigelaufen, gemerkt das keine Reflektoren mehr kommen, wieder zurück zum letzten Baum und nach kurzer Suche gefunden.<br>Söckchen<br />]]></LOG>
<LOG><![CDATA[<img src='icon_greenlight.gif'>&nbsp;2007-02-03 by JeeperMTJ.gc<br><br />Published<br />]]></LOG>
</LOGS>
<NOTES><![CDATA[]]></NOTES>
<IMAGES>
</IMAGES>
<TRAVELBUGS>
  <tb guid="1ba2a0c1-b7f3-4601-995a-40f1763e567f"><name><![CDATA[Mueckenfett`s Wisconsin Geocoin]]></name><![CDATA[Big Fun]]></tb>
  <tb guid="fb704fbd-8440-44e7-8a93-3b10d63019fb"><name><![CDATA[Die Raeuberschnecke]]></name><![CDATA[<P>... möchte bei den "Wupperpiraten - Night" (Nachtcache im Bergischen Land, GC19XJH) ankommen.<P>

...wants to arrive at "Wupperpiraten - Night" (GC19XJH).]]></tb>
</TRAVELBUGS>
<URL><![CDATA[]]></URL>
<SOLVER><![CDATA[]]></SOLVER>
    <CACHE  name = "Thomas M&#252;ntzer Park bei Nacht" owner = "Mueckenfett" lat = "51,204566666667" lon = "10,483966666667" hidden = "2007-01-16" wayp = "GC10EBJ" status = "" ocCacheID = "" lastSyncOC = "20100419230944" num_recommended = "0" num_found = "-1" attributesYes = "34360788994" attributesNo = "2199023255552" boolFields="1930" byteFields="67310607" attributesYes1 = "0" attributesNo1 = "0" />
</CACHEDETAILS>
