<?xml version="1.0" encoding="ISO-8859-1"?>
<CACHEDETAILS>
<VERSION value = "3"/>
<DETAILS><![CDATA[Ein schnelle Quelle im Rahmen der lockeren Serie "Mühlhäuser
Quellen"
<br>Dieser Cache kann mit dem Fahrrad oder mit dem Auto angefahren
werden. Es handelt sich um eine Nebenstraße, manche fahren aber
auch hier schneller als empfohlen. Darum das Auto lieber ein paar
Meter entfernt an einer geeigneten Stelle abstellen.
<p>Mit dem Rad fährt man bis zur Quelle.</p>
<p>Eine Geschichte kann ich Euch leider zu dieser Quelle (noch)
nicht erzählen, ich fand sie jedoch interessant, weil sie recht
liebevoll zurecht gemacht wurde.</p>
<p>Viel Spaß beim Suchen !</p>]]></DETAILS>
<COUNTRY><![CDATA[Germany]]></COUNTRY>
<STATE><![CDATA[Thüringen]]></STATE>
<ATTRIBUTES>
   <ATT>camping-no.gif</ATT>
   <ATT>bicycles-yes.gif</ATT>
   <ATT>picnic-yes.gif</ATT>
   <ATT>horses-yes.gif</ATT>
   <ATT>available-yes.gif</ATT>
   <ATT>dogs-yes.gif</ATT>
   <ATT>motorcycles-yes.gif</ATT>
</ATTRIBUTES>
<HINTS><![CDATA[orgjrra fgbarf]]></HINTS>
<LOGS>
<OWNLOGID></OWNLOGID>
<OWNLOG><![CDATA[]]></OWNLOG>
<LOG><![CDATA[<img src='icon_smile.gif'>&nbsp;2010-04-10 by diekuschis<br><br />Auf unserer heutigen Mühlen-/Mühlhausen-Tour gefunden. Hier könnte man auch mal picknicken, wenn´s wieder wärmer ist.<br>TFTC<br />]]></LOG>
<LOG><![CDATA[<img src='icon_smile.gif'>&nbsp;2010-04-09 by Quellwolf<br><br />Qvrfr xyrvar Dhryyr zvg Pnpur thg trshaqra. Ivryra Qnax süe'f mrvtra fntg Dhryyjbys. (<a href="cache_details.aspx?pf=&guid=e32affde-07d4-4b63-a2bb-e33731156039&decrypt=y&log=y&numlogs=" title="Decrypt">decrypt</a>)<br />]]></LOG>
<LOG><![CDATA[<img src='icon_smile.gif'>&nbsp;2010-04-07 by MV79<br><br />Aut Tour zusammen mit mkay90 auf Anhieb gefunden.<br>OUT: COIN<br>TFTC<br />]]></LOG>
<LOG><![CDATA[<img src='icon_smile.gif'>&nbsp;2010-04-07 by mkay90<br><br />Auf kleiner Cachetour heute mit MV79 schnell gefunden und geloggt!<p>TFTC<br />]]></LOG>
<LOG><![CDATA[<img src='icon_note.gif'>&nbsp;2010-04-05 by Kruemel68<br><br />Logbuch und Behälter erneuert, Coin IN.<br />]]></LOG>
<LOG><![CDATA[<img src='icon_smile.gif'>&nbsp;2010-04-04 by thegorbi<br><br />Auf der Rückreise vom Mühlhausen-Trip den Brunnen und natürlich den Cache gefunden.<p>thegorbi sagt vielen Dank<br />]]></LOG>
<LOG><![CDATA[<img src='icon_smile.gif'>&nbsp;2010-04-02 by mondenkind1970<br><br />Schnell zum Ende unserer Tour geloggt. Das Logbuch ist voll und feucht.<br />]]></LOG>
<LOG><![CDATA[<img src='icon_smile.gif'>&nbsp;2010-03-29 by Beuthaner<br><br />Den habe ich sehr gut gefunden und sicher gegen 16:40 Uhr gelogt. Der Behälter ist gebrochen, Logbch und fast voll.<br>Da solte eine Wartung fällig werden.<br>Vielen Dank für den Cache.<br>Der Beuthaner aus den Erzgebirge.<br />]]></LOG>
<LOG><![CDATA[<img src='icon_smile.gif'>&nbsp;2010-03-29 by saheimast<br><br />Den letzten Tag unseres Caching-Urlaubs in Mühlhausen erfolgreich abgeschlossen. Danke für die vielen netten caches.<p>Das Logbuch ist allerdings voll...<br />]]></LOG>
<LOG><![CDATA[<img src='icon_smile.gif'>&nbsp;2010-03-29 by Satchmo77<br><br />An unserem letzen Tag auf Cacherreise nach Mühlhausen auf den Spuren der "Mühlhauser Verstecker" auch diesen gefunden. Danke für eine tolle Zeit mit vielen, tollen Dosen in eindrucksvoller Umgebung! TFTC<br />]]></LOG>
<LOG><![CDATA[<img src='icon_smile.gif'>&nbsp;2010-03-29 by Fhuti83<br><br />Schnell gefunden und gelogt. Unterwegs mit saheimast und satchmo77. TFTC<br />]]></LOG>
<LOG><![CDATA[<img src='icon_smile.gif'>&nbsp;2010-03-29 by Kami79<br><br />Kurz vor dem Mittag hier fix angehalten und die Bewohner vorsichtig gestört beim Dösle heben ... Hier lebt schon alles ... Eine kleine Kellerassel freundlich gebeten, vom Deckel zu krabbeln ... :)<p>Dösle ist undicht, Logbuch fast voll und feucht, Tüte defekt ...<p>Echt schöne Gegend, danke fürs herführen!<p>TFTC, Kami + kleinstrolch<p>No trade<br />]]></LOG>
<LOG><![CDATA[<img src='icon_smile.gif'>&nbsp;2010-02-10 by rageracer<br><br />Dank der Spuren im Schnee von beagle67 und der genauen Koordinaten sehr schnell gefunden.<p>#66 --- 10.02.2010 --- 8.35 Uhr<p>TFTC<br />]]></LOG>
<LOG><![CDATA[<img src='icon_smile.gif'>&nbsp;2010-02-06 by beagle67<br><br />Heute auf Tour mit Axel und Beagle gewesen. Schönes Versteck und gleich gefunden. Das Logbuch ist durchfeuchtet, da die Folietüte auch kaputt ist. Hatte leider nichts dabei. <br>---06.02.2010---14.05Uhr--<br>TFTC<br />]]></LOG>
<LOG><![CDATA[<img src='icon_smile.gif'>&nbsp;2009-12-26 by pendragon1993<br><br />Ein wirklich schön zurechtgemachter Platz, den wir ohne die Cacherei wohl nie besucht hätten!<br>TFTC<br>Team Pendragon1993<br />]]></LOG>
<LOG><![CDATA[<img src='icon_smile.gif'>&nbsp;2009-11-30 by Rosenquartett<br><br />Cache gut und schnell gefunden.<br>Danke und Grüße<br />]]></LOG>
<LOG><![CDATA[<img src='icon_smile.gif'>&nbsp;2009-11-11 by mnieft<br><br />Schnell in der Nähe gehalten und geloggt.<p>TFTC<br />]]></LOG>
<LOG><![CDATA[<img src='icon_smile.gif'>&nbsp;2009-11-10 by Karolli<br><br />Nr 2 heute! Gut gefunden und nebenan noch die Bioeiproduktionstätte <img src='http://www.geocaching.com/images/icons/icon_smile_wink.gif' border=0 align=middle>beobachtet.<br>TFTC<br />]]></LOG>
<LOG><![CDATA[<img src='icon_smile.gif'>&nbsp;2009-10-22 by Knuellfuchs<br><br />Gut und schnell gefunden. Danke für`s Verstecken. Der Knüllfuchs.<br />]]></LOG>
<LOG><![CDATA[<img src='icon_smile.gif'>&nbsp;2009-10-14 by windsandale<br><br />Der Kleine war schnell gefunden. Aber der Verkehr ist heftig!<br>Danke!<br>windsandale<br />]]></LOG>
<LOG><![CDATA[<img src='icon_smile.gif'>&nbsp;2009-09-22 by Hardcore-UH<br><br />gefunden und gelogt<br />]]></LOG>
<LOG><![CDATA[<img src='icon_smile.gif'>&nbsp;2009-09-22 by Team sahneprinz<br><br />Heute auf unserer Tour nach dem Mühlhäuser Stadtwald gefunden und geloggt.<p>Danke für diesen Cache und schöne Grüsse<br>Marion und Gerhard (<font color="blue"><b>Team sahneprinz</font></b>). <img src='http://www.geocaching.com/images/icons/icon_smile_cool.gif' border=0 align=middle><br><font color="green"><b>["Team Harz"]</font></b><br />]]></LOG>
<LOG><![CDATA[<img src='icon_smile.gif'>&nbsp;2009-09-22 by monalisa812<br><br />schnell gefunden, danke für den cach!<br />]]></LOG>
<LOG><![CDATA[<img src='icon_smile.gif'>&nbsp;2009-09-22 by R&#252;ben<br><br />schnell gefunden danke für den cach<br />]]></LOG>
<LOG><![CDATA[<img src='icon_smile.gif'>&nbsp;2009-09-13 by armsoeh<br><br />Auf unserer Radtour schnell gefunden und geloggt. Der Behälter ist leicht beschädigt und sollte u.U. mal ausgetauscht werden.<br>TFTC sagt das Armsoeh-Team<p>Out: NIX<br>IN: TB "Money makes the world..."<br><br />]]></LOG>
<LOG><![CDATA[<img src='icon_smile.gif'>&nbsp;2009-08-22 by Giratina<br><br />Mit faZind schnell gefunden und geloggt. Gruß Giratina TFTC<br />]]></LOG>
<LOG><![CDATA[<img src='icon_smile.gif'>&nbsp;2009-08-22 by fazind<br><br />Auf heutiger Thüringen-Runde schnell gefunden und gelogt. Gruß FaZind<br />]]></LOG>
<LOG><![CDATA[<img src='icon_smile.gif'>&nbsp;2009-08-10 by David+Chrissi<br><br />Kurz vor schwerem Gewitter gefunden und geloggt.Danke<br>David+Chrissi<br />]]></LOG>
<LOG><![CDATA[<img src='icon_smile.gif'>&nbsp;2009-08-09 by Hunter_TH<br><br />Bei schönem Wetter unterwegs gewesen und auch bei diesem Cache schnell ein log gemacht.<p>[This entry was edited by Hunter_TH on Thursday, August 13, 2009 at 7:20:08 AM.]<br />]]></LOG>
<LOG><![CDATA[<img src='icon_smile.gif'>&nbsp;2009-07-12 by burnair<br><br />schöner cache...<br />]]></LOG>
<LOG><![CDATA[<img src='icon_smile.gif'>&nbsp;2009-05-31 by Horse-Team<br><br />Auf Tour durch Mühlhausen auch diesen Cache gut mit variblue und kpit51 bei schönem Wetter gefunden. <br>TFTC<br>Horse-Team<br />]]></LOG>
<LOG><![CDATA[<img src='icon_smile.gif'>&nbsp;2009-05-31 by variblue<br><br />Auf einer landschaftlich sehr schönen Tour nach Mühlhausen zusammen mit dem<br>Horse-Team und kpit51 haben wir auch diesen Cache gut und schnell gefunden.<p>No Trade<p>Danke für den Cache.<p>Gruß<br><b><font color="blue">variblue</b></font><br><br />]]></LOG>
<LOG><![CDATA[<img src='icon_smile.gif'>&nbsp;2009-05-31 by kpit51<br><br />Heute mal mit dem Horse-Team und variblue eine Runde in und um Mühlhausen gedreht und den einen und anderen Cache besucht. <br>Ich danke allen Ownern für ihre Mühe mal schöne und mal schnelle Caches zu legen.<p>Vielen Dank<br>Peter<br />]]></LOG>
<LOG><![CDATA[<img src='icon_smile.gif'>&nbsp;2009-05-23 by ANPEJA<br><br />11.00.Uhr<br>Danke für diesen schönen Ort,wir haben Ihn beim treffen der Laika Wohmobilfahrer in Mühlhausen am Schwannenteich als einzigen mitgenommen,die weiteren in der nähe konnte ich leider nicht(finden)!<br>Gruss aus Haltern am See<br />]]></LOG>
<LOG><![CDATA[<img src='icon_smile.gif'>&nbsp;2009-05-20 by Murray39<br><br />Schöner Cache, wir haben ne weile gesucht, aber dann... ;-)<br><br />]]></LOG>
<LOG><![CDATA[<img src='icon_smile.gif'>&nbsp;2009-05-20 by megafan<br><br />Ein sehr schöner Cache. Danke <br>Schöner Cache. :)<br />]]></LOG>
<LOG><![CDATA[<img src='icon_smile.gif'>&nbsp;2009-05-18 by hawkeye85<br><br />heute kleine tour mit FTT gemacht schnell geloggt<br />]]></LOG>
<LOG><![CDATA[<img src='icon_smile.gif'>&nbsp;2009-05-17 by waldi78<br><br />Heute bei einer Tour um Mühlhausen gefunden! <p>P.S. der Coin ist nicht mehr in der dose :-((<br />]]></LOG>
<LOG><![CDATA[<img src='icon_smile.gif'>&nbsp;2009-05-15 by two rubsners<br><br />Auf dem Weg nach Hause ein kleiner Umweg und schnell mal geloggt. Schönes Plätzchen.<br />]]></LOG>
<LOG><![CDATA[<img src='icon_smile.gif'>&nbsp;2009-05-07 by uhri<br><br />Auf dem Weg Richtung Stadtwald an dieser kleinen Oase kurz verweilt. Dose gesucht und gefunden.<br>TFTC Uhri+Braut<br />]]></LOG>
<LOG><![CDATA[<img src='icon_smile.gif'>&nbsp;2009-04-15 by agp<br><br />Ein Cache am Wegesrand - eine schnelle Angelegenheit. <img src='http://www.geocaching.com/images/icons/icon_smile_big.gif' border=0 align=middle><p>Gruß und Dank<br>agp<br />]]></LOG>
<LOG><![CDATA[<img src='icon_smile.gif'>&nbsp;2009-04-10 by biba1981<br><br />beim biken schnell ma mitgenommen<br />]]></LOG>
<LOG><![CDATA[<img src='icon_smile.gif'>&nbsp;2009-04-05 by Sascha75<br><br />Sehr schöner Platz..........einfach auf für anfänger (wie mich).....<p>in: Taschenmesser<p>out: Travel Bug England 570201 (wird bald woanders sein :-)<br />]]></LOG>
<LOG><![CDATA[<img src='icon_smile.gif'>&nbsp;2009-04-05 by Sharky77<br><br />Ja, unscheinbar schon, aber trotzdem richtig schön...zumindest bei so schönem Wetter wie heute!<p>coin immer noch nicht da<p>TB England in<p>TFTC!<br />]]></LOG>
<LOG><![CDATA[<img src='icon_smile.gif'>&nbsp;2009-03-18 by HeiligerJoghurt<br><br />unscheinbare Gegend, ohne caching wäre ich sicher vorbeigefahren.<br>TFTC<br>TB out<br>Coin: Geocacher's Day Geocoin nicht im Cache !! <br />]]></LOG>
<LOG><![CDATA[<img src='icon_smile.gif'>&nbsp;2009-03-18 by FTT<br><br />Oft vorbeigefahren, nie bemerkt...Aber jetzt:-D<br><br />]]></LOG>
<LOG><![CDATA[<img src='icon_smile.gif'>&nbsp;2009-03-17 by GeoXpedition<br><br />schnell gefunden auch ohne GPS<img src='http://www.geocaching.com/images/icons/icon_smile_big.gif' border=0 align=middle><br>getauscht nix.<br />]]></LOG>
<LOG><![CDATA[<img src='icon_smile.gif'>&nbsp;2009-03-09 by Kerny77<br><br />schnell entdeckt TFTC<br />]]></LOG>
<LOG><![CDATA[<img src='icon_smile.gif'>&nbsp;2009-02-28 by Hoffi1986<br><br />Heute auf dem Heimweg hier mal kurz angehalten und fündig geworden. Auch wenn es matschig war und regnete, die Dose konnte sich nicht lange verstecken.<br>TFTC<br />]]></LOG>
<LOG><![CDATA[<img src='icon_smile.gif'>&nbsp;2009-02-06 by Kloeschen<br><br />Mit Nudenn auf Döschenjagd im Mühlhäuser Umland <img src='http://www.geocaching.com/images/icons/icon_smile_cool.gif' border=0 align=middle><br>Schöne Location für einen Cache. Danke für`s Zeigen.<br />]]></LOG>
<LOG><![CDATA[<img src='icon_smile.gif'>&nbsp;2009-02-06 by nudenn<br><br />Auf Tour mit Kloeschen in Mühlhausen und Umgebung viele interssante Plätze besucht und schöne Caches gefunden.<br>Dank den fleißigen Schatzmeistern - wir kommen gern wieder.<br><img src='http://www.geocaching.com/images/icons/icon_smile.gif' border=0 align=middle>nudenn<img src='http://www.geocaching.com/images/icons/icon_smile.gif' border=0 align=middle><br />]]></LOG>
<LOG><![CDATA[<img src='icon_smile.gif'>&nbsp;2009-01-31 by commander-rabb<br><br />Auf dem Rückweg vom Schullandheim noch schnell diesen schön gelegenen kleinen Cache mitgenommen.<p>Dose ist leicht eingerissen.<p>DFDC<br>commander-rabb<br />]]></LOG>
<LOG><![CDATA[<img src='icon_smile.gif'>&nbsp;2009-01-06 by geofutz<br><br />Auf der Heimfahrt hier schnell fündig geworden.<br>In und Out: <i>Geofutz Counter</i><br><font color="blue"> Danke für <b># 513</b> und</font><br><font color="green"><b><i>BYE Geofutz.</i></b></font><br><br />]]></LOG>
<LOG><![CDATA[<img src='icon_smile.gif'>&nbsp;2008-12-29 by Sushi_und_Soerbi<br><br />Der 5. auf unserer Mühlhausen-Runde...<p>Schnell gefunden...<p>TFTC sagt Team Sushi_und_Soerbi<br />]]></LOG>
<LOG><![CDATA[<img src='icon_smile.gif'>&nbsp;2008-12-27 by diainsel.de<br><br />Schnell gefunden, meine coin scheint nun entgültig verschwunen zu sein <img src='http://www.geocaching.com/images/icons/icon_smile_sad.gif' border=0 align=middle>,<br>Gruß Eberhard<br />]]></LOG>
<LOG><![CDATA[<img src='icon_smile.gif'>&nbsp;2008-11-04 by oldboy2<br><br />Den Cache schnell gefunden, allerdings keine Coin gesehen!<p>TFTC<br>Oldboy2 und "Die Frau aus Holland"<br />]]></LOG>
<LOG><![CDATA[<img src='icon_smile.gif'>&nbsp;2008-10-03 by bgchristian<br><br />gut gefunden<br />]]></LOG>
<LOG><![CDATA[<img src='icon_smile.gif'>&nbsp;2008-09-20 by kallimunkel<br><br />16:50 Zielstrebig die richtige E... angesteuert und alles gut gefunden! Dem kleinen Kallimunkel hat der Brunnen am besten gefallen! Danke sagen die Kallimunkels<br>In: Armband + Magnet  Out: Schlüsselband + Coin (Allerdings haben wir nur einen Reisenden im Behälter entdeckt?!)<br />]]></LOG>
<LOG><![CDATA[<img src='icon_smile.gif'>&nbsp;2008-09-07 by madd.in<br><br />Schöner Ort mit schönem Cacheversteck....<br>tftc, madd.in<br />]]></LOG>
<LOG><![CDATA[<img src='icon_smile.gif'>&nbsp;2008-08-17 by GeoSittiche<br><br />Ein schöner Platz zum Rasten,für uns der Beginn einer Cache-Fahrradtour.<br>Ein würdiger Platz für eine GC.<br>TFTC<br>die GeoSittiche<br>-GC in<br />]]></LOG>
<LOG><![CDATA[<img src='icon_smile.gif'>&nbsp;2008-08-12 by kleinerMuck77<br><br />Auch dieser konnte sich nicht lange verbergen - vielen Dank.<p>#419<br />]]></LOG>
<LOG><![CDATA[<img src='icon_smile.gif'>&nbsp;2008-08-11 by coolbahia<br><br />Am 11.08.08 gefunden.<br>Das ist ja mal ein idyllisches Fleckchen.<br>no trade.<br>TFTC coolbahia<br />]]></LOG>
<LOG><![CDATA[<img src='icon_smile.gif'>&nbsp;2008-08-06 by DerAlte<br><br />Mit dem Rad heute die Waldlauf-Runde versucht abzuarbeiten und diesen Cache mit geloggt: Gut gefunden.<br>DerAlte<br><br />]]></LOG>
<LOG><![CDATA[<img src='icon_smile.gif'>&nbsp;2008-07-02 by Moor2007<br><br />Heute mittag gelogt.<p>TFTC sagt moor2007<p>Out:<br>Coin Rout 66<br>World Championship<br />]]></LOG>
<LOG><![CDATA[<img src='icon_note.gif'>&nbsp;2008-06-29 by dop3<br><br />COIN IN<br />]]></LOG>
<LOG><![CDATA[<img src='icon_note.gif'>&nbsp;2008-06-15 by JonnyH&#252;tchen<br><br />Coin abgelegt<br />]]></LOG>
<LOG><![CDATA[<img src='icon_smile.gif'>&nbsp;2008-06-12 by Mr. Tichy<br><br />Mein dritter Cache meiner Karriere. Schön versteckt, relativ muggelfrei. Es ist von Mühlhausen aus ein schöner Spaziergang.<p>TftC Mr. Tichy<br />]]></LOG>
<LOG><![CDATA[<img src='icon_smile.gif'>&nbsp;2008-05-24 by maceif<br><br />Obwohl früher in dieser Gegend zu Hause gewesen, habe ich von diesem Brunnen nichts gewusst. Schön, daß mich der Cache einmal hierher geführt hat. Die Gegend hat sich angenehm verändert.<br>In: Ü-Ei-Figur<br>Out: Knicklicht<p>TFTC  maceif & Benni<br />]]></LOG>
<LOG><![CDATA[<img src='icon_smile.gif'>&nbsp;2008-05-18 by littlesoldier<br><br />Dank Tipp schnell gefunden! Aber die Tüte ist echt nichts mehr wert!!!<p>[This entry was edited by littlesoldier on Monday, May 19, 2008 at 12:03:17 PM.]<br />]]></LOG>
<LOG><![CDATA[<img src='icon_smile.gif'>&nbsp;2008-04-27 by TriNitroToluol2k6<br><br />Interessanter Ort, an dem man sonst nur vorbeifährt. Dafür gleich mal 'nen Coin dagelassen.<p>TFTC <p>Nancy & René<p>in : Geocacher's Day GeoCoin PCC6FF<br>out: nix<br />]]></LOG>
<LOG><![CDATA[<img src='icon_smile.gif'>&nbsp;2008-04-06 by dop3<br><br />quasi beim vorbeifahren geloggt<br />]]></LOG>
<LOG><![CDATA[<img src='icon_smile.gif'>&nbsp;2008-03-21 by Renault Family<br><br />Hier auf Osterbesuch in Mühlhausen und dem Owner seiner 40.Geburtstagparty auch diesen Kleinen mit einem Kater im Kopf geloggt.<br>Danke sagen Sandra, Max & Matti<br />]]></LOG>
<LOG><![CDATA[<img src='icon_smile.gif'>&nbsp;2008-03-09 by fox-hunter_I<br><br />Als letzte Station heute angegangen und schnell gefunden.<br>Eventuell sollte die Tüte (von Mäusen angeknappert) und die Dose mal ersetzt werden (das Innenleben der Dose ist etwas feucht geworden).<br>Und weiter gehts ....<br />]]></LOG>
<LOG><![CDATA[<img src='icon_note.gif'>&nbsp;2008-03-01 by Gollum &amp; Galadriel<br><br />Coin in (km-Zähler)<br />]]></LOG>
<LOG><![CDATA[<img src='icon_smile.gif'>&nbsp;2008-03-01 by AT-AT<br><br />zusammen mit gollumgandalf gefunden<br>TFTC<br />]]></LOG>
<LOG><![CDATA[<img src='icon_smile.gif'>&nbsp;2008-03-01 by Gollum &amp; Galadriel<br><br />schon zig mal dran vorbei gefahren und nie beachtet<br>danke fürs zeigen<br />]]></LOG>
<LOG><![CDATA[<img src='icon_smile.gif'>&nbsp;2007-09-01 by Airwolf26<br><br />Schneller Cache an der Strasse. Danke & Gruß Wolfgang.<br />]]></LOG>
<LOG><![CDATA[<img src='icon_smile.gif'>&nbsp;2007-06-17 by SwedenHawk<br><br />Eine schöne Stelle zum Ausruhen und Entspannen. <br>Ich aber hatte es eilig und weiter gehts in Richtung Brückenkletterevent.<br>Danke sagt SwedenHawk<br />]]></LOG>
<LOG><![CDATA[<img src='icon_smile.gif'>&nbsp;2007-06-04 by Sanctus70<br><br />Das Grüne wächst und gedeiht, und ich mit kurzen Hosen...aber was sind schon die paar Brennesseln....TFTC sagt Sanctus70<img src='http://www.geocaching.com/images/icons/icon_smile_cool.gif' border=0 align=middle><br />]]></LOG>
<LOG><![CDATA[<img src='icon_smile.gif'>&nbsp;2007-04-26 by LUPO.79<br><br />auf mittagstour hier mal angehalten. Schick schick unsere kleinen idyllischen fleckchen auf dieser erde...<br />]]></LOG>
<LOG><![CDATA[<img src='icon_smile.gif'>&nbsp;2007-04-21 by caro1<br><br />ein idyllisches plätzchen, perfekt für einen cache. <br>danke!<br />]]></LOG>
<LOG><![CDATA[<img src='icon_smile.gif'>&nbsp;2007-04-21 by cato44<br><br />Ein schöner Rastplatz, an dem es- zumindest als wir gegen 20.00 Uhr dort waren-, auch recht ruhig zuging.<br>Danke für's Zeigen!<br>cato44<br />]]></LOG>
<LOG><![CDATA[<img src='icon_smile.gif'>&nbsp;2007-04-15 by Die Hasenschnitzels<br><br />Der Cache war schnell gefunden. Sehr schönes Plätchen. Danach noch zu Eismaik und ein paar Kügelchen eingeworfen, dass die Kugel auch ja nicht kleiner wird <img src='http://www.geocaching.com/images/icons/icon_smile_big.gif' border=0 align=middle>. TFTC<p>MfG Die Hasenschnitzels<br />]]></LOG>
<LOG><![CDATA[<img src='icon_smile.gif'>&nbsp;2007-04-15 by Team Fire &amp; Ice<br><br />LOG 12:20<br>Gemeinsam mit den Hasenschnitzels haben wir diesen Cache schnell gefunden.<p>Danke an Kruemel68.<p>Grüße vom <br>Team Fire & Ice<br>Steffi und Heiko<br />]]></LOG>
<LOG><![CDATA[<img src='icon_smile.gif'>&nbsp;2007-04-14 by KaputtesLicht<br><br />Noch schnell vor dem Event geloggt! Danke<br />]]></LOG>
<LOG><![CDATA[<img src='icon_smile.gif'>&nbsp;2007-04-14 by mtb-db<br><br />Nach dem wunderbaren 2. Thüringer Event noch ein paar Cache auf dem Rückweg mitgenommen.<br>Das Wasser war heute nur etwas sehr grün.<img src='http://www.geocaching.com/images/icons/icon_smile_dead.gif' border=0 align=middle><p>Viele Grüße aus dem Sauerland<br>mtb-db <br />]]></LOG>
<LOG><![CDATA[<img src='icon_smile.gif'>&nbsp;2007-04-14 by Hogan<br><br />Auch wieder eine schöne Stelle für einen Cache!<br>Vielen Dank dafür!<br>Gruß Hogan<br />]]></LOG>
<LOG><![CDATA[<img src='icon_smile.gif'>&nbsp;2007-04-14 by Outdoor Fun<br><br /><img src='http://www.geocaching.com/images/icons/icon_smile_tongue.gif' border=0 align=middle><img src='http://www.geocaching.com/images/icons/icon_smile_wink.gif' border=0 align=middle><img src='http://www.geocaching.com/images/icons/icon_smile_tongue.gif' border=0 align=middle><img src='http://www.geocaching.com/images/icons/icon_smile_wink.gif' border=0 align=middle><img src='http://www.geocaching.com/images/icons/icon_smile_tongue.gif' border=0 align=middle><img src='http://www.geocaching.com/images/icons/icon_smile_wink.gif' border=0 align=middle><p>Servus,<br>auf geht´s in die Heimat doch vorher noch fix ein Paar nette Zeilen in das Büchlein geschrieben...<p><font color="orange"><font size="2"><b>TFTC & Schöne Grüsse aus dem Hochsauerland; </font></font></b><br><font color="blue"><font size="2"><b>+ OUTDOOR FUN +</font></font></b><br />]]></LOG>
<LOG><![CDATA[<img src='icon_smile.gif'>&nbsp;2007-04-14 by MC654<br><br /><img src='http://www.geocaching.com/images/icons/icon_smile_cool.gif' border=0 align=middle> <img src='http://www.geocaching.com/images/icons/icon_smile_big.gif' border=0 align=middle> <img src='http://www.geocaching.com/images/icons/icon_smile_cool.gif' border=0 align=middle> <img src='http://www.geocaching.com/images/icons/icon_smile_big.gif' border=0 align=middle> <img src='http://www.geocaching.com/images/icons/icon_smile_cool.gif' border=0 align=middle><br>Auf dem Rückweg vom Event das Döschen fix gefunden und geloggt. <br>Schöne Grüße aus dem Hochsauerland und vielen Dank für den Cache!!!<p>Gruß Markus<br />]]></LOG>
<LOG><![CDATA[<img src='icon_smile.gif'>&nbsp;2007-04-14 by DerAlte<br><br />Auf der Fahrt zum 2. Thüringer Event geloggt. Besten Dank an den 'Schatzmeister'.<br>DerAlte<br />]]></LOG>
<LOG><![CDATA[<img src='icon_smile.gif'>&nbsp;2007-04-14 by schnuckel<br><br />17:00<br>Auf dem Rückweg noch vorbeigeschaut und geloggt.<p>Grüße aus Brilon<br>schnuckel<br />]]></LOG>
<LOG><![CDATA[<img src='icon_smile.gif'>&nbsp;2007-04-14 by Querfahrer<br><br />Nach dem Event noch mitgenommen. <p>Danke für den Cache<br>Grüße Susi und Uwe<br />]]></LOG>
<LOG><![CDATA[<img src='icon_smile.gif'>&nbsp;2007-04-14 by Bara68<br><br />Ich habe heute (bevor ich zum 2. Thüringer Event fuhr) diesen hier gut und schnell gefunden. Bara68<br />]]></LOG>
<LOG><![CDATA[<img src='icon_smile.gif'>&nbsp;2007-04-14 by Uzusmaximus<br><br />Noch schnell bevor das Event losging geloggt!<br />]]></LOG>
<LOG><![CDATA[<img src='icon_smile.gif'>&nbsp;2007-04-14 by onkel_patrick<br><br />17:00<p>Gut gefunden.<br>Grüße aus dem sauerland<br>Patrick<p><br />]]></LOG>
<LOG><![CDATA[<img src='icon_smile.gif'>&nbsp;2007-04-14 by ArnGeko<br><br />Bei einem Abstecher während GC10QEQ gut + schnell gefunden.<br>TFTC + Grüsse.<br />]]></LOG>
<LOG><![CDATA[<img src='icon_smile.gif'>&nbsp;2007-04-08 by JonnyH&#252;tchen<br><br />Gegen 20:23 Uhr sozusagen im Vorbeifahren gehoben...<p>TFTC !<br />]]></LOG>
<LOG><![CDATA[<img src='icon_smile.gif'>&nbsp;2007-04-07 by Grottenolm87<br><br />Habe meinen Account von Knutsch&Fleck in Grottenolm87 gewechselt. Sollte jemand damit Probleme haben, kann er diesen Log ohne Kommentar löschen.<br>I´ve changed my account from Knutsch&Fleck to Grottenolm87. The log can discharge momentarily if somebody disagree with this.  <br><br />]]></LOG>
<LOG><![CDATA[<img src='icon_smile.gif'>&nbsp;2007-04-07 by hama07<br><br />Cache zufällig gefunden, neugierig geworden und sind ab jetzt dabei. <br />]]></LOG>
<LOG><![CDATA[<img src='icon_smile.gif'>&nbsp;2007-04-07 by ifindnix<br><br />Salvete!<br>Schnell noch vor dem Kaffeetrinken gefunden! <img src='http://www.geocaching.com/images/icons/icon_smile_big.gif' border=0 align=middle><p>Vobis gratias agimus!<p>ifindnix & crew<br>#568<p>[This entry was edited by ifindnix on Sunday, April 08, 2007 at 4:02:11 AM.]<br />]]></LOG>
<LOG><![CDATA[<img src='icon_smile.gif'>&nbsp;2007-04-07 by Eichsgenossen<br><br />Go Trabbi go!<br>14:12 Uhr<br>Out: TB Kompass<br>TFTC<br />]]></LOG>
<LOG><![CDATA[<img src='icon_smile.gif'>&nbsp;2007-04-07 by Erithacus Rubecula<br><br />Abgestaubt!<br>14:15 Uhr<br>TFTC<br />]]></LOG>
<LOG><![CDATA[<img src='icon_smile.gif'>&nbsp;2007-04-07 by Team Kumunst<br><br />Schön angelegte Quelle. Zusammen mit den Eichsgenossen, Knutsch&Fleck und ifindnix gefunden. Danke und Gruß. Team Kumunst<br />]]></LOG>
<LOG><![CDATA[<img src='icon_smile.gif'>&nbsp;2007-04-06 by gucky-<br><br />Quasi im Vorbeifahren haben wir den Cache gesucht und gefunden.<br>Danke an Kruemel68!<p>Gruss Gucky & Grünauge<p>IN: TB konventionelle Navigation<br>OUT: Duschhaube<br />]]></LOG>
<LOG><![CDATA[<img src='icon_smile.gif'>&nbsp;2007-04-05 by Chris601<br><br />Als abendlicher Fahrrad-Ausflug schnell gefunden. Wirklich schöner Ort!<br />]]></LOG>
<LOG><![CDATA[<img src='icon_smile.gif'>&nbsp;2007-04-05 by gloomy<br><br />Schneller Drive-in. VG und Danke, gloomy!<br />]]></LOG>
<LOG><![CDATA[<img src='icon_greenlight.gif'>&nbsp;2007-04-01 by GeoPolizei<br><br />Published<br />]]></LOG>
<LOG><![CDATA[<img src='icon_smile.gif'>&nbsp;2007-04-01 by Hor_andy<br><br /><br>Hurra, erstmals Erstfinder geworden, Haben einen Sonntagsausflug genutzt um diesen neuen Cache gleich zu loggen, ist ja richtig muckelig dort. TFTC<br><br />]]></LOG>
<LOG><![CDATA[<img src='icon_smile.gif'>&nbsp;2007-04-01 by Mueckenfett<br><br />Kenne die Quelle schon länger und wollte hier auch ein kleines Döschen platzieren.<br>Schön das Stefan mir zuvorkam.<br>Tom aus Mühlhausen/Thür.<br />]]></LOG>
<LOG><![CDATA[<img src='icon_smile.gif'>&nbsp;2007-04-01 by Traveler77<br><br />Bei schönstem Sonnenschein auf Sonntagstour mit Hor_Andy den neu versteckten Schatz gefunden. <img src='http://www.geocaching.com/images/icons/icon_smile_wink.gif' border=0 align=middle> TFTC<br />]]></LOG>
</LOGS>
<NOTES><![CDATA[]]></NOTES>
<IMAGES>
</IMAGES>
<TRAVELBUGS>
</TRAVELBUGS>
<URL><![CDATA[]]></URL>
<SOLVER><![CDATA[]]></SOLVER>
    <CACHE  name = "M&#252;hlh&#228;user Quellen Jacobs-Brunnen" owner = "Kruemel68" lat = "51,186966666667" lon = "10,419233333333" hidden = "2007-04-01" wayp = "GC11V8A" status = "" ocCacheID = "" lastSyncOC = "20100419225550" num_recommended = "0" num_found = "-1" attributesYes = "17319939" attributesNo = "32" boolFields="1922" byteFields="50465295" attributesYes1 = "0" attributesNo1 = "0" />
</CACHEDETAILS>
