<?xml version="1.0" encoding="ISO-8859-1"?>
<CACHEDETAILS>
<VERSION value = "3"/>
<DETAILS><![CDATA[<br>Wüstung im Unstrut-Hainich-Kreis
<p>Besiedlungvon 980-1300 auf einer Fläche von 50 ha</p>]]></DETAILS>
<COUNTRY><![CDATA[Germany]]></COUNTRY>
<STATE><![CDATA[Thüringen]]></STATE>
<ATTRIBUTES>
   <ATT>bicycles-yes.gif</ATT>
   <ATT>stroller-yes.gif</ATT>
   <ATT>parking-yes.gif</ATT>
   <ATT>available-yes.gif</ATT>
   <ATT>dogs-yes.gif</ATT>
   <ATT>motorcycles-yes.gif</ATT>
</ATTRIBUTES>
<HINTS><![CDATA[qehagre]]></HINTS>
<LOGS>
<OWNLOGID></OWNLOGID>
<OWNLOG><![CDATA[]]></OWNLOG>
<LOG><![CDATA[<img src='icon_smile.gif'>&nbsp;2010-04-04 by thegorbi<br><br />Auf der Rückreise vom Mühlhausen-Trip die Dorfstätte und natürlich den Cache gefunden.<p>thegorbi sagt vielen Dank<br />]]></LOG>
<LOG><![CDATA[<img src='icon_smile.gif'>&nbsp;2010-04-02 by mondenkind1970<br><br />... geloggt und schnell weiter zum Schullandheim...<br />]]></LOG>
<LOG><![CDATA[<img src='icon_smile.gif'>&nbsp;2010-03-29 by Beuthaner<br><br />Das Wildgehege nahe beim Cache ist eine schöne Abwechslung für nebenbei. Gut gefunden und sicher geloggt.<p>Spoiler Foto anbei.<p>Vielen Dank für den Cache.<br>Der Beuthaner aus den Erzgebirge.<br />]]></LOG>
<LOG><![CDATA[<img src='icon_smile.gif'>&nbsp;2010-03-28 by saheimast<br><br />Fix gefunden trotz kurz vorm Hungertod, gemeinsam mit Fhuti und  Satchmo...TFTC<br />]]></LOG>
<LOG><![CDATA[<img src='icon_smile.gif'>&nbsp;2010-03-28 by Satchmo77<br><br />Auf einer ausgedehnten Tour durch das Mühlhausener Umland mit Fhuti83 und Saheimast auch diesen geloggt. TFTC<br />]]></LOG>
<LOG><![CDATA[<img src='icon_smile.gif'>&nbsp;2010-03-28 by Fhuti83<br><br />Schöner Cache. Schnell gefunden und gelogt. UNterwegs mit satchmo77 und saheimast. TFTC<br />]]></LOG>
<LOG><![CDATA[<img src='icon_smile.gif'>&nbsp;2010-03-21 by Wickeda87<br><br />Mit Carrie 88 nach dem Schnee,schnell gefunden...<br />]]></LOG>
<LOG><![CDATA[<img src='icon_smile.gif'>&nbsp;2010-03-15 by beagle67<br><br />Nachdem der Schnee ihn wieder freigab konnte ich heute Abend schnell im Dunkeln loggen. Leider brauchte ich Hilfe um mit meinem diesmal ungeeigneten Cashmobil die "Loggation" zu verlassen.  <p>#70---15.03.2010---19.45Uhr---<br>TFTC<br />]]></LOG>
<LOG><![CDATA[<img src='icon_smile.gif'>&nbsp;2010-03-12 by Marry1988<br><br />TFTC<p>Marry1988<br />]]></LOG>
<LOG><![CDATA[<img src='icon_smile.gif'>&nbsp;2010-03-12 by judama<br><br />TFTC<br>Team JuDaMa<br />]]></LOG>
<LOG><![CDATA[<img src='icon_smile.gif'>&nbsp;2010-03-11 by rageracer<br><br />Nachdem der Schnee nun fast weg ist, haben wir den Cache auch ganz fix gefunden.<p>#99 --- 11.03.2010 --- 19.45 Uhr<p>TFTC<br />]]></LOG>
<LOG><![CDATA[<img src='icon_smile.gif'>&nbsp;2010-03-05 by hekebe18<br><br /><img src='http://www.geocaching.com/images/icons/icon_smile_big.gif' border=0 align=middle>  	<img src='http://www.geocaching.com/images/icons/icon_smile_cool.gif' border=0 align=middle> Alles abgesucht nichts gefunden. Dann nochmal hingesetzt, überlegt und gefunden.<br>Eine schöne Stelle und ein super Versteck. TFTC  hekebe18<br />]]></LOG>
<LOG><![CDATA[<img src='icon_sad.gif'>&nbsp;2010-01-07 by rageracer<br><br />Nach kurzer Suche aufgegeben.<br>Wahrscheinlich wegen dem ganzen Schnee nicht gefunden.<br>Wenn er weggetaut ist beginnt die Suche von neuem!  	<img src='http://www.geocaching.com/images/icons/icon_smile_approve.gif' border=0 align=middle><p>rageracer<br />]]></LOG>
<LOG><![CDATA[<img src='icon_smile.gif'>&nbsp;2009-12-30 by Filly Prinzessin<br><br />So, nun war ich nun schon das zweite mal hier. Leider hatte ich damals noch keinen eigenen Namen. Da es schon länger her war, dachte ich erst ich finde den kleinen Kerl gar nicht. Aber trotz Schnee konnte sich der kleine nicht vor mir verstecken. Er ist einfach wahnsinnig gut versteckt. <p>Danke sagt Filly Prinzessin <img src='http://www.geocaching.com/images/icons/icon_smile.gif' border=0 align=middle><br />]]></LOG>
<LOG><![CDATA[<img src='icon_smile.gif'>&nbsp;2009-12-29 by Schippi38<br><br />Auf der gemeinsamen Jahresabschlußtour mit Geofutz<br>gefunden.<p>Danke sagt Schippi38!<br />]]></LOG>
<LOG><![CDATA[<img src='icon_smile.gif'>&nbsp;2009-12-29 by geofutz<br><br />Heute zusammen mit Schippi38 eine kleine Jahresabschluß-Tour gemacht.<br>Nach den letzten Logs wollten wir hier garnicht erst hin. Aber er ist wirklich da !!!<br><font size="2"><font face="comic sans ms"> <font color="red"><b>Danke für # 1362</b></font><br><i><b><font color="blue">Einen guten Rutsch und alles Gute für das neue Jahr !</font><br><font color="green">Gruß aus dem Eichsfeld und <img src='http://www.geocaching.com/images/icons/icon_smile_wink.gif' border=0 align=middle> BYE Geofutz <img src='http://www.geocaching.com/images/icons/icon_smile_wink.gif' border=0 align=middle></i></b></font><br><br />]]></LOG>
<LOG><![CDATA[<img src='icon_sad.gif'>&nbsp;2009-12-06 by Nalenia<br><br />Dies war der Erste auf der heutigen Runde und leider nicht gefunden.<br>Danke für´s Zeigen dieser Dorfstelle, bis zum nächsen Mal<br />]]></LOG>
<LOG><![CDATA[<img src='icon_sad.gif'>&nbsp;2009-11-29 by Rosenquartett<br><br />Leider nicht gefunden.<br>Danke fürs zeigen und Grüße<br />]]></LOG>
<LOG><![CDATA[<img src='icon_smile.gif'>&nbsp;2009-11-28 by klins<br><br />Heute auf dem Weg nach Mühlhausen hier einen kleinen Zwischenstop eingelegt.<br>Vielen Dank<br>Klins & das Klein-Team<br />]]></LOG>
<LOG><![CDATA[<img src='icon_smile.gif'>&nbsp;2009-11-28 by DasKnie<br><br />Auf der heutigen Regencacherunde endlich gefunden! Beim ersten Versuch war ich zu blind, aber im Regen ist man ja immer konzentrierter... TFTC<br />]]></LOG>
<LOG><![CDATA[<img src='icon_smile.gif'>&nbsp;2009-11-27 by RatioF<br><br />Ich hatte den Hint zunächst falsch interpretiert und mich an der falschen Stelle ins jetzt nasse Zeug gelegt. Den Cache hab ich dann schon auf dem Rückweg zum Auto an einer unvermuteten Stelle gefunden. Der Petling lag eigentlich offen rum, zum Glück war das Wasser noch nicht gestiegen...<br>Hab den Cache an der nach dem Auffinden wohl typischen Stelle wieder versteckt (hoffentlich gehe ich nicht als Besserverstecker durch). Danke fürs Zeigen dieses geschichtsträchtigen Ortes, RatioF<br />]]></LOG>
<LOG><![CDATA[<img src='icon_smile.gif'>&nbsp;2009-11-11 by mnieft<br><br />Kurz angehalten und geloggt.<p><br />]]></LOG>
<LOG><![CDATA[<img src='icon_smile.gif'>&nbsp;2009-10-23 by canislupus1975<br><br />Auf fugu81's Geburtstags-Cachesuchtour gesucht und gefunden.<p>TFTC canislupus1975<br />]]></LOG>
<LOG><![CDATA[<img src='icon_smile.gif'>&nbsp;2009-10-23 by fugu81<br><br />Nach dem leider nicht so erfolgreich abgewehrten Angriff durch die letzten Brennesseln des Jahres gefunden und geloggt.<p>DFDC fugu81<br />]]></LOG>
<LOG><![CDATA[<img src='icon_smile.gif'>&nbsp;2009-10-22 by Knuellfuchs<br><br />Gut und schnell gefunden. Danke für`s Verstecken. Der Knüllfuchs.<br />]]></LOG>
<LOG><![CDATA[<img src='icon_smile.gif'>&nbsp;2009-10-14 by windsandale<br><br />Der Kleine war schnell gefunden und in gutem Zustand. Wenn es nicht kalt gewesen wäre, hätte ich mich auch länger aufgehalten.<br>Der Autoverkehr ist heftig!<br>Danke!<br>windsandale<br />]]></LOG>
<LOG><![CDATA[<img src='icon_smile.gif'>&nbsp;2009-09-22 by Team sahneprinz<br><br />Heute auf unserer Tour nach dem Mühlhäuser Stadtwald gefunden und geloggt.<p>Danke für diesen Cache und schöne Grüsse<br>Marion und Gerhard (<font color="blue"><b>Team sahneprinz</font></b>). <img src='http://www.geocaching.com/images/icons/icon_smile_cool.gif' border=0 align=middle><br><font color="green"><b>["Team Harz"]</font></b><br />]]></LOG>
<LOG><![CDATA[<img src='icon_smile.gif'>&nbsp;2009-09-20 by Mapuser<br><br />Als Nr.7 auf heutiger Tour gefunden.<p>MfG<br>Mapuser<br><br />]]></LOG>
<LOG><![CDATA[<img src='icon_smile.gif'>&nbsp;2009-09-20 by Hardcore-UH<br><br />bei schönen Wetter gefunden und gelogt<br />]]></LOG>
<LOG><![CDATA[<img src='icon_smile.gif'>&nbsp;2009-09-20 by monalisa812<br><br />schnell gefunden, danke <br />]]></LOG>
<LOG><![CDATA[<img src='icon_smile.gif'>&nbsp;2009-09-20 by R&#252;ben<br><br />schnell gefunden <br>TFTC<br />]]></LOG>
<LOG><![CDATA[<img src='icon_smile.gif'>&nbsp;2009-08-30 by anjume<br><br />An dieser historischen Stelle dann auch noch kurz gestoppt und geloggt.<br>Danke für den Cache.<p>#390<br><br />]]></LOG>
<LOG><![CDATA[<img src='icon_smile.gif'>&nbsp;2009-08-29 by David+Chrissi<br><br />Heute die ganzen "Dorfstellen-Caches" in Angriff genommen.<br>####Schnell Gefunden####<br>TFTC<br>David+Chrissi<br />]]></LOG>
<LOG><![CDATA[<img src='icon_smile.gif'>&nbsp;2009-08-22 by Giratina<br><br />Mit FaZind schnell gefunden. Gruß Giratina<br />]]></LOG>
<LOG><![CDATA[<img src='icon_smile.gif'>&nbsp;2009-08-22 by fazind<br><br />Auf dem Heimweg von unserer Cache-Tour noch schnell mitgenommen. Das Döslein ist vorhanden. Schnell gefunden und gelogt. Gruß FaZind<br />]]></LOG>
<LOG><![CDATA[<img src='icon_sad.gif'>&nbsp;2009-08-16 by DasKnie<br><br />Heute gesucht und nix gefunden. Kann es sein, dass hier gemalert und gemäht wurde und dabei der Cache abhanden gekommen ist?<br />]]></LOG>
<LOG><![CDATA[<img src='icon_smile.gif'>&nbsp;2009-07-09 by Team Kumunst<br><br />Ein kleiner geschichtlicher Ausflug.<br>Danke und Gruß<br>Team Kumunst<br />]]></LOG>
<LOG><![CDATA[<img src='icon_smile.gif'>&nbsp;2009-07-03 by waldi78<br><br />nach kurzer Suche bei schönem Wetter gefunden. <p>T4TC<br />]]></LOG>
<LOG><![CDATA[<img src='icon_smile.gif'>&nbsp;2009-06-07 by two rubsners<br><br />Schon oft vorbeigefahren, aber erst heute angehalten und entdeckt.<br />]]></LOG>
<LOG><![CDATA[<img src='icon_smile.gif'>&nbsp;2009-06-01 by Karolli<br><br />Das war Nr. 10 auf unserer kurzen, schnellen, abendlichen Cacherunde. <br>Wir mussten auch ein bisschen suchen! Aber allzu lange konnte sich das Döschen nicht vor uns verbergen.<br>TFTC <br />]]></LOG>
<LOG><![CDATA[<img src='icon_smile.gif'>&nbsp;2009-05-31 by Horse-Team<br><br />Auf Tour durch Mühlhausen auch diesen Cache gut mit variblue und kpit51 bei schönem Wetter gefunden. <br>TFTC<br>Horse-Team<br />]]></LOG>
<LOG><![CDATA[<img src='icon_smile.gif'>&nbsp;2009-05-31 by variblue<br><br />Auf einer landschaftlich sehr schönen Tour nach Mühlhausen zusammen mit dem<br>Horse-Team und kpit51 haben wir auch diesen Cache gut und schnell gefunden.<p>Beeindruckend, wie ungestört gegenüber Heerden von Rehen und Hirschen grasen konnten.<p>Danke für den Cache.<p>Gruß<br><b><font color="blue">variblue</b></font><br><br />]]></LOG>
<LOG><![CDATA[<img src='icon_smile.gif'>&nbsp;2009-05-31 by kpit51<br><br />Heute mal mit dem Horse-Team und variblue eine Runde in und um Mühlhausen gedreht und den einen und anderen Cache besucht. <br>Ich danke allen Ownern für ihre Mühe mal schöne und mal schnelle Caches zu legen.<p>Vielen Dank<br>Peter<br />]]></LOG>
<LOG><![CDATA[<img src='icon_smile.gif'>&nbsp;2009-05-22 by fabio-otto<br><br />Sehr schöner cache! Ein Ort den wir trotz das einer von uns hier wohnt nicht kannten. Wieder was neues gesehen von der Welt.<br>TFTC<br />]]></LOG>
<LOG><![CDATA[<img src='icon_smile.gif'>&nbsp;2009-05-16 by uhri<br><br />Gesucht und gefunden.<br>TFTC Uhri+Braut<br />]]></LOG>
<LOG><![CDATA[<img src='icon_smile.gif'>&nbsp;2009-05-15 by wauzi08<br><br />schnell gefunden <br />]]></LOG>
<LOG><![CDATA[<img src='icon_smile.gif'>&nbsp;2009-05-09 by biba1981<br><br />heute hat es mal geklappt endlich gefunden<br />]]></LOG>
<LOG><![CDATA[<img src='icon_smile.gif'>&nbsp;2009-05-09 by FTT<br><br />Heute im 3. Anlauf mit jetzt vorhandener Dose endlich geloggt.<br>TFTC<br />]]></LOG>
<LOG><![CDATA[<img src='icon_maint.gif'>&nbsp;2009-05-07 by S&#246;ckchen<br><br />Neues Döschen plaziert<br />]]></LOG>
<LOG><![CDATA[<img src='icon_sad.gif'>&nbsp;2009-04-15 by agp<br><br />Auch wir glauben, daß der Cache weg ist...<img src='http://www.geocaching.com/images/icons/icon_smile_sad.gif' border=0 align=middle><br />]]></LOG>
<LOG><![CDATA[<img src='icon_sad.gif'>&nbsp;2009-04-13 by Sascha75<br><br />Laaaaaaaaaange gesucht.<p>Nicht gefunden! evtl nicht mehr da?<p>bitte mal nachsehen<p>Sascha75<br />]]></LOG>
<LOG><![CDATA[<img src='icon_smile.gif'>&nbsp;2009-03-09 by Kerny77<br><br />TFTC<br />]]></LOG>
<LOG><![CDATA[<img src='icon_smile.gif'>&nbsp;2009-02-06 by Kloeschen<br><br />Mit Nudenn auf Döschenjagd im Mühlhäuser Umland <img src='http://www.geocaching.com/images/icons/icon_smile_cool.gif' border=0 align=middle><br>Schön, dass es hier eine Cache gibt <img src='http://www.geocaching.com/images/icons/icon_smile_big.gif' border=0 align=middle><br />]]></LOG>
<LOG><![CDATA[<img src='icon_smile.gif'>&nbsp;2009-02-06 by nudenn<br><br />Auf Tour mit Kloeschen in Mühlhausen und Umgebung viele interssante Plätze besucht und schöne Caches gefunden.<br>Dank den fleißigen Schatzmeistern - wir kommen gern wieder.<br><img src='http://www.geocaching.com/images/icons/icon_smile.gif' border=0 align=middle>nudenn<img src='http://www.geocaching.com/images/icons/icon_smile.gif' border=0 align=middle><br />]]></LOG>
<LOG><![CDATA[<img src='icon_smile.gif'>&nbsp;2009-01-31 by commander-rabb<br><br />Ganz einfach gefunden.<p>DFDC<br>commander-rabb<br />]]></LOG>
<LOG><![CDATA[<img src='icon_smile.gif'>&nbsp;2009-01-20 by GeoXpedition<br><br />Gefunden,den kleinen.<p>Phulrode wurde erstmals 1530 als Wüstung bezeichnet,somit ist 1300 nicht ganz genau auch wenn´s auf dem Stein steht.<img src='http://www.geocaching.com/images/icons/icon_smile_big.gif' border=0 align=middle><br />]]></LOG>
<LOG><![CDATA[<img src='icon_smile.gif'>&nbsp;2008-12-29 by Sushi_und_Soerbi<br><br />Der 14. auf unserer Mühlhausen-Runde...<p>Schnell gefunden...<p>TFTC sagt Team Sushi_und_Soerbi<br />]]></LOG>
<LOG><![CDATA[<img src='icon_smile.gif'>&nbsp;2008-12-27 by diainsel.de<br><br />Schnell gefunden, <br>Gruß Eberhard<br />]]></LOG>
<LOG><![CDATA[<img src='icon_smile.gif'>&nbsp;2008-12-24 by KaputtesLicht<br><br />Auf dem Heimweg hier noch schnell vorbeigefahren und geloggt! Vielen Dank<br />]]></LOG>
<LOG><![CDATA[<img src='icon_smile.gif'>&nbsp;2008-12-07 by Hoffi1986<br><br />Auf dem Rückweg vom Heyeröder Weihnachtsmarkt mal kurz angehalten und gefunden! Ist noch in tadellosem Zustand.<br>TFTC<br />]]></LOG>
<LOG><![CDATA[<img src='icon_smile.gif'>&nbsp;2008-10-08 by amsel1<br><br />Vorübergehend schnell gefunden.<br />]]></LOG>
<LOG><![CDATA[<img src='icon_smile.gif'>&nbsp;2008-09-20 by bgchristian<br><br />schnell gefunden<br />]]></LOG>
<LOG><![CDATA[<img src='icon_smile.gif'>&nbsp;2008-08-17 by GeoSittiche<br><br />Cache gut gefunden und etwas besser getarnt.<br>TFTC<br>die GeoSittiche<br />]]></LOG>
<LOG><![CDATA[<img src='icon_smile.gif'>&nbsp;2008-08-12 by kleinerMuck77<br><br />Nach einer schönen Wanderung durch den Stadtwald gut gefunden - vielen Dank.<p>#429<br />]]></LOG>
<LOG><![CDATA[<img src='icon_smile.gif'>&nbsp;2008-08-06 by BastiVW<br><br />auch schnell gefunden<br />]]></LOG>
<LOG><![CDATA[<img src='icon_smile.gif'>&nbsp;2008-08-05 by dop3<br><br />heute einen kleinen abstecher in den wald gemacht und schnell gefunden<br />]]></LOG>
<LOG><![CDATA[<img src='icon_smile.gif'>&nbsp;2008-08-04 by Pelletti<br><br />Auf dem Weg zum Baumwipfelpfad hier einen Zwischenstopp eingelegt.Schnell geloggt um auf der anderen Seite das Wildgehege zu bestaunen <img src='http://www.geocaching.com/images/icons/icon_smile_approve.gif' border=0 align=middle>. man sind die süüßß und kein bischen scheu<img src='http://www.geocaching.com/images/icons/icon_smile_approve.gif' border=0 align=middle><img src='http://www.geocaching.com/images/icons/icon_smile_approve.gif' border=0 align=middle>.<br>Danke für die Vorstellung dieses schönen Ortes und Grüße aus dem Sieben Bergen im Leinebergland sagt<br>Pelletti<br />]]></LOG>
<LOG><![CDATA[<img src='icon_smile.gif'>&nbsp;2008-08-02 by Team Zelluloid<br><br />JEAH ERSTER CACHE!!<br />]]></LOG>
<LOG><![CDATA[<img src='icon_smile.gif'>&nbsp;2008-08-02 by Cordula13<br><br />Schöne Rehe<br />]]></LOG>
<LOG><![CDATA[<img src='icon_smile.gif'>&nbsp;2008-08-02 by skandal07<br><br />haben uns bei der gelegenheit gleich die rehe angesehen<br />]]></LOG>
<LOG><![CDATA[<img src='icon_smile.gif'>&nbsp;2008-07-02 by Moor2007<br><br />Heute morgen gelogt.<p>TFTC sagt moor2007<br />]]></LOG>
<LOG><![CDATA[<img src='icon_smile.gif'>&nbsp;2008-05-24 by maceif<br><br />Für einen ehemaligen Vogteier fast ein Heimspiel.<p>TFTC  maceif & Benni<br />]]></LOG>
<LOG><![CDATA[<img src='icon_smile.gif'>&nbsp;2008-05-15 by littlesoldier<br><br />Schnell gefunden! Leider hats geregnet und in der Nähe befindliche Ziele konnten nicht mehr geloggt werden!<br />]]></LOG>
<LOG><![CDATA[<img src='icon_smile.gif'>&nbsp;2008-05-03 by fox-hunter_I<br><br />Tja, da waren wir fast schon wieder auf dem Rückweg als mir doch noch die rechte Idee kam ...  und da war er!<p>TFTC<br>fox-hunter_I<br />]]></LOG>
<LOG><![CDATA[<img src='icon_smile.gif'>&nbsp;2008-04-17 by cato44<br><br />Haben den Cache auf der Rückfahrt gefunden.<br>Danke sagt cato44.<br />]]></LOG>
<LOG><![CDATA[<img src='icon_smile.gif'>&nbsp;2008-04-02 by coolbahia<br><br />Am 02.04.08 auf der Rückfahrt<br>von einer Dienstreise schnell gefunden.<br>TFTC coolbahia<br />]]></LOG>
<LOG><![CDATA[<img src='icon_smile.gif'>&nbsp;2008-03-21 by Renault Family<br><br />Hier auf Osterbesuch in Mühlhausen diesen kleinen geloggt.<br>Danke sagen Sandra, Max & Matti<br />]]></LOG>
<LOG><![CDATA[<img src='icon_smile.gif'>&nbsp;2008-03-08 by Brausi<br><br />Habe eine Weile gesucht, aber alles wurde gut.<br>Axel<br />]]></LOG>
<LOG><![CDATA[<img src='icon_note.gif'>&nbsp;2008-03-02 by Gollum &amp; Galadriel<br><br />Coin in (km-Zähler)<br />]]></LOG>
<LOG><![CDATA[<img src='icon_smile.gif'>&nbsp;2008-03-02 by AT-AT<br><br />zusammen mit gollumgandalf gefunden, ab jetzt allein auf Tour<br>TFTC<br />]]></LOG>
<LOG><![CDATA[<img src='icon_smile.gif'>&nbsp;2008-03-02 by Gollum &amp; Galadriel<br><br />recht schnell gefunden<br>TFTC<br />]]></LOG>
<LOG><![CDATA[<img src='icon_smile.gif'>&nbsp;2008-02-24 by oldboy2<br><br />Nach etwas Suche bei herrlichem Sonnenschein gefunden.<p>TFTC<br>Oldboy2 und "Die Frau aus Holland" <img src='http://www.geocaching.com/images/icons/icon_smile_wink.gif' border=0 align=middle><br />]]></LOG>
<LOG><![CDATA[<img src='icon_maint.gif'>&nbsp;2008-02-22 by S&#246;ckchen<br><br />Alles bestens hier.<br>Augen ganz weit auf und mal die Fingerchen benutzen,<br>dann zeigt sich auch der kleine beim Betonrohr <img src='http://www.geocaching.com/images/icons/icon_smile_wink.gif' border=0 align=middle><br>Silke<br />]]></LOG>
<LOG><![CDATA[<img src='icon_note.gif'>&nbsp;2008-02-03 by Bara68<br><br />Wir haben heute hier mal kurz angehalten – und keinen Schatz gefunden – das lag wohl auch daran, dass alle nur die süßen Rehe im Gehege anschauen und streicheln wollten. Könnte aber auch sein, dass der Schatz nun endgültig weg geschwommen ist. Bara68<br />]]></LOG>
<LOG><![CDATA[<img src='icon_smile.gif'>&nbsp;2007-12-27 by Gate to Black the Forest<br><br />Heut im zweiten Anlauf gefunden!<img src='http://www.geocaching.com/images/icons/icon_smile_big.gif' border=0 align=middle><br>Allerdings ach du Schreck<img src='http://www.geocaching.com/images/icons/icon_smile_shock.gif' border=0 align=middle> der kleine war Feinfrost richtig schön gewässert und gefrosstet!<br>Ein neues 1a Pet-Rohling Döschen fand so seinen Platz und mein Rucksack wurde leichter!<p>Danke für den Cache!<br />]]></LOG>
<LOG><![CDATA[<img src='icon_smile.gif'>&nbsp;2007-12-26 by gloomy<br><br />Bei mir war noch der Feinfrost vor Ort, hatte leider auch keinen Ersatz dabei. VG und Danke, gloomy!<br />]]></LOG>
<LOG><![CDATA[<img src='icon_smile.gif'>&nbsp;2007-12-09 by Team Fire &amp; Ice<br><br />Schade, ein schönes GC-Wochenende ist vorbei und wir sind wieder auf dem Rückweg nach Hause. Doch diesen Cache konnten wir nicht unbemerkt liegen lassen.<p>Vielen Dank sagt das<p>Team Fire & Ice<br>Steffi und Heiko aus Erfurt<br />]]></LOG>
<LOG><![CDATA[<img src='icon_sad.gif'>&nbsp;2007-11-17 by gloomy<br><br />Habe weder unter der Brücke noch unter der Bank etwas gefunden, vielleicht aber auch nur den Cache übersehen... Das östliche Geländer ist "defekt"...<br>VG, gloomy!<br />]]></LOG>
<LOG><![CDATA[<img src='icon_smile.gif'>&nbsp;2007-10-20 by mottobug<br><br />Cachegehäuse undicht (Deckel Putt). Logbuch komplett durchnässt.<p><br />]]></LOG>
<LOG><![CDATA[<img src='icon_smile.gif'>&nbsp;2007-10-20 by SAM-Hessen<br><br />Heute zusammen mit Mottobug auf Cachetour nch etwas längerer Suche gut gefunden.Jedoch muß unbedingt der Cache erneuert werden, da das Logbuch völlig aufgeweicht ist. TFTC<br />]]></LOG>
<LOG><![CDATA[<img src='icon_smile.gif'>&nbsp;2007-09-01 by Airwolf26<br><br />Wenn schon keinen von Tom, dann wenigstens den 2. von seiner lieben Frau Silke. Wie oft haben Uschi und ich da hingeschaut... Das der so tief drin ist konnte keiner ahnen. Wie mit Tom besprochen, leg ich hier einen TB ab, der in den neuen Bundesländern bleiben möchte. Danke & viele liebe Grüße an Silke und Tom, Uschi & Wolfgang.<p>P.S. unbedingt Dose erneuern, hat ein Loch.<br><br />]]></LOG>
<LOG><![CDATA[<img src='icon_smile.gif'>&nbsp;2007-08-05 by unwissenheit<br><br />Heut auf kleine "Drive-in-Jagd"!<br>Diesen hier unterhalb vom großen Runden im Dreck liegen sehen!<br>Da dacht i i werd ihn mal wieder in sein Versteck stecken!<p>Gruß von mir an euch!<br>TFTC<br />]]></LOG>
<LOG><![CDATA[<img src='icon_smile.gif'>&nbsp;2007-07-28 by Bara68<br><br />Ich habe heute zusammen mit meinen Kindern den Ort besucht. Dank der hilfreichen Ratschläge in den Logs gut gefunden. Team Bara68<br />]]></LOG>
<LOG><![CDATA[<img src='icon_smile.gif'>&nbsp;2007-07-12 by Die Hasenschnitzels<br><br />Wir sind auch wieder im Land der Bratwürste und zum Einstand musste dann natürlich auch der Cache gesucht werden,der sich beim letzten Mal zu sehr versteckt hatte. Obwohl es mitten in der Nacht war, haben wir den Micro ohne Probleme entdeckt.Danke für den Cache.<p>Die Hasenschnitzels<br />]]></LOG>
<LOG><![CDATA[<img src='icon_maint.gif'>&nbsp;2007-07-08 by S&#246;ckchen<br><br />Heute mal eine Kontrolle durch geführt.<br>Dem Kleinen gehts bestens,aber der letzte Finder hatte ihn viel zu tief über dem großem Runden unter dem gekreuztem hinein geschoben.<br />]]></LOG>
<LOG><![CDATA[<img src='icon_sad.gif'>&nbsp;2007-05-27 by Waldmutzel<br><br />Auch nach sehr intensiver Suche und das unter schwierigsten Bedingungen (Gewitter, Regen) bin ich leider nicht fündig geworden <img src='http://www.geocaching.com/images/icons/icon_smile_sad.gif' border=0 align=middle>.<p>Kann es sein, der Cache ist gar nicht mehr da?<p>Waldmutzel<br />]]></LOG>
<LOG><![CDATA[<img src='icon_smile.gif'>&nbsp;2007-05-11 by JonnyH&#252;tchen<br><br />Kleiner Schwarzer am Freitag Abend. Danke Silke !<br />]]></LOG>
<LOG><![CDATA[<img src='icon_smile.gif'>&nbsp;2007-05-09 by Grottenolm87<br><br />Habe meinen Account von Knutsch&Fleck in Grottenolm87 gewechselt. Sollte jemand damit Probleme haben, kann er diesen Log ohne Kommentar löschen.<br>I´ve changed my account from Knutsch&Fleck to Grottenolm87. The log can discharge momentarily if somebody disagree with this.  <br><br />]]></LOG>
<LOG><![CDATA[<img src='icon_smile.gif'>&nbsp;2007-05-09 by Erithacus Rubecula<br><br />Abgestaubt<br>Gut und schnell gefunden.<br>#191<p>Knutsch&Fleck<br />]]></LOG>
<LOG><![CDATA[<img src='icon_smile.gif'>&nbsp;2007-05-09 by Eichsgenossen<br><br />"Go Trabbi go"<br>16:50Uhr<br />]]></LOG>
<LOG><![CDATA[<img src='icon_smile.gif'>&nbsp;2007-05-04 by DerAlte<br><br />Heute bei herrlichem Wetter diesen kleinen Cache aufgesucht und schnell entdeckt. Besten Dank an den 'Schatzmeister'.<br>DerAlte & Frau <br />]]></LOG>
<LOG><![CDATA[<img src='icon_smile.gif'>&nbsp;2007-05-02 by Chris601<br><br />Auf Fahrrad-Tour nach etwas Suchen gefunden. Wirklich interessanter Ort! Vielen Dank!<br />]]></LOG>
<LOG><![CDATA[<img src='icon_smile.gif'>&nbsp;2007-05-01 by Mueckenfett<br><br />Schnell entdeckt.<br>Tom<br />]]></LOG>
<LOG><![CDATA[<img src='icon_smile.gif'>&nbsp;2007-04-26 by LUPO.79<br><br />Heut mittag "drüber" gestanden und der traveler77 hielt ihn mir ganz fix vor die nase...<img src='http://www.geocaching.com/images/icons/icon_smile_wink.gif' border=0 align=middle><br />]]></LOG>
<LOG><![CDATA[<img src='icon_smile.gif'>&nbsp;2007-04-26 by Traveler77<br><br />Auf kleiner Mittagsrunde mit LUPO.79 bei herlichstem Wetter gelogt. <img src='http://www.geocaching.com/images/icons/icon_smile_wink.gif' border=0 align=middle> TFTC<br />]]></LOG>
<LOG><![CDATA[<img src='icon_smile.gif'>&nbsp;2007-04-24 by Kruemel68<br><br />Na sowas, da ist man mal zwei Tage nicht zu Hause, da sind doch schon wieder neue Caches gewachsen. Schneller Zugriff gegen 21 Uhr. TFTC.<br />]]></LOG>
<LOG><![CDATA[<img src='icon_smile.gif'>&nbsp;2007-04-24 by Hor_andy<br><br /><br>Na schau mal da, genau so hatte ich mir den Cache vorgestellt den ich dort mal verstecken wollte, ist dann also schon erledigt. Naja, zum FTF hat es dann noch gereicht. TFTC<br><br />]]></LOG>
<LOG><![CDATA[<img src='icon_greenlight.gif'>&nbsp;2007-04-23 by 2<br><br />Published<br />]]></LOG>
</LOGS>
<NOTES><![CDATA[]]></NOTES>
<IMAGES>
</IMAGES>
<TRAVELBUGS>
</TRAVELBUGS>
<URL><![CDATA[]]></URL>
<SOLVER><![CDATA[]]></SOLVER>
    <CACHE  name = "Dorfstelle Phulrode" owner = "S&#246;ckchen" lat = "51,171833333333" lon = "10,397133333333" hidden = "2007-04-21" wayp = "GC12B72" status = "" ocCacheID = "" lastSyncOC = "20100419230145" num_recommended = "0" num_found = "-1" attributesYes = "34364459011" attributesNo = "0" boolFields="1922" byteFields="33689359" attributesYes1 = "0" attributesNo1 = "0" />
</CACHEDETAILS>
