<?xml version="1.0" encoding="ISO-8859-1"?>
<CACHEDETAILS>
<VERSION value = "3"/>
<DETAILS><![CDATA[<br>Eine weitere Station meiner sportlichen Laufbahn in
Mühlhausen.<br />
Der Cache wurde aus Anlass des Geburtstages von JonnyHütchen, auch
eine kleine Sportskanone, gelegt.]]></DETAILS>
<COUNTRY><![CDATA[Germany]]></COUNTRY>
<STATE><![CDATA[Thüringen]]></STATE>
<ATTRIBUTES>
   <ATT>bicycles-yes.gif</ATT>
   <ATT>stroller-yes.gif</ATT>
   <ATT>wheelchair-yes.gif</ATT>
   <ATT>parking-yes.gif</ATT>
   <ATT>available-yes.gif</ATT>
   <ATT>dogs-yes.gif</ATT>
   <ATT>motorcycles-yes.gif</ATT>
</ATTRIBUTES>
<HINTS><![CDATA[nhßra,zna xnaa jnf qenhs fgryyra]]></HINTS>
<LOGS>
<OWNLOGID></OWNLOGID>
<OWNLOG><![CDATA[]]></OWNLOG>
<LOG><![CDATA[<img src='icon_smile.gif'>&nbsp;2010-04-03 by Fam.Marsch<br><br />Mit Uhri und Braut zusammen an diesen Cache gewesen.<br>Wir wurden mit gewarnt, ein ganz schwerer.<br>Nun ja, nach kurzen suchen an anderen Stelle sind dann Senior und Junior gemeinsam Zielstrebig zur richtigen Stelle geeilt. Senior griff an die richtige Stelle, Junior sah ihn dann aber letztendlich und hatte ihn ruckzuck in der Hand.<br>Ein schnelles Ätsch zu Uhri, soooo schwer war er doch gar nicht ( vor allen Dingen weil Uhri einen ähnlicher Machart schon mal in FFM gemacht hat ) und dann geloggt.<br>Und wieder einmal schöne Grüße aus Frankfurt an den Owner.<br>TFTC<br>3/3 Fam.Marsch<br />]]></LOG>
<LOG><![CDATA[<img src='icon_smile.gif'>&nbsp;2010-04-03 by uhri<br><br />Schon zweimal mussten wir hier unvollrichteter Dinge abziehen.<br>Ihr wisst schon, muggelgefahr und die anderen Ausreden.<br>Heute nun mit Fam.Marsch am Start und siehe da, zehn Augen sehen wirklich mehr als vier.<br>Nach kurzer Suche hatte der jüngste Cacher in der Runde diese " Dose" enttarnt.<br>Danke an Mückenfett für dieses Nüsschen. Die drei Sterne hat er voll verdient.<p>TFTC Uhri+Braut<br><br />]]></LOG>
<LOG><![CDATA[<img src='icon_smile.gif'>&nbsp;2010-04-03 by becksoriginal<br><br />Gut und Schnell mit Gastcacherin Susan gefunden<br>TFTC<br />]]></LOG>
<LOG><![CDATA[<img src='icon_smile.gif'>&nbsp;2010-04-03 by thegorbi<br><br />Zum Auftakt einer Biketour durch Mühlhausen gefunden. Ich gebe zu das ich eine Weile suchen mußte. Aber irgendwo muss er ja sein. Schönes Versteck.<p>thegorbi sagt herzlichen Dank<br />]]></LOG>
<LOG><![CDATA[<img src='icon_smile.gif'>&nbsp;2010-03-28 by saheimast<br><br />Schickes Ding, nach längerem Suchen per Zufall mit Satchmo und Fhuti entdeckt...TFTC<br />]]></LOG>
<LOG><![CDATA[<img src='icon_smile.gif'>&nbsp;2010-03-28 by Satchmo77<br><br />Auf einer ausgedehnten Tour durch das Mühlhausener Umland mit Fhuti83 und Saheimast auch diesen geloggt. TFTC<br />]]></LOG>
<LOG><![CDATA[<img src='icon_smile.gif'>&nbsp;2010-03-28 by Fhuti83<br><br />Tolle Idee und ein bisschen Kniffelig war er auch. Trotzdem schnell gefunden. Unterwegs mit saheimast und satchmo77. TFTC<br />]]></LOG>
<LOG><![CDATA[<img src='icon_smile.gif'>&nbsp;2010-03-13 by heilaender123<br><br />Heute mit Team David&Chrissi diesen Cache schnell mitgenommen .<br>Danke fürs zeigen sagt der <br>Heilaender123 <img src='http://www.geocaching.com/images/icons/icon_smile_big.gif' border=0 align=middle><br />]]></LOG>
<LOG><![CDATA[<img src='icon_smile.gif'>&nbsp;2010-03-02 by Wickeda87<br><br />Na endlich...!!!!!!!!! Er hat uns schon den letzten Nerv geraubt aber gestern abend zusammen mit Jasper 366 gefunden...=)<br />]]></LOG>
<LOG><![CDATA[<img src='icon_smile.gif'>&nbsp;2010-03-02 by jasper366<br><br />Wie geil ist das denn, heute zusammen mit Wickeda87 gefunden. Sehr schön gemacht.<br />]]></LOG>
<LOG><![CDATA[<img src='icon_sad.gif'>&nbsp;2010-02-28 by Wickeda87<br><br />da kann ich Jasper 366 nur zustimmen......Das ding macht uns noch Wahnsinnig.......!!!!!!!!!!!!!!!!!!!!!!!!!!!!!!!!!!!!!!  ;)<br />]]></LOG>
<LOG><![CDATA[<img src='icon_sad.gif'>&nbsp;2010-02-28 by jasper366<br><br />Haben heute zum 3 mal mit 12 Augen gesucht und wieder nix! Wir kommen wieder:-)<br />]]></LOG>
<LOG><![CDATA[<img src='icon_smile.gif'>&nbsp;2010-02-28 by beagle67<br><br />Endlich, nach kleinem Tip vom Owner heute nochmal g e s c h a u  t, g e s u c h t und nochmal g e s u c h t und endlich sind die Tomaten von den Augen gefallen. Ausser einem radfahrenden Muggelpärchen konnte ich ungestört einige Minuten suchen.<br>Nettes und so simples Versteck.<br>#59---28.02.2010---13.35---<br><img src='http://www.geocaching.com/images/icons/icon_smile_cool.gif' border=0 align=middle>TFTC<br />]]></LOG>
<LOG><![CDATA[<img src='icon_smile.gif'>&nbsp;2010-02-25 by rageracer<br><br />Nachdem wir am Sonntag zu viert nichts fanden, bekam beagle67 ein kleinen Tip vom Owner.<br>Also heute nochmal mit Gastcacher Jörgi hin und nach 2-3 Minuten auch gefunden, endlich...<p>#73 --- 25.02.2010 --- 19.50 Uhr<p>TFTC<br />]]></LOG>
<LOG><![CDATA[<img src='icon_sad.gif'>&nbsp;2010-01-28 by Nalenia<br><br />oh nicht gefunden.<br>bald mal wieder. Grüße Nalenia<p>[This entry was edited by Nalenia on Monday, February 01, 2010 at 9:48:08 AM.]<br />]]></LOG>
<LOG><![CDATA[<img src='icon_smile.gif'>&nbsp;2009-12-27 by hblack<br><br />Der erste Mueckenfett-Käsch auf unserer gemeinsamen Mühlhausen-Caching-Tour (klar! - sollte natürlich nicht der letzte bleiben. Die Stadt ist ja schier gepflastert mit bestem Mückenfett <img src='http://www.geocaching.com/images/icons/icon_smile_big.gif' border=0 align=middle><img src='http://www.geocaching.com/images/icons/icon_smile_big.gif' border=0 align=middle>). Hier jedenfalls hieß es hartnäckig Suchen! Und es hat sich gelohnt: ein wirklich sehr gut gemachter Cache!!! <img src='http://www.geocaching.com/images/icons/icon_smile_approve.gif' border=0 align=middle> Respekt! <img src='http://www.geocaching.com/images/icons/icon_smile_approve.gif' border=0 align=middle> Vielen Dank für diese Überraschung und beste Grüße aus Berlin an den berühmten Owner! <br />]]></LOG>
<LOG><![CDATA[<img src='icon_smile.gif'>&nbsp;2009-12-11 by David+Chrissi<br><br />Mann, Mann, Mann!!!<br>Wie kommt man nur auf so ne Idee?!<img src='http://www.geocaching.com/images/icons/icon_smile_wink.gif' border=0 align=middle><br>Genial gemacht... Vielen Dank<p>TFTC<br>David+Chrissi<br />]]></LOG>
<LOG><![CDATA[<img src='icon_smile.gif'>&nbsp;2009-12-05 by Hardcore-UH<br><br />gefunden mit hilfe vom orner wegen den berümten tomaten auf den augen <br>danke nochmal . TFTC<br />]]></LOG>
<LOG><![CDATA[<img src='icon_sad.gif'>&nbsp;2009-09-20 by David+Chrissi<br><br />Leider auf der heutigen Tour nicht gefunden.Schade.<br>David+Chrissi<br />]]></LOG>
<LOG><![CDATA[<img src='icon_sad.gif'>&nbsp;2009-09-13 by armsoeh<br><br />Den haben wir leider nicht gefunden...Rentner-Muggel auf einem Balkon gegenüber hätten wohl fast die Polizei gerufen...schnell weg !<p>Danke sagt das Armsoeh-Team<br />]]></LOG>
<LOG><![CDATA[<img src='icon_smile.gif'>&nbsp;2009-07-12 by burnair<br><br />schließe mich da voll und ganz biba und ftt an <br />]]></LOG>
<LOG><![CDATA[<img src='icon_smile.gif'>&nbsp;2009-07-12 by FTT<br><br />Wie Biba schon erwähnt hat...endlich.Wollten schon die Verkleidung abbauen...<img src='http://www.geocaching.com/images/icons/icon_smile_big.gif' border=0 align=middle>...Aber dann ist uns doch zufällig was ins Auge gestochen...<br />]]></LOG>
<LOG><![CDATA[<img src='icon_smile.gif'>&nbsp;2009-07-12 by biba1981<br><br />heute auch endlich mal gefunden mit FTT und Burnair lang hats gedauert ihn zu finden<img src='http://www.geocaching.com/images/icons/icon_smile_blush.gif' border=0 align=middle><br />]]></LOG>
<LOG><![CDATA[<img src='icon_smile.gif'>&nbsp;2009-06-25 by Kerny77<br><br />Heute gefunden! Tolle Idee!<br>TFTC<br />]]></LOG>
<LOG><![CDATA[<img src='icon_smile.gif'>&nbsp;2009-06-07 by two rubsners<br><br />Nun endlich beim dritten Versuch erfolgreich gewesen. - Aller guten Dinge sind eben drei!!!<br />]]></LOG>
<LOG><![CDATA[<img src='icon_smile.gif'>&nbsp;2009-05-31 by Horse-Team<br><br />Auf Tour durch Mühlhausen auch diesen Cache gut mit variblue und kpit51 bei schönem Wetter gefunden. Schönes versteck <img src='http://www.geocaching.com/images/icons/icon_smile_wink.gif' border=0 align=middle><br>TFTC<br>Horse-Team<br />]]></LOG>
<LOG><![CDATA[<img src='icon_smile.gif'>&nbsp;2009-05-31 by variblue<br><br />Auf einer landschaftlich sehr schönen Tour nach Mühlhausen zusammen mit dem<br>Horse-Team und kpit51 haben wir auch diesen Cache gut und schnell gefunden.<br>Tolle Idee <img src='http://img.groundspeak.com/forums/emoticons/signal/big_smile.gif' width=19 height=19 border=0 align=middle>!<p>Danke für den Cache.<p>Gruß<br><b><font color="blue">variblue</b></font><br><br />]]></LOG>
<LOG><![CDATA[<img src='icon_smile.gif'>&nbsp;2009-05-31 by kpit51<br><br />Heute mal mit dem Horse-Team und variblue eine Runde in und um Mühlhausen gedreht und den einen und anderen Cache besucht. <br>Ich danke allen Ownern für ihre Mühe mal schöne und mal schnelle Caches zu legen.<p>Vielen Dank<br>Peter<br />]]></LOG>
<LOG><![CDATA[<img src='icon_enabled.gif'>&nbsp;2009-04-24 by Mueckenfett<br><br />Hier hatte uns der Kuchenmops mit Verstärkung bei der Reparatur überrascht.<br>Die Hamburger konnten ihn nicht finden,<br>lag ja noch im Auto <img src='http://www.geocaching.com/images/icons/icon_smile_big.gif' border=0 align=middle><br>Tom & Silke<br />]]></LOG>
<LOG><![CDATA[<img src='icon_sad.gif'>&nbsp;2009-04-19 by Sobo<br><br />Eine nette Tour durch Nordhausen und Umgebung fuehrte alligateuse und mich zu diesem Cache, den wir leider nicht finden konnten, obwohl bei dem Owner natuerlich bei der Suche besonderen Ehrgeiz an den Tag gelegt hatten.<br>Gruesse aus der Nordheide,<br>Sobo<br />]]></LOG>
<LOG><![CDATA[<img src='icon_smile.gif'>&nbsp;2009-04-19 by Kuchenmops<br><br />Dieser Cache ist einfach genial <img src='http://www.geocaching.com/images/icons/icon_smile_cool.gif' border=0 align=middle> Vielen Dank und Grüße an den Owner!<br />]]></LOG>
<LOG><![CDATA[<img src='icon_sad.gif'>&nbsp;2009-04-19 by alligateuse<br><br />Große Mühlhausen-Tour mit sobo <img src='http://www.geocaching.com/images/icons/icon_smile_big.gif' border=0 align=middle> Hier haben wir uns den sprichwörtlichen Wolf gesucht, und leider nix finden können. Wenn wir gewusst hätten, dass der Cache erst am selben Tag disabled wurde.... schade!<p>Beim nächsten Mal, Grüße aus Hamburg,<br>Annett<br />]]></LOG>
<LOG><![CDATA[<img src='icon_smile.gif'>&nbsp;2009-04-19 by LadyOscar<br><br />Unser kl. Bonus am heutigen Tag  	<img src='http://www.geocaching.com/images/icons/icon_smile_wink.gif' border=0 align=middle><br>Vielen Dank und viele Grüße an Mueckenfett<br />]]></LOG>
<LOG><![CDATA[<img src='icon_disabled.gif'>&nbsp;2009-04-17 by Mueckenfett<br><br />Reparatur nötig, kurze Pause<br />]]></LOG>
<LOG><![CDATA[<img src='icon_smile.gif'>&nbsp;2009-04-05 by wildthing666<br><br />Schnell den Cache bei einem Kurzurlaub in Mühlhausen gemacht. Hat uns sehr gefallen, danke für den Cache.<br>LG Wildthing666 + Teddily + Kids<br />]]></LOG>
<LOG><![CDATA[<img src='icon_smile.gif'>&nbsp;2009-04-05 by Sharky77<br><br />Mal was anderes...<p>TFTC!<br />]]></LOG>
<LOG><![CDATA[<img src='icon_smile.gif'>&nbsp;2009-03-23 by dop3<br><br />dank einem tipp vom commander haben wir ihn nun endlich nach dem 10ten anlauf gefunden<br>tftc<br />]]></LOG>
<LOG><![CDATA[<img src='icon_smile.gif'>&nbsp;2009-03-15 by commander-rabb<br><br />Nummer eins auf unserer heutigen Vormittagscachingtour durch Mühlhausen.<br>Durch Zufall sofort gefunden, schnell geloggt und dann wieder ab zum Cachemobil.<p>Vielen Dank für den interessanten Cache sagt das Team von<br>commander-rabb<br />]]></LOG>
<LOG><![CDATA[<img src='icon_smile.gif'>&nbsp;2009-02-07 by Schnullerbacke77<br><br />Auf lustiger Mühlhausen-Tour mit Smeagol, Frittenbude70, Michael01 und die Hoffi´s1986.<img src='http://img.groundspeak.com/forums/emoticons/signal/big_smile.gif' width=19 height=19 border=0 align=middle><br>Wie bereits erwähnt, war der kuschelige Smeagol hier wieder schneller. <img src='http://img.groundspeak.com/forums/emoticons/signal/big_smile.gif' width=19 height=19 border=0 align=middle><p>Vielen Dank für diesen Cache und viele liebe Grüsse <br>Schnullerbacke77<br />]]></LOG>
<LOG><![CDATA[<img src='icon_smile.gif'>&nbsp;2009-02-07 by Team Fribu70 &amp; Schnuba77<br><br /><font color="green"><i><b>Die Verrückten zogen wieder los, um nochmal Mühlhausen zu erobern. Diesmal dabei: Schnullerbacke77, Michael01, Steiff-Teddy, äh nein Plüschbär alias Smeagol, Hoffi1986 (nicht immer, aber immer öfter!) und die Frau mit den Haaren auf der Brust.<img src='http://img.groundspeak.com/forums/emoticons/signal/big_smile.gif' width=19 height=19 border=0 align=middle></b></i></font><p>Ja, der Plüschbär hatte es wieder eilig und so war auch diese Dose ohne Verzögerung gefunden.<p><br><b>Vielen Dank für den Cache!</b><br />]]></LOG>
<LOG><![CDATA[<img src='icon_smile.gif'>&nbsp;2009-02-07 by smeagol<br><br /><font color="red">1554.</font> Rudelcachen in und um Mühlhausen mit Schnullerbacke77, Frittenbude 70, michael01 und (die meiste Zeit) Hoffi1986! <p>Ganz sportlich sind wir vom Mühlenfiesling aus auch schnell noch hierhin gelaufen und haben im Team geloggt! <img src='http://www.geocaching.com/images/icons/icon_smile.gif' border=0 align=middle><p>Danke und Gruß, Smeagol<br />]]></LOG>
<LOG><![CDATA[<img src='icon_smile.gif'>&nbsp;2009-02-07 by michael01<br><br />Heute waren wir unterwegs mit Smeagol, Schnullerbacke77 und Frittenbude70, um Mühlhausen unischer zu machen. In Mühlhausen haben wir noch Hoffi1986 aufgelesen, der uns als Ortskundiger zu allen strategisch günstig gelegenen Caches durch die Stadt gelotst hat.<p>Während wir uns noch den Kopf zerbrachen, was man hier wo am besten verstecken könnte, brauchte Smeagol nur einen Griff und er hatte den Cache schon in den Händen.<p>Danke und viele Grüße<br>Michael01<br>#1387<br />]]></LOG>
<LOG><![CDATA[<img src='icon_smile.gif'>&nbsp;2009-01-09 by Seve<br><br />Ich brauchte heute Abend bei der Kälte und entsprechend tauben Händen auch etwas länger. Der Cache ist echt tricky! Übrigens ist das Logbuch jetzt voll.<br />]]></LOG>
<LOG><![CDATA[<img src='icon_smile.gif'>&nbsp;2008-12-27 by KaputtesLicht<br><br />Im zweiten Anlauf unter Aufsicht des Owners gefunden! Vielen Dank<br />]]></LOG>
<LOG><![CDATA[<img src='icon_smile.gif'>&nbsp;2008-10-30 by Gerstenzwerge<br><br />Nummer acht auf der gemeinsamen nächtlichen Cachetour mit dem Portitzer durch MHL. <br>Es ist vollbracht als Nummer acht.<br>Nun ists vorbei bei Versuch Nummer drei.<br>Auch ohne Sport gehts mit nem Log von dort fort.<br>Doch es war schon gemein, wir suchten zu zwei'n.<br>Schwarz war die Nacht,<br>haste toll dort gemacht!<br>Danke und Gruß aus Leipzig<br>vom Gerstenzwerg<br />]]></LOG>
<LOG><![CDATA[<img src='icon_smile.gif'>&nbsp;2008-10-30 by Portitzer<br><br />Und noch ein Erfolgserlebnis! Nachdem wir uns bei unserer Tour im letzten Jahr hier noch den Wolf gesucht haben, ging es heute gegen Mitternacht ruckzuck <img src='http://www.geocaching.com/images/icons/icon_smile.gif' border=0 align=middle>. Etwas ähnliches habe ich schon mal gesehen, aber man rechnet ja nicht immer mit solchen hinterlistigen Verstecken <img src='http://www.geocaching.com/images/icons/icon_smile_wink.gif' border=0 align=middle>...<p>Danke und viele Grüße<br>Kurt<p>#1204<br />]]></LOG>
<LOG><![CDATA[<img src='icon_smile.gif'>&nbsp;2008-10-20 by X-Gang<br><br />Nach kurzer Suche haben wir uns die Logs durchgelesen und haben das Versteck entdeckt. Sehr originell <img src='http://www.geocaching.com/images/icons/icon_smile_big.gif' border=0 align=middle>- hatten wir bis jetzt noch nicht.<br>Danke und viele Grüße von der X- Gang.<br />]]></LOG>
<LOG><![CDATA[<img src='icon_smile.gif'>&nbsp;2008-10-17 by GC Team Obereip<br><br />Der Cache ist ja echt fies, aber originell versteckt ;-)<br>Jedesmal, wenn bei Jansen in Dingelstädt die Anlage repariert werden musste, wohnte ich, bevor es wieder zurück nach Köln ging, in dem Hotel "gegenüber", und habe hier schon 2x im Abstand von ein paar Monaten dort erfolglos gesucht...<br>Diesmal war es endlich anders, habe hier einen Kurzurlaub mit meiner Frau eingelegt, und mit Ihr als Talisman konnte ich auch endlich diesen Cache finden (irgendwie habe ich ihn doch immerwieder übersehen)....<p>TFTC, hat Spaß gemacht, Heike & Sascha<br />]]></LOG>
<LOG><![CDATA[<img src='icon_smile.gif'>&nbsp;2008-10-07 by Hoffi1986<br><br />Heute im zweiten Anlauf bei tageslicht endlich gefunden! Also das nenn ich mal nen "Micro". Nachts habe ich ihn nicht gesehen!!!<br />]]></LOG>
<LOG><![CDATA[<img src='icon_smile.gif'>&nbsp;2008-09-02 by Team Kumunst<br><br />Zusammen mit ifindnix waren wir an einem wunderbaren und langen Wochenende gemeinsam in Thüringen unterwegs. Natürlich haben wir auch ein paar Dosen gefunden. <br>Diese war eine davon.<br>Danke und Gruß<br>Team Kumunst<br />]]></LOG>
<LOG><![CDATA[<img src='icon_smile.gif'>&nbsp;2008-09-02 by ifindnix<br><br />Salvete!<br>Wir waren mal wieder gemeinsam mit Team Kumunst auf cache-Tour und konnten dabei auch dieses Döschen schnell finden! <img src='http://www.geocaching.com/images/icons/icon_smile_big.gif' border=0 align=middle><br>Vobis gratias agimus!<br>ifindnix & crew <br />]]></LOG>
<LOG><![CDATA[<img src='icon_smile.gif'>&nbsp;2008-05-21 by DL3BZZ<br><br /><b>#1164</b>   21. Mai 2008   17:40 Uhr<p>Auftakt einer kleinen Urlaubsreise nach Thüringen.<br>Hat eine Weile gedauert, nach einen Tipp endlich den orignellen Cache gefunden.<p>NRNR<p>Bis denne<br>Lutz, DL3BZZ + Kerstin<br />]]></LOG>
<LOG><![CDATA[<img src='icon_smile.gif'>&nbsp;2008-05-14 by GeoSittiche<br><br />Nach dreimaligem Anlauf mit einem großen Brett vor dem Kopf<br>haben wir den Cache eindeckt,wirklich ein guter Einfall.<br>Danke<br>                             die Geosittiche<br />]]></LOG>
<LOG><![CDATA[<img src='icon_smile.gif'>&nbsp;2008-05-14 by madd.in<br><br />ider drei Anläufe gebraucht um hier fündig zu werden :-) Beim ersten mal wurden wir von einer aggresiven Hundemuggel vom Cachen abgehalten und beim zweiten mal waren wir einfach nur blind... Danke<p> madd.in<br />]]></LOG>
<LOG><![CDATA[<img src='icon_smile.gif'>&nbsp;2008-04-29 by fox-hunter_I<br><br />....raffinierte Versteckidee !<br>Ich gebe zu das ich erst nach einem Telefonat die Gewissheit hatte, das das dort was besonderes sein muß.<p>Danke für diese Idee!!!<p>Gruß<br>Mario&Conny<br />]]></LOG>
<LOG><![CDATA[<img src='icon_smile.gif'>&nbsp;2008-04-19 by AT-AT<br><br />mit gollumgandalf auf Tour entdeckt<br>TFTC<br />]]></LOG>
<LOG><![CDATA[<img src='icon_smile.gif'>&nbsp;2008-04-19 by Gollum &amp; Galadriel<br><br />Zwar gleich den richtigen Riecher gehabt, aber trotzdem erstmal übersehen.<br>TFTC<br />]]></LOG>
<LOG><![CDATA[<img src='icon_smile.gif'>&nbsp;2007-12-08 by unwissenheit<br><br />Heut der erste vor dem Event... <br>thx Tom<p>PS: Nette Idee!<br />]]></LOG>
<LOG><![CDATA[<img src='icon_smile.gif'>&nbsp;2007-11-18 by gloomy<br><br />Schöne Idee und heute Morgen konnte man ungestört suchen. VG und Danke, gloomy!<br />]]></LOG>
<LOG><![CDATA[<img src='icon_smile.gif'>&nbsp;2007-11-11 by caprikitty<br><br />ich denke für diese kniffeligkeit, dann doch recht schnell gefunden. danke war mal was anderes.<br />]]></LOG>
<LOG><![CDATA[<img src='icon_sad.gif'>&nbsp;2007-11-02 by Gerstenzwerge<br><br />Also den Cache haben wir auf unserer Statistiktour nicht gefunden.<br>Sehr Schade, 2x angesetzt, alle Varianten in 2 Stunden Arbeit untersucht nichts.<br>Die gesamte Fahrradstellfläche geputzt, ach und vieles andere in der Dunkelheit gegen 23.00 Uhr gemacht.<br>Hier haben wir unseren Meister gefunden.<br>Trotzdem Gruß vom Gerstenzwerg und vom Portitzer.<br />]]></LOG>
<LOG><![CDATA[<img src='icon_note.gif'>&nbsp;2007-11-02 by Portitzer<br><br />Hm, ob er noch da ist? Haben gerade ne ganze Weile ausdauernd gesucht. Dann hatten wir aber erstmal Hunger und haben uns im Quartier gestärkt.
Mal sehen, vielleicht machen wir dann nochmal einen Verdauungsspaziergang. Zu später Stunde sind auch nicht soviele Muggels unterwegs...<p>Viele Grüße
Kurt<br />]]></LOG>
<LOG><![CDATA[<img src='icon_smile.gif'>&nbsp;2007-08-31 by Grottenolm87<br><br />Habe meinen Account von Knutsch&Fleck in Grottenolm87 gewechselt. Sollte jemand damit Probleme haben, kann er diesen Log ohne Kommentar löschen.<br>I´ve changed my account from Knutsch&Fleck to Grottenolm87. The log can discharge momentarily if somebody disagree with this.  <br><br />]]></LOG>
<LOG><![CDATA[<img src='icon_smile.gif'>&nbsp;2007-08-31 by Erithacus Rubecula<br><br />Abgestaubt!<br>Um 20:16 Uhr endlich gefunden.<br>#479<br>TFTC<p>[This entry was edited by Knutsch&Fleck on Saturday, September 01, 2007 at 11:20:55 AM.]<br />]]></LOG>
<LOG><![CDATA[<img src='icon_smile.gif'>&nbsp;2007-08-19 by Eichsgenossen<br><br />...heute ist es wohl das 5.mal an dieser Station wo wir alles abgetastet haben (haben aber von jemand einen Tip zum eingrenzen des Suchbereichs erhalten) ---waren endlich erfolgreich um uns einzuloggen---verblüffend einfach - aber genial ...<br>        Gruß an Mückenfett<br />]]></LOG>
<LOG><![CDATA[<img src='icon_smile.gif'>&nbsp;2007-08-11 by Renault Family<br><br />Sehr schweres Versteck, da ich nicht wusste, wonach ich suche.<br />]]></LOG>
<LOG><![CDATA[<img src='icon_smile.gif'>&nbsp;2007-08-05 by Team Fire &amp; Ice<br><br />LOG: 21 UHR<br>Oh weh, haben wir hier gesucht. Klasse Idee für einen Cache. Das hat richtig Spaß gemacht. <p>Team Fire & Ice<br>Heiko und Steffi<br />]]></LOG>
<LOG><![CDATA[<img src='icon_smile.gif'>&nbsp;2007-07-07 by Bl&#252;mchenBande<br><br />Dank "brute force cachen" (Anzahl der Sucher) recht schnell gefunden. Nette und für uns Neue Cacheidee. Nix getauscht <img src='http://www.geocaching.com/images/icons/icon_smile_big.gif' border=0 align=middle>.<br />]]></LOG>
<LOG><![CDATA[<img src='icon_smile.gif'>&nbsp;2007-07-07 by Yalla<br><br />Auf dem Heimweg von der Kanonenbahn gefunden. Schönes Versteck, wie wir es noch nicht kannten.<br><img src='http://www.geocaching.com/images/icons/icon_smile_wink.gif' border=0 align=middle><br />]]></LOG>
<LOG><![CDATA[<img src='icon_smile.gif'>&nbsp;2007-06-30 by Hor_andy<br><br /><br>So, nach einigen Versuchen, die meistens wegen der vielen Muggels aber auch wegen meiner Blindheit erfolglos waren, endlich gefunden. Aber die Idee ist schon gut, das kann man leicht mal übersehen, eigentlich hatte ich nämlich auch dort schon mal nachgeschaut. TFTC<br />]]></LOG>
<LOG><![CDATA[<img src='icon_smile.gif'>&nbsp;2007-06-17 by Die Hasenschnitzels<br><br />Im 2.Anlauf doch noch gefunden.Nach einem kurzen Telefonat mit dem Owner war uns dann zwar klar nach was wir suchen, aber das Wo gestaltete sich doch schwieriger als gedacht. Bestimmt 3 mal hingeguckt und 3 mal hingefasst, aber immer gesagt: Da is nüscht. <br>Danke für die nette Idee.<p>Die Hasenschnitzels<br />]]></LOG>
<LOG><![CDATA[<img src='icon_sad.gif'>&nbsp;2007-06-04 by Sanctus70<br><br />Tja, wenn ich nur wüsste nach WAS ich gesucht habe....hab mir echt Mühe gegeben....der 2te DNF für heute....<br />]]></LOG>
<LOG><![CDATA[<img src='icon_smile.gif'>&nbsp;2007-06-01 by S&#246;ckchen<br><br />Der Owner stand die ganze Zeit ( und die war ziemlich lang) hinter mir und bekringelte sich , so wie ich mich bei der Suche anstellte. Wenn man auch nicht weiß wonach man eigendlich sucht, kann es schon mal etwas länger dauern.<br>Auch ich habe hier früher so manche Runden gedreht und ein paar Medaillen ergattert.<br>Silke <br><br />]]></LOG>
<LOG><![CDATA[<img src='icon_sad.gif'>&nbsp;2007-05-26 by Armodo<br><br />Wir wussten leider auch nicht so ganz was, leider nicht gefunden!<br />]]></LOG>
<LOG><![CDATA[<img src='icon_sad.gif'>&nbsp;2007-05-26 by cato44<br><br />Trotz intensiver Operation nicht gefunden...tja, Was eigentlich?<br />]]></LOG>
<LOG><![CDATA[<img src='icon_smile.gif'>&nbsp;2007-05-13 by Chris601<br><br />Wenn man weiss, wonach man suchen muss, ist es gar nicht so schwer! Allerdings mag ich Verstecke mit solch einer hohen Muggeldichte gar nicht, wo außerdem jeder gleich neugierig und skeptisch wird, was man da macht.<p>Der Hint, der ja eigentlich helfen soll, tut das allerdings gar nicht.<p>Zum Glück hatte ich nen Stift dabei!<br />]]></LOG>
<LOG><![CDATA[<img src='icon_smile.gif'>&nbsp;2007-04-26 by LUPO.79<br><br />mit traveler77 auf mittagstour. Da wollte sich doch grad ein muggel auf der bank nieder lassen, aber zum glück entschied er sich des weges zu gehen, denn die suche dauerte ein paar minütchen... schicker cache....<br />]]></LOG>
<LOG><![CDATA[<img src='icon_smile.gif'>&nbsp;2007-04-26 by Traveler77<br><br /><img src='http://www.geocaching.com/images/icons/icon_smile_big.gif' border=0 align=middle><img src='http://www.geocaching.com/images/icons/icon_smile_big.gif' border=0 align=middle><img src='http://www.geocaching.com/images/icons/icon_smile_big.gif' border=0 align=middle> 100. <img src='http://www.geocaching.com/images/icons/icon_smile_big.gif' border=0 align=middle><img src='http://www.geocaching.com/images/icons/icon_smile_big.gif' border=0 align=middle><img src='http://www.geocaching.com/images/icons/icon_smile_big.gif' border=0 align=middle><p>Auf kleiner Mittagsrunde mit LUPO.79 bei herlichstem Wetter gelogt. <img src='http://www.geocaching.com/images/icons/icon_smile_wink.gif' border=0 align=middle> Auch ich habe mich hier schon gequält. Aber verdammt lang her. TFTC<br />]]></LOG>
<LOG><![CDATA[<img src='icon_greenlight.gif'>&nbsp;2007-04-23 by 2<br><br />Published<br />]]></LOG>
<LOG><![CDATA[<img src='icon_smile.gif'>&nbsp;2007-04-22 by JonnyH&#252;tchen<br><br />Knapp nach meinem Geburtstag haben wir uns auf die Suche gemacht. Ganz schön knifflig, aber doch so einfach !<p>Danke für die schöne Versteckidee in der Nähe (auch) meiner Trainingsstätte sagt Jonathan.<br />]]></LOG>
<LOG><![CDATA[<img src='icon_smile.gif'>&nbsp;2007-04-22 by Kruemel68<br><br />Im Inneren des Geländes hab auch ich so manche Kreisspartakiade absolviert und auch die ein oder andere Medaille erlaufen bzw. ergangen <img src='http://www.geocaching.com/images/icons/icon_smile_big.gif' border=0 align=middle>. Lang ist`s her. <br />]]></LOG>
</LOGS>
<NOTES><![CDATA[]]></NOTES>
<IMAGES>
</IMAGES>
<TRAVELBUGS>
</TRAVELBUGS>
<URL><![CDATA[]]></URL>
<SOLVER><![CDATA[]]></SOLVER>
    <CACHE  name = "Station meiner sportlichen Laufbahn # 1" owner = "Mueckenfett" lat = "51,203233333333" lon = "10,439066666667" hidden = "2007-04-21" wayp = "GC12B6H" status = "" ocCacheID = "" lastSyncOC = "20100419230643" num_recommended = "0" num_found = "-1" attributesYes = "2233387714563" attributesNo = "0" boolFields="1922" byteFields="16910878" attributesYes1 = "0" attributesNo1 = "0" />
</CACHEDETAILS>
