<?xml version="1.0" encoding="ISO-8859-1"?>
<CACHEDETAILS>
<VERSION value = "3"/>
<DETAILS><![CDATA[<br>Eine weitere Station meiner sportlichen Laufbahn in
Mühlhausen.<br />
Das Gelände muß nicht betreten werden.]]></DETAILS>
<COUNTRY><![CDATA[Germany]]></COUNTRY>
<STATE><![CDATA[Thüringen]]></STATE>
<ATTRIBUTES>
   <ATT>bicycles-yes.gif</ATT>
   <ATT>stroller-yes.gif</ATT>
   <ATT>wheelchair-yes.gif</ATT>
   <ATT>parking-yes.gif</ATT>
   <ATT>available-yes.gif</ATT>
   <ATT>dogs-yes.gif</ATT>
   <ATT>motorcycles-yes.gif</ATT>
</ATTRIBUTES>
<HINTS><![CDATA[Haorshtgra vfg qnf orgergra ireobgra]]></HINTS>
<LOGS>
<OWNLOGID></OWNLOGID>
<OWNLOG><![CDATA[]]></OWNLOG>
<LOG><![CDATA[<img src='icon_smile.gif'>&nbsp;2010-04-10 by Magi007<br><br />Im zweiten Anlauf doch noch gefunden<br>TFTC<br />]]></LOG>
<LOG><![CDATA[<img src='icon_smile.gif'>&nbsp;2010-03-29 by Kami79<br><br />der verzweiflung nahe (danke mueckenfett <img src='http://www.geocaching.com/images/icons/icon_smile_wink.gif' border=0 align=middle> ) und kurz vor dem aufgeben dann doch noch die erleuchtung und mit -dann- zielsicherem griff das dösle gefunden...<br>um 20:10 fix geloggt und alles ordentlich aufgeräumt...<p>DFDC Kami+kleinstrolch<br />]]></LOG>
<LOG><![CDATA[<img src='icon_smile.gif'>&nbsp;2010-03-28 by Gispi Hunters<br><br />Nach kurzer Suche doch gut gefunden.<p>TFTC Team "Gispi Hunters"<br />]]></LOG>
<LOG><![CDATA[<img src='icon_smile.gif'>&nbsp;2010-03-28 by UlliSilke<br><br />Trotz laufendem Spiel sicher und gut gefunden. TFTC! UlliSilke.<br />]]></LOG>
<LOG><![CDATA[<img src='icon_smile.gif'>&nbsp;2010-03-02 by jasper366<br><br />Schnell gefunden<br />]]></LOG>
<LOG><![CDATA[<img src='icon_smile.gif'>&nbsp;2010-02-15 by rageracer<br><br />Sooooo, nachdem ich mehrmals ahnungslos vorm Hinweis stand und dann immer wieder von bösen Muggeln gestört wurde,<br>konnte ich beagle67 heute einen kleinen Tip entlocken und habe das Döschen nach kurzer Suche endlich gefunden.<br>Manchmal sieht man den Schneemann vor lauter Schnee nicht.  	<img src='http://www.geocaching.com/images/icons/icon_smile_clown.gif' border=0 align=middle><p>#71 --- 15.02.2010 --- 18.55 Uhr<p>TFTC<br />]]></LOG>
<LOG><![CDATA[<img src='icon_smile.gif'>&nbsp;2010-02-10 by beagle67<br><br />Nach mehrmaligen Anläufen im Dunkeln, heute bei Tageslicht und genauem betrachten, schnell geloggt. Er wollte sich erst nicht zeigen, aber mit Hilfe von Behelfswerkzeug hielt ich ihn schliesslich in den Händen. Habe einen provisorischen Logstreifen spendiert.<br>---10.02.2010--9.00Uhr---<br>TFTC<br />]]></LOG>
<LOG><![CDATA[<img src='icon_smile.gif'>&nbsp;2010-01-26 by Nalenia<br><br />fix gefunden.<br>TFTC<br />]]></LOG>
<LOG><![CDATA[<img src='icon_smile.gif'>&nbsp;2010-01-24 by Ausche<br><br />Gut gefunden, das Logbuch ist voll.<br>TFTC<br />]]></LOG>
<LOG><![CDATA[<img src='icon_smile.gif'>&nbsp;2009-12-29 by Schippi38<br><br />Auf der gemeinsamen Jahresabschlußtour mit Geofutz<br>gut und schnell gefunden.<p>Danke sagt Schippi38!<br />]]></LOG>
<LOG><![CDATA[<img src='icon_smile.gif'>&nbsp;2009-12-28 by hblack<br><br />Hmm, den Hinweis nicht verstanden, den Cache dann jedoch mit Standardvorgehensweise schnell entdeckt. <img src='http://www.geocaching.com/images/icons/icon_smile_big.gif' border=0 align=middle><br>T4T$! LG hblack<br />]]></LOG>
<LOG><![CDATA[<img src='icon_smile.gif'>&nbsp;2009-11-15 by Tini1985<br><br />den hinweis verstanden und schnell gefunden.<p>TFTC, Wolfi (von Tini1985)<br />]]></LOG>
<LOG><![CDATA[<img src='icon_smile.gif'>&nbsp;2009-11-01 by Darmsaft<br><br />Ich bin ja absolut gegen Telefonjoker, aber an dem Tag waren 4 Augen zusammen irgendwie blind <img src='http://www.geocaching.com/images/icons/icon_smile_shock.gif' border=0 align=middle> Da wir schon 3 Stück vorher nicht gefunden haben, musste der Owner höchstpersönlich dran glauben <img src='http://www.geocaching.com/images/icons/icon_smile_approve.gif' border=0 align=middle> An dieser Stelle nochmal Danke für den Hint, nach dem daraus gezogenen Ehrgeiz haben wir sogar noch 5(oder 6?) Stück in Mhl loggen können :)<br />]]></LOG>
<LOG><![CDATA[<img src='icon_smile.gif'>&nbsp;2009-11-01 by Prinzessin_Mimi<br><br />Kurz nach Mitternacht, nach absenden einer Not-SMS gefunden.<br>TFTC!<br />]]></LOG>
<LOG><![CDATA[<img src='icon_smile.gif'>&nbsp;2009-10-21 by Karolli<br><br />Gut, dass die Sache einen Haken hat <img src='http://www.geocaching.com/images/icons/icon_smile_big.gif' border=0 align=middle><br>TFTC<p>PS: Waren heute etwas verwirrt! Das Logdatum im Buch ist veraltet <img src='http://www.geocaching.com/images/icons/icon_smile_blush.gif' border=0 align=middle> Dort stehen wir mit dem 20.10. drin!<br />]]></LOG>
<LOG><![CDATA[<img src='icon_smile.gif'>&nbsp;2009-09-20 by darkstar666<br><br />Ein kleiner weißer Muggelhund hat mich eine Weile geärgert. Aber dann konnte ich den kleinen doch noch suchen.<br />]]></LOG>
<LOG><![CDATA[<img src='icon_smile.gif'>&nbsp;2009-09-20 by nise15<br><br />Schnell gefunden mit Darkstar666 auf dem Heimweg vom Baumkronenpfad. TFTC<br />]]></LOG>
<LOG><![CDATA[<img src='icon_smile.gif'>&nbsp;2009-09-18 by David+Chrissi<br><br />Ebenfalls schnell gefunden, gutes Versteck... :-)<br>TFTC<br>David+Chrissi<br />]]></LOG>
<LOG><![CDATA[<img src='icon_smile.gif'>&nbsp;2009-09-07 by Hardcore-UH<br><br />war net schlecht, aber vorsicht die Mäuschen hören alles<br />]]></LOG>
<LOG><![CDATA[<img src='icon_smile.gif'>&nbsp;2009-08-23 by compiprofi<br><br />Das ist so eine ganz besondere Gegend in Mühlhausen....... Erstens das Fußballspiel, zweitens die aufdringlichen Muggels und drittens können die Frauen hier irgendwie nicht Autofahren......... Fast hätte uns das das cachemobil gekostet, weil manche nur den Kuchen im Kopf haben. Aber nun wieder zum cache. Haben ein Beweisfoto mit dem Muggel und dem cache machen können, aber aus Sicherheitsgründen ihn nicht geloggt. Ich glaube, das ist im Sinne des Owners. <img src='http://www.geocaching.com/images/icons/icon_smile_big.gif' border=0 align=middle><img src='http://www.geocaching.com/images/icons/icon_smile_big.gif' border=0 align=middle><img src='http://www.geocaching.com/images/icons/icon_smile_big.gif' border=0 align=middle> Trotzdem Danke fürs Zeigen.<br />]]></LOG>
<LOG><![CDATA[<img src='icon_smile.gif'>&nbsp;2009-08-23 by Cori87<br><br />Zusammen mit Nathus (siehe unten) gefunden. Dankeschön!!<br />]]></LOG>
<LOG><![CDATA[<img src='icon_smile.gif'>&nbsp;2009-08-23 by Nathus<br><br />Mit meiner Band D:PROJEKT weilten wir in Mühlhausen zum evang. Jugendtag. Nach dem Gig blieb Zeit zum (Nacht)Cachen <img src='http://www.geocaching.com/images/icons/icon_smile_cool.gif' border=0 align=middle>.<br>Dankeschön.<p><font color="green"><b>*Nathus*</b></font><br />]]></LOG>
<LOG><![CDATA[<img src='icon_smile.gif'>&nbsp;2009-07-26 by Theria3<br><br />Heute muggelfrei geloggt.<br>Danke, Grüße Theria 3<br />]]></LOG>
<LOG><![CDATA[<img src='icon_smile.gif'>&nbsp;2009-07-26 by diainsel.de<br><br />Schnell gefunden, danke fürs zeigen,<br>Gruß<br>Eberhard<br />]]></LOG>
<LOG><![CDATA[<img src='icon_smile.gif'>&nbsp;2009-07-14 by FTT<br><br />Hier waren wir auch schon oft gewesen, leider aber immer mit reger Publikumsbeteiligung.Heute hats dann mal geklappt.Ich bin mit meinen Wurstfingern zwar nicht wirklich rangekommen, aber Biba blieb hartnäckig und erlöste das Döschen aus seiner verkeilten Position...<br />]]></LOG>
<LOG><![CDATA[<img src='icon_smile.gif'>&nbsp;2009-07-14 by biba1981<br><br />jab sehr schwehres rankommen haben ihn mal wieder richtig fest gemacht so wie es sein sollte,nich immer alles so tief reinstecken wo keine haare dran sind<img src='http://www.geocaching.com/images/icons/icon_smile_wink.gif' border=0 align=middle><br />]]></LOG>
<LOG><![CDATA[<img src='icon_smile.gif'>&nbsp;2009-07-14 by burnair<br><br />auf ner tour mit biba und ftt mitgenommen, auch wenn der vorgänger es nich gerade leicht gemacht hat...<br />]]></LOG>
<LOG><![CDATA[<img src='icon_smile.gif'>&nbsp;2009-07-12 by MeyerBienchen<br><br />im team akg4555 gefunden, jetzt mit eigenem account nachgeloggt...<p>tftc<br />]]></LOG>
<LOG><![CDATA[<img src='icon_smile.gif'>&nbsp;2009-07-12 by akg4555<br><br />gemeinsam mit MeyerBienchen gefunden, tftc<br />]]></LOG>
<LOG><![CDATA[<img src='icon_smile.gif'>&nbsp;2009-07-07 by nudenn<br><br />Ich hab ein bisschen warten müssen, bis die Luft rein war.<br>Viele Grüße von<br><img src='http://www.geocaching.com/images/icons/icon_smile.gif' border=0 align=middle>nudenn<img src='http://www.geocaching.com/images/icons/icon_smile.gif' border=0 align=middle><br />]]></LOG>
<LOG><![CDATA[<img src='icon_smile.gif'>&nbsp;2009-06-16 by kaFFeeTrinKer<br><br />Hier einen sportlichen Stop eingelegt. Schönes Versteck!<br />]]></LOG>
<LOG><![CDATA[<img src='icon_smile.gif'>&nbsp;2009-05-31 by Horse-Team<br><br />Auf Tour durch Mühlhausen auch diesen Cache gut mit variblue und kpit51 bei schönem Wetter gefunden. <br>TFTC<br>Horse-Team<br />]]></LOG>
<LOG><![CDATA[<img src='icon_smile.gif'>&nbsp;2009-05-31 by variblue<br><br />Auf einer landschaftlich sehr schönen Tour nach Mühlhausen zusammen mit dem<br>Horse-Team und kpit51 haben wir auch diesen Cache gut und schnell gefunden.<p>Danke für den Cache.<p>Gruß<br><b><font color="blue">variblue</b></font><br><br />]]></LOG>
<LOG><![CDATA[<img src='icon_smile.gif'>&nbsp;2009-05-31 by kpit51<br><br />Heute mal mit dem Horse-Team und variblue eine Runde in und um Mühlhausen gedreht und den einen und anderen Cache besucht. <br>Ich danke allen Ownern für ihre Mühe mal schöne und mal schnelle Caches zu legen.<p>Vielen Dank<br>Peter<br />]]></LOG>
<LOG><![CDATA[<img src='icon_smile.gif'>&nbsp;2009-04-19 by Sobo<br><br />Alligateuse und ich haben einen Ausflug nach Muehlhausen und Umgebung gemacht und wollten an diesem Cache nicht achtlos vorueberziehen. <br>Auf den Kleinen haben wir ganz sportlich zugegriffen. Nach erfolgreicher Administration wurde er genauso sportlich wieder platziert. <br>Herzlichen Dank fuer den Cache und Gruesse aus der Nordheide,<br>Sobo<br />]]></LOG>
<LOG><![CDATA[<img src='icon_smile.gif'>&nbsp;2009-04-19 by Kuchenmops<br><br />Wenn man die Verstecktaktiken des Owners langsam kennt und das Versteck mit dem größten "er wird doch nicht etwa?"-Effekt zuerst untersucht wird man an dieser Stelle auch schnell fündig. <p>Danke für den Cache!<br />]]></LOG>
<LOG><![CDATA[<img src='icon_smile.gif'>&nbsp;2009-04-19 by alligateuse<br><br />Große Mühlhausen-Tour mit sobo <img src='http://www.geocaching.com/images/icons/icon_smile_big.gif' border=0 align=middle> Ach , das haste auch mal gespielt??? Es war gerade Halbzeit, so dass sobo und ich fix zugreifen konnten.<p>Danke fürs Verstecken, Grüße aus Hamburg,<br>Annett<br />]]></LOG>
<LOG><![CDATA[<img src='icon_smile.gif'>&nbsp;2009-04-19 by LadyOscar<br><br />Vor Ort war es dann wirklich klar...tolle Idee.<br>Vielen Dank für den Cache! <br />]]></LOG>
<LOG><![CDATA[<img src='icon_smile.gif'>&nbsp;2009-04-19 by Sharky77<br><br />Heute vor´m CITO gefunden. Diesmal war nicht viel los hier und wir konnten uns nochmal genauer umsehen. <br>TFTC!<br />]]></LOG>
<LOG><![CDATA[<img src='icon_smile.gif'>&nbsp;2009-04-19 by Kerny77<br><br />schnell gefunden, und da noch zu frueh fuer ein heimspiel: keiner da <img src='http://www.geocaching.com/images/icons/icon_smile.gif' border=0 align=middle><br />]]></LOG>
<LOG><![CDATA[<img src='icon_smile.gif'>&nbsp;2009-04-17 by agp<br><br />So - nun kennen wir auch diese Station Mueckenfetts sportlicher Laufbahn.<br>Zum Versteck: Könnte er nicht HIER sein? Jawoll! <img src='http://www.geocaching.com/images/icons/icon_smile_approve.gif' border=0 align=middle><p>Danke für die Leibesübung<br>agp <br />]]></LOG>
<LOG><![CDATA[<img src='icon_smile.gif'>&nbsp;2009-04-06 by wildthing666<br><br />Nett gemacht,... muße doch ein wenig schauen. Hat uns sehr gefallen. <br>LG Wildthing666 + Teddily + Kids<br />]]></LOG>
<LOG><![CDATA[<img src='icon_note.gif'>&nbsp;2009-04-05 by Sharky77<br><br />Da genau zur Spielzeit eingetroffen, habe ich die Suche recht schnell abgebrochen, da Muggelaufkommen zu groß...noch einer für die nächste Tour in Mühlhausen<br />]]></LOG>
<LOG><![CDATA[<img src='icon_smile.gif'>&nbsp;2009-03-19 by coolbahia<br><br />Eeeeeeeeeeeeeeeeeeendlich!<br>Nach 2 Fehlversuchen wegen eigener Unfähigkeit und<br>6(!!!) Versuchen die wegen diverser Muggelaufläufe<br>abgebrochen werden mussten, heute endlich gefunden.<br>TFTC coolbahia<br />]]></LOG>
<LOG><![CDATA[<img src='icon_smile.gif'>&nbsp;2009-03-15 by commander-rabb<br><br />Nummer drei auf unserer heutigen Vormittagscachingtour durch Mühlhausen.<br>Schneller Drive in. Nach 5 minütiger Suche geloggt und dann wieder ab ins Cachemobil.<p>Vielen Dank für den Cache sagt das Team von<br>commander-rabb<br />]]></LOG>
<LOG><![CDATA[<img src='icon_smile.gif'>&nbsp;2009-03-07 by 0-Rgeiz<br><br />Mit itzibitzi on Tour.<br>Die Blaulicht-Fraktion war nicht angerückt.<br>Aber Hund + Muggels waren mißtrauisch.<br>Wir haben es dann doch geschafft.<br>DFDC<br />]]></LOG>
<LOG><![CDATA[<img src='icon_smile.gif'>&nbsp;2009-03-07 by itzibitzi<br><br />Mit 0-Rgeiz heute auf "Onkel-Heinz-Gedächtnis-Caching-Tour" gewesen.<br>Im ersten Anlauf wegen kläffendem Kampfhund und Muggelbeobachtern abgebrochen.<br>Nachdem wir den Owner trafen, motivierte er uns zu einem zweiten Anlauf.<br>Hund und Muggels waren weg,<br>Einen besonderen Hint hatten wir vom Owner erhalten.<br>Es konnte nichts mehr schief gehen.<br>Danke dafür.<br />]]></LOG>
<LOG><![CDATA[<img src='icon_smile.gif'>&nbsp;2009-02-07 by Schnullerbacke77<br><br />Auf lustiger Mühlhausen-Tour mit Frittenbude70, Smeagol, Michael01 und die Hoffi´s1986.<img src='http://img.groundspeak.com/forums/emoticons/signal/big_smile.gif' width=19 height=19 border=0 align=middle><br>Mit etwas Sucherei und viel Spass dann doch gefunden.<img src='http://img.groundspeak.com/forums/emoticons/signal/big_smile.gif' width=19 height=19 border=0 align=middle><p>Vielen Dank für diesen Cache und viele liebe Grüsse <br>Schnullerbacke77<br />]]></LOG>
<LOG><![CDATA[<img src='icon_smile.gif'>&nbsp;2009-02-07 by Team Fribu70 &amp; Schnuba77<br><br /><font color="green"><i><b>Die Verrückten zogen wieder los, um nochmal Mühlhausen zu erobern. Diesmal dabei: Schnullerbacke77, Michael01, Steiff-Teddy, äh nein Plüschbär alias Smeagol, Hoffi1986 (nicht immer, aber immer öfter!) und die Frau mit den Haaren auf der Brust.<img src='http://img.groundspeak.com/forums/emoticons/signal/big_smile.gif' width=19 height=19 border=0 align=middle></b></i></font><p>Wie hat schon der blanke Roberto gesungen: Ein bisschen Sucherei muss sein, dann ist die Welt voll Sonnenschein..."<br>Aber lange konnte die Dose sich nicht verbergen und so konnten wir ohne Muggelalarm weiterziehen.<p><br><b>Vielen Dank für den Cache!</b><br />]]></LOG>
<LOG><![CDATA[<img src='icon_smile.gif'>&nbsp;2009-02-07 by smeagol<br><br /><font color="red">1552.</font> Rudelcachen in und um Mühlhausen mit Schnullerbacke77, Frittenbude 70, michael01 und (die meiste Zeit) Hoffi1986! <p>... ganz sportlich im Team gefunden!! <img src='http://www.geocaching.com/images/icons/icon_smile_big.gif' border=0 align=middle><p>Danke und Gruß, Smeagol<br />]]></LOG>
<LOG><![CDATA[<img src='icon_smile.gif'>&nbsp;2009-02-07 by michael01<br><br />Heute waren wir unterwegs mit Smeagol, Schnullerbacke77 und Frittenbude70, um Mühlhausen unischer zu machen. In Mühlhausen haben wir noch Hoffi1986 aufgelesen, der uns als Ortskundiger zu allen strategisch günstig gelegenen Caches durch die Stadt gelotst hat.<p>Nach ein bisschen Sucherei sind wir doch noch fündig geworden.<p>Danke und viele Grüße<br>Michael01<br>#1385<br />]]></LOG>
<LOG><![CDATA[<img src='icon_smile.gif'>&nbsp;2009-01-17 by Geo-Zwerge<br><br />VORSICHT WACHSAMER NACHBAR<p>nach 5 min besuch von blau-silber<br>ist warscheinlich nicht so eine gute idee gewesen da nachts so um 1 auf zu tauchen "grins"<br>aber trotz unterbrechung gut loggen können und einmal für dumm erklärt wurden nicht direkt aber ein gesichtausdruck sagt viel<br />]]></LOG>
<LOG><![CDATA[<img src='icon_smile.gif'>&nbsp;2009-01-17 by monalisa812<br><br />also das wird ein text.... :)<br>es war ein wunderbarer samtag morgen ich glaub 1.00 uhr noch was, wir dachten uns nichts dabei und wollten nur schnell loggen, als dann aus der ferne ein auto kam und nun ja was soll man sagen es waren die netten herren von der polizei.... :( die uns den tag versauen wollten!<br>naja jetzt versuchmal den leuten zu erklären was du da machst du gut das ein teil von den Geo-zwergen mit war und der nicht auf den kopf gefallen ist er hat das dennen erzählt, aber nun ja die haben das noch nie gehört! sollten sich mal weiter bilden die herren von der polizei echtmal wir sind doch nicht die einzigen die das machen! sie wollten dann die ausweise sehen sich unsere fantastischen bilder ansehen :)  dann sind sie endlich wieder gefahren! und wir konnten ihn danach mit einem lachen in der hand halten, schade das wir ihn nicht fanden wo die netten herren da waren, denn dann hätten sie uns endlich geglaubt! aber ein kleiner tipp ... es wäre doch eine idee auf der wache so ein cache zu verstecken dann würden sie wirklich mal sehen wieviele es gibt von den cachern! :)<br />]]></LOG>
<LOG><![CDATA[<img src='icon_smile.gif'>&nbsp;2009-01-16 by R&#252;ben<br><br />Unbefugten ist das betreten verboten und das sogar wenn man dort nachts ist den dank der beklopten anwohner hatten wir 5min zeit danach blau silber die haben doch voll ein am wandern geocaching? noch nie gehört !  hat uns aber nicht weiter gestört denn wir haben ihn dann doch noch gefunden!<br />]]></LOG>
<LOG><![CDATA[<img src='icon_smile.gif'>&nbsp;2008-12-23 by KaputtesLicht<br><br />Schnell gefunden. Hier gibt es gar keinen anderen Ort zum verstecken eines Micros! <img src='http://www.geocaching.com/images/icons/icon_smile_big.gif' border=0 align=middle> Vielen Dank<br />]]></LOG>
<LOG><![CDATA[<img src='icon_smile.gif'>&nbsp;2008-11-07 by Hoffi1986<br><br />Schon lange hab ich nach dem gesucht und heute endlich gefunden. Ein Griff und er war meine! Manchmal hat man doch Tomaten auf den Augen!<br>TFTC<br />]]></LOG>
<LOG><![CDATA[<img src='icon_smile.gif'>&nbsp;2008-11-01 by Steppenwolf6666<br><br />Auch diese Station der Laufbahn besucht.<br />]]></LOG>
<LOG><![CDATA[<img src='icon_smile.gif'>&nbsp;2008-11-01 by Blacky59<br><br />Mit Steppenwolf6666 unterwegs gewesen und auch hier vorbei gekommen.<br />]]></LOG>
<LOG><![CDATA[<img src='icon_smile.gif'>&nbsp;2008-10-31 by MrTT<br><br />..und auch Der ging an unseren Kleinsten.!<br />]]></LOG>
<LOG><![CDATA[<img src='icon_smile.gif'>&nbsp;2008-10-30 by das Licht<br><br />Schnell gefunden<p>Danke<br />]]></LOG>
<LOG><![CDATA[<img src='icon_smile.gif'>&nbsp;2008-10-30 by Sonnen Strahl<br><br />Schnell gefunden.<p>Danke<br />]]></LOG>
<LOG><![CDATA[<img src='icon_smile.gif'>&nbsp;2008-10-24 by Kirsche 7a<br><br />Durch Teamarbeit mit two rubsners + Grottenolm87 und gründlichem Untersuchen doch noch gefunden.<br>TFTC, Kirsche 7a<br />]]></LOG>
<LOG><![CDATA[<img src='icon_smile.gif'>&nbsp;2008-10-24 by two rubsners<br><br />Die erste Station haben wir zunächst übersprungen. Holen wir nach.<br />]]></LOG>
<LOG><![CDATA[<img src='icon_smile.gif'>&nbsp;2008-10-23 by X-Gang<br><br />Diese Station wurde auch rasch geloggt <img src='http://www.geocaching.com/images/icons/icon_smile.gif' border=0 align=middle>, obwohl gerade ein Spiel im Gange war.<br>Danke und Grüße von der X- Gang.<br />]]></LOG>
<LOG><![CDATA[<img src='icon_smile.gif'>&nbsp;2008-09-19 by LUPO.79<br><br />Im 2.Anlauf mit Junior heut zusammen auf unserer "Männernachmittagsrunde" gehoben. Gutes Versteck - is ja auch einer von Tom... <img src='http://www.geocaching.com/images/icons/icon_smile_wink.gif' border=0 align=middle><br>TFTC<br />]]></LOG>
<LOG><![CDATA[<img src='icon_smile.gif'>&nbsp;2008-09-02 by Team Kumunst<br><br />Zusammen mit ifindnix waren wir an einem wunderbaren und langen Wochenende gemeinsam in Thüringen unterwegs. Natürlich haben wir auch ein paar Dosen gefunden. <br>Diese war eine davon.<br>Danke und Gruß<br>Team Kumunst<p>P.S.: Tom du bist ja ganz schön sportlich !<br />]]></LOG>
<LOG><![CDATA[<img src='icon_smile.gif'>&nbsp;2008-09-02 by ifindnix<br><br />Salvete!<br>Wir waren mal wieder gemeinsam mit Team Kumunst auf cache-Tour und konnten dabei auch dieses Döschen im zweiten Anlauf finden! <img src='http://www.geocaching.com/images/icons/icon_smile_big.gif' border=0 align=middle><br>Vobis gratias agimus!<br>ifindnix & crew <br />]]></LOG>
<LOG><![CDATA[<img src='icon_smile.gif'>&nbsp;2008-08-31 by geofutz<br><br />Zusammen mit Geoanni auf unserer MHL-Tour nach etwas längerer Suche doch noch gefunden.<br>Danke an Mueckenfett für #169 und<br>BYE GF<br />]]></LOG>
<LOG><![CDATA[<img src='icon_smile.gif'>&nbsp;2008-08-31 by geoanni<br><br />Als wir schon aufgeben wollten doch noch gefunden.<br>Neuen Draht zum Heben des Caches angebracht - altes Draht war abgerissen.<br>Danke für #35 an Mueckenfett und<br>BYE Geoanni.<br />]]></LOG>
<LOG><![CDATA[<img src='icon_smile.gif'>&nbsp;2008-08-22 by Morglin<br><br />Auf unserer Reise hatten wir einen freien Vormittag, den ich zum Cachen genutzt habe. Mit Erfolg. Danke für diesen sagt <br>Morglin<br />]]></LOG>
<LOG><![CDATA[<img src='icon_smile.gif'>&nbsp;2008-08-17 by fox-hunter_I<br><br />na das ging ja noch mal gut aus, nach einfacher Kombination des Hinweises mit den wenigen Möglichkeiten der Verstecke wurde durch einfaches "fingern" (man möge mir der Obzönität verzeihen, aber so war es halt :-) der Schatz gezogen.<p>Ich gebe capone72 recht: die vielen Coins habe ich heute noch nicht gefunden, der kleine PET'ling gibt auch kaum soviel Platz her.<p>Gruß<br>fox-hunter_I<br />]]></LOG>
<LOG><![CDATA[<img src='icon_smile.gif'>&nbsp;2008-08-04 by le_rapunzel<br><br />Ein intuitiver Griff und ich hielt den kleinen in meinen Händen. Nette Versteckidee. Danke und viele Grüße aus Leipzig.<br />]]></LOG>
<LOG><![CDATA[<img src='icon_smile.gif'>&nbsp;2008-08-04 by Capone72<br><br />Als wir hier ankamen, stand eine Gruppe Muggel vorm Versteck und bewachten es anscheind. Pünktlich um 18 Uhr verschwanden sie aber alle zusammen mit ner Kiste Bier auf'm Sportplatz. <br>Das Döschen haben wir dann fix gefunden.<p>Vielen Dank!<p>PS: Ich frage mich nur, ob ich alles gefunden habe? Coins habe ich keine gesehen, obwol hier ja viele sein sollten.<br />]]></LOG>
<LOG><![CDATA[<img src='icon_smile.gif'>&nbsp;2008-08-03 by dop3<br><br />schnell gefunden!<br />]]></LOG>
<LOG><![CDATA[<img src='icon_smile.gif'>&nbsp;2008-07-24 by BastiVW<br><br />gefunden<br />]]></LOG>
<LOG><![CDATA[<img src='icon_note.gif'>&nbsp;2008-07-20 by Mueckenfett<br><br />in TB<br />]]></LOG>
<LOG><![CDATA[<img src='icon_smile.gif'>&nbsp;2008-07-10 by Team BBM<br><br />Dies ist nun unser <img src='http://www.geocaching.com/images/icons/icon_smile_wink.gif' border=0 align=middle> VIERHUNDERTSTER <img src='http://www.geocaching.com/images/icons/icon_smile_wink.gif' border=0 align=middle>. <p>Wir haben das Gelände nicht betreten. Die Idee ist sehr schön. Hat nur etwas länger gedauert, da dort große Muggelgefahr bestand.<p>Danke für diesen Cache<br>Team BBM<br />]]></LOG>
<LOG><![CDATA[<img src='icon_smile.gif'>&nbsp;2008-06-29 by GeoSittiche<br><br />Schöner Cache,die beste Zeit zum Geocachen ist zum<br>Endspiel der Fußball-EM mit deutscher Beteidigung<br>(Keine Sau auf der Strasse)<br>TFTC<br>Die GeoSittiche<br />]]></LOG>
<LOG><![CDATA[<img src='icon_smile.gif'>&nbsp;2008-06-25 by uhri<br><br />Gesucht und gefunden.<br>TFTC Uhri<br />]]></LOG>
<LOG><![CDATA[<img src='icon_smile.gif'>&nbsp;2008-06-08 by Strauchdieb<br><br />Sooo viele Muggel, die dort auch "sportliche Laufbahn" machen wollen!!! Wir mussten ganz schön lange warten, bis wir gefahrenfrei loggen konnten.<br>Danke sagen Maik und Sabine<br />]]></LOG>
<LOG><![CDATA[<img src='icon_smile.gif'>&nbsp;2008-06-08 by felixwh<br><br />Zusamen mit Bara68 anläßlich Mückenfetts 5k Evet wurde auch diese Dose gefunden - für mich im 3. Anlauf - nach Hinweis und Einsatz meiner zum Glück recht langen Finger.<p>TftC<br />]]></LOG>
<LOG><![CDATA[<img src='icon_smile.gif'>&nbsp;2008-06-08 by Bara68<br><br />Heute habe ich zusammen mit Felixwh im Rahmen des Mueckenfett´s 5 K Event diesen hier beinahe nicht gefunden. Warum? Der Vorfinder hatte den Cachebehälter ein wenig besser versteckt als uns lieb war. Dank der Hinweise aus erster Hand konnte der Cachebehälter dann im 2. Anlauf mit Einsatz eines Hilfsmittels entdeckt und aufgehoben werden. Viele Dank an das Team Mueckenfett für diesen Cache. Bara68 <br />]]></LOG>
<LOG><![CDATA[<img src='icon_smile.gif'>&nbsp;2008-05-24 by funki<br><br />Auch diesen zusammen mit *sarah*, Slentil, inge + dunsi sowie polizei gut gefunden. Danke dafür.<p>Funki<br />]]></LOG>
<LOG><![CDATA[<img src='icon_smile.gif'>&nbsp;2008-05-24 by *sarah*<br><br />Auf unserer Tour durch Mühlhausen auch diesen gut gefunden. Danke<br />]]></LOG>
<LOG><![CDATA[<img src='icon_smile.gif'>&nbsp;2008-05-24 by Polizei<br><br />Auch wir mußten uns sportlich betätigen um an den cache zu kommen.<p>Danke<br />]]></LOG>
<LOG><![CDATA[<img src='icon_smile.gif'>&nbsp;2008-05-24 by slentil<br><br />Auf einer Runde durch Mühlhausen den Cache gut gefunden.<p>Danke<br><br />]]></LOG>
<LOG><![CDATA[<img src='icon_smile.gif'>&nbsp;2008-05-24 by dunsi<br><br />war gut zu finden. Danke für die Dose von Inge+Dunsi<br />]]></LOG>
<LOG><![CDATA[<img src='icon_smile.gif'>&nbsp;2008-05-18 by didi50<br><br />gut gefunden danke<br />]]></LOG>
<LOG><![CDATA[<img src='icon_smile.gif'>&nbsp;2008-03-24 by AT-AT<br><br />zusammen mit gollumgandalf gefunden, ab jetzt allein auf Tour<br>TFTC<br />]]></LOG>
<LOG><![CDATA[<img src='icon_smile.gif'>&nbsp;2008-03-24 by Gollum &amp; Galadriel<br><br />Wir wollten eigentlich nur schnell zum Friedhof. Da ich aber zufällig ein paar Cachebeschreibungen dabei hatte, haben wir gleich mal nach dem Kleinen hier geschaut.<br>Danke!<br />]]></LOG>
<LOG><![CDATA[<img src='icon_smile.gif'>&nbsp;2008-03-23 by madd.in<br><br />An einem verschneiten Ostersonntag schnell gefunden :-)<p> Grüße madd.in<br><br />]]></LOG>
<LOG><![CDATA[<img src='icon_smile.gif'>&nbsp;2008-03-09 by TLord<br><br />Schnell rangespurtet und gelogged.<br />]]></LOG>
<LOG><![CDATA[<img src='icon_smile.gif'>&nbsp;2008-03-09 by 2wsx4rfv<br><br />Heute mit klarem Kopf schnell gefunden. <b><font color="blue">   563</b></font><br />]]></LOG>
<LOG><![CDATA[<img src='icon_smile.gif'>&nbsp;2008-03-09 by Caching-Buddy<br><br />Heute im Rudel mit 2wsx4rfv, TLord und Muelli96 da gewesen.<p>TFTC sagt Caching-Buddy<br />]]></LOG>
<LOG><![CDATA[<img src='icon_smile.gif'>&nbsp;2008-03-09 by Muelli96<br><br />#384<p>Schön Versteckter Cache!<br />]]></LOG>
<LOG><![CDATA[<img src='icon_note.gif'>&nbsp;2008-03-02 by Mueckenfett<br><br />Alles noch da wo es hingehört.<br>Tom<br />]]></LOG>
<LOG><![CDATA[<img src='icon_sad.gif'>&nbsp;2008-03-02 by 2wsx4rfv<br><br />Aufgrund des Hints eigentlich als leichte Sache angedacht, aber nichts verwertbares gefunden.<br />]]></LOG>
<LOG><![CDATA[<img src='icon_smile.gif'>&nbsp;2008-02-10 by hi2k<br><br />Auf gemeinsamer Tour mit B&B, Comodín, Deadman und Nordhesse diesen Cache auch noch gefunden. <br>Danke dafür sagt:<br>hi2k<br />]]></LOG>
<LOG><![CDATA[<img src='icon_smile.gif'>&nbsp;2008-02-10 by x Deadman x<br><br />Man waren wir heute sportlich auf unseren Mühlhauen Tour! Schnell ein paar Runden gedreht und den Cache gehoben.<br>THX4$ & Schöne Grüße<br>Deadman<br>*1015*<br />]]></LOG>
<LOG><![CDATA[<img src='icon_smile.gif'>&nbsp;2008-02-10 by Nordhesse<br><br />Gehen wir mal gucken, ob Mückenfett hier seine Runden dreht, wenn er schon nicht zu Hause ist. War leider nicht da, nur eine Dose haben wir gefunden.<p>TFTC, Nordhesse<br />]]></LOG>
<LOG><![CDATA[<img src='icon_smile.gif'>&nbsp;2008-02-10 by Comod&#237;n<br><br />Hat sich anfangs noch hartnäckig gewehrt, aber letztendlich doch geborgen.<br>TFTC,<br>Comodín<br />]]></LOG>
<LOG><![CDATA[<img src='icon_smile.gif'>&nbsp;2008-02-10 by Barbie&amp;Bruettler<br><br />Auch diesen auf unserer kleinen Mühlhausen Tour gut gefunden.<br>Danke<br>B&B<br>-2075-<br />]]></LOG>
<LOG><![CDATA[<img src='icon_smile.gif'>&nbsp;2008-01-12 by oldboy2<br><br />Auf unserer Mühlhausen-Cachetour als letzten gehoben. <p>TFTC<br>Oldboy2 und "Die Frau aus Holland" <img src='http://www.geocaching.com/images/icons/icon_smile_wink.gif' border=0 align=middle><br />]]></LOG>
<LOG><![CDATA[<img src='icon_smile.gif'>&nbsp;2007-12-29 by Jack Outdoor<br><br />In einer lustigen Cacherrunde an diesem kalten Tag unterwegs gewesen. Es hat viel Spaß gemacht. Danke!<br />]]></LOG>
<LOG><![CDATA[<img src='icon_smile.gif'>&nbsp;2007-12-29 by haenselmen<br><br />Die Arnstädter Cacher besuchten heute im großen Team Mühlhausen. <br>Wo rohe Kräfte sinnlos walten,<br>aber dann ist doch noch alles gut geworden.<br>Viele Grüße aus Arnstadt<br />]]></LOG>
<LOG><![CDATA[<img src='icon_smile.gif'>&nbsp;2007-12-29 by kasimodo<br><br />Die Arnstädter Cacher besuchten heute im großen Team Mühlhausen. Nur die halben Truppe durfte suchen!<img src='http://www.geocaching.com/images/icons/icon_smile_big.gif' border=0 align=middle> Die andere Hälfte hat diesen Cache schon vormals gefunden.<br>Cache dann auch schnell gefunden! DANN ABER - die Bergung!!! Das grüne "Hilfmittel" hielt nicht und der Micro war noch immer in seinem Versteck. Da war dann "Fingerspitzengefühl" angesagt. Mit Erfolg! Gelogt, kurze Instandsetzung und ALLES war wieder OK!<br>Vielen Dank und viele Grüße<br>Kasimodo<br />]]></LOG>
<LOG><![CDATA[<img src='icon_smile.gif'>&nbsp;2007-12-28 by caprikitty<br><br />Auf dem Weg zu Tom <img src='http://www.geocaching.com/images/icons/icon_smile_big.gif' border=0 align=middle> fix mitgenommen.<br>Danke<br />]]></LOG>
<LOG><![CDATA[<img src='icon_smile.gif'>&nbsp;2007-12-08 by unwissenheit<br><br />Dies war der 2te vor dem Event!<p>thx Tom<p>PS: auch eine nette Idee an der ich fast vorbeigeschlittert wäre!<br />]]></LOG>
<LOG><![CDATA[<img src='icon_smile.gif'>&nbsp;2007-12-08 by ArnGeko<br><br />Hier war ich schonmal gescheitert, heute waren wir zu zweit und fanden ihn nach kurzer Zeit ,vielen Dank für diesen Cache, schönes Versteck.<br />]]></LOG>
<LOG><![CDATA[<img src='icon_smile.gif'>&nbsp;2007-11-02 by Gerstenzwerge<br><br />Nr. 27 unserer über 50iger Statistikcachetour in die Mühlhäuser Gegend.<br>Wenigstens diese Aufgabe erfolgreich bewältigt.<br>Aber auch wieder lange gesucht, nach der 1. Stärkung im Hotel. Mückenfett ist nicht umsonst nur Mückenfett.<br>Tolle Versteckidee.<br>Vielen Dank und schöne Grüße <br>vom Gerstenzwerg auf Tour mit dem Portitzer.<br><br />]]></LOG>
<LOG><![CDATA[<img src='icon_smile.gif'>&nbsp;2007-11-02 by Portitzer<br><br />Geiles Versteck! Hier haben wir uns fast blöd gesucht.<p>Zum Glück war es schon dunkel und wir konnten ungestört suchen. Kurz vorm Aufgeben fand ihn Volker dann glücklicherweise doch noch...<p>Danke und viele Grüße<p>Kurt<br />]]></LOG>
<LOG><![CDATA[<img src='icon_smile.gif'>&nbsp;2007-10-20 by mottobug<br><br />Ohne SAM-Hessen NIE gefunden. Gutes Versteck.<p>:-)<br />]]></LOG>
<LOG><![CDATA[<img src='icon_smile.gif'>&nbsp;2007-10-20 by SAM-Hessen<br><br />Heute zusammen mit Mottobug auf Cachetour gut gefunden.Das Versteck hat mir sehr gut gefallen:-) TFTC<br />]]></LOG>
<LOG><![CDATA[<img src='icon_smile.gif'>&nbsp;2007-09-03 by Grottenolm87<br><br />Habe meinen Account von Knutsch&Fleck in Grottenolm87 gewechselt. Sollte jemand damit Probleme haben, kann er diesen Log ohne Kommentar löschen.<br>I´ve changed my account from Knutsch&Fleck to Grottenolm87. The log can discharge momentarily if somebody disagree with this.  <br><br />]]></LOG>
<LOG><![CDATA[<img src='icon_smile.gif'>&nbsp;2007-09-03 by Eichsgenossen<br><br />... mussten abends nochmal kommen da die Anlage gut genutzt wird - schönes Versteck...<br />]]></LOG>
<LOG><![CDATA[<img src='icon_smile.gif'>&nbsp;2007-09-03 by Erithacus Rubecula<br><br />Gleich im ersten Anlauf gefunden.<br>TFTC<br />]]></LOG>
<LOG><![CDATA[<img src='icon_smile.gif'>&nbsp;2007-08-11 by Renault Family<br><br />Dieser Fund gehörte auch zu unserer ersten Serie, Super versteckt.<br />]]></LOG>
<LOG><![CDATA[<img src='icon_smile.gif'>&nbsp;2007-08-05 by S&#246;ckchen<br><br />Liegt zwar nur ca. 300 m von zu Hause weg , bin aber heute erst dazu gekommen.<br>Gruß Silke<br />]]></LOG>
<LOG><![CDATA[<img src='icon_smile.gif'>&nbsp;2007-08-05 by Team Fire &amp; Ice<br><br />LOG: 20:50 UHR<br>Auch diese sportliche Laufbahn haben wir heute Abend noch gefunden!!! Vielen Dank an den Owner vom<p>Team Fire & Ice<br>Heiko und Steffi<br />]]></LOG>
<LOG><![CDATA[<img src='icon_smile.gif'>&nbsp;2007-07-07 by Bl&#252;mchenBande<br><br />Auch für uns heute die 2. sportliche Station. Sogar ziemlich schnell gefunden. TFTC<br />]]></LOG>
<LOG><![CDATA[<img src='icon_smile.gif'>&nbsp;2007-07-07 by Yalla<br><br />Auf dem Heimweg von der Kanonenbahn nach kurzer Suche und Muggelalarm gefunden.<br><img src='http://www.geocaching.com/images/icons/icon_smile_cool.gif' border=0 align=middle><br>Vielen Dank<br />]]></LOG>
<LOG><![CDATA[<img src='icon_smile.gif'>&nbsp;2007-07-06 by gloomy<br><br />Wenigstens einen Cache mussten wir machen, wenn wir schon mal für ein paar Stunden in MHL sind. VG und Danke, gloomy!<br />]]></LOG>
<LOG><![CDATA[<img src='icon_smile.gif'>&nbsp;2007-06-30 by Traveler77<br><br />Bei einer Samstagsabendrunde ganz ohne Muggels gefunden. <img src='http://www.geocaching.com/images/icons/icon_smile_wink.gif' border=0 align=middle> TFTC<br />]]></LOG>
<LOG><![CDATA[<img src='icon_smile.gif'>&nbsp;2007-06-23 by Hor_andy<br><br /><br>Naja, eigentlich ja ganz einfach zu heben. Mit den Muggels muß man allerdings Glück haben (dies haftet ja der gesamten Serie an)aber sonst wäre es ja zu leicht. TFTC<br><br />]]></LOG>
<LOG><![CDATA[<img src='icon_smile.gif'>&nbsp;2007-06-15 by Die Hasenschnitzels<br><br />Naja, es gibt vermuggeltere Gebiete. Heute war nicht viel los und nach ein paar Minuten hatte Jenny den Cache auch schon gefunden. Tolle Idee.<p>Die Hasenschnitzels Jenny & Thorsten<br />]]></LOG>
<LOG><![CDATA[<img src='icon_smile.gif'>&nbsp;2007-06-11 by Chris601<br><br />nach einigem Suchen doch noch gefunden. Gute Idee, aber ich hasse muggelverseuchte Gegenden, wo Nachbarn gucken und man an fremden Eigentum rumfummeln muss..<br />]]></LOG>
<LOG><![CDATA[<img src='icon_sad.gif'>&nbsp;2007-06-04 by Sanctus70<br><br />MMMMH, sosehr ich auch geguckt und getastet habe - leider nichts gefunden. das mit den sprotlichen laufbahnen ist bei mir wohl nix....würds trotzdem gern wissen<img src='http://www.geocaching.com/images/icons/icon_smile_dead.gif' border=0 align=middle><br />]]></LOG>
<LOG><![CDATA[<img src='icon_note.gif'>&nbsp;2007-06-04 by Chris601<br><br />Mist, da haben wir uns ja nur um Minuten verpasst. War ebenfalls gegen 9 da. Da die Sportler aber gerade begannen, ihren Krempel in der Bude zu verstauen und das Ganze nicht schien, als ob es in 5 min erledigt sei, zog ich von dannen.. hätt ich nur mal gewartet <img src='http://www.geocaching.com/images/icons/icon_smile_sad.gif' border=0 align=middle><br />]]></LOG>
<LOG><![CDATA[<img src='icon_greenlight.gif'>&nbsp;2007-06-03 by 2<br><br />Published<br />]]></LOG>
<LOG><![CDATA[<img src='icon_smile.gif'>&nbsp;2007-06-03 by Kruemel68<br><br /><img src='http://www.geocaching.com/images/icons/icon_smile_big.gif' border=0 align=middle><img src='http://www.geocaching.com/images/icons/icon_smile_big.gif' border=0 align=middle><img src='http://www.geocaching.com/images/icons/icon_smile_big.gif' border=0 align=middle> Ein FTF zum Abschluss eines schönen Cache-Nachmittags <img src='http://www.geocaching.com/images/icons/icon_smile_big.gif' border=0 align=middle><img src='http://www.geocaching.com/images/icons/icon_smile_big.gif' border=0 align=middle><img src='http://www.geocaching.com/images/icons/icon_smile_big.gif' border=0 align=middle>. <p>Da sitzt man so gemütlich vor dem PC und erledigt die Eingaben für die am Tage gefundenen Schätze, und da taucht plötzlich ein neuer Cache auf. Da hiess es Cache-Alarm und auf ging es. Einige Minuten warten, bis die Fußballer endlich abgerückt waren, dann war es nur noch Sekundensache...gegen 21 Uhr war er enttarnt.<p>Danke fürs Verstecken !<p> <br />]]></LOG>
<LOG><![CDATA[<img src='icon_smile.gif'>&nbsp;2007-06-03 by JonnyH&#252;tchen<br><br /><img src='http://www.geocaching.com/images/icons/icon_smile_big.gif' border=0 align=middle><img src='http://www.geocaching.com/images/icons/icon_smile_big.gif' border=0 align=middle> Um 21:02 Uhr konnte ich immerhin noch ZWEITER werden <img src='http://www.geocaching.com/images/icons/icon_smile_big.gif' border=0 align=middle><img src='http://www.geocaching.com/images/icons/icon_smile_big.gif' border=0 align=middle>.<br />]]></LOG>
</LOGS>
<NOTES><![CDATA[]]></NOTES>
<IMAGES>
</IMAGES>
<TRAVELBUGS>
</TRAVELBUGS>
<URL><![CDATA[]]></URL>
<SOLVER><![CDATA[]]></SOLVER>
    <CACHE  name = "Station meiner sportlichen Laufbahn # 2" owner = "Mueckenfett" lat = "51,200233333333" lon = "10,455383333333" hidden = "2007-06-02" wayp = "GC13BMK" status = "" ocCacheID = "" lastSyncOC = "20100419225954" num_recommended = "0" num_found = "-1" attributesYes = "2233387714563" attributesNo = "0" boolFields="1922" byteFields="33688084" attributesYes1 = "0" attributesNo1 = "0" />
</CACHEDETAILS>
