<?xml version="1.0" encoding="ISO-8859-1"?>
<CACHEDETAILS>
<VERSION value = "3"/>
<DETAILS><![CDATA[Los geht&rsquo;s an der "Mittelmühle". Sehr liebevoll wurde diese
in den letzten Jahren restauriert, nach dem sie Ewigkeiten
baufällig und verlassen dastand.
<br>Welche Hausnummer hat die Mittelmühle heute? AB a
<p>Wann wurde sie erbaut? CDEF</p>
<p>Weiter geht es nun zum Final. Die ehemalige "Obermühle" stand
bei Position:</p>
<p>N 51°1A,C0D&rsquo; E 10°2D,4B4'</p>
<p>Bitte beachtet die Geländewertung! Mehr Tipps gebe ich nicht,
sonst wäre es ja nicht mehr fies! :-)</p>]]></DETAILS>
<COUNTRY><![CDATA[Germany]]></COUNTRY>
<STATE><![CDATA[Thüringen]]></STATE>
<ATTRIBUTES>
   <ATT>bicycles-yes.gif</ATT>
   <ATT>onehour-yes.gif</ATT>
   <ATT>parking-yes.gif</ATT>
   <ATT>winter-yes.gif</ATT>
   <ATT>climbing-yes.gif</ATT>
   <ATT>dogs-yes.gif</ATT>
</ATTRIBUTES>
<HINTS><![CDATA[]]></HINTS>
<LOGS>
<OWNLOGID></OWNLOGID>
<OWNLOG><![CDATA[]]></OWNLOG>
<LOG><![CDATA[<img src='icon_smile.gif'>&nbsp;2010-03-29 by saheimast<br><br />Den letzten Tag unseres Caching-Urlaubs in Mühlhausen erfolgreich abgeschlossen. Danke für die vielen netten caches.<p>Hier wurde es ganz schön kalt an den Füßen...  ,obwohl wir ihn schnell gefunden hatten.<br />]]></LOG>
<LOG><![CDATA[<img src='icon_smile.gif'>&nbsp;2010-03-29 by Satchmo77<br><br />An unserem letzen Tag auf Cacherreise nach Mühlhausen auf den Spuren der "Mühlhauser Verstecker" auch diesen gefunden. Danke für eine tolle Zeit mit vielen, tollen Dosen in eindrucksvoller Umgebung! TFTC<br />]]></LOG>
<LOG><![CDATA[<img src='icon_smile.gif'>&nbsp;2010-03-29 by Fhuti83<br><br />Toller Cache! Und noch dazu mein 150er. Unterwegs mit saheimast und satchmo77. TFTC<br />]]></LOG>
<LOG><![CDATA[<img src='icon_smile.gif'>&nbsp;2009-12-27 by Kami79<br><br />in der nacht zuvor aus "angst" vor eiszapfen an der nase um 23.30 abgebrochen... zwischen frühstück und gänsebraten dann nochmals versucht und fast, gleich, sofort ;) gefunden !<br>"cooles" versteck... und nu is klar warum er gemeiner fiesling heisst!!  leider keine bilder gemacht  :(<br />]]></LOG>
<LOG><![CDATA[<img src='icon_note.gif'>&nbsp;2009-11-10 by Karolli<br><br />Die Finalkoordinaten fix ausgerechnet und dann standen wir da... <img src='http://www.geocaching.com/images/icons/icon_smile_question.gif' border=0 align=middle><img src='http://www.geocaching.com/images/icons/icon_smile_dissapprove.gif' border=0 align=middle><img src='http://www.geocaching.com/images/icons/icon_smile_big.gif' border=0 align=middle> Wir wollen ja noch in die Stadt!!! <br>Also werden bzw müssen wir ein anderes Mal mit entsprechender Ausrüstung wiederkommen.<br />]]></LOG>
<LOG><![CDATA[<img src='icon_smile.gif'>&nbsp;2009-09-20 by David+Chrissi<br><br />Auf der heutigen Tour schnell gefunden.Der Cache selber ist sehr gut versteckt.Prima gemacht..<br>TFTC<br>David+Chrissi<br />]]></LOG>
<LOG><![CDATA[<img src='icon_smile.gif'>&nbsp;2009-05-30 by womo-driver<br><br />Bei kleiner Fahrradtour gehoben. Mein Mann hat sich geopfert.<br>War lustig und  wir behalten diesen Cache bestimmt in Erinnerung<p>Liebe Grüße<br>Brigitte und Andreas<br />]]></LOG>
<LOG><![CDATA[<img src='icon_smile.gif'>&nbsp;2009-04-19 by Kuchenmops<br><br />Ein gemeiner und fieser Cache, der was mit Wasser zu tun hat? Das machte ihn zu einem Kandidaten der ganz oben auf der Wunschliste des Mühlhausenausflugs stand. Am Nachmittag war die erste Aufgabe mit etwas Kombinationsgabe gelöst worden (die Jahreszahl konnte ich nicht entdecken <img src='http://www.geocaching.com/images/icons/icon_smile_blackeye.gif' border=0 align=middle> ), am Final machte sich in unmittelbarer Nähe aber ein Muggel zu schaffen. Enttäuscht zogen wir weiter und setzten unsere Cacherunde fort, um dann am Abend spontan nochmal unser Glück zu versuchen. Siehe da, es war kein Mensch in Sichtweite und ehe sich das ändern konnte hatte ich die Dose auch schon in der Hand. Wirklich fies fand ich das nicht, eher ein gutes Versteck gegen Zufallsfunde und ein Spaß, der einen diesen Cache nicht so schnell vergessen läßt.<p>I/O: nichts<br />]]></LOG>
<LOG><![CDATA[<img src='icon_smile.gif'>&nbsp;2009-04-19 by LadyOscar<br><br />Am Nachmittag schonmal da gewesen, allerdings war da ein Zugriff nicht denkbar. Der benachbarte Muggel war dabei seine Einfahrt neu zu gestalten <img src='http://www.geocaching.com/images/icons/icon_smile_dissapprove.gif' border=0 align=middle><br>Sind dann einfach abends nochmals hin und tada, wir hatten freie Bahn! <img src='http://www.geocaching.com/images/icons/icon_smile_approve.gif' border=0 align=middle><p>Vielen Dank für den schönen Cache! <br />]]></LOG>
<LOG><![CDATA[<img src='icon_smile.gif'>&nbsp;2009-04-19 by Sharky77<br><br />Zusammen mit Kerny77 unterwegs gewesen. Dank dem mutigen Mann an unserer Seite dann auch heben können. <br>TFTC!<br />]]></LOG>
<LOG><![CDATA[<img src='icon_smile.gif'>&nbsp;2009-04-19 by Kerny77<br><br />Da musste der maennliche teil unseres teams ran. und der turnte und war schon vor ort. recht flink. <img src='http://www.geocaching.com/images/icons/icon_smile_wink.gif' border=0 align=middle><br />]]></LOG>
<LOG><![CDATA[<img src='icon_smile.gif'>&nbsp;2009-03-20 by Seve<br><br />Eine fiese Gemeinheit ist das ja! Vor allem wenn man denkt, jetzt ist der richtige Zeitpunkt um zuzugreifen und dann kommt doch wieder ein Muggel daher gelatscht...<img src='http://www.geocaching.com/images/icons/icon_smile_blackeye.gif' border=0 align=middle><br>Aber irgendwann war die Luft rein und so konnte ich das vermutete Versteck inspizieren - erfolgreich - toll! Geloggt wurde unter erschwerten Bedingungen gleich vor Ort, das geht auch in guter Kleidung <img src='http://www.geocaching.com/images/icons/icon_smile.gif' border=0 align=middle><br>Vielen Dank für's Herlocken an diese Stelle!<br>Seve<br />]]></LOG>
<LOG><![CDATA[<img src='icon_smile.gif'>&nbsp;2009-02-07 by Schnullerbacke77<br><br />Auf lustiger Mühlhausen-Tour mit Smeagol, Frittenbude70, Michael01 und die Hoffi´s1986.<img src='http://img.groundspeak.com/forums/emoticons/signal/big_smile.gif' width=19 height=19 border=0 align=middle><br>Ja, dieser Cache hat seinen Namen verdient. Obwohl die Mühle sehr schön ist, wird uns das Final in Erinnerung bleiben.<img src='http://img.groundspeak.com/forums/emoticons/signal/cute.gif' width=19 height=19 border=0 align=middle> <br>Da Hoffi, sich ja gleich die passende Cacherausrüstung angezogen hat, blieb uns ja keine andere Wahl als ihn zum Finalbergen los zu schicken.<img src='http://img.groundspeak.com/forums/emoticons/signal/tongue.gif' width=19 height=19 border=0 align=middle> <br>Auf jeden Fall hatten wir unseren Spass.<img src='http://img.groundspeak.com/forums/emoticons/signal/big_smile.gif' width=19 height=19 border=0 align=middle><p>Vielen Dank für diesen Cache und viele Grüsse <br>Schnullerbacke77<br />]]></LOG>
<LOG><![CDATA[<img src='icon_smile.gif'>&nbsp;2009-02-07 by Team Fribu70 &amp; Schnuba77<br><br /><font color="green"><i><b>Die Verrückten zogen wieder los, um nochmal Mühlhausen zu erobern. Diesmal dabei: Schnullerbacke77, Michael01, Steiff-Teddy, äh nein Plüschbär alias Smeagol, Hoffi1986 (nicht immer, aber immer öfter!) und die Frau mit den Haaren auf der Brust.<img src='http://img.groundspeak.com/forums/emoticons/signal/big_smile.gif' width=19 height=19 border=0 align=middle></b></i></font><p>Hier zeigte der Mühlenfiesling was in ihm steckt, aber wir waren noch viel fieser und suchten uns Hoffi1986 als Opfer aus, um die Dose zu bergen, was er dann unter unseren spöttischen Bemerkung auch tat.<p><br><b>Vielen Dank für den Cache!</b><br />]]></LOG>
<LOG><![CDATA[<img src='icon_smile.gif'>&nbsp;2009-02-07 by smeagol<br><br /><font color="red">1553.</font> Rudelcachen in und um Mühlhausen mit Schnullerbacke77, Frittenbude 70, michael01 und (die meiste Zeit) Hoffi1986! <p>Hübsches Haus ... und eine wirklich fies, aber sehr schön versteckte Dose!! <img src='http://www.geocaching.com/images/icons/icon_smile_cool.gif' border=0 align=middle> Dank Hoffi1986 konnte uns aber auch dies nicht vom Loggen abhalten ... <img src='http://www.geocaching.com/images/icons/icon_smile_wink.gif' border=0 align=middle><p>Danke und Gruß, Smeagol<br />]]></LOG>
<LOG><![CDATA[<img src='icon_smile.gif'>&nbsp;2009-02-07 by michael01<br><br />Heute waren wir unterwegs mit Smeagol, Schnullerbacke77 und Frittenbude70, um Mühlhausen unischer zu machen. In Mühlhausen haben wir noch Hoffi1986 aufgelesen, der uns als Ortskundiger zu allen strategisch günstig gelegenen Caches durch die Stadt gelotst hat.<p>Zusammen haben wir der Mühle einen Besuch abgestattet, alle erforderlichen Angaben ermittelt und uns zum Finale begeben. Dort angekommen, war so ziemlich klar, wo das Versteck sein musste. Nur noch ein Opfer gesucht - mit Hoffi1986 auch eins gefunden <img src='http://www.geocaching.com/images/icons/icon_smile_big.gif' border=0 align=middle> - und schon kam der Cache in unsere Hände geflogen. Der hat richtig Spaß gemacht.<p>Danke und viele Grüße<br>Michael01<br>#1386<br />]]></LOG>
<LOG><![CDATA[<img src='icon_smile.gif'>&nbsp;2009-02-07 by Hoffi1986<br><br />Oh Mann, der ist ja mal fies! <img src='http://img.groundspeak.com/forums/emoticons/signal/big_smile.gif' width=19 height=19 border=0 align=middle> Allemann haben die Aufgaben zusammen erledigt und Hoffi war das Opfer um die Dose zu heben. Die Dose schnell und sicher gefunden und zu den "Zuschauern" geworfen. Nachdem dann alle geloggt hatten flog die Kiste wieder zurück und blieb trocken, zum Glück. <img src='http://www.geocaching.com/images/icons/icon_smile_wink.gif' border=0 align=middle><br>TFTC<br />]]></LOG>
<LOG><![CDATA[<img src='icon_smile.gif'>&nbsp;2008-12-23 by KaputtesLicht<br><br />Schnell gefunden! Durch die Geländewertung ist das Versteck eindeutig zu identifizieren! Vielen Dank <br />]]></LOG>
<LOG><![CDATA[<img src='icon_smile.gif'>&nbsp;2008-12-16 by geofutz<br><br />So gemein empfand ich den garnicht - ein sehr schöner MC mit tollem Finale. Dank GoreTex ist auch nichts passiert.<br><font color="blue"> Danke für <b># 416</b></font> und<br><font color="green"><b><i>BYE Geofutz.</i></b></font><br><br />]]></LOG>
<LOG><![CDATA[<img src='icon_smile.gif'>&nbsp;2008-11-30 by j.kowi<br><br />TFTC sagt j.kowi und die CSG 9 (Cache Such Gruppe 9)<br />]]></LOG>
<LOG><![CDATA[<img src='icon_smile.gif'>&nbsp;2008-11-30 by stevm<br><br />der final war ziemlich schwer...aber er konnte ja nur da sein...<p>TFTC sagt: Stevm und die CSG 9 (cache such gruppe 9)<br />]]></LOG>
<LOG><![CDATA[<img src='icon_smile.gif'>&nbsp;2008-09-02 by Team Kumunst<br><br />Eine sehr interessante Mühlenrunde mit einem fiesen, aber trockenen Versteck.<br>Danke und Gruß<br>Team Kumunst<br><br />]]></LOG>
<LOG><![CDATA[<img src='icon_smile.gif'>&nbsp;2008-09-02 by ifindnix<br><br />Salvete!<br>Wir waren mal wieder gemeinsam mit Team Kumunst auf cache-Tour und konnten dabei auch dieses Döschen schnell und vor allem trockenem Fußes finden! <img src='http://www.geocaching.com/images/icons/icon_smile_big.gif' border=0 align=middle><br>Vobis gratias agimus!<br>ifindnix & crew <br />]]></LOG>
<LOG><![CDATA[<img src='icon_smile.gif'>&nbsp;2008-08-18 by caprikitty<br><br />Dieser Cache stand schon so ewig auf meiner Liste, ich wusste schon vor einem Jahr wo das Final ist, allerdings bin ich 1,65 und meine Schuhe waren mir bei der Runde damals wichtiger, zumal auch noch der Urlaub anstand und ich mir nichts tun wollte.<br>Chris meinte nur ich solle mir doch Gummistiefel besorgen, und heute hab ich es ohne gemacht --> Resultat ein nasser Fuss aber endlich der langersehnte Logeintrag.<br>Beim nächsten Mal lass ich den Owner für mich kletten <img src='http://www.geocaching.com/images/icons/icon_smile_big.gif' border=0 align=middle><br />]]></LOG>
<LOG><![CDATA[<img src='icon_smile.gif'>&nbsp;2008-08-17 by GeoSittiche<br><br />Aufgabe im Frühjahr  als Mitläufer schon erledigt doch jetzt erst getraut.Barfuß im Sommer für Langbeinige kein Problem.Ein geniales Versteck und ein brillianter Cache,da ist der Kick auf jeden Fall dabei.<br>Danke für diesen Cache<br>die GeoSittiche<br>-TB out <br />]]></LOG>
<LOG><![CDATA[<img src='icon_smile.gif'>&nbsp;2008-07-22 by LUPO.79<br><br />Urlaub, Junior im KiGa, endlich mal wieder Zeit ne Cachingrunde allein zu drehen... Diesmal sollte es endlich auch der Fiesling sein, der schon ne Weile auf meiner Liste steht. Gesagt - Getan! TFTC<br>OUT: Coin<br>IN: TB<br />]]></LOG>
<LOG><![CDATA[<img src='icon_note.gif'>&nbsp;2008-07-20 by Chris601<br><br />Cachekontrolle und Cointausch.<p>Mit ein paar Verrenkungen ist es mir wieder geglückt, den Cache trockenen Fußes zu heben <img src='http://www.geocaching.com/images/icons/icon_smile.gif' border=0 align=middle> - er is wirklich fies.<p>Die Bauarbeiten am Final halten sich bisher in grenzen und werden dem Cache so schnell nicht gefährlich.<br />]]></LOG>
<LOG><![CDATA[<img src='icon_smile.gif'>&nbsp;2008-05-25 by dop3<br><br />der cache macht seinem namen alle ehre! mit gummistiefeln klettern kommt immer gut!<br>in:TB<br>out:feuerzeug<p>mfg<br />]]></LOG>
<LOG><![CDATA[<img src='icon_smile.gif'>&nbsp;2008-05-18 by littlesoldier<br><br />Heute gegen 19.55 Uhr gefunden!<br>Echt gut versteckt! Bin froh, dass ich jetzt hier schreiben kann & nicht immer noch Cliffhanger spielen muss ;-) !<br />]]></LOG>
<LOG><![CDATA[<img src='icon_smile.gif'>&nbsp;2008-04-26 by wilmus<br><br />aber seehr gemein… und der Travelbig geht auf Reisen…<br />]]></LOG>
<LOG><![CDATA[<img src='icon_smile.gif'>&nbsp;2008-04-19 by AT-AT<br><br />mit gollumgandalf auf Tour entdeckt<br>TFTC<br />]]></LOG>
<LOG><![CDATA[<img src='icon_smile.gif'>&nbsp;2008-04-19 by Gollum &amp; Galadriel<br><br />Der ist gemeiner als gemein. Er konnte sich zwar nicht lange verstecken, aber bei der Hebung war er etwas zickig.<br>Schöne sportliche Einlage!<br>Danke<br />]]></LOG>
<LOG><![CDATA[<img src='icon_smile.gif'>&nbsp;2008-03-23 by madd.in<br><br />Kleiner Spaziergang mit super Finale<br>in: TB<br>tftc madd.in<br />]]></LOG>
<LOG><![CDATA[<img src='icon_smile.gif'>&nbsp;2008-03-20 by Renault Family<br><br />Hier auf Osterbesuch in Mühlhausen um 15.45 Uhr geloggt. Das Final hat mir schon ein wenig Überwindung gekostet, aber für 1 Punkt macht man ja so einiges.<img src='http://www.geocaching.com/images/icons/icon_smile_big.gif' border=0 align=middle><br>Danke sagen Sandra, Max & Matti<br />]]></LOG>
<LOG><![CDATA[<img src='icon_smile.gif'>&nbsp;2008-02-23 by Krieger_des_Lichtes<br><br />Dank entsprechender Ausrüstung blieben mir nasse Füße erspart. Trotzdem hab ich ca. ne halbe Stunde gebraucht bis ich das Teil der Begierde fand.<br />]]></LOG>
<LOG><![CDATA[<img src='icon_smile.gif'>&nbsp;2007-12-21 by Grottenolm87<br><br />Habe meinen Account von Knutsch&Fleck in Grottenolm87 gewechselt. Sollte jemand damit Probleme haben, kann er diesen Log ohne Kommentar löschen.<br>I´ve changed my account from Knutsch&Fleck to Grottenolm87. The log can discharge momentarily if somebody disagree with this.  <br><br />]]></LOG>
<LOG><![CDATA[<img src='icon_smile.gif'>&nbsp;2007-12-21 by Erithacus Rubecula<br><br />Abgestaubt!<br>Auf einer kleinen Tour schnell gefunden. TFTC<br>#630 11:20 Uhr<p>Knutsch&Fleck<br />]]></LOG>
<LOG><![CDATA[<img src='icon_smile.gif'>&nbsp;2007-11-18 by gloomy<br><br />Das war ja einfacher als befürchtet und wenn man die Augen aufmacht, kann man auch die Jahreszahl erkennen :-) Schönes Ding! Out: TB<br>VG und Danke, gloomy!<br />]]></LOG>
<LOG><![CDATA[<img src='icon_smile.gif'>&nbsp;2007-08-30 by Die Hasenschnitzels<br><br />Die Jahreszahl haben wir leider nicht gefunden, aber es ging auch so <img src='http://www.geocaching.com/images/icons/icon_smile_wink.gif' border=0 align=middle>. An der Location angekommen, waren gleich ein paar Versteckmöglichkeiten erspäht, aber wie kommen wir hin??? 2 Stunden nen Plan ausgearbeitet, die Bergwacht verständigt, falls was schief geht und dann aus 75m abgeseilt. Im Flußdelta angekommen, gleich mal die Schuhe ins Wasser gehängt (das war gewollt, das machen Profis so <img src='http://www.geocaching.com/images/icons/icon_smile_shock.gif' border=0 align=middle> <img src='http://www.geocaching.com/images/icons/icon_smile_angry.gif' border=0 align=middle> <img src='http://www.geocaching.com/images/icons/icon_smile_dead.gif' border=0 align=middle>). Der Cache war schnell gefunden.<br>Danach haben wir uns mit dem Heli ausfliegen lassen.<p>Danke für die geniale Location. Hat riesig Spaß gemacht, auch wenn die Schuhe jetzt in der Sonne trocknen müssen.<p>Die Hasenschnitzels Jenny & Thorsten<br><br />]]></LOG>
<LOG><![CDATA[<img src='icon_smile.gif'>&nbsp;2007-08-07 by JonnyH&#252;tchen<br><br />Ich bin mit schweren GC-Geschützen (Kletterhelm,zwanzig Meter langem Seil,Kletterschuhen und Klettergurt) angereist,<br>aber da sah ich auf einmal ich hätte wohl doch eher GC-Wasserausrüstung mitnehmen sollen. Habe den Cache aber dann doch noch ohne nasse Füsse heben können. Für so einen Kletterfreak wie mich war es keine ernste Herausforderung.<br>Danke Chris601 für diesen wunderbaren Mühlencache.<br>Gruss Jonathan<br />]]></LOG>
<LOG><![CDATA[<img src='icon_smile.gif'>&nbsp;2007-08-07 by Kruemel68<br><br />Naaaaaaaaja, da hatte ich vorletzte Woche beim GR 20 wahrscheinlich eher 10 - 12 Terrainsterne.....<p>Nett gemachter Mühlencache, danke dafür. <p>Gruß Stefan<p>TB in<p>[This entry was edited by Kruemel68 on Friday, August 10, 2007 at 10:22:59 AM.]<br />]]></LOG>
<LOG><![CDATA[<img src='icon_smile.gif'>&nbsp;2007-08-04 by Eichsgenossen<br><br />War zur Vorsorge mit"Schwerer " Cacheausrüstung angetreten-<br>wusste nicht was noch kommt-hatte zugegeben meine Last mit dem Gleichgewicht ohne zu "Wassern"<br>      Bin trocken geblieben...(FIES) - gruß an Chris 601<br />]]></LOG>
<LOG><![CDATA[<img src='icon_greenlight.gif'>&nbsp;2007-07-28 by fortwo<br><br />Published<br />]]></LOG>
<LOG><![CDATA[<img src='icon_note.gif'>&nbsp;2007-07-28 by Chris601<br><br />Für den Erstfinder liegt eine Flasche Sekt beim Cache!<br />]]></LOG>
<LOG><![CDATA[<img src='icon_smile.gif'>&nbsp;2007-07-28 by Traveler77<br><br /><img src='http://www.geocaching.com/images/icons/icon_smile_big.gif' border=0 align=middle><img src='http://www.geocaching.com/images/icons/icon_smile_big.gif' border=0 align=middle><img src='http://www.geocaching.com/images/icons/icon_smile_big.gif' border=0 align=middle> FTF im Team mit Hor_Andy <img src='http://www.geocaching.com/images/icons/icon_smile_big.gif' border=0 align=middle><img src='http://www.geocaching.com/images/icons/icon_smile_big.gif' border=0 align=middle><img src='http://www.geocaching.com/images/icons/icon_smile_big.gif' border=0 align=middle><br>Die Flasche Sekt werden wir uns natürlich schmecken lassen.<br><img src='http://www.geocaching.com/images/icons/icon_smile_wink.gif' border=0 align=middle> TFTC<br />]]></LOG>
<LOG><![CDATA[<img src='icon_smile.gif'>&nbsp;2007-07-28 by Hor_andy<br><br />Auch <img src='http://www.geocaching.com/images/icons/icon_smile_big.gif' border=0 align=middle><img src='http://www.geocaching.com/images/icons/icon_smile_big.gif' border=0 align=middle><img src='http://www.geocaching.com/images/icons/icon_smile_big.gif' border=0 align=middle>ERSTER<img src='http://www.geocaching.com/images/icons/icon_smile_big.gif' border=0 align=middle><img src='http://www.geocaching.com/images/icons/icon_smile_big.gif' border=0 align=middle><img src='http://www.geocaching.com/images/icons/icon_smile_big.gif' border=0 align=middle><br>Zusammen mit Traveler77 gleich nach dem Erscheinen losgerast und die Pulle ergattert. Unterwegs noch den "Mühlhäuser FTF-Jäger #1" gesehen, zum Glück war er in der anderen Richtung unterwegs, so konnten wir das erste Log setzen. TFTC<br> <br />]]></LOG>
<LOG><![CDATA[<img src='icon_smile.gif'>&nbsp;2007-07-28 by Mueckenfett<br><br />Wollte euch mal etwas Vorsprung gönnen <img src='http://www.geocaching.com/images/icons/icon_smile_wink.gif' border=0 align=middle><br>Zusammen mit dem Owner vor Ort und sehr sportlich den Final angegangen,aber doch nasse Füße bekommen <img src='http://www.geocaching.com/images/icons/icon_smile_shock.gif' border=0 align=middle><br>Sehr schönes Versteck.<br>Tom<br />]]></LOG>
<LOG><![CDATA[<img src='icon_note.gif'>&nbsp;2007-07-28 by Hor_andy<br><br /><br>Ach ja, noch nen TB reingelegt.<br><br />]]></LOG>
</LOGS>
<NOTES><![CDATA[]]></NOTES>
<IMAGES>
</IMAGES>
<TRAVELBUGS>
</TRAVELBUGS>
<URL><![CDATA[]]></URL>
<SOLVER><![CDATA[]]></SOLVER>
    <CACHE  name = "Gemeiner M&#252;hlenfiesling" owner = "Chris601" lat = "51,202366666667" lon = "10,442666666667" hidden = "2007-07-28" wayp = "GC14PCG" status = "" ocCacheID = "" lastSyncOC = "20100419230402" num_recommended = "0" num_found = "-1" attributesYes = "4398052804738" attributesNo = "0" boolFields="1922" byteFields="67314452" attributesYes1 = "0" attributesNo1 = "0" />
</CACHEDETAILS>
