<?xml version="1.0" encoding="ISO-8859-1"?>
<CACHEDETAILS>
<VERSION value = "3"/>
<DETAILS><![CDATA[<br>leider erstmal nur die Besiedlung von 970-1340 bekannt]]></DETAILS>
<COUNTRY><![CDATA[Germany]]></COUNTRY>
<STATE><![CDATA[Thüringen]]></STATE>
<ATTRIBUTES>
   <ATT>wheelchair-no.gif</ATT>
   <ATT>bicycles-yes.gif</ATT>
</ATTRIBUTES>
<HINTS><![CDATA[]]></HINTS>
<LOGS>
<OWNLOGID></OWNLOGID>
<OWNLOG><![CDATA[]]></OWNLOG>
<LOG><![CDATA[<img src='icon_smile.gif'>&nbsp;2010-04-06 by rageracer<br><br />Heute ohne suchen sofort gefunden.<br>Danke an Fhuti83, Saheimast und satchmo77 fürs freibuddeln.  	<img src='http://www.geocaching.com/images/icons/icon_smile_big.gif' border=0 align=middle><p>#121 --- 8.15 Uhr<br><br />]]></LOG>
<LOG><![CDATA[<img src='icon_smile.gif'>&nbsp;2010-03-28 by saheimast<br><br />Als landwirtschaftlicher Anlieger getarnt nach Buddelei gefunden und gelogt. TFTC<br />]]></LOG>
<LOG><![CDATA[<img src='icon_smile.gif'>&nbsp;2010-03-28 by Satchmo77<br><br />Auf einer ausgedehnten Tour durch das Mühlhausener Umland mit Fhuti83 und Saheimast auch diesen geloggt. TFTC<br />]]></LOG>
<LOG><![CDATA[<img src='icon_smile.gif'>&nbsp;2010-03-28 by Fhuti83<br><br />Der Cache ist wieder frei. Nach etwas suchen ung graben, schnell gefunden und gelogt. Unterwegs mit satchmo77 und saheimast. TFTC<br />]]></LOG>
<LOG><![CDATA[<img src='icon_sad.gif'>&nbsp;2010-03-17 by rageracer<br><br />Heute Abend, im Halbdunkel 10 Minuten gesucht. Leider ohne Erfolg.<br>Viele Möglichkeiten gibts da ja eigentlich nicht, oder???  	<img src='http://www.geocaching.com/images/icons/icon_smile_question.gif' border=0 align=middle>   	<img src='http://www.geocaching.com/images/icons/icon_smile_sad.gif' border=0 align=middle>	<img src='http://www.geocaching.com/images/icons/icon_smile_question.gif' border=0 align=middle> 	<p>Grüße rageracer<br />]]></LOG>
<LOG><![CDATA[<img src='icon_smile.gif'>&nbsp;2009-10-11 by KaputtesLicht<br><br />Meinem kleinen Großcousin gezeigt, was geocachen ist! Hat Spaß gemacht! Vielen Dank<br />]]></LOG>
<LOG><![CDATA[<img src='icon_smile.gif'>&nbsp;2009-09-27 by GeoXpedition<br><br />Drive In und gratis Mais.<p>TFTC<br />]]></LOG>
<LOG><![CDATA[<img src='icon_smile.gif'>&nbsp;2009-09-20 by Hardcore-UH<br><br />sehr schön gemacht<br />]]></LOG>
<LOG><![CDATA[<img src='icon_smile.gif'>&nbsp;2009-08-29 by David+Chrissi<br><br />Heute die ganzen "Dorfstellen-Caches" in Angriff genommen.<br>####Schnell Gefunden####<br>TFTC<br>David+Chrissi<br />]]></LOG>
<LOG><![CDATA[<img src='icon_smile.gif'>&nbsp;2009-07-09 by Team Kumunst<br><br />Hier lockten mal wieder Kirschen, ein wenig Geschichte und eine Dose.<br>Danke und Gruß<br>Team Kumunst<br />]]></LOG>
<LOG><![CDATA[<img src='icon_smile.gif'>&nbsp;2009-05-09 by biba1981<br><br />ging auch schnell ja das stimmt wird echt gut bewacht<br />]]></LOG>
<LOG><![CDATA[<img src='icon_smile.gif'>&nbsp;2009-05-09 by FTT<br><br />Heute mal wieder mit biba1981 auf Radtour gewesen und mal eben mitgenommen.<br>TFTC<br />]]></LOG>
<LOG><![CDATA[<img src='icon_smile.gif'>&nbsp;2009-05-07 by uhri<br><br />Nach einen kleinen Spaziergang bis zur Dorfstelle war auch die Dose schnell gefunden.<br>TFTC Uhri+Braut<p><br />]]></LOG>
<LOG><![CDATA[<img src='icon_smile.gif'>&nbsp;2009-04-15 by agp<br><br />Auch diese Dorfstelle haben wir besucht. Eine schöne ruhige Gegend ist das hier.<br>Der Cache wird übrigens von vielen, vielen Kleinlebewesen streng bewacht - und verteidigt!<p>Vielen Dank für's Herführen<br>agp<br />]]></LOG>
<LOG><![CDATA[<img src='icon_smile.gif'>&nbsp;2009-04-02 by geofutz<br><br />Auf der Durchfahrt war dieser Stein und der Cache schnell gefunden.<br><i>Kurzbesuch: Geofutz Counter</i><br><font color="blue"> Danke für <b># 739</b> und</font><br><font color="green"><b><i>BYE Geofutz.</i></b></font><br><br />]]></LOG>
<LOG><![CDATA[<img src='icon_smile.gif'>&nbsp;2009-02-06 by Kloeschen<br><br />Mit Nudenn auf Döschenjagd im Mühlhäuser Umland <img src='http://www.geocaching.com/images/icons/icon_smile_cool.gif' border=0 align=middle><br>War ja lange keiner hier!? Uns hat`s gefallen. TFTC<br />]]></LOG>
<LOG><![CDATA[<img src='icon_smile.gif'>&nbsp;2009-02-06 by nudenn<br><br />Auf Tour mit Kloeschen in Mühlhausen und Umgebung viele interssante Plätze besucht und schöne Caches gefunden.<br>Dank den fleißigen Schatzmeistern - wir kommen gern wieder.<br><img src='http://www.geocaching.com/images/icons/icon_smile.gif' border=0 align=middle>nudenn<img src='http://www.geocaching.com/images/icons/icon_smile.gif' border=0 align=middle><br />]]></LOG>
<LOG><![CDATA[<img src='icon_smile.gif'>&nbsp;2008-10-11 by Hoffi1986<br><br />Sehr schönes Versteck und die Äpfel waren rot und saftig!<br>TFTC<br />]]></LOG>
<LOG><![CDATA[<img src='icon_smile.gif'>&nbsp;2008-09-20 by bgchristian<br><br />schönes versteck<br />]]></LOG>
<LOG><![CDATA[<img src='icon_smile.gif'>&nbsp;2008-09-02 by Renault Family<br><br />Nach einem Peterhof Besuch noch hier vorbeigekommen.<p>Danke sagen Sandra & Matti<p><br />]]></LOG>
<LOG><![CDATA[<img src='icon_smile.gif'>&nbsp;2008-08-17 by GeoSittiche<br><br />Cache schnell gefunden.Da er allzu offensichtlich war,haben wir ihn etwas getarnt.Die Birnen lings daneben sind schon genießbar.<br>Danke<br>die GeoSittiche<br />]]></LOG>
<LOG><![CDATA[<img src='icon_maint.gif'>&nbsp;2008-08-13 by Mueckenfett<br><br />Auf großer Abendjoggingrunde Versteck besucht und leider festellen müssen, das hier zwei Döschen zum finden lagen.<br>Filmdose mitgenommen.<br>Tom<br />]]></LOG>
<LOG><![CDATA[<img src='icon_smile.gif'>&nbsp;2008-08-13 by dop3<br><br />Gefunden! auf dem Rückweg noch ein paar Äpfel gegessen.(aber vorsicht sehr sauer :P)<br />]]></LOG>
<LOG><![CDATA[<img src='icon_smile.gif'>&nbsp;2008-08-12 by kleinerMuck77<br><br />Nach einer schönen Wanderung durch den Stadtwald gut gefunden - vielen Dank.<p>#430<br />]]></LOG>
<LOG><![CDATA[<img src='icon_smile.gif'>&nbsp;2008-08-11 by coolbahia<br><br />Am 11.08.08 gefunden.<br>Der war nach nem kurzem Spaziergang<br>flott entdeckt.<br>TFTC coolbahia<br />]]></LOG>
<LOG><![CDATA[<img src='icon_smile.gif'>&nbsp;2008-08-06 by BastiVW<br><br />vom bauernmuggel kurz gestöhrt aber dann schnell gefunden <br />]]></LOG>
<LOG><![CDATA[<img src='icon_smile.gif'>&nbsp;2008-08-06 by DerAlte<br><br />Auf unserer heutigen kleinen Cachetour auch diesen Cache gut gefunden. Danke!<br>DerAlte & Frau<br><br />]]></LOG>
<LOG><![CDATA[<img src='icon_smile.gif'>&nbsp;2008-08-02 by Team Zelluloid<br><br />Unser zweiter<br />]]></LOG>
<LOG><![CDATA[<img src='icon_smile.gif'>&nbsp;2008-08-02 by Cordula13<br><br />Fast zu einfach.<br />]]></LOG>
<LOG><![CDATA[<img src='icon_smile.gif'>&nbsp;2008-08-02 by skandal07<br><br />War sehr gut zu finden<br />]]></LOG>
<LOG><![CDATA[<img src='icon_smile.gif'>&nbsp;2008-07-02 by Moor2007<br><br />Heute morgen gelogt.<p>TFTC sagt moor2007<br />]]></LOG>
<LOG><![CDATA[<img src='icon_smile.gif'>&nbsp;2008-05-24 by maceif<br><br />Für einen ehemaligen Vogteier fast ein Heimspiel.<p>TFTC  maceif & Benni<br />]]></LOG>
<LOG><![CDATA[<img src='icon_smile.gif'>&nbsp;2008-05-18 by littlesoldier<br><br />Vorm Rehgehege geparkt,1km hin gelaufen & gleich gefunden!Aber nur 1 Dose... <img src='http://www.geocaching.com/images/icons/icon_smile_question.gif' border=0 align=middle><br />]]></LOG>
<LOG><![CDATA[<img src='icon_smile.gif'>&nbsp;2008-03-16 by LUPO.79<br><br />Trotz Regenphasen mit Junior ne kleine Nachmittagstour gemacht und dabei auch diesen gehoben...<br>TFTC<br />]]></LOG>
<LOG><![CDATA[<img src='icon_smile.gif'>&nbsp;2008-03-08 by Brausi<br><br />Schöner Ort für ein Dorf. Wie wärs mit dem Wiederaufbau?<br>Axel<br />]]></LOG>
<LOG><![CDATA[<img src='icon_smile.gif'>&nbsp;2008-03-02 by AT-AT<br><br />zusammen mit gollumgandalf gefunden, ab jetzt allein auf Tour<br>TFTC<br />]]></LOG>
<LOG><![CDATA[<img src='icon_smile.gif'>&nbsp;2008-03-02 by Gollum &amp; Galadriel<br><br />Die Wiese war gut geflutet...mit nassen Füßen aber dann schnell gefunden.<br>Warum gibts hier eigentlich gleich 2 Döschen?<br />]]></LOG>
<LOG><![CDATA[<img src='icon_smile.gif'>&nbsp;2007-12-09 by Team Fire &amp; Ice<br><br />Schade, ein schönes GC-Wochenende ist vorbei und wir sind wieder auf dem Rückweg nach Hause. Doch diesen Cache konnten wir nicht unbemerkt liegen lassen.<p>Vielen Dank sagt das<p>Team Fire & Ice<br>Steffi und Heiko aus Erfurt<br />]]></LOG>
<LOG><![CDATA[<img src='icon_smile.gif'>&nbsp;2007-11-17 by gloomy<br><br />Gefunden. VG und Danke, gloomy!<br />]]></LOG>
<LOG><![CDATA[<img src='icon_smile.gif'>&nbsp;2007-10-29 by Gate to Black the Forest<br><br />Erst eine Dorfrunde und dann ein fast Drive Inn!<br>Der Cache war sehr offensichtlich!<p> Danke für den Cache! <img src='http://www.geocaching.com/images/icons/icon_smile_big.gif' border=0 align=middle><br />]]></LOG>
<LOG><![CDATA[<img src='icon_smile.gif'>&nbsp;2007-10-20 by mottobug<br><br />Gefunden!<p>tftc :-)<br />]]></LOG>
<LOG><![CDATA[<img src='icon_smile.gif'>&nbsp;2007-10-20 by SAM-Hessen<br><br />Heute zusammen mit Mottobug auf Cachetour gut gefunden, bzw Mottobug hat ihn gut gefunden. Ich hatte meine Finger nur in den Mauselöchern stecken. TFTC<br />]]></LOG>
<LOG><![CDATA[<img src='icon_smile.gif'>&nbsp;2007-07-28 by Bara68<br><br />Ich habe heute zusammen mit meinen Kindern den Ort besucht. Unterwegs ließen wir uns die fast reifen Birnen und Äpfel schmecken. Team Bara68<br />]]></LOG>
<LOG><![CDATA[<img src='icon_smile.gif'>&nbsp;2007-07-21 by Grottenolm87<br><br />Habe meinen Account von Knutsch&Fleck in Grottenolm87 gewechselt. Sollte jemand damit Probleme haben, kann er diesen Log ohne Kommentar löschen.<br>I´ve changed my account from Knutsch&Fleck to Grottenolm87. The log can discharge momentarily if somebody disagree with this.  <br><br />]]></LOG>
<LOG><![CDATA[<img src='icon_smile.gif'>&nbsp;2007-07-21 by Erithacus Rubecula<br><br />Abgestaubt!<br>Nach einem kleinen unnötigem Umweg gut gefunden.<br>TFTC<br />]]></LOG>
<LOG><![CDATA[<img src='icon_smile.gif'>&nbsp;2007-07-16 by Traveler77<br><br />Bei schönem Wetter und kleinem Spaziergang schnell gefunden. <img src='http://www.geocaching.com/images/icons/icon_smile_wink.gif' border=0 align=middle> TFTC<br />]]></LOG>
<LOG><![CDATA[<img src='icon_smile.gif'>&nbsp;2007-07-15 by JonnyH&#252;tchen<br><br />Mit Papa Krümel kurz vor Chris dort gewesen. Danke fürs Verstecken, ich mag micros <img src='http://www.geocaching.com/images/icons/icon_smile_big.gif' border=0 align=middle>.<br />]]></LOG>
<LOG><![CDATA[<img src='icon_smile.gif'>&nbsp;2007-07-15 by Kruemel68<br><br />Kurzer drive in am frühen Sonntagabend. Danke für zweite Dorfstelle.<p>Krümel<br />]]></LOG>
<LOG><![CDATA[<img src='icon_smile.gif'>&nbsp;2007-07-15 by Chris601<br><br />Kurz nach Krümel und Jonny geloggt. Schade, haben uns knapp verpasst.<p>Interessanter Ort, den ich noch nicht kannte! Schade, dass es hier nur ne Filmdose ist.<br />]]></LOG>
<LOG><![CDATA[<img src='icon_smile.gif'>&nbsp;2007-07-13 by Die Hasenschnitzels<br><br />Ein kleiner Fast Drive-In am Vormittag. Daran kann man sich gewöhnen. Schade nur, dass wir rund um MHL jetzt alles abgecacht haben (soll heißen, ihr müsst mal wieder was legen <img src='http://www.geocaching.com/images/icons/icon_smile_big.gif' border=0 align=middle><img src='http://www.geocaching.com/images/icons/icon_smile_big.gif' border=0 align=middle>).<br>Danke für den Cache<p>Die Hasenschnitzels Jenny & Thorsten<br><br />]]></LOG>
<LOG><![CDATA[<img src='icon_smile.gif'>&nbsp;2007-07-11 by Eichsgenossen<br><br />"Go Trabbi Go !"<br />]]></LOG>
<LOG><![CDATA[<img src='icon_smile.gif'>&nbsp;2007-07-10 by Hor_andy<br><br /><br>Nachdem ich auch schon bei der Dorfstelle nebenan der Erste war, hat es heute auch hier geklappt, ich glaube der beste Weg dorthin ist der zu Fuß. TFTC<br><br />]]></LOG>
<LOG><![CDATA[<img src='icon_greenlight.gif'>&nbsp;2007-07-08 by GeoPolizei<br><br />Published<br />]]></LOG>
</LOGS>
<NOTES><![CDATA[]]></NOTES>
<IMAGES>
</IMAGES>
<TRAVELBUGS>
</TRAVELBUGS>
<URL><![CDATA[]]></URL>
<SOLVER><![CDATA[]]></SOLVER>
    <CACHE  name = "Dorfstelle Husserode" owner = "Mueckenfett" lat = "51,173016666667" lon = "10,413783333333" hidden = "2007-07-08" wayp = "GC147B5" status = "" ocCacheID = "" lastSyncOC = "20100419225237" num_recommended = "0" num_found = "-1" attributesYes = "2" attributesNo = "2199023255552" boolFields="1922" byteFields="33689359" attributesYes1 = "0" attributesNo1 = "0" />
</CACHEDETAILS>
