<?xml version="1.0" encoding="ISO-8859-1"?>
<CACHEDETAILS>
<VERSION value = "3"/>
<DETAILS><![CDATA[<br>Begebt Euch an die angegebenen Koordinaten.<br />
Wenn ihr an der rechten Infotafel steht,<br />
seht euch um: in ein paar Metern Entfernung findet ihr die
Nachkommastellen der Zielkoordinaten.<br />
Der Hinweis ist ziemlich groß, eindeutig und eigentlich nicht zu
übersehen.<br />
Wenn ihr nicht sicher seid, liegt ihr falsch <img src=
'http://www.geocaching.com/images/icons/icon_smile_big.gif' border=
"0" align="middle" />
<p>Nicht graben oder wühlen - gucken reicht !!!</p>]]></DETAILS>
<COUNTRY><![CDATA[Germany]]></COUNTRY>
<STATE><![CDATA[Thüringen]]></STATE>
<ATTRIBUTES>
   <ATT>wheelchair-no.gif</ATT>
   <ATT>bicycles-yes.gif</ATT>
   <ATT>stroller-yes.gif</ATT>
   <ATT>available-yes.gif</ATT>
</ATTRIBUTES>
<HINTS><![CDATA[va Anpuonef Tnegra]]></HINTS>
<LOGS>
<OWNLOGID></OWNLOGID>
<OWNLOG><![CDATA[]]></OWNLOG>
<LOG><![CDATA[<img src='icon_smile.gif'>&nbsp;2010-03-27 by saheimast<br><br />Einen erfolgreichen Caching-Tag mit Satchmo77 und Fhuti83 in Mühlhausen erlebt. TFTC<br />]]></LOG>
<LOG><![CDATA[<img src='icon_smile.gif'>&nbsp;2010-03-27 by Fhuti83<br><br />Super Cacheund tolle Idee! Klasse Hinweis, wir waren schon auf der falschen Fährte, doch dann kam der rettende Blick in die Ferne. Unterwegs mit saheimast und satchmo77. TFTC<br />]]></LOG>
<LOG><![CDATA[<img src='icon_smile.gif'>&nbsp;2010-03-27 by Satchmo77<br><br />Auf Cachingtour mit Saheimast und Fhuti83 auch diesen gut gefunden! TFTC<br />]]></LOG>
<LOG><![CDATA[<img src='icon_smile.gif'>&nbsp;2010-02-28 by heilaender123<br><br />Nach mehreren anläufen Heute mal diesen schönen Cache gehoben.<br>Danke für den Cache sagt der <br>  Heilaender123  <img src='http://www.geocaching.com/images/icons/icon_smile.gif' border=0 align=middle><br />]]></LOG>
<LOG><![CDATA[<img src='icon_smile.gif'>&nbsp;2010-01-21 by rageracer<br><br />Der Hinweis war schnell gefunden und der Cache dann auch.<br>Super Idee!<p>TFTC<p>rageracer --- 21.01.10 --- 19.00 Uhr<br><br />]]></LOG>
<LOG><![CDATA[<img src='icon_smile.gif'>&nbsp;2010-01-19 by beagle67<br><br />Heute endlich im 3. Anlauf gefunden. Nachdem ich gestern nochmal nach den Koordinaten gesucht habe, kam mir am Abend die Erleuchtung und ich fuhr heute gezielt zum Hinweis. Das Einloggen ging dann sehr schnell.<br>Super gemachter Cach.<p>---8.30Uhr--20.01.2010<br>TFTC<br>beagle 67<br>in---Glückscent<br>out--- nix<br />]]></LOG>
<LOG><![CDATA[<img src='icon_smile.gif'>&nbsp;2009-12-12 by DasKnie<br><br />Heute im zweiten Anlauf gut gefunden. Beim ersten Versuch habe ich auf zu kleine und abstrakte Dinge geachtet, für den 2. Schritt braucht man ja wirklich keine hellseherischen Fähigkeiten. Super Cache! <br />]]></LOG>
<LOG><![CDATA[<img src='icon_smile.gif'>&nbsp;2009-12-03 by Karolli<br><br />Während Olli noch auf der Suche nach einem Parkplatz war, stand ich am Schild und schaute mich um. Erster Blick???!!! Nein, das kann doch nicht sein! Oder doch? Zweiter Blick? Ja, ich hab recht<img src='http://www.geocaching.com/images/icons/icon_smile_big.gif' border=0 align=middle>! Noch bevor Olli da war, war das Rätsel gelöst und es ging zum Final!<br>Typisch Tom!<br>TFTC  <br />]]></LOG>
<LOG><![CDATA[<img src='icon_smile.gif'>&nbsp;2009-11-30 by mediamarkt1990<br><br />hab ihn ^^<br />]]></LOG>
<LOG><![CDATA[<img src='icon_smile.gif'>&nbsp;2009-11-29 by Prinzessin_Mimi<br><br />Nach dem 2ten Anlauf (dank Tipp) gefunden :D<br />]]></LOG>
<LOG><![CDATA[<img src='icon_smile.gif'>&nbsp;2009-11-29 by Darmsaft<br><br />Nachdem wir vor einigen Wochen das falsche Schild gewählt hatten, und dann voll Verwirrung abziehen mussten, haben wir gestern das richtige gefunden :D<br>Dann noch mit dem Cachemobil hingefahren(nicht so kalt *brr*) und nach 2 Minuten gefunden :) TFTC.<br />]]></LOG>
<LOG><![CDATA[<img src='icon_smile.gif'>&nbsp;2009-11-22 by fox-hunter_I<br><br />Heute noch einmal aufgesucht um dem TB "blue kyrii" ein neues Zuhaus zu geben.<br>Out: TB<br>In: TB<br />]]></LOG>
<LOG><![CDATA[<img src='icon_smile.gif'>&nbsp;2009-11-20 by Die Doose<br><br />IM team gesucht und nach etwas umschauen auch gefunden!   Bei tag wäre es sicher etwas einfacher gewesen! <p>Toll idee!  und schöner cache ! <br><br />]]></LOG>
<LOG><![CDATA[<img src='icon_smile.gif'>&nbsp;2009-11-20 by Ronja♥R&#228;ubertochter<br><br />Im Team den Hinweis gesucht und entdeckt, klasse Idee & Umsetzung, tatsächlich eindeutig <img src='http://www.geocaching.com/images/icons/icon_smile_big.gif' border=0 align=middle> . Final war dann schnell gefunden. TFTC<br />]]></LOG>
<LOG><![CDATA[<img src='icon_smile.gif'>&nbsp;2009-11-20 by Schneekanone<br><br />Im Team gemacht und die Idee ist mal richtig geil ;)<br>Weiter so!<p>Lg<br>Schneekanone<br />]]></LOG>
<LOG><![CDATA[<img src='icon_smile.gif'>&nbsp;2009-11-20 by Steppenwolf6666<br><br />Heute im Team diesen Cache erfolgreich geloggt! Nach ein wenig schauen, weil anscheinend keiner von uns in der Dunkelheit gute Augen hatte, dann mal ein wenig gesucht und dann waren wir uns alle ziemlich sicher, dass dies der richtige Hinweis ist :) <br>Sehr gut gemachter Cache - super Idee!<br />]]></LOG>
<LOG><![CDATA[<img src='icon_smile.gif'>&nbsp;2009-11-10 by malipa<br><br />Nachdem wir diesen Cache schon einmal mit Rumpel&Schwärzchen an einem Sonntagabend bei hereinbrechender Dunkelheit versucht und abgebrochen haben, musste ich mich heute einfach nochmal dort umsehen. Und man glaubt es kaum, die gesuchten Zahlen fielen mir in nicht mal einer Minute direkt in die Augen und mir war klar, warum wir beim letzten Mal zu viert keinen Erfolgt haben konnten... Das Final zu finden war dann wirklich ganz leicht.<br>Danke für die immer wieder verrückten Cacheideen.<p>in: nichts<br>out: TB<p>TFTC<p>Li vom Team Malipa<br />]]></LOG>
<LOG><![CDATA[<img src='icon_smile.gif'>&nbsp;2009-10-10 by Rurpot<br><br />Mit Tini1985 zusammen geloggt. Gute Idee =)<br>TFTC<br />]]></LOG>
<LOG><![CDATA[<img src='icon_smile.gif'>&nbsp;2009-10-10 by Tini1985<br><br />Wow! Wirklich suuuuuuper gemachter Cache! Hat man gut geguckt und das Richtige entdeckt, ist man sich garantiert sicher!!!<br>Einfach oder nicht? ...kommt auf den Blick an. Wir zogen auch vor einem Monat nach vergeblichen Versuchen, bei denen wir uns nie wirklich sicher waren, und mit schlammigen Schuhen frustriert wieder ab... Tja, dieses Mal hatten wir auf dem Weg zum Event jemanden mit Adleraugen dabei und haben dank Rurpots Hilfe (und trotz seiner stigmatisierten Hände :-P) den Cache unproblematisch im Regen geloggt.<br>In: TB Rusty<br>Out: Geokrety Troll auf Wanderschaft<p>TFTC<br>Tini1985<br />]]></LOG>
<LOG><![CDATA[<img src='icon_smile.gif'>&nbsp;2009-10-07 by Rumpel&amp;Schw&#228;rzchen<br><br />Vor einem 3/4 Jahr mussten Rumpel&Schwärzchen wieder erfolglos abziehen. Wir hatten keinen Schimmer und suchten noch (zum Spaß) in Nachbars Garten...<p>Heute mit Owner vor Ort gewesen und er gab mir einen klitzekleinen Tipp. Ich sagte: "Nee, oder? Das ist nicht Dein Ernst?" Ich staunte nicht schlecht, die Idee ist wirklich der Oberhammer. Da muss man erstmal drauf kommen. Respekt. In der Difficulty-Wertung sollte der Cache aber mit 3 Sternen eingestuft werden.<p>Anschließend den Final besucht, geloggt. Der Owner stellte fest, dass mit dem Cache alles in Ordnung ist!<p>-no trade-<p>TFTC und viele Grüße nach MHL vom Rumpel.<p># 711 / 07.10.2009 16:20<br />]]></LOG>
<LOG><![CDATA[<img src='icon_smile.gif'>&nbsp;2009-10-04 by Geo-Zwerge<br><br />so nun nach dem 3. oder 4. mal durch einen kleinen tip gut finden können coole idee <img src='http://www.geocaching.com/images/icons/icon_smile_cool.gif' border=0 align=middle><br>TFTC<br />]]></LOG>
<LOG><![CDATA[<img src='icon_smile.gif'>&nbsp;2009-09-30 by David+Chrissi<br><br />Dank eines kleinen Tipps dann scnell gefunden.<br>Danke fürs zeigen.<br>TFTC<br>David+Chrissi<br />]]></LOG>
<LOG><![CDATA[<img src='icon_smile.gif'>&nbsp;2009-09-26 by stechi-lsz<br><br />1. Anlauf - Fehlschlag<br>Zuhause: Grübelgrübel und-> haben wir uns etwa blöd angestellt?<br>2. Anlauf - Treffer<br>Tolle Aufgabe, einfache Lösung, sehr schönes Versteck! TFTC<p>In: GC+OC Button, Mini-Logbuch  Out: 2xTB<br />]]></LOG>
<LOG><![CDATA[<img src='icon_maint.gif'>&nbsp;2009-09-22 by Mueckenfett<br><br />alles bestens, TB/Coin Tausch<br />]]></LOG>
<LOG><![CDATA[<img src='icon_smile.gif'>&nbsp;2009-09-12 by monalisa812<br><br />schöner cach, aber der final ist nicht so dolle, irgendwie braucht man reissfeste sachen!<br>TFTC<br />]]></LOG>
<LOG><![CDATA[<img src='icon_smile.gif'>&nbsp;2009-09-12 by R&#252;ben<br><br />hey das ist mal nen cach...........eine schöne idee, aber der final naja!<br>mit kurzer hose auf keinen fall zum entfehlen<br>TFTC<br />]]></LOG>
<LOG><![CDATA[<img src='icon_smile.gif'>&nbsp;2009-09-12 by Hardcore-UH<br><br />gut gemacht, ech super<br />]]></LOG>
<LOG><![CDATA[<img src='icon_note.gif'>&nbsp;2009-08-23 by compiprofi<br><br />Den Coin haben wir hier gelassen, weil uns der Cache sehr gut gefallen hat.<br />]]></LOG>
<LOG><![CDATA[<img src='icon_smile.gif'>&nbsp;2009-08-23 by compiprofi<br><br />Frech, unglaublich frech, aber wahnsinnig toll. Nachdem wir aus Entfernung 5 Minuten draufgestiert haben - kam der AHA-Effekt. Oder man braucht doch langsam ne stärkere Brille. <img src='http://www.geocaching.com/images/icons/icon_smile_big.gif' border=0 align=middle> Ganz toll gemacht und weil die Multis in Mühli so einfach sind, gabs dann dafür am Ende nen Coin rein. In: TB, Coin, Out: nix<br />]]></LOG>
<LOG><![CDATA[<img src='icon_smile.gif'>&nbsp;2009-08-14 by coolbahia<br><br />Die Sache kam mir irgendwie<br>bekannt vor....!<br>War flott gefunden der Cache.<br>no trade.<br>TFTC coolbahia<br />]]></LOG>
<LOG><![CDATA[<img src='icon_smile.gif'>&nbsp;2009-08-10 by leoni_1984<br><br />Gefunden mit Schatzi Christian, Kathy und Cachedogs Benni, Jacky! Wenn ich mei Kathy das Adlerauge nicht dabei gehabt hätte wär ich wieder heim! Supi Idee! <img src='http://www.geocaching.com/images/icons/icon_smile_big.gif' border=0 align=middle> <img src='http://www.geocaching.com/images/icons/icon_smile_shock.gif' border=0 align=middle><br />]]></LOG>
<LOG><![CDATA[<img src='icon_smile.gif'>&nbsp;2009-07-19 by quequec<br><br />schööööne sache, so was von offensichtlich gemein ;-). das musste dann natürlich honoriert werden - in TB "freddy der froschkönig"<br>ganz herzlichen tftc und die idee!<br />]]></LOG>
<LOG><![CDATA[<img src='icon_smile.gif'>&nbsp;2009-07-19 by keythie1<br><br />Suuupppeerrr IDEE!<br>man, was haben wir abgesucht....<br>doch dank quequec's adleraugen konnten wir den Hinweis finden....und uns richtig freuen über diese geniale Idee.<p>out: TB <br>in: TB "Freddy" (den plaziert und loggt quequec)<p>"Freddy" sollte dieses Wochenende in meiner alten Heimat(-stadt) MHL ausgesetzt werden. dank der genialen idee des owners, darf er hier bleiben und in MHL rumreisen.<p>TFTC<br />]]></LOG>
<LOG><![CDATA[<img src='icon_smile.gif'>&nbsp;2009-07-07 by nudenn<br><br />Auch mit dem Fahrrad gut gefunden - toll gemacht - Hut ab !<br><img src='http://www.geocaching.com/images/icons/icon_smile.gif' border=0 align=middle>nudenn<img src='http://www.geocaching.com/images/icons/icon_smile.gif' border=0 align=middle><p>in: TB<br />]]></LOG>
<LOG><![CDATA[<img src='icon_smile.gif'>&nbsp;2009-07-06 by uniqueray<br><br /># 142<br><br />]]></LOG>
<LOG><![CDATA[<img src='icon_smile.gif'>&nbsp;2009-06-25 by fox-hunter_I<br><br />Ich geb echt zu, auf solch eine Idee muß man erst mal kommen, Respekt! Ich hatte erst nur eine Vermutung das das ein guter Platz für einen versteckten Hinweis sein könnte, und dann bei jedem Schritt näher leuchteten meine Augen mehr auf und der Mundwinkel formte sich zu einem Grinsen, jawohl, da isser!!...gefunden...nach dem zweiten Anlauf endlich das Rätsel gelöst. Juchhhu! <br>Ich habe im Logbuch mal hinterlassen was ich damit am liebsten machen würde <img src='http://www.geocaching.com/images/icons/icon_smile.gif' border=0 align=middle>....sehr schöne Idee und Danke für den schönen Tagesabschluß,<br>Gruß<br>Fox-hunter_I<br />]]></LOG>
<LOG><![CDATA[<img src='icon_smile.gif'>&nbsp;2009-06-01 by biba1981<br><br />heute endlich gefunden mit FTT<img src='http://www.geocaching.com/images/icons/icon_smile_wink.gif' border=0 align=middle><br />]]></LOG>
<LOG><![CDATA[<img src='icon_smile.gif'>&nbsp;2009-06-01 by FTT<br><br />Heute im 3. Anlauf mit biba1981 wurden uns endlich die Augen geöffnet.Sehr geile Idee.Hat mir ausgesprochen gut gefallen.<br>TFTC<br />]]></LOG>
<LOG><![CDATA[<img src='icon_smile.gif'>&nbsp;2009-05-31 by Horse-Team<br><br />Auf Tour durch Mühlhausen auch diesen Cache gut mit variblue und kpit51 bei schönem Wetter gefunden. <br>TFTC<br>Horse-Team<br />]]></LOG>
<LOG><![CDATA[<img src='icon_smile.gif'>&nbsp;2009-05-31 by variblue<br><br />Auf einer landschaftlich sehr schönen Tour nach Mühlhausen zusammen mit dem<br>Horse-Team und kpit51 haben wir auch diesen Cache gut und schnell gefunden.<br>Tolle Idee!<p>No Trade<p>Danke für den Cache.<p>Gruß<br><b><font color="blue">variblue</b></font><br><br />]]></LOG>
<LOG><![CDATA[<img src='icon_smile.gif'>&nbsp;2009-05-31 by Bara68<br><br />Nachdem ich beim CTO den Owner belauschte, wie man zu diesem Cache die Lösung findet - ENDLICH - nach zahllosen Versuchen, habe ich heute den richtigen Blickwinkel gefunden. Das schöne Cacheversteck konnte ich danach im besten Zustand schnell finden. Schöner aber verzwickter Cache! Bara68<br />]]></LOG>
<LOG><![CDATA[<img src='icon_smile.gif'>&nbsp;2009-05-31 by kpit51<br><br />Heute mal mit dem Horse-Team und variblue eine Runde in und um Mühlhausen gedreht und den einen und anderen Cache besucht. <br>Ich danke allen Ownern für ihre Mühe mal schöne und mal schnelle Caches zu legen.<p>Vielen Dank<br>Peter<br />]]></LOG>
<LOG><![CDATA[<img src='icon_smile.gif'>&nbsp;2009-05-02 by Gapsappa<br><br />Sehr beeindruckend! <br>Toll, dass Mückenfett solche Rückendeckung hat. Vielleicht findet unser Hobby so auch neue Anhänger...<p>Danke, Gapsappa<br />]]></LOG>
<LOG><![CDATA[<img src='icon_smile.gif'>&nbsp;2009-04-19 by Sobo<br><br />Alligateuse und ich haben einen Ausflug nach Muehlhausen und Umgebung gemacht und wollten an diesem Cache nicht achtlos vorueberziehen. <br>Trotz Brille war der Hinweis zu klein fuer mich. Alligateuse entdeckte ihn dann und wenig spaeter waren wir auf dem Weg zum Doeschen, welches wir anschliessend problemlos finden konnten. Freudestrahlend hinterliessen wir unsere Hieroglyphen. <br>Herzlichen Dank fuer den Cache und Gruesse aus der Nordheide,<br>Sobo<br />]]></LOG>
<LOG><![CDATA[<img src='icon_smile.gif'>&nbsp;2009-04-19 by alligateuse<br><br />Große Mühlhausen-Tour mit sobo <img src='http://www.geocaching.com/images/icons/icon_smile_big.gif' border=0 align=middle> Gleich vorweg, dass dies ein klasse Cache ist. Super Idee an Station 1, für die wir auch schon unsere Lesebrille brauchten. Aber dann war der Hinweis entdeckt, und auf ging es in Nachbars Garten. <img src='http://www.geocaching.com/images/icons/icon_smile_wink.gif' border=0 align=middle> Hier wartete schon eine schick duftende Dose auf uns, die wir ohne Probleme finden konnten.<p>Danke fürs Verstecken, Grüße aus Hamburg,<br>Annett<br />]]></LOG>
<LOG><![CDATA[<img src='icon_smile.gif'>&nbsp;2009-04-19 by SAM-Hessen<br><br />Gemeinsam mit Guardiano im Rahmen des CITO Event mitgenommen.<p>Ich hab gesacht is falsch und es war falsch :-) hehe....naja laß die Frauen mal machen :-)<p>Schöne Idee, hat Spaß gemacht.<p>Danke dafür sagen SAM-Hessen.<br />]]></LOG>
<LOG><![CDATA[<img src='icon_smile.gif'>&nbsp;2009-04-19 by Guardiano<br><br />Klasse gemacht. Erst fast richtig gedacht, kurz richtig gedacht und dann falsch gedacht. Aber dann, nach nochmaliger Überprüfung und "Zaunpfahl" doch zum richtigen Ansatz zurück gefunden. <br>Danke für diesen Cache sagt Guardiano!<br />]]></LOG>
<LOG><![CDATA[<img src='icon_smile.gif'>&nbsp;2009-04-19 by mamy1<br><br />Nachdem der erste Versuch vor ein paar Monaten kläglich gescheitert war, gings heute ziemlich schnell, denn die anwesende weibliche Intuition war einfach unschlagbar. Danke fürs Zeigen des gelungenen Caches und viele Grüße von mamy1<br />]]></LOG>
<LOG><![CDATA[<img src='icon_smile.gif'>&nbsp;2009-04-19 by Sharky77<br><br />Gute Idee!<p>TFTC!<br />]]></LOG>
<LOG><![CDATA[<img src='icon_smile.gif'>&nbsp;2009-04-19 by lightmen<br><br />Das ist ja mal ein mießes Versteck - wer soll denn darauf kommen:)!<p>TFTC<p><font color="yellow">light</font><font color="green">men</font><br />]]></LOG>
<LOG><![CDATA[<img src='icon_smile.gif'>&nbsp;2009-03-22 by Kerny77<br><br />Wieder mal was Neues gesehn. Schoene Idee. <br />]]></LOG>
<LOG><![CDATA[<img src='icon_note.gif'>&nbsp;2009-02-09 by HeiligerJoghurt<br><br />TB IN  - der hat's eilig.<p>TFTC <br />]]></LOG>
<LOG><![CDATA[<img src='icon_smile.gif'>&nbsp;2009-02-07 by Schnullerbacke77<br><br />Auf lustiger Mühlhausen-Tour mit Frittenbude70, Smeagol, Michael01 und die Hoffi´s1986.<img src='http://img.groundspeak.com/forums/emoticons/signal/big_smile.gif' width=19 height=19 border=0 align=middle><br>Ja, dieser Cache sollte bei unserem letzten Besuch den Abschluss bilden, aber irgendwie waren wir wohl zu müde.<img src='http://img.groundspeak.com/forums/emoticons/signal/sad.gif' width=19 height=19 border=0 align=middle> <br>Heute mit Verstärkung und viel Elan den Hinweis und das Döschen schnell gefunden.<img src='http://img.groundspeak.com/forums/emoticons/signal/big_smile.gif' width=19 height=19 border=0 align=middle><img src='http://img.groundspeak.com/forums/emoticons/signal/big_smile.gif' width=19 height=19 border=0 align=middle><img src='http://img.groundspeak.com/forums/emoticons/signal/big_smile.gif' width=19 height=19 border=0 align=middle><p>Vielen Dank für diesen Cache und viele Grüsse <br>Schnullerbacke77<br />]]></LOG>
<LOG><![CDATA[<img src='icon_smile.gif'>&nbsp;2009-02-07 by Team Fribu70 &amp; Schnuba77<br><br /><font color="green"><i><b>Die Verrückten zogen wieder los, um nochmal Mühlhausen zu erobern. Diesmal dabei: Schnullerbacke77, Michael01, Steiff-Teddy, äh nein Plüschbär alias Smeagol, Hoffi1986 (nicht immer, aber immer öfter!) und die Frau mit den Haaren auf der Brust.<img src='http://img.groundspeak.com/forums/emoticons/signal/big_smile.gif' width=19 height=19 border=0 align=middle></b></i></font><p>Ja, das kommt von den Tomaten auf den Augen, denn beim ersten Mal habe ich noch in diese Richtung geschielt, aber leider nicht richtig scharf gestellt.<br>Aber jetzt können wir wieder ruhig schlafen!<p><b>Vielen Dank für den Cache!</b><br />]]></LOG>
<LOG><![CDATA[<img src='icon_smile.gif'>&nbsp;2009-02-07 by smeagol<br><br /><font color="red">1550.</font> Rudelcachen in und um Mühlhausen mit Schnullerbacke77, Frittenbude 70, michael01 und (die meiste Zeit) Hoffi1986! <p>Oh Gott, wie blöd und/oder blind waren wir hier doch beim ersten Versuch vor 2 Wochen ... <img src='http://www.geocaching.com/images/icons/icon_smile_blackeye.gif' border=0 align=middle> Heute hatten wir dann dafür ziemlich schnell den richtigen Riecher! <img src='http://www.geocaching.com/images/icons/icon_smile_big.gif' border=0 align=middle><p>Danke und Gruß, Smeagol<br />]]></LOG>
<LOG><![CDATA[<img src='icon_smile.gif'>&nbsp;2009-02-07 by michael01<br><br />Heute waren wir unterwegs mit Smeagol, Schnullerbacke77 und Frittenbude70, um Mühlhausen unischer zu machen. In Mühlhausen haben wir noch Hoffi1986 aufgelesen, der uns als Ortskundiger zu allen strategisch günstig gelegenen Caches durch die Stadt gelotst hat.<p>Den Hinweis hier haben wir schnell entdeckt, der ist ja wirklich nicht zu übersehen - wirklich klasse gemacht. Auch das Finale war dann fix entdeckt.<p>Danke und viele Grüße<br>Michael01<br>#1378<br><br />]]></LOG>
<LOG><![CDATA[<img src='icon_smile.gif'>&nbsp;2008-10-31 by Gerstenzwerge<br><br />Weiter gings.<br>Tolle Idee mit dem Kraftverkehr. Typisch für Mühlhäuser Kreativität!<br>Danke und Gruß aus Leipzig<br>vom Gerstenzwerg<br />]]></LOG>
<LOG><![CDATA[<img src='icon_smile.gif'>&nbsp;2008-10-31 by Portitzer<br><br />Wir waren uns nach kurzem Rundumblick sehr sicher, den richtigen Hinweis gefunden zu haben. Eindeutiger geht es ja schon gar nicht mehr <img src='http://www.geocaching.com/images/icons/icon_smile_big.gif' border=0 align=middle>. Geniale Idee!<br>Auch das Finale war dann fix gefunden.<p><br>Danke und viele Grüße<br>Kurt<p>#1210<br />]]></LOG>
<LOG><![CDATA[<img src='icon_smile.gif'>&nbsp;2008-10-10 by Hoffi1986<br><br />Mann war ich blind!!! Genial gemacht!<br>TFTC<br />]]></LOG>
<LOG><![CDATA[<img src='icon_smile.gif'>&nbsp;2008-09-28 by uhri<br><br />Hier mussten auch wir ein zweites mal auflaufen um die Sache erfolgreich abzuschließen. Ob es Tomaten waren oder wer lesen kann ist …….? Sehr origineller Hinweis.<br>Dankeschön sagen Uhri+Braut.<br><br />]]></LOG>
<LOG><![CDATA[<img src='icon_smile.gif'>&nbsp;2008-09-18 by caprikitty<br><br />Fix noch gehoben, wenn ich einma hier bin und das weit nach Mitternacht.<br>vielen Dank.<br>out:coin<br />]]></LOG>
<LOG><![CDATA[<img src='icon_note.gif'>&nbsp;2008-08-23 by Mueckenfett<br><br />was kleines abgelegt<br />]]></LOG>
<LOG><![CDATA[<img src='icon_smile.gif'>&nbsp;2008-08-17 by dop3<br><br />Oh mann, ich frag mich wie oft wir hier waren und den Hinweis gesucht haben. Nur leider haben wir nie was gesehen. Heute haben wirs nun endlich gefunden. Also eindeutiger gehts nun wirklich nicht :)<p>IN:Ring<br>Out:Schlüsselband<br />]]></LOG>
<LOG><![CDATA[<img src='icon_smile.gif'>&nbsp;2008-08-04 by le_rapunzel<br><br />Also manchmal hat man wirklich Tomaten auf den Augen! Und dabei ist es wirklich ein eindeutiger Hinweis, den man hier suchen sollte. <img src='http://www.geocaching.com/images/icons/icon_smile_wink.gif' border=0 align=middle><br>Klasse Idee - vielen Dank fürs Verstecken.<br />]]></LOG>
<LOG><![CDATA[<img src='icon_smile.gif'>&nbsp;2008-08-04 by Capone72<br><br />Hier mussten wir ein zweites Mal antanzen. Für meine Augen war die Schrift wohl zu klein. ...als wir dann näher dran waren, war klar was gemeint ist.<br>Am Finale hätte ich fast noch eine Dummheit vollbracht. Ich hatte doch kurz vorher die Akkus getauscht und meinen Tanz noch nicht aufgeführt. Nach dem kleinen Tänzchen war die Richtung klar und das Döschen schnell unser.<p>Vielen Dank für die tolle Idee!<br />]]></LOG>
<LOG><![CDATA[<img src='icon_smile.gif'>&nbsp;2008-06-15 by AT-AT<br><br />mit gollumgandalf gesucht und gefunden<br>war schon lustig, der Hinweis<br>TFTC<br />]]></LOG>
<LOG><![CDATA[<img src='icon_smile.gif'>&nbsp;2008-06-15 by Gollum &amp; Galadriel<br><br />Wir waren uns eigentlich ziemlich sicher, den richtigen Hinweis gefunden zu haben. Aber eben nur ziemlich und das war falsch. So hätten wir beinahe den Vorgarten der örtlichen Behörde umgegraben aber das wär ja auch falsch gewesen. Als uns dann der richtige Hinweis ins Auge sprang, haben wir schon ganz schön lachen müssen. Das kann doch nicht sein, oder? So was von groß und eindeutig <img src='http://www.geocaching.com/images/icons/icon_smile_big.gif' border=0 align=middle> Danke für diesen feinen Sonntagnachmittagsspaß!<br />]]></LOG>
<LOG><![CDATA[<img src='icon_smile.gif'>&nbsp;2008-05-31 by GeoSittiche<br><br />Nach dreimaligem Anlauf endlich gefunden.Die clevere Verpackung war das Hindernis.<br>TFTC               die GeoSittiche<br />]]></LOG>
<LOG><![CDATA[<img src='icon_smile.gif'>&nbsp;2008-05-22 by DL3BZZ<br><br /><b>#1165</b>   22. Mai 2008   09:30 Uhr<p>am frühen Morgen muss man schon so wach sein, um den Hinweis zu finden <img src='http://www.geocaching.com/images/icons/icon_smile_cool.gif' border=0 align=middle>. Am Cache angekommen lagen da 2 menschl. Tretminen, grrr.<p>Out: Maßband<br>In: Oakbuck<p><br>Bis denne<br>Lutz, DL3BZZ + Kerstin<p>[This entry was edited by DL3BZZ on Sunday, May 25, 2008 at 4:11:23 AM.]<br />]]></LOG>
<LOG><![CDATA[<img src='icon_smile.gif'>&nbsp;2008-05-18 by maiobi<br><br />sehr sehr coole Idee zu Beginn!!<br>Dauerte zwar ein wenig, aber nicht allzulange und wir konnten weiter. zusammen mit odink und Zuckerplätzchen gesucht und gefunden und "Free Willy" befreit =)<p>grüße, maiobi<br />]]></LOG>
<LOG><![CDATA[<img src='icon_smile.gif'>&nbsp;2008-05-18 by Zuckerpl&#228;tzchen<br><br />Auf der Sonntagsrunde durch Mühlhausen mit odink und maiobi haben wir hier schnell noch geloggt. Geniale Idee - Danke!<p>Tara,<br>Zuckerplätzchen.<br />]]></LOG>
<LOG><![CDATA[<img src='icon_smile.gif'>&nbsp;2008-05-18 by odink<br><br />Heute stand die Fahrt ins nahe gelegene Mühlhausen auf unserem Plan. Zusammen mit Zuckerpätzchen und Maiobi machten wir uns am Mittag mit unserem Cachomobil auf den Weg.<p>Die Idee hat uns sehr gefallen, brauchten auch nicht lange suchen, Brille war nach Claes geputzt ;)<p>Danke<br>odink<br>#681<p>out: TB<br>in: -<br><br />]]></LOG>
<LOG><![CDATA[<img src='icon_note.gif'>&nbsp;2008-04-11 by Mueckenfett<br><br />TB-Tausch<br />]]></LOG>
<LOG><![CDATA[<img src='icon_smile.gif'>&nbsp;2008-04-06 by madd.in<br><br />Nachdem wir beim ersten Mal vor zwei Wochen hier lange gesucht haben, ging es heute Nachmittag doch sehr schnell. Für so viel Blindheit sollte man bestraft werden :)<p>+ coin<p>- patch<p>tftc, madd.in <br />]]></LOG>
<LOG><![CDATA[<img src='icon_smile.gif'>&nbsp;2008-03-09 by TLord<br><br />So einen großen Hinweis habe ich noch nie gesehen ;-)<br />]]></LOG>
<LOG><![CDATA[<img src='icon_smile.gif'>&nbsp;2008-03-09 by 2wsx4rfv<br><br />Im Team mit iMuelli96, Caching-Buddy, TLord gefunden. Schön gemachter Start  :-))  <b><font color="blue">   561 </b></font><br />]]></LOG>
<LOG><![CDATA[<img src='icon_smile.gif'>&nbsp;2008-03-09 by Caching-Buddy<br><br />Heute im Rudel mit 2wsx4rfv, TLord und Muelli96 da gewesen.<p>TFTC sagt Caching-Buddy<br />]]></LOG>
<LOG><![CDATA[<img src='icon_smile.gif'>&nbsp;2008-03-09 by Muelli96<br><br />#382<p>Station 1 ist wunderbar! Final auch gut auffindbar! TFTC<br />]]></LOG>
<LOG><![CDATA[<img src='icon_smile.gif'>&nbsp;2008-02-10 by hi2k<br><br />Da staunt man nicht schlecht. Danke dafür!<br>Grüße hi2k<br />]]></LOG>
<LOG><![CDATA[<img src='icon_smile.gif'>&nbsp;2008-02-10 by x Deadman x<br><br />Auf unseren heutigen Mühlhausen Tour auch diesen Cache einen Besuch abgestattet. Was für ein netter Multi!!!<br>in: Coin<br>out: nüscht<br>THX4$ & Schöne Grüße<br>Deadman<br>*1016*<br />]]></LOG>
<LOG><![CDATA[<img src='icon_smile.gif'>&nbsp;2008-02-10 by Nordhesse<br><br />Sehr schöne Idee :-D<p>Der hat mir echt gefallen....<p>TFTC, Nordhesse<br />]]></LOG>
<LOG><![CDATA[<img src='icon_smile.gif'>&nbsp;2008-02-10 by Comod&#237;n<br><br />Sehr gute Idee und Umsetzung - hat mir richtig gut gefallen! Konnte mir ein Schmunzeln nicht verkneifen...<br>Besten Dank,<br>Comodín<br><br />]]></LOG>
<LOG><![CDATA[<img src='icon_smile.gif'>&nbsp;2008-02-10 by Barbie&amp;Bruettler<br><br />Wir waren uns schnell sicher! Das Highlight unserer heutigen Mühlhausen Tour.<br>Gut gefunden<br>Vielen Dank für die tolle Idee.<br>B&B<br>-2076-<p>IN/OUT coin<br><br />]]></LOG>
<LOG><![CDATA[<img src='icon_smile.gif'>&nbsp;2008-02-04 by MrTT<br><br />Der Wald und lieben Bäume und die Hand vor den Kopf !! <br>Super !!!<p>MTT<br />]]></LOG>
<LOG><![CDATA[<img src='icon_smile.gif'>&nbsp;2008-01-16 by HeiligerJoghurt<br><br />Tage vorher habe ich den Hinweis im Dunkeln nicht<br>finden können.<br>In der Morgendämmerung gings besser.<br>Den Cache dann Abends im Schutze der Dunkelheit "gehoben".<p>Reisendes:<br>Was rein was raus<p>Daaanke <br />]]></LOG>
<LOG><![CDATA[<img src='icon_smile.gif'>&nbsp;2008-01-12 by oldboy2<br><br />Der Zweite auf unserer Mühlhausen-Cachetour.<br>Auf so eine geniale und schöne Idee muss man erst mal kommen!<p>TFTC<p>Oldboy2 und "Die Frau aus Holland" <img src='http://www.geocaching.com/images/icons/icon_smile_wink.gif' border=0 align=middle><p>Out: Nichts<br>IN:  Albatross Astrolabe Geocoin<p>[This entry was edited by oldboy2 on Sunday, January 13, 2008 at 4:00:01 AM.]<br />]]></LOG>
<LOG><![CDATA[<img src='icon_smile.gif'>&nbsp;2007-12-23 by KaputtesLicht<br><br />Geniale Idee!!! Wenn man es gefunden hat, ist man sich sicher! :-)<br />]]></LOG>
<LOG><![CDATA[<img src='icon_smile.gif'>&nbsp;2007-11-17 by gloomy<br><br />Und wieder ein Qualitätscache an diesem schönen MHL-WE. VG und Danke, gloomy!<p>P.S.: Den LP in der Fabrik habe ich mir für später aufgehoben :-)<br />]]></LOG>
<LOG><![CDATA[<img src='icon_smile.gif'>&nbsp;2007-11-01 by LUPO.79<br><br />Welch eine geniale Idee. Man kann immer wieder nur Staunen was es alles für Möglichkeiten gibt!!!! TFTC, Mückenfett!!!<br />]]></LOG>
<LOG><![CDATA[<img src='icon_smile.gif'>&nbsp;2007-10-27 by ifindnix<br><br />Salvete!<br>Gemeinsam cachen macht am meisten Spaß <img src='http://www.geocaching.com/images/icons/icon_smile_big.gif' border=0 align=middle> und heute hatten wir in großer Runde sehr viel Spaß! <img src='http://www.geocaching.com/images/icons/icon_smile_wink.gif' border=0 align=middle><br>Zum cache nur soviel: Geniale Idee! <img src='http://www.geocaching.com/images/icons/icon_smile_big.gif' border=0 align=middle> <br>Vobis gratias agimus!<br>ifindnix & crew<br>#1126<br />]]></LOG>
<LOG><![CDATA[<img src='icon_smile.gif'>&nbsp;2007-10-27 by Team Kumunst<br><br />Das ist doch wohl nicht.... Doch da sind doch die Koordinaten. Mehr wird nicht verraten.<br>Danke und Gruß<br>Team Kumunst<br />]]></LOG>
<LOG><![CDATA[<img src='icon_smile.gif'>&nbsp;2007-10-10 by Chris601<br><br />#216<p>Geile Idee das!<p>netter Cache, Danke!<br />]]></LOG>
<LOG><![CDATA[<img src='icon_smile.gif'>&nbsp;2007-09-23 by JonnyH&#252;tchen<br><br />Toller Cache ! Danke dafür.<p>Jonathan<p>Out:TB<br />]]></LOG>
<LOG><![CDATA[<img src='icon_smile.gif'>&nbsp;2007-08-31 by Grottenolm87<br><br />Habe meinen Account von Knutsch&Fleck in Grottenolm87 gewechselt. Sollte jemand damit Probleme haben, kann er diesen Log ohne Kommentar löschen.<br>I´ve changed my account from Knutsch&Fleck to Grottenolm87. The log can discharge momentarily if somebody disagree with this.  <br><br />]]></LOG>
<LOG><![CDATA[<img src='icon_smile.gif'>&nbsp;2007-08-31 by Eichsgenossen<br><br />Go Trabbi go!<br>Um 19:50 Uhr gut gefunden...nach zweitem Anlauf. Hab den Wald vor lauter Bäumen nicht gesehen......<br>TFTC<br />]]></LOG>
<LOG><![CDATA[<img src='icon_smile.gif'>&nbsp;2007-08-31 by Erithacus Rubecula<br><br />Abgestaubt!<br>Um 19:50 Uhr gut gefunden.<br>#478<br>TFTC<p>[This entry was edited by Knutsch&Fleck on Saturday, September 01, 2007 at 11:20:12 AM.]<br />]]></LOG>
<LOG><![CDATA[<img src='icon_smile.gif'>&nbsp;2007-08-28 by Kruemel68<br><br />Am heutigen Tag bei einbrechender Dämmerung die Aufgabe angegangen, und siehe da, sie liess sich auch bald lösen. Feine Idee !!! Und der Schatz ward auch bald gefunden.<p>Es grüßen Christel und Stefan<br />]]></LOG>
<LOG><![CDATA[<img src='icon_smile.gif'>&nbsp;2007-08-28 by Die Hasenschnitzels<br><br />Die Zahlen waren schnell entdeckt. Aber die FALSCHEN!!<br>Am besten echt hingehen und die Dioptrien schärfen, dann klappts auch mit dem Nachbarn, äh Koordinaten <img src='http://www.geocaching.com/images/icons/icon_smile_big.gif' border=0 align=middle><img src='http://www.geocaching.com/images/icons/icon_smile_big.gif' border=0 align=middle><br>Nachdem der Faux-pas ausgemerzt war, konnten wir zum richtigen Final.<br>Danke für diese neue Idee (der Owner kennt doch echt überall die Leute).<p>Die Hasenschnitzels<br />]]></LOG>
<LOG><![CDATA[<img src='icon_smile.gif'>&nbsp;2007-08-28 by Renault Family<br><br />Haben diesen Cache auf unserer Kirmestour mitgenommen, sehr schöne Aufgabe gewesen. <br />]]></LOG>
<LOG><![CDATA[<img src='icon_smile.gif'>&nbsp;2007-08-25 by Capricorn Girl<br><br />LOG 16:15 Uhr<br>Gemeinsam mit dem Team Fire & Ice war ich hier und habe diesen tollen Cache geloggt.<p>IN: TB Rudolf Renne<p>Danke.<br>Capricorn Girl<br>Vanessa<br />]]></LOG>
<LOG><![CDATA[<img src='icon_smile.gif'>&nbsp;2007-08-25 by Team Fire &amp; Ice<br><br />LOG: 16:15 UHR<br><img src='http://www.geocaching.com/images/icons/icon_smile.gif' border=0 align=middle> COOL <img src='http://www.geocaching.com/images/icons/icon_smile.gif' border=0 align=middle><br>Wieder ein Hammer-Cooler Cache von Mückenfett. Team Fire & Ice hatte wieder einmal eine ganze Weile "Tomaten auf den Augen". Zum Glück hatte Heiko dann irgendwann doch den richtigen Blick. Auf zum Final.<br>Danke an Tom und Silke für diesen super ausgedachten Cache.<p>Team Fire & Ice<br>Heiko und Steffi aus Erfurt<p>IN: TB K-Swiss<br />]]></LOG>
<LOG><![CDATA[<img src='icon_smile.gif'>&nbsp;2007-08-23 by Traveler77<br><br />Erst war ich nicht sicher --> Also Falsch <img src='http://www.geocaching.com/images/icons/icon_smile_sad.gif' border=0 align=middle><br>Dann nochmal alles in seiner Gesamtheit auf mich wirken lassen und es war logisch <img src='http://www.geocaching.com/images/icons/icon_smile_approve.gif' border=0 align=middle><br>Und jetzt los und den Schatz heben <img src='http://www.geocaching.com/images/icons/icon_smile_wink.gif' border=0 align=middle><br>Danke an Mückenfett für diesen wiedermal schönen Cache.<br />]]></LOG>
<LOG><![CDATA[<img src='icon_enabled.gif'>&nbsp;2007-08-20 by Mueckenfett<br><br />Alles in Ordnung. Die Suche kann losgehen!<br />]]></LOG>
<LOG><![CDATA[<img src='icon_smile.gif'>&nbsp;2007-08-20 by Hor_andy<br><br /><br><img src='http://www.geocaching.com/images/icons/icon_smile_big.gif' border=0 align=middle><img src='http://www.geocaching.com/images/icons/icon_smile_big.gif' border=0 align=middle><img src='http://www.geocaching.com/images/icons/icon_smile_big.gif' border=0 align=middle>ERSTER!!!<img src='http://www.geocaching.com/images/icons/icon_smile_big.gif' border=0 align=middle><img src='http://www.geocaching.com/images/icons/icon_smile_big.gif' border=0 align=middle><img src='http://www.geocaching.com/images/icons/icon_smile_big.gif' border=0 align=middle><br>Wann ist Montag abend? Ich habe diesen herrlichen Cache jedenfalls um 20:00 gefunden und wie eben gesagt "gefunden", also war er da schon fertig. Die Freischaltung folgt sicher auf dem Fuße. Der Cache ist jedenfalls richtig schick, Tom lässt gerade ein wahres Cache-Feuerwerk los, gut dass er so viel rumkommt so wird Mühlhausen ein richtiges Cacherschmankerl.<br>Mal sehen wie lange das noch anhält, dass es jeden Tag einen neuen Cache in der Gegend gibt, ansonsten mach ich mich selbst mal wieder auf den Weg. <img src='http://www.geocaching.com/images/icons/icon_smile_wink.gif' border=0 align=middle><br>TFTC<br><br />]]></LOG>
<LOG><![CDATA[<img src='icon_greenlight.gif'>&nbsp;2007-08-19 by JeeperMTJ.gc<br><br />Published<br />]]></LOG>
</LOGS>
<NOTES><![CDATA[]]></NOTES>
<IMAGES>
    <IMG>gc1593g_0.gif<URL>http://www.geocaching.com/images/icons/icon_smile_big.gif</URL></IMG>
    <IMGTEXT>GC1593G_0</IMGTEXT>
</IMAGES>
<TRAVELBUGS>
</TRAVELBUGS>
<URL><![CDATA[]]></URL>
<SOLVER><![CDATA[]]></SOLVER>
    <CACHE  name = "Kraftverkehr" owner = "Mueckenfett" lat = "51,201516666667" lon = "10,475883333333" hidden = "2007-08-20" wayp = "GC1593G" status = "" ocCacheID = "" lastSyncOC = "20100419230501" num_recommended = "0" num_found = "-1" attributesYes = "34359738371" attributesNo = "2199023255552" boolFields="1922" byteFields="67310622" attributesYes1 = "0" attributesNo1 = "0" />
</CACHEDETAILS>
