<?xml version="1.0" encoding="ISO-8859-1"?>
<CACHEDETAILS>
<VERSION value = "3"/>
<DETAILS><![CDATA[<br>Hallo zur Spurensuche in Mühlhausen
<p>Ich möchte euch auf eine kleine Spurensuche durch die Mühlhäuser
Innenstadt mitnehmen und denen, die Mühlhausen noch nicht kennen,
einen ersten Eindruck von meiner Heimatstadt im Herzen Thüringens
vermitteln.</p>
<p>WICHTIG: Das Final des Caches ist nur zu folgenden Zeiten<br />
verfügbar: Mo+Di 10-18<br />
Do 14-19<br />
Fr 10-16<br />
Sa 9-12</p>
<p>Stationen 1-4 sind dagegen zu allen Zeiten<br />
zugänglich.</p>
<p>Tauschen ist leider nicht möglich.<br />
Bitte einen Stift mitbringen.<br />
Parken könnt ihr gebührenfrei bei N 51°12.717 E 10°28.013</p>
<p>Los gehts bei N 51°12.531 E 010°27.779<br />
peilt von da 180m 321° und ihr gelangt zur ERSTEN Station.</p>
<p>STATION 1: (N 51°12.??? E 10°27.???)</p>
<p>Ihr steht hier vor dem Hotel Mühlhäuser Hof. Ehemals Gaststätte
"Zum Nachbarn" genannt, ist im letzten Jahr durch aufwendige
Umbauarbeiten zu einem sehenswertes Hotel enstanden.<br />
über dem Eingang findet ihr eine Jahreszahl X=_ _ _ _</p>
<p>STATION 2: (N 51°12.607 E 10°27.546)</p>
<p>wandert weiter die Fußgängerzone hinauf bis zur Goldschmiede und
findet die zwei Jahreszahlen an der Fassade<br />
A=_ _ _ _ B=_ _ _ _ B ist größer wie A</p>
<p>B - A = C = _ _</p>
<p>STATION 3 (N 51°12.603 E 10°27.492)</p>
<p>Mühlhausens Charme erkennt man erst auf dem zweiten Blick-<br />
und zwar wenn man über die Schaufenster schaut und sich die
Fassaden darüber ansieht.</p>
<p>Steinweg 84 zählt die Gauben im Dachbereich D = _</p>
<p>STATION 4 (N 51° 12.593 E 10°27.282)</p>
<p>weiter gehts die Fußgängerzone hinauf.<br />
Die Marienkirche ist mit ihrem 87m hohem Turm die zweit größte
Kirche in Thüringen.<br />
Findet das Denkmal eines ehemaligen Bürgermeisters.<br />
Welcher Buchstabe in seinem 3 teiligen Namens ist hier am meisten
vorhanden: _</p>
<p>FINALE: berechne die Finaldaten anhand von X aus Station 1<br />
wie folgt und begebt euch zu:</p>
<p>N 51°12. X -1339 E 010°27. X - 1614</p>
<p>kleine Rechnung zum Abschluss: (C + D) : 5 und setzt den
ermittelten Buchstaben aus Station 4 einfach davor.</p>
<p>Wundert euch nicht, wenn es auf den ersten Blick keinen Sinn
ergibt.</p>
<p>Tretet nun ein und findet: _ _ _</p>
<p>Viel Spaß</p>]]></DETAILS>
<COUNTRY><![CDATA[Germany]]></COUNTRY>
<STATE><![CDATA[Thüringen]]></STATE>
<ATTRIBUTES>
   <ATT>wheelchair-no.gif</ATT>
   <ATT>dogs-no.gif</ATT>
   <ATT>bicycles-yes.gif</ATT>
   <ATT>stroller-yes.gif</ATT>
</ATTRIBUTES>
<HINTS><![CDATA[Svanyr : yrfra ovyqrg]]></HINTS>
<LOGS>
<OWNLOGID></OWNLOGID>
<OWNLOG><![CDATA[]]></OWNLOG>
<LOG><![CDATA[<img src='icon_smile.gif'>&nbsp;2010-03-27 by UlliSilke<br><br />Dank des Caches haben wir einen schönen Spaziergang durch Mühlhausen gemacht. Das Finale hat uns dann sehr überrascht. Tolle, sicher einmalige Idee! Diesen Cache sollte sich wirklich niemand entgehen lassen. Vielen Dank! UlliSilke.<br />]]></LOG>
<LOG><![CDATA[<img src='icon_smile.gif'>&nbsp;2010-03-27 by saheimast<br><br />Einen erfolgreichen Caching-Tag mit Satchmo77 und Fhuti83 in Mühlhausen erlebt. Besonders gelungener Final !!! TFTC<br />]]></LOG>
<LOG><![CDATA[<img src='icon_smile.gif'>&nbsp;2010-03-27 by Fhuti83<br><br />Super Cache! So ein Final hab ich noch nicht erlebt. Weiter so. Unterwegs mit saheimast und satchmo77 Vielen Dank <br />]]></LOG>
<LOG><![CDATA[<img src='icon_smile.gif'>&nbsp;2010-03-27 by Satchmo77<br><br />Auf Cachingtour mit Saheimast und Fhuti83 auch diesen gut gefunden! TFTC Lob und Anerkennung!<br />]]></LOG>
<LOG><![CDATA[<img src='icon_smile.gif'>&nbsp;2010-02-11 by rageracer<br><br />Wir haben den Hint sehr ernst genommen und kamen ohne große Suche zum Final.<br>Die Idee und die Umsetztung haben uns echt beeindruckt.<br>Ganz toller Cache, den jeder auf seiner To Do Liste haben sollte.<p>#67 --- 11.02.2010 --- 18.45 Uhr<p>TFTC<br />]]></LOG>
<LOG><![CDATA[<img src='icon_enabled.gif'>&nbsp;2010-01-30 by Mueckenfett<br><br />Alles wieder bestens.<br />]]></LOG>
<LOG><![CDATA[<img src='icon_disabled.gif'>&nbsp;2009-12-11 by Mueckenfett<br><br />Wartung <img src='http://www.geocaching.com/images/icons/icon_smile_sad.gif' border=0 align=middle><br />]]></LOG>
<LOG><![CDATA[<img src='icon_smile.gif'>&nbsp;2009-12-11 by DasKnie<br><br />Heute bei gutem Wetter eine gelungene Runde durch MHL gedreht. Sehr schöne Idee, der Cache! Hab ich auch noch nie gesehen... TFTC<br />]]></LOG>
<LOG><![CDATA[<img src='icon_smile.gif'>&nbsp;2009-09-19 by David+Chrissi<br><br />Bei einem "romantischen" Spaziergang am Abend zu vor, fanden wir alle Eckdaten der Stationen... schnell wussten wir wo sich der Final<br>befindet.<br>Am nächten morgen waren wir die ersten, die dem Cache ganz nah waren- "waren"... nach fast einer Stunde ununterbrochenem Suchen, endlich gefunden.<br>Geniale Idee, grandiose Umsetzung!!<br>Ganz großes Lob.<br>TFTC<br>David+Chrissi   :-)<br><br />]]></LOG>
<LOG><![CDATA[<img src='icon_smile.gif'>&nbsp;2009-08-21 by alfalord<br><br />Heute mit ThomasM80 eine kleine Tour in Hoffi1986  Heimatstädtchen Mühlhausen. <p>Zu den Worten meines Cacherkollegen ist nicht mehr viel dazu zusagen auser das man sich am Ende wie Indiana Jones vorkommt. Der Behälter vom Logbuch ist echt mal XXL.<p>TFTC alfalord<br />]]></LOG>
<LOG><![CDATA[<img src='icon_smile.gif'>&nbsp;2009-08-21 by thomasm80<br><br />21.08.2009 15:13 Found: <p>"Erbarmen! Zu spät... Die Hesse komme!" (Liedtext aus den 80ern von den Rodgau Monotones)<p>Kleine Mühlhausen-Tour mit Alfalord - 6 Caches, davon 5 Multis (ganz nach meinem Geschmack).<p>Eine tolle Runde durch die Fußgängerzone von Mühlhausen. Vielen Dank.<p>Die Finger sind alle noch heile, jedoch hätte ich fast den Verlust von zwei Kniescheiben beklagen können, da wir nochmal zum Auto mussten,<br>welches wir einfach am Brunnencache stehen liesen (neuen Parkschein lösen) - und ich wollte bei einem Zaun abkürzen.<p>Was mich auch sehr gefreut hat, war diese "Riesendose". <img src='http://www.geocaching.com/images/icons/icon_smile_wink.gif' border=0 align=middle> Nur das Suchen des Zielobjektes erwies sich etwas schwieriger.<br>Doch dann fiel mir irgendwann etwas ins Blickfeld und mit einem kleinen Hint im Kopf, den mir Hoffi1986 kurz vorher gab, konnten wir uns nun endlich ins Log eintragen.<p>Grandiose und wirklich sehr kreative Idee!<p>TFTC<br>ThomasM80<p>GC#533<br />]]></LOG>
<LOG><![CDATA[<img src='icon_smile.gif'>&nbsp;2009-08-11 by leoni_1984<br><br />Schönes Ding! Wie man nur auf so eine geniale Idee kommen kann echt spitze! nach langen suchen am finale gefunden! Gefunden mit Kathy und denn Cachedogs Benni und Jacky! Danke fürs zeigen! <br />]]></LOG>
<LOG><![CDATA[<img src='icon_note.gif'>&nbsp;2009-08-05 by pebbles1305<br><br />Schade, war an einem Mittwoch hier, hätte den Multi gerne gemacht :-((<br />]]></LOG>
<LOG><![CDATA[<img src='icon_smile.gif'>&nbsp;2009-06-22 by biba1981<br><br />mit FTT auf suche gewesen und nicht schlecht geschaut als wir es gefunden hatte darauf muß man erst mal kommen<img src='http://www.geocaching.com/images/icons/icon_smile_wink.gif' border=0 align=middle> gute idee<br />]]></LOG>
<LOG><![CDATA[<img src='icon_smile.gif'>&nbsp;2009-06-22 by FTT<br><br />Heute mit biba1981 das absolut genaiale Final aufgesucht, nachdem wir am Freitag die Vorabeit geleistet hatten.Anfangs ahnungslos und skeptisch das Final aufgesucht,ohne so recht zu wissen nach was wir da eigentlich suchen.Dann aber doch schnell gefunden.Sehr geile Idee.Kann man nur weiterempfehlen.<br>TFTC<br />]]></LOG>
<LOG><![CDATA[<img src='icon_smile.gif'>&nbsp;2009-06-02 by Red Caboose<br><br />Auch ich war auf Spurensuche durch Mühlhausen.<br>Vielen Dank für diesen schönen Rundgang und für den schönen Cache!<br>Gruß Red Caboose.<br />]]></LOG>
<LOG><![CDATA[<img src='icon_smile.gif'>&nbsp;2009-06-02 by Irrwitzer<br><br />Dieses Jahr zu Pfingsten haben wir uns auf die Spurensuche in Mühlhauen begeben. Als Kind war ich oft hier und konnte Maurizio noch die eine oder andere Stelle zeigen... <img src='http://www.geocaching.com/images/icons/icon_smile_wink.gif' border=0 align=middle>.<br>Zum Glück sind wir lange genug hiergeblieben, um auch das Final zu finden <img src='http://www.geocaching.com/images/icons/icon_smile_big.gif' border=0 align=middle>.<br>Vielen Dank für diesen schönen Stadtrundgang! Hoffentlich gibt es noch viele Auflagen von solchen Caches <img src='http://www.geocaching.com/images/icons/icon_smile_cool.gif' border=0 align=middle>.!<br>TFTC Team Irrwitzer<br />]]></LOG>
<LOG><![CDATA[<img src='icon_smile.gif'>&nbsp;2009-04-25 by 0-Rgeiz<br><br />Mit itzibitzi diesen Multi angegangen.<br>Wir hatten Mückefett  im März versprochen: "Wir kommen wieder."<br>Damals seine Frage: "Habt Ihr Spurensuche in Mühlhausen gemacht?"<br>Wir: "Nö."<br>Jetzt wissen wir, warum er fragte!!! <img src='http://www.geocaching.com/images/icons/icon_smile_big.gif' border=0 align=middle><br>Das Final ist ja wirklich ne Sache für sich. <img src='http://www.geocaching.com/images/icons/icon_smile_cool.gif' border=0 align=middle> <img src='http://www.geocaching.com/images/icons/icon_smile_cool.gif' border=0 align=middle><br>Alle Achtung!  Klasse Idee!<br>Vielen Dank für den Cache<br>Gruß<br>Null-Ehrgeiz<br />]]></LOG>
<LOG><![CDATA[<img src='icon_smile.gif'>&nbsp;2009-04-25 by itzibitzi<br><br />Am gestrigen Abend in Mühlhausen zum Verwandtenbesuch eingetroffen und gleich die Stationen für diesen Multi absolviert, da wir passenderweise im Hotel "Mühlhäuser Hof" übernachtet haben. Weder Hinweis noch die ermittelten KO's konnten zufrieden stellen. <br>Heute morgen nach dem Frühstück also los. Am Ziel angekommen, war Ratlosigkeit in den Augen, die sich jedoch Stück für Stück legte. <br>Ej, der cache ist dermaßen abgedreht, dass er schon wieder einfach genial ist. Dank des anwesenden "Cachepersonals" waren sogar zwei Mysterys ruckzuck gelöst. <br>Mühlhausen hat sich uns von seiner besten Seite gezeigt: hilfsbereite, nette Leute, lauschige Ecken, tolle Baukunst und Sonne bis zum Abwinken. Was will man mehr.<br />]]></LOG>
<LOG><![CDATA[<img src='icon_smile.gif'>&nbsp;2009-04-17 by agp<br><br />Unser letzter Tag in Mühlhausen begann mit der Spurensuche. Nachdem wir die Witterung aufgenommen hatten, ging's zügig voran. So weit war alles Routine. Aber dann!<br>Am Finale angelangt, verschlug es uns die Sprache! Wir betreiben dieses Hobby seit ca. 3 Jahren, aber so etwas ist uns noch nicht 'untergekommen'! Einfach genial! <img src='http://www.geocaching.com/images/icons/icon_smile_approve.gif' border=0 align=middle><img src='http://www.geocaching.com/images/icons/icon_smile_approve.gif' border=0 align=middle><img src='http://www.geocaching.com/images/icons/icon_smile_approve.gif' border=0 align=middle><br>Kommt und erlebt es selbst, denn beschreiben kann man es nicht.<p>Vielen Dank für dieses absolute Highlight sagen <br>agp aus Berlin<p><p><br><br />]]></LOG>
<LOG><![CDATA[<img src='icon_smile.gif'>&nbsp;2009-03-21 by kiepenkerl08<br><br />Überraschender, interessanter Cache den ich mit knipperdolling, proficacher und einem Stadtführer gefunden hab, der uns auch einiges erzählen konnte.<p>TFTC<br>kiepenkerl08<br />]]></LOG>
<LOG><![CDATA[<img src='icon_smile.gif'>&nbsp;2009-03-21 by proficacher09<br><br />Bei einem Wochenende in unserer Partnerstadt Mühlhausen haben wir uns auf Spurensuche begeben. In Begleitung eines Mühlhäuser Stadtführers war das eine schöne Runde mit einem wirklich Klasse-Final. TFTC.<br />]]></LOG>
<LOG><![CDATA[<img src='icon_smile.gif'>&nbsp;2009-03-21 by knipperdolling07<br><br />Nette Runde durch Mühlhausen<br>Und mit so einem final hatten wir wirklich nicht gerechnet...<p>TFTC,<br>Knippedolling07<br><br />]]></LOG>
<LOG><![CDATA[<img src='icon_smile.gif'>&nbsp;2009-02-06 by GeoRobert11<br><br />Als wir uns auf die "Spurensuche" begaben hatten wir noch keine Ahnung was uns am Final erwarten würde. Dort angekommen traten wir ein, schauten uns um und da ging uns ein Licht auf.<br>Klasse Versteck<br />]]></LOG>
<LOG><![CDATA[<img src='icon_smile.gif'>&nbsp;2009-01-24 by Schnullerbacke77<br><br /><i>Auf Mühlhausen-Tour mit Frittenbude70 und Smeagol. <br>Wurde ja auch Zeit für dieses Jahr. Bin schon auf Entzug.<br>Schon am Abend vorher diesen schönen Cache rausgesucht und aufgrund der Zeitbegrenzung als Auftakt genommen. Alle Stationen führen an schönen Plätzen, die man unbedingt gesehen haben muss bzw. die einem manchmal gar nicht so auffallen. Aber die absolute Krönung war ja das Final. So was habe ich noch nie gesehen. Auch das Objekt der Begierde ist super versteckt.<img src='http://img.groundspeak.com/forums/emoticons/signal/big_smile.gif' width=19 height=19 border=0 align=middle><br>Da mein Tatendrang nach mehr Mückenfettcache geweckt wurde, blieb keine Zeit mehr (zum Glück für meine Begleiter) durch die Läden zu stöbern.<img src='http://img.groundspeak.com/forums/emoticons/signal/sad.gif' width=19 height=19 border=0 align=middle><br>Vielen Dank und viele Grüsse an Mückenfett für diesen schön gemachten Cache.</i><img src='http://img.groundspeak.com/forums/emoticons/signal/big_smile.gif' width=19 height=19 border=0 align=middle> <img src='http://img.groundspeak.com/forums/emoticons/signal/big_smile.gif' width=19 height=19 border=0 align=middle><img src='http://img.groundspeak.com/forums/emoticons/signal/big_smile.gif' width=19 height=19 border=0 align=middle><br>Schnullerbacke77<br />]]></LOG>
<LOG><![CDATA[<img src='icon_smile.gif'>&nbsp;2009-01-24 by Team Fribu70 &amp; Schnuba77<br><br /></font><b>Die Verrückten - Smeagol, Schnullerbacke77 und ich- waren wieder unterwegs, diesmal musste Mühlhausen dran glauben!</b><font color="blue"><p>Unsere Wahl fiel auf die Spurensuche als ersten Cache des Tages, da wir ja am Samstag eine zeitliche enge Begrenzung hier hatten.<br>Es war eine sehr gute Wahl, denn was uns hier erwartete, war wirklich super ausgedacht. <br>Natürlich sind wir auf dem Weg zum Startpunkt erst an fast allen Stationen vorbeigelaufen, um dann doch noch diese zu besuchen.<br>Das Finale war sehr überraschend, mein Gedanke war: "Der wird doch nicht da, das macht man doch nicht."<br>Ein paar Minuten später wusste ich, man kann doch machen.<img src='http://img.groundspeak.com/forums/emoticons/signal/big_smile.gif' width=19 height=19 border=0 align=middle><br><img src='http://img.groundspeak.com/forums/emoticons/signal/big_smile.gif' width=19 height=19 border=0 align=middle><i><br><b>Dieser Cache war wirklich ein würdiger Auftakt und so kann ich nur danke sagen.</b></i><img src='http://img.groundspeak.com/forums/emoticons/signal/big_smile.gif' width=19 height=19 border=0 align=middle><p><br />]]></LOG>
<LOG><![CDATA[<img src='icon_smile.gif'>&nbsp;2009-01-24 by smeagol<br><br />1495. Auf Mühlhausen-Tour mit Schnullerbacke77 und Frittenbude70!<p>Dieser Cache sollte, aufgrund der zeitlichen Vorgaben, der Start in unseren heutigen Cachetag sein - und er erwies sich als toller und interessanter Auftakt!! <img src='http://www.geocaching.com/images/icons/icon_smile.gif' border=0 align=middle> Die Stationen waren schnell gefunden und führten uns zu einigen Stellen, an denen wir zuvor achtlos vorbeigelaufen waren! Der Hammer war aber natürlich die Finallocation: Einmal grundsätzlich gesehen <img src='http://www.geocaching.com/images/icons/icon_smile_wink.gif' border=0 align=middle> und dann natürlich erstrecht wegen des schön gemachten Verstecks!! Die Neugierde auf einige weitere Mühlhausen-Caches, die heute noch folgen sollten, war auf alle Fälle geweckt - vielen Dank dafür und viele Grüße an den Owner!<p>Smeagol<br />]]></LOG>
<LOG><![CDATA[<img src='icon_smile.gif'>&nbsp;2008-12-23 by KaputtesLicht<br><br />Toller Cache, sehr geniales Final! Ich war sehr überrascht und wusste gar nicht, was ich suchen soll. Hab dann einfach das gesucht, was hier alle suchen! Vielen Dank<br />]]></LOG>
<LOG><![CDATA[<img src='icon_smile.gif'>&nbsp;2008-12-23 by dop3<br><br />Nach dem Einkauf der restlichen Weihnachtsgeschenke gleich noch die Spuren gesucht und dann ab zum Final.<p>Frohes Fest euch allen <img src='http://www.geocaching.com/images/icons/icon_smile_big.gif' border=0 align=middle><p>[This entry was edited by dop3 on Wednesday, December 24, 2008 at 5:33:44 AM.]<br />]]></LOG>
<LOG><![CDATA[<img src='icon_smile.gif'>&nbsp;2008-12-22 by LUPO.79<br><br />Dank eines Werkstattbesuchs unseres Minibolliden, die freie Zeit genutzt und auch diesen Cache endlich absolviert. Nach schöner Runde, überraschte das Final mit einer unvorhergesehenen Locationen. Danke Tom für die schnelle Hilfe und das Legen!<p>Manchmal hat man schon Tomaten auf den Augen!<br />]]></LOG>
<LOG><![CDATA[<img src='icon_smile.gif'>&nbsp;2008-11-27 by Hoffi1986<br><br />Ich habe Mückenfett als netten Platzanweiser und Nachtwächter im Thomas-Müntzer-Park, als Bataillionskommandeur in der General-Fuchs-Kaserne kennengelernt, aber dass unser lieber Mückenfett auch hier einen Beruf hat, der mit viel Fantasie zu tun hat, hätte ich nicht gedacht. Die Idee eines solchen Caches hat mir doch gezeigt, dass zum GeoCaching mehr als nur Suchen und Logbuchfüllen ist, sondern dass die Fantasie immer mit dabei sein muss. Auf jeden Fall für mich der Punkt wo ich sage, das hat meine Fantasie angeregt und auch meinen Standpunkt zum geocachen verändert! Danke für diese Einsicht!<br>TFTC<br />]]></LOG>
<LOG><![CDATA[<img src='icon_smile.gif'>&nbsp;2008-10-30 by das Licht<br><br />Das war echt klasse. Ich war mir am final echt nicht sicher ob wir ihn jemals finden. <p>Wir haben aber nicht aufgegeben und gefunden <img src='http://www.geocaching.com/images/icons/icon_smile_wink.gif' border=0 align=middle><br />]]></LOG>
<LOG><![CDATA[<img src='icon_smile.gif'>&nbsp;2008-10-30 by Sonnen Strahl<br><br />Haben alles gut und schnell gefunden. Am, Final haben wir uns doch sehr schwer getan mit dem Finden. Eine wirklich richtig tolle Idee.<p>Danke<br />]]></LOG>
<LOG><![CDATA[<img src='icon_smile.gif'>&nbsp;2008-09-27 by Garmina B<br><br />Eigentlich habe ich heute hier eher den Eindruck, daß ich auf den Spuren von Herrn Mücke unterwegs bin<img src='http://www.geocaching.com/images/icons/icon_smile_big.gif' border=0 align=middle>. Vor dem Objekt war mir klar, hier ist wirklich 12 Uhr Schluß und es waren nur noch 25 min und bei mir noch momentan alle Leitungen belegt. Dann vermeintlich vor Ort panisch in brutforce Manier <img src='http://www.geocaching.com/images/icons/icon_smile_blush.gif' border=0 align=middle> vorgegangen - nischt!<br>Lesen bildet und dieser Cache war wirklich einer der Intelligenteren - prima gemacht!<img src='http://www.geocaching.com/images/icons/icon_smile_cool.gif' border=0 align=middle><br>TFTC von den Garmina Bs<br>Cache #501; logged Samstag 11:55Uhr<br />]]></LOG>
<LOG><![CDATA[<img src='icon_smile.gif'>&nbsp;2008-08-16 by Nopileos<br><br />Arggr Vqrr qvrfre Pnpur. Zny rgjnf naqrerf^^<p>Nyyreqvatf tno rf yrvpugr Irejveehatra frvgraf qrf crefbanyf, qvr qnpugra re vfg avpug zrue qn^^ (<a href="cache_details.aspx?pf=&guid=7641db24-c71b-410a-915f-da19268eebb2&decrypt=y&log=y&numlogs=" title="Decrypt">decrypt</a>)<br />]]></LOG>
<LOG><![CDATA[<img src='icon_smile.gif'>&nbsp;2008-08-01 by braendys<br><br />Den Cache heute bei Super-Sommerwetter gefunden. Es war ein schöner kleiner Spaziergang durch Mühlhausen, alle Stationen wurden ohne Probleme schnell gemeistert und auch der Final musste nicht lange gesucht werden. Tolle Idee!!<p>TFTC Team Braendys<br />]]></LOG>
<LOG><![CDATA[<img src='icon_smile.gif'>&nbsp;2008-07-03 by AT-AT<br><br />Mit gollumgandalf schon vor einiger Zeit die Stationen absolviert, heute nun das Final gefunden. Echt super gemacht! Vielen Dank für die außergewöhnliche Stadtführung!<br>PS: Das Final ist nun wieder so wie es sein soll.<br />]]></LOG>
<LOG><![CDATA[<img src='icon_smile.gif'>&nbsp;2008-07-01 by Gollum &amp; Galadriel<br><br />Ein wunderbarer Multi mit einem grandiosen Final. Nur leider geht so wie man es momentan vorfindet unserer Meinung nach die Pointe verloren. Schade <img src='http://www.geocaching.com/images/icons/icon_smile_sad.gif' border=0 align=middle>.<br>TFTC<br />]]></LOG>
<LOG><![CDATA[<img src='icon_smile.gif'>&nbsp;2008-05-26 by GeoSittiche<br><br />Aufgaben ohne Probleme gelöst,den Heimvorteil natülich ausgenutzt.Das Final ist brilliant vorbereitet.<br>Wir wollten schon aufgeben,doch ein alles klärender <br>Hint wies uns den Weg.<br>TFTC                  die GeoSittiche<br />]]></LOG>
<LOG><![CDATA[<img src='icon_smile.gif'>&nbsp;2008-05-22 by DL3BZZ<br><br /><b>#1172</b>   22. Mai 2008   14:15 Uhr<p>Und weiter geht es bei der kleinen Urlaubsrunde durch Mühlhausen.<br>Nach dem Mittag mit Tom und Silke ging es zum Final der Spurensuche. Zeitlich ging es vorher nicht. Sehr interessante Stadtführung mit einem tollen Final.<p>NRNR<p>Bis denne<br>Lutz, DL3BZZ + Kerstin<br />]]></LOG>
<LOG><![CDATA[<img src='icon_smile.gif'>&nbsp;2008-05-13 by madd.in<br><br />Dieser Cache ist wirklich was besonderes...<p>Man kann nur sagen: SELBER MACHEN...!!!<p>tftc madd.in <br />]]></LOG>
<LOG><![CDATA[<img src='icon_smile.gif'>&nbsp;2008-03-20 by Renault Family<br><br />Hier auf Osterbesuch in Mühlhausen einen sehr schön ausgearbeiteten Multi geloggt. Den sollte ich vielleicht kopieren und mal in Berlin einstellen<img src='http://www.geocaching.com/images/icons/icon_smile_big.gif' border=0 align=middle><br>Danke sagen Sandra, Max & Matti<br />]]></LOG>
<LOG><![CDATA[<img src='icon_smile.gif'>&nbsp;2008-03-10 by caprikitty<br><br />Ein absolutes Highlight und Muss für jeden der ihn noch nicht gemacht hat. Hatte diesen schon vor einiger Zeit angefangen, kam aber 3 Minuten vor Schließung zum Zielobjekt und damit war es Essig. Heute nun konnte ich ihn loggen. Sehr interessante Umsetzung einer genialen Idee. Der Eintrag auf dem Blatt vor mir ist sehr sehr interessant und hat mich ein weiteres Mal nach Finden dieses Caches schmunzeln lassen.<br>Mit dabei Sven (Muggel) der sich durch diese Idee immer mehr dem Geocaching hingezogen fühlt.<br>Vielen Vielen Dank, eben Tom-würdig!<br />]]></LOG>
<LOG><![CDATA[<img src='icon_smile.gif'>&nbsp;2008-01-26 by tbauer<br><br />Heute haben wir uns bei super Wetter auf diese tolle Spurensuche begeben.<br>Eine halbe Stunde vor Schließung des Final´s haben wir geloggt.<br>Ein großes Lob an Tom! Sehr gut gemacht.<p>TBauer<br><br />]]></LOG>
<LOG><![CDATA[<img src='icon_enabled.gif'>&nbsp;2007-12-08 by Mueckenfett<br><br />Alles bestens, weiter gehts.<br />]]></LOG>
<LOG><![CDATA[<img src='icon_note.gif'>&nbsp;2007-12-08 by Bara68<br><br />Ich habe mich heute wirklich beeilt, aber der empfohlene Parkplatz war voll, na gut ein Platz war noch frei für mich, aber es gibt glaube ich bessere Parkplätze, um die Spurensuche zu beginnen. Egal, ich habe dann alle Stationen gut gefunden und bin leider 15 min nach Schließung erst am Final gewesen. Bara68<br />]]></LOG>
<LOG><![CDATA[<img src='coord_update.gif'>&nbsp;2007-12-08 by Don Rocbeer<br><br /><strong>N 51° 12.531 E 010° 27.779</strong><br /><br />** Coordinates Changed From **<br>N 51° 12.606 E 010° 27.681<br>Distance From Old: 588.9 feet<br>Changed coords<br />]]></LOG>
<LOG><![CDATA[<img src='icon_disabled.gif'>&nbsp;2007-12-08 by Don Rocbeer<br><br />Wartung<br />]]></LOG>
<LOG><![CDATA[<img src='big_smile.gif'>&nbsp;2007-11-30 by Mueckenfett<br><br /><strong>N 51° 12.531 E 010° 27.779</strong><br /><br />Startpunkt neu<br />]]></LOG>
<LOG><![CDATA[<img src='icon_smile.gif'>&nbsp;2007-11-17 by gloomy<br><br />Super Sache! Haben uns am Vorabend die benötigten Daten besorgt. Wohin die Reise hingeht war ja bekannt und deshalb hatte ich den Spoiler erst fehlinterpretiert. Nach kurzer Rücksprache mit dem Owner war der Cache dann in Sekunden gefunden. VG und Danke, gloomy!<br />]]></LOG>
<LOG><![CDATA[<img src='icon_smile.gif'>&nbsp;2007-10-27 by ifindnix<br><br />Salvete!<br>Gemeinsam cachen macht am meisten Spaß <img src='http://www.geocaching.com/images/icons/icon_smile_big.gif' border=0 align=middle> und heute hatten wir in großer Runde sehr viel Spaß! <img src='http://www.geocaching.com/images/icons/icon_smile_wink.gif' border=0 align=middle><br>Zu dem Final kann man nur sagen: oberste cacher-Sahne! <img src='http://www.geocaching.com/images/icons/icon_smile_big.gif' border=0 align=middle><br>Vobis gratias agimus!<br>ifindnix & crew<br>#1120<br />]]></LOG>
<LOG><![CDATA[<img src='icon_smile.gif'>&nbsp;2007-10-27 by Team Kumunst<br><br />Schöner Spaziegang mit einem GRANDIOSEN Finale.<br>Danke an Mückenfett für diese toll umgesetzte Idee<br>Danke und Gruß<br>Team Kumunst<br />]]></LOG>
<LOG><![CDATA[<img src='icon_smile.gif'>&nbsp;2007-09-14 by Chris601<br><br />WOW! So simpel die Idee auch ist, so genial und ausgereift wurde umgesetzt!<p>Am Final angekommen, wusste ich auch, was es mit dem "Code" aus sich hat, gefunden habe ich auf den ersten Blick trotzdem nichts.<br>Als mir dann nach mind. 10min. etwas bekannt vor kam, konnte ich ein Grinsen nicht verbergen!<p>VIELEN DANK für diesen außergewöhnlichen Cache!<br />]]></LOG>
<LOG><![CDATA[<img src='icon_smile.gif'>&nbsp;2007-09-09 by Grottenolm87<br><br />Habe meinen Account von Knutsch&Fleck in Grottenolm87 gewechselt. Sollte jemand damit Probleme haben, kann er diesen Log ohne Kommentar löschen.<br>I´ve changed my account from Knutsch&Fleck to Grottenolm87. The log can discharge momentarily if somebody disagree with this.  <br><br />]]></LOG>
<LOG><![CDATA[<img src='icon_smile.gif'>&nbsp;2007-09-09 by Erithacus Rubecula<br><br />Abgestaubt!<br>Wir standen ja schon immer auf Bücher, aber auf diese Idee wären wir trotzdem nicht gekommen. Wir danken für eine tolle Suche und das grandiose Versteck.<br>TFTC<br />]]></LOG>
<LOG><![CDATA[<img src='icon_smile.gif'>&nbsp;2007-09-09 by Eichsgenossen<br><br />Go Trabbi go!<br>Um 13:30 Uhr.<br>...HUT AB AN TOM FÜR DIESE GENIALE VERSTECKIDEE...hatten Glück, dass heut Tag des offenen Denkmals war und wir nicht zu regulären Öffnungszeiten kommen mussten. Dank für die telefonische Hilfe an Tom.<br>TFTC<br />]]></LOG>
<LOG><![CDATA[<img src='icon_smile.gif'>&nbsp;2007-09-01 by JonnyH&#252;tchen<br><br />Zusammen mit Krümel die Spuren Mühlhausens besucht...<br>Hammerharter Cache, danke dafür an Mückentom !<p>Jonathan<br />]]></LOG>
<LOG><![CDATA[<img src='icon_smile.gif'>&nbsp;2007-09-01 by Kruemel68<br><br />Das ist ja wieder mal ein gelungenes Meisterwerk !!!<br>Da merkt man mal wieder, wie verbunden du mit unserer tollen Heimatstadt bist ! Wirklich toll gemacht, aus das Final <img src='http://www.geocaching.com/images/icons/icon_smile_wink.gif' border=0 align=middle>. Viele Grüße auch an die Angestellten...<p>Christel und Stefan grüßen die Mücke Thomas <br><img src='http://www.geocaching.com/images/icons/icon_smile_big.gif' border=0 align=middle><img src='http://www.geocaching.com/images/icons/icon_smile_big.gif' border=0 align=middle><img src='http://www.geocaching.com/images/icons/icon_smile_big.gif' border=0 align=middle><br>No trade <img src='http://www.geocaching.com/images/icons/icon_smile_big.gif' border=0 align=middle><br />]]></LOG>
<LOG><![CDATA[<img src='icon_smile.gif'>&nbsp;2007-08-28 by Die Hasenschnitzels<br><br />Hatten am Montag leider Pech. Die Location war am Kirmesmontag geschlossen <img src='http://www.geocaching.com/images/icons/icon_smile_dissapprove.gif' border=0 align=middle>. Deshalb gleich am nächsten Morgen wieder hin. Eigentlich war uns so halbwegs klar, was wir suchen mussten, aber es hat dann doch etwas gedauert. <br>Geniale Idee, damit hatten wir nun doch nicht gerechnet.<br>Ein toller Cache in einer tollen Location.<p>Danke schön<p>Jenny & Thorsten<p>PS: Die Erbsensuppe im angrenzenden Kirmeszelt ist spitze <img src='http://www.geocaching.com/images/icons/icon_smile_big.gif' border=0 align=middle><br />]]></LOG>
<LOG><![CDATA[<img src='icon_smile.gif'>&nbsp;2007-08-25 by Team Fire &amp; Ice<br><br />LOG: 11:12 UHR<br>Wahnsinn, was für ein Cache. Wir alle waren einfach nur begeistert und sprachlos als wir am Final ankamen. <img src='http://www.geocaching.com/images/icons/icon_smile_approve.gif' border=0 align=middle> Und sprachlos ist bei uns ja meistens niemand so schnell <img src='http://www.geocaching.com/images/icons/icon_smile_shy.gif' border=0 align=middle>.<br>Die Tour durch Mühlhausen´s Altstadt hat uns alle begeistert. Wir sind nicht zum ersten mal hier gewesen und doch gibt es immer wieder Neues zu entdecken. Alle Muggl´s hier in den Strassen hatten gute Laune und ein Lächeln im Gesicht, was sicher nicht nur am guten Wetter lag ... Mühlhausen war an diesem Wochenende in Kirmesstimmung! Und wir zum ersten Mal mit dabei. <img src='http://www.geocaching.com/images/icons/icon_smile_approve.gif' border=0 align=middle><br>Vielen Dank an den "Owner" und die "Umsetzer" für diesen absolut prima ausgedachten Cache.<p>Team Fire & Ice<br>Heiko und Steffi aus Erfurt<p>NO TRADE <img src='http://www.geocaching.com/images/icons/icon_smile_wink.gif' border=0 align=middle><br />]]></LOG>
<LOG><![CDATA[<img src='icon_smile.gif'>&nbsp;2007-08-23 by Hor_andy<br><br /><br>Da der Traveler77 und ich ebenso heute Zeit (die richtige Zeit) hatten, gingen wir mal ganz entspannt diesen Neuling an. Die einzelnen Stages waren dann auch schnell gelöst (einen kleinen Rechenfehler erstmal, kann ich hier ja zugeben) was uns jedoch am Final erwartete führte dazu das wir uns, den Cache in den Händen haltend, nur sprachlos ansahen. Das es erstmal soweit kommen konnte, verdanken wir dem Telefonjoker<img src='http://www.geocaching.com/images/icons/icon_smile_wink.gif' border=0 align=middle>. Also keine Angst vor Multi's, sondern diesen hier unbedingt angehen, das ist nicht nur zu empfehlen sondern ein unbedingtes Muss. Schade eigentlich, dass das kein 24/7er ist aber andererseits macht ihn das auch so einzigartig.<br>TFT(grandious)C<br><br />]]></LOG>
<LOG><![CDATA[<img src='icon_smile.gif'>&nbsp;2007-08-23 by Traveler77<br><br /><img src='http://www.geocaching.com/images/icons/icon_smile_big.gif' border=0 align=middle><img src='http://www.geocaching.com/images/icons/icon_smile_big.gif' border=0 align=middle><img src='http://www.geocaching.com/images/icons/icon_smile_big.gif' border=0 align=middle> FTF <img src='http://www.geocaching.com/images/icons/icon_smile_big.gif' border=0 align=middle><img src='http://www.geocaching.com/images/icons/icon_smile_big.gif' border=0 align=middle><img src='http://www.geocaching.com/images/icons/icon_smile_big.gif' border=0 align=middle> im Team mit Hor_Andy!<br>Dieser Cache gehört zu den Besten die ich bisher erlebt habe. Wer mal zur richtigen Uhrzeit in Mühlhausen ist , dem kann ich diesen Cache nur empfehlen. Denn lesen bildet wirklich. <img src='http://www.geocaching.com/images/icons/icon_smile_wink.gif' border=0 align=middle> TFTC<br />]]></LOG>
<LOG><![CDATA[<img src='icon_greenlight.gif'>&nbsp;2007-08-20 by JeeperMTJ.gc<br><br />Published<br />]]></LOG>
</LOGS>
<NOTES><![CDATA[]]></NOTES>
<IMAGES>
</IMAGES>
<TRAVELBUGS>
</TRAVELBUGS>
<URL><![CDATA[]]></URL>
<SOLVER><![CDATA[]]></SOLVER>
    <CACHE  name = "Spurensuche in M&#252;hlhausen" owner = "Mueckenfett" lat = "51,20885" lon = "10,462983333333" hidden = "2007-08-20" wayp = "GC1598X" status = "" ocCacheID = "" lastSyncOC = "20100419231003" num_recommended = "0" num_found = "-1" attributesYes = "34359738370" attributesNo = "2199023257600" boolFields="1922" byteFields="16978964" attributesYes1 = "0" attributesNo1 = "0" />
</CACHEDETAILS>
