<?xml version="1.0" encoding="ISO-8859-1"?>
<CACHEDETAILS>
<VERSION value = "3"/>
<DETAILS><![CDATA[<br><div align="center"><b>6i7 &ndash; 10_9 &ndash; 2s1 &ndash; 9l1
&ndash; 3c3 &ndash; 3:6 - 7b2 &ndash; 11_4 &ndash; 12l4 &ndash;
12!10 &ndash;<br />
1r4 &ndash; 5z4 &ndash; 9i6 &ndash; 1H1 &ndash; 5z9 &ndash; 4i5
&ndash; 1f6 &ndash; 12V1 &ndash; 6z4 &ndash;<br />
5_3 &ndash; 1i2 &ndash; 3C1- 6w5 &ndash; 7_5 &ndash; 8e3 &ndash;
10b1 &ndash; 4°8 &ndash;<br />
1_5 &ndash; 7_7 &ndash; 8u9 &ndash; 10ü6 &ndash; 6i10 &ndash; 1e10
&ndash; 7u9 &ndash;<br />
9e10 &ndash; 10n3 &ndash; 1e3 &ndash; 5w5 &ndash; 8l10 &ndash; 11e1
&ndash;<br />
4n1 &ndash; 5e6 &ndash; 9_7 &ndash; 1n8 &ndash; 5w10 &ndash;<br />
12ß9 &ndash; 2t2 &ndash; 8l1 &ndash; 11u2 &ndash;<br />
1i7 &ndash; 2_3 &ndash; 7E6 &ndash;<br />
12i2 &ndash; 3ü10 &ndash;<br />
7n8 &ndash;<br />
4f2 &ndash; 8i4 -<br />
11e5 &ndash; 12S6 &ndash; 2d7 &ndash;<br />
4n6 &ndash; 6_8 &ndash; 11i6 &ndash; 2D4 &ndash;<br />
8n5 &ndash; 11n7 &ndash; 9°2 &ndash; 8s6 &ndash; 1d9 &ndash;<br />
11n3 &ndash; 9w4 &ndash; 5.8 &ndash; 4i10 &ndash; 8_2 &ndash; 12e3
&ndash;<br />
2u5 &ndash; 8_7 &ndash; 9e5 &ndash; 6e1 &ndash; 4_3 &ndash; 9s8
&ndash; 6i2 &ndash;<br />
10e2 &ndash; 11s8 &ndash; 2e8 &ndash; 6e6 &ndash; 11.9 &ndash; 3h4
&ndash; 5i7 &ndash; 8n8 &ndash;<br />
10n10 &ndash; 2_6 &ndash; 5n1 &ndash; 7e3 &ndash; 2_10 &ndash; 4e4
&ndash; 2n9 &ndash; 3f9 &ndash; 5s2 &ndash;<br />
4e9 &ndash; 11_10 &ndash; 12p7 &ndash; 10f8 &ndash; 3a2 &ndash; 4s7
&ndash; 6_3 &ndash; 10.4 &ndash; 9i9 &ndash; 10n7 &ndash;<br />
12a8 &ndash;<br />
7e1 &ndash;<br />
3N7 &ndash;<br />
6s9 &ndash;<br />
7n4 &ndash;<br />
3e5 &ndash;<br />
12_5 &ndash;<br />
7l10 &ndash;<br />
10f5 &ndash;<br />
3_8 &ndash;<br />
9z3</b></div>]]></DETAILS>
<COUNTRY><![CDATA[Germany]]></COUNTRY>
<STATE><![CDATA[Thüringen]]></STATE>
<ATTRIBUTES>
   <ATT>firstaid-yes.gif</ATT>
   <ATT>winter-yes.gif</ATT>
   <ATT>night-yes.gif</ATT>
   <ATT>available-yes.gif</ATT>
   <ATT>motorcycles-yes.gif</ATT>
   <ATT>bicycles-yes.gif</ATT>
   <ATT>wheelchair-yes.gif</ATT>
   <ATT>parking-yes.gif</ATT>
   <ATT>dogs-yes.gif</ATT>
</ATTRIBUTES>
<HINTS><![CDATA[]]></HINTS>
<LOGS>
<OWNLOGID></OWNLOGID>
<OWNLOG><![CDATA[]]></OWNLOG>
<LOG><![CDATA[<img src='icon_smile.gif'>&nbsp;2010-02-18 by David+Chrissi<br><br />Heute konnten Wir endlich auch diesen Cache finden.Und das auch noch zu meinem Geburtstag...<img src='http://www.geocaching.com/images/icons/icon_smile_wink.gif' border=0 align=middle>  <img src='http://www.geocaching.com/images/icons/icon_smile_big.gif' border=0 align=middle><br>Das Rätsel ist ganz schön kniffelig, aber dann ist es eigentlich ganz einfach....<img src='http://www.geocaching.com/images/icons/icon_smile_approve.gif' border=0 align=middle><br>Bis Bald und Danke sagen<p>David+Chrissi<br />]]></LOG>
<LOG><![CDATA[<img src='icon_smile.gif'>&nbsp;2009-12-03 by FTT<br><br />Die Lösung lag schon länger vor.Nach zahlreichen Anfragen beim Owner wie man die Sache angehen soll konnte ich dann irgendwann das Rätsel lösen.Hatte absolut keine Vorstellung wie man diese Sache angehen soll, oder ich bin einfach zu blöd dafür<img src='http://www.geocaching.com/images/icons/icon_smile_big.gif' border=0 align=middle> Naja, nun hats geklappt und das Versteck zu finden war nicht wirklich schwer.<br>TFTC<br />]]></LOG>
<LOG><![CDATA[<img src='icon_smile.gif'>&nbsp;2009-12-03 by biba1981<br><br />zusammen mit FTT und 2bierchen zum suchen aufgemacht<img src='http://www.geocaching.com/images/icons/icon_smile_tongue.gif' border=0 align=middle> und gefunden<br />]]></LOG>
<LOG><![CDATA[<img src='icon_smile.gif'>&nbsp;2009-11-21 by Geo-Zwerge<br><br />auf tour mit monalisa812 und rüben geloggt<br>TFTC<br />]]></LOG>
<LOG><![CDATA[<img src='icon_smile.gif'>&nbsp;2009-11-21 by monalisa812<br><br />eiin schönes rätzel brauchte zwar ein anstubser! oder auch einen mehr! weiß nicht hab vermutlich tomaten auf den augen gehabt,<br>aber dann wo ich meine eigene technik hatte war er innerhalb von ner halben stunde gelöst!<br>danke für die idee!<br>nur schade nur einen micro zu finden!<br>egal schöne idee!<br>TFTC<br />]]></LOG>
<LOG><![CDATA[<img src='icon_smile.gif'>&nbsp;2009-11-21 by R&#252;ben<br><br />wenn man weiß wie dieses rätzel zu lösen ist, ist es kein problem mehr! <br>aber dann leider nur ein micro zu finden ist ein bischen schade!<br>TFTC<br />]]></LOG>
<LOG><![CDATA[<img src='icon_smile.gif'>&nbsp;2009-11-15 by Hardcore-UH<br><br />Nach vielen schlaflosen Nächten dann auf die berechnungsweiße gestoßen, dann das Ergebnis aufgeschrieben und danach dann gleich zum Final gefahren.<p>Das war mal ne echte krasse herausforderung, und es hat aber trotzdem spaß gemacht.<p><br>TFTC Team Hardcore-UH<br />]]></LOG>
<LOG><![CDATA[<img src='icon_smile.gif'>&nbsp;2009-10-17 by Tini1985<br><br />Schon lange gelöst und heut kurz vor 0 Uhr endlich schnell geloggt.Logbuch ist trotz Verpackung ziemlich feucht, hatten leider nix mit um es besser zu schützen.<br>TF für den schönen Knobel-Cache :-)<br>Tini1985<br />]]></LOG>
<LOG><![CDATA[<img src='icon_smile.gif'>&nbsp;2009-08-23 by Schippi38<br><br />Nach einem kleinen Hinweis der Owner klappte das entschlüsseln prima.<br>Der Outdoor-Teil stellte dann kein Problem mehr da.<br>Danke an die Hasenschnitzels!<br>Schippi38<br />]]></LOG>
<LOG><![CDATA[<img src='icon_smile.gif'>&nbsp;2009-07-18 by quequec<br><br />dank keythies kopfarbeit an den richtigen koordinaten, dank des eigenen gespürs gut gefunden! tftc und die encrypt - idee!<br />]]></LOG>
<LOG><![CDATA[<img src='icon_smile.gif'>&nbsp;2009-07-18 by keythie1<br><br />Liebe Hasenschnitzels, danke für den Tipp, ohne den wir das Rätsel nie gelöst hätten. Schnell gefunden und geloggt.<br>TFTC<br />]]></LOG>
<LOG><![CDATA[<img src='icon_smile.gif'>&nbsp;2009-06-21 by fox-hunter_I<br><br />quasi ein "Haustürgeschäft" für uns <img src='http://www.geocaching.com/images/icons/icon_smile_wink.gif' border=0 align=middle> ... danke an die Owner das ihr uns den richtigen Lösungsweg bestätigt habt ... diese Art von Rätsel war uns auch noch nicht begegnet. Nette Sache! <br>TFTC<br>fox-hunter_I <br />]]></LOG>
<LOG><![CDATA[<img src='icon_smile.gif'>&nbsp;2009-04-28 by wauzi08<br><br />beim zeiten anlauf dann doch geschafft und gefunden<br />]]></LOG>
<LOG><![CDATA[<img src='icon_smile.gif'>&nbsp;2009-04-04 by cjt2007<br><br />Beim ersten Blick war ich etwas verwirrt, doch dann schnell die Gedanken sortiert und einem schnellem Fund stand nichts mehr im Wege.<p>Danke für dieses coole Rätsel.<br />]]></LOG>
<LOG><![CDATA[<img src='icon_smile.gif'>&nbsp;2009-02-16 by wombat62<br><br />Nach einem Tip vom Owner hatte ich das Rätsel schon vor Wochen gelöst. Heute nun konnte ich endlich den Cache bei naßkaltem Wetter und eisigem Wind loggen.<p>Vielen Dank sagt Wombat62<br />]]></LOG>
<LOG><![CDATA[<img src='icon_smile.gif'>&nbsp;2008-12-14 by KaputtesLicht<br><br />Die Lösung hab ich schon lange liegen, endlich war ich mal wieder in Mühlhazsen und konnte ihn loggen! Vielen Dank<br />]]></LOG>
<LOG><![CDATA[<img src='icon_smile.gif'>&nbsp;2008-10-31 by Hoffi1986<br><br />Nachdem das Rätsel beim zweiten Blick endlich gelöst war, konnte ich ihn heben, Heute endlich noch gefunden, doch dann die böse Überraschung: Döschen ab und Logbuch feucht. Also Hoffi macht das schon. Das alte Logbuch hat die Ruhe auf der Heizung genossen und das Döschen war auch schnell wieder heile. Danach noch ein bisschen Liebe in Form einer verschliessbaren, kleinen Plastiktüte und einem Bleistift am 1. November wieder angebracht. Ich hoffe er bleibt jetzt länger trocken ohne zu faulen.<br>TFTC<br />]]></LOG>
<LOG><![CDATA[<img src='icon_smile.gif'>&nbsp;2008-10-05 by le_rapunzel<br><br />Als Capone mir den Cacheausdruck zum Lösen in die Hand drücken wollte, hab ich dankend abgelehnt. <img src='http://www.geocaching.com/images/icons/icon_smile_wink.gif' border=0 align=middle><br>Dann gab er mir einen Wink mit dem Zaunsfeld, so dass ich die Lösung gar nicht mehr übersehen konnte und plötzlich war alles ganz einfach.<br>Wirklich eine super Idee zur Verschlüsselung!!!<br>Danke und viele Grüße aus Leipzig.<br />]]></LOG>
<LOG><![CDATA[<img src='icon_smile.gif'>&nbsp;2008-10-05 by Capone72<br><br />Nach einem kleinen Tipp konnte ich das Rätsel knacken. Die vier Sterne hat die Aufgabe wirklich verdient. Vielen Dank für die vielen Minuten des Nachdenkens.<p>Das Logbuch ist sehr klamm. Könnte mal eine Fönkur vertragen.<p>Vielen Dank und viele Grüße aus Leipzig.<br />]]></LOG>
<LOG><![CDATA[<img src='icon_smile.gif'>&nbsp;2008-09-19 by LUPO.79<br><br />Dank Hilfestellung von Hor_Andy recht fix gelöst und heut auch schnell gefunden. Auf was für Rätselideen man auch kommen kann...<br>Der Cache braucht dringend Wartung, Logbuch is total feucht!<br />]]></LOG>
<LOG><![CDATA[<img src='icon_smile.gif'>&nbsp;2008-09-06 by nudenn<br><br />Ein Cache auf meiner 2008'er Radtour die als Anlauf zum 6. Leipziger "zu Fuss" Event in der Dübener Heide an Unstrut, Werra, Weser und Elbe vorbei führt. <br>Vielen Dank den fleißigen Schatzmeistern entlang der Strecke.<br>Hat bitte Verständnis, das die Logs nicht sehr differenziert ausfallen - aber nach xxx km Radfahrt ...<p>im Zweiten Anlauf doch noch gefunden.<p>Viele Grüße von<br><img src='http://www.geocaching.com/images/icons/icon_smile.gif' border=0 align=middle>nudenn<img src='http://www.geocaching.com/images/icons/icon_smile.gif' border=0 align=middle><br><br />]]></LOG>
<LOG><![CDATA[<img src='icon_smile.gif'>&nbsp;2008-08-30 by ifindnix<br><br />Salvete!<br>Wir waren mal wieder gemeinsam mit Team Kumunst auf cache-Tour in Thüringen <img src='http://www.geocaching.com/images/icons/icon_smile_big.gif' border=0 align=middle> und konnten erfolgreich beenden, was wir in der Heimat mit rauchenden Köpfen und gekräuselter Denkerstirn begonnen hatten.<br>Vobis gratias agimus!<br>ifindnix & crew <br />]]></LOG>
<LOG><![CDATA[<img src='icon_smile.gif'>&nbsp;2008-08-30 by Team Kumunst<br><br />Hier haben wir ordentlich um die Ecke denken müssen. Dies Dose musste warten, bis wir mal wieder in MHL waren.<br>Danke und Gruß<br>Team Kumunst<br />]]></LOG>
<LOG><![CDATA[<img src='icon_smile.gif'>&nbsp;2008-07-20 by dop3<br><br />mit kleinen tip vom owner gefunden!<br />]]></LOG>
<LOG><![CDATA[<img src='icon_smile.gif'>&nbsp;2008-05-18 by GeoSittiche<br><br />Nach einem knappen Hint von erfahrenen Cachern haben wir auf einem Zettel die Lösung vorbereitet und dann auch schnell den Cache gefunden,schöne Idee.<br>Danke                          die GeoSittiche<br />]]></LOG>
<LOG><![CDATA[<img src='icon_smile.gif'>&nbsp;2008-03-24 by oldboy2<br><br />Habe schon mehrfache Versuche unternommen den Code zu knacken, aus lauter Verzweifelung Gestern diesen Ansatz versucht ... Heute 12:20 Uhr gefunden <img src='http://www.geocaching.com/images/icons/icon_smile_cool.gif' border=0 align=middle><p>War ziemlich schwierig, aber hat viel Spaß gemacht, danke für das schöne Rätsel und den Cache.<p>Oldboy2 und "Die Frau ais Holland" <img src='http://www.geocaching.com/images/icons/icon_smile_wink.gif' border=0 align=middle><br />]]></LOG>
<LOG><![CDATA[<img src='icon_smile.gif'>&nbsp;2008-03-23 by Renault Family<br><br />Das Rätzel zu knacken dauerte länger, als das Finden des Döschen´s.<br>Danke sagen Sandra & Matti<br />]]></LOG>
<LOG><![CDATA[<img src='icon_smile.gif'>&nbsp;2008-03-22 by Grottenolm87<br><br />Habe meinen Account von Knutsch&Fleck in Grottenolm87 gewechselt. Sollte jemand damit Probleme haben, kann er diesen Log ohne Kommentar löschen.<br>I´ve changed my account from Knutsch&Fleck to Grottenolm87. The log can discharge momentarily if somebody disagree with this.  <br><br />]]></LOG>
<LOG><![CDATA[<img src='icon_smile.gif'>&nbsp;2008-03-22 by madd.in<br><br />Im Schutz der Dunkelheit ist das hier echt besser :)<br>Die Lösung ging fix<br>tftc madd.in<br />]]></LOG>
<LOG><![CDATA[<img src='icon_smile.gif'>&nbsp;2008-03-22 by Erithacus Rubecula<br><br />Abgestaubt!<br>Die Lösung hatten wir recht schnell nurdas heben hat lange auf sich warten lassen. Aber heute nacht gings dann, im Anschluss auf die Katzentreppen. TFTC 1:15 Uhr<p>Knutsch&Fleck<br />]]></LOG>
<LOG><![CDATA[<img src='icon_smile.gif'>&nbsp;2008-03-18 by AT-AT<br><br />zusammen mit gollumgandalf gelöst und gefunden<br>TFTC<br />]]></LOG>
<LOG><![CDATA[<img src='icon_smile.gif'>&nbsp;2008-03-18 by Gollum &amp; Galadriel<br><br />Dolles Ding, echt genial!!!<br>Ich hatte überhaupt keinen Plan, aber Frauchen hat sich dran festgebissen und schließlich die zündende Idee. Dann mit Sohnemann schnell entschlüsselt und....da liegt der doch quasi vor der Türe. Nur mit dem Loggen haben wir dann lieber gewartet bis es dunkel war.<br>Danke für diesen kniffligen Cache!<br />]]></LOG>
<LOG><![CDATA[<img src='icon_smile.gif'>&nbsp;2008-03-02 by 2wsx4rfv<br><br />Entgegen der skeptischen Bemerkung von Bara68 habe ich das Rätsel ohne fremde Hilfe gelöst.  Ich saß zwar lange davor und konnte mich nicht mal auf eine Verschlüsselungsart festlegen. Der Gedanke aber, daß nur bestimmte Zahlen vorkommen und noch ein anderer Umstand führten aber dann zu dem berühmten Aha-Erlebnis.<br>Wirklich eine tolle Chiffrierung!  <b><font color="blue">   551 </b></font><br>P.s.: An dieser Stelle kann man aber nur sonntagmorgens bei Dauerregen ungestört loggen. Das Versteck bzw. das Loggen ist für mein Empfinden zu gut allseitig beobachtbar.<br />]]></LOG>
<LOG><![CDATA[<img src='icon_smile.gif'>&nbsp;2008-02-03 by FroehlicheRadlerin<br><br />Nachdem ich das knifflige Rätsel schon vor einer Weile mit Baras Hilfe geknackt hatte, konnte ich heute auch endlich loggen. Vielen Dank und Grüße aus Nord-Brandenburg!<br />]]></LOG>
<LOG><![CDATA[<img src='icon_smile.gif'>&nbsp;2008-01-27 by Bara68<br><br />Nachdem ich den Lösungsweg kannte, war das Lösen der Aufgabe ein Kinderspiel. Aber mal ehrlich - ohne einen Hinweis zum Entschlüsseln - ist man gezwungen, Hellzusehen oder zum Telefon zu greifen. Ich wusste gar nicht, dass wir hier in der Gegend so viele hochbegabte Geocacher haben, die solch ein Rätsel durch "Nachdenken" lösen konnten. <p>Den Cache selber habem wir schnell gefunden.<p>Bara68 + Kind<br />]]></LOG>
<LOG><![CDATA[<img src='icon_smile.gif'>&nbsp;2008-01-24 by Eichsgenossen<br><br />...nach langer Zeit heute endlich bei Dunkelheit am Finale.<br>Genial-schwer, aber einfach wenn man den Lösungsweg weiß.<br>Zugegeben ,wir haben Tag davor gesessen und an unserem logischen Denken gezweifelt,bis endlich der Groschen gefalle ist....<br>           Gruß von den Eichsgenossen <br><br />]]></LOG>
<LOG><![CDATA[<img src='icon_smile.gif'>&nbsp;2007-12-29 by Jack Outdoor<br><br />In einer lustigen Cacherrunde an diesem kalten Tag unterwegs gewesen. Es hat viel Spaß gemacht. Danke!<br />]]></LOG>
<LOG><![CDATA[<img src='icon_smile.gif'>&nbsp;2007-12-29 by haenselmen<br><br />Im Team der Arnstädter unterwegs ,zum ersten mal.<br>Sechs erwachsene Männe allein unterwegs!!!!!!<br>Mal was anderes .<br>Vielen Dank.<br>Viele Grüße aus Arnstadt<br><br />]]></LOG>
<LOG><![CDATA[<img src='icon_smile.gif'>&nbsp;2007-12-29 by Bl&#252;mchenBande<br><br />Nettes Rätsel und schönes Versteck, da geht doch sogar ein entsprechend geformter Regular rein <img src='http://www.geocaching.com/images/icons/icon_smile_big.gif' border=0 align=middle><img src='http://www.geocaching.com/images/icons/icon_smile_big.gif' border=0 align=middle>. TFTC<br />]]></LOG>
<LOG><![CDATA[<img src='icon_smile.gif'>&nbsp;2007-12-29 by kasimodo<br><br />Eine schöne Idee!<br>Danke und viele Grüße aus Arnstadt<br>Kasimodo<br />]]></LOG>
<LOG><![CDATA[<img src='icon_smile.gif'>&nbsp;2007-12-29 by Yalla<br><br />Vielen Dank fürs Zeigen. Die Art des Versteckens macht langsam Schule.<br><img src='http://www.geocaching.com/images/icons/icon_smile_cool.gif' border=0 align=middle><br>Viele Grüße von Yalla im Team der Arnstädter Cacher<br />]]></LOG>
<LOG><![CDATA[<img src='icon_sad.gif'>&nbsp;2007-12-16 by nudenn<br><br />Rätsel gelöst - Cache leider nicht gefunden.<img src='http://www.geocaching.com/images/icons/icon_smile_sad.gif' border=0 align=middle><br>Wir kommen wieder. Viele Grüße von nudenn  <img src='http://www.geocaching.com/images/icons/icon_smile_wink.gif' border=0 align=middle><br />]]></LOG>
<LOG><![CDATA[<img src='icon_smile.gif'>&nbsp;2007-12-13 by caprikitty<br><br />Danke für den schnellen Cache, bei dem man(n und frau) auch ein wenig überlegen musste.<br />]]></LOG>
<LOG><![CDATA[<img src='icon_smile.gif'>&nbsp;2007-12-08 by unwissenheit<br><br />Heut vor dem Event war dies der 4te meiner kleinen Tour, ...leider ohne die Schnitzels!<br>*schnief*<p>Nettes Versteck, ... wo hab ich diese Versteckidee schon mal gesehen?? Ah ja ... dies machte diesen Cache in sekundenschnelle zum Found!<p>thx und gruß sagt unwissenheit <br />]]></LOG>
<LOG><![CDATA[<img src='icon_needsmaint.gif'>&nbsp;2007-11-18 by gloomy<br><br />Leider war ich heute Morgen noch etwas zu grobmotorisch veranlagt. So habe ich die "Befestigung" beschädigt und hatte der Durchreise nichts zum reparieren dabei. Habe die Dose am Fuße des nächstgelegenen Baumes abgelegt. Sorry!!!<br />]]></LOG>
<LOG><![CDATA[<img src='icon_smile.gif'>&nbsp;2007-11-18 by gloomy<br><br />Die Lösung lag schon ein paar Wochen auf dem Schreibtisch, heute Morgen konnte nun der praktische Teil folgen. VG und Danke, gloomy!<br />]]></LOG>
<LOG><![CDATA[<img src='icon_smile.gif'>&nbsp;2007-11-10 by Traveler77<br><br />Was lange dauert wird am Ende meistens gut. Und so nun konnte ich auch diesen kniffligen Cache heben. <img src='http://www.geocaching.com/images/icons/icon_smile_wink.gif' border=0 align=middle> TFTC<br />]]></LOG>
<LOG><![CDATA[<img src='icon_smile.gif'>&nbsp;2007-11-03 by Team Fire &amp; Ice<br><br />LOG: 17:36 Uhr<br>FUCKING war der gut! <img src='http://www.geocaching.com/images/icons/icon_smile_tongue.gif' border=0 align=middle><br>Die Lösung viel uns nicht schwer, war uns noch bekannt von einer gemeinsamen Tour mit den Hasenschnitzels <img src='http://www.geocaching.com/images/icons/icon_smile_big.gif' border=0 align=middle>.<br>Hoffen auf ein Wiedersehen mit Euch!!!<p>Liebe Grüße aus Erfurt vom <p>Team Fire & Ice<br>Heiko und Steffi<br />]]></LOG>
<LOG><![CDATA[<img src='icon_smile.gif'>&nbsp;2007-10-02 by Hor_andy<br><br /><br>Hab's gefunden, nettes Versteck. das Rätsel ist aber auch ordentlich kniffelig. TFTC<br><br />]]></LOG>
<LOG><![CDATA[<img src='icon_smile.gif'>&nbsp;2007-09-13 by ArnGeko<br><br />Nachdem das Rätsel schon vor einigen Tagen gelöst wurde, war ich heut nun in der Gegend und konnte den praktischen Beweis für die Richtigkeit der Entschlüsselung antreten. Vielen Dank für einen sehr gut gemachten Cache <img src='http://www.geocaching.com/images/icons/icon_smile_cool.gif' border=0 align=middle><br />]]></LOG>
<LOG><![CDATA[<img src='icon_smile.gif'>&nbsp;2007-09-06 by Chris601<br><br />Auch wenn der erste Blick verwirrte, hat es nicht lange gedauert, bis ich das Rätsel gelöst hatte.<p>Hier in MHL war ja ganz schön was los in meinem Urlaub. viele neue Caches direkt vor der Haustür <img src='http://www.geocaching.com/images/icons/icon_smile.gif' border=0 align=middle><p>Vielen Dank für diesen!<br />]]></LOG>
<LOG><![CDATA[<img src='icon_smile.gif'>&nbsp;2007-09-01 by JonnyH&#252;tchen<br><br />Mit Krümel gerätselt und geloggt.<p>Jonathan<br />]]></LOG>
<LOG><![CDATA[<img src='icon_smile.gif'>&nbsp;2007-09-01 by Kruemel68<br><br />Zugegeben, mit einer kleinen Hilfe dann den Code geknackt, das Rätsel gelöst und ab zum Final. Wie gesagt: gern mehr davon <img src='http://www.geocaching.com/images/icons/icon_smile_clown.gif' border=0 align=middle>.<p>Es grüßen Christel und Stefan<br />]]></LOG>
<LOG><![CDATA[<img src='icon_note.gif'>&nbsp;2007-09-01 by ArnGeko<br><br />Erster Schritt getan: Entschlüsselt. Hat Spass gemacht, schöne Idee, vielen Dank. Zweiter Schritt: heben ... mal sehen wann ich wieder hierherkomme ... viele Grüsse bis dahin an Alle.<br />]]></LOG>
<LOG><![CDATA[<img src='icon_greenlight.gif'>&nbsp;2007-08-31 by tupperman<br><br />Published<br />]]></LOG>
<LOG><![CDATA[<img src='icon_smile.gif'>&nbsp;2007-08-31 by Mueckenfett<br><br />Was für ein gemeines Rätsel und das noch zum Geburtstag,aber in aller frühe(2 Uhr)den kleinen in den Händen halten dürfen.<br>Tom <br />]]></LOG>
<LOG><![CDATA[<img src='icon_smile.gif'>&nbsp;2007-08-31 by S&#246;ckchen<br><br />Der Owner hat uns Punkt 24.00 Uhr einen Besuch abgestattet und gleich ein schönes Geburtstagsgeschenk dabei gehabt. Des Rätsels Lösung konnten wir dann ca. 2 Stunden später in den Händen halten. Danke an Thorsten und Jenny für diesen Cache.<br>Grüßchen Silke<br />]]></LOG>
</LOGS>
<NOTES><![CDATA[]]></NOTES>
<IMAGES>
</IMAGES>
<TRAVELBUGS>
</TRAVELBUGS>
<URL><![CDATA[]]></URL>
<SOLVER><![CDATA[]]></SOLVER>
    <CACHE  name = "Um die Ecke gedacht" owner = "Die Hasenschnitzels" lat = "51,203333333333" lon = "10,46" hidden = "2007-08-31" wayp = "GC15HF9" status = "" ocCacheID = "" lastSyncOC = "20100419230450" num_recommended = "0" num_found = "-1" attributesYes = "15393168558083" attributesNo = "0" boolFields="1922" byteFields="34081320" attributesYes1 = "0" attributesNo1 = "0" />
</CACHEDETAILS>
