<?xml version="1.0" encoding="ISO-8859-1"?>
<CACHEDETAILS>
<VERSION value = "3"/>
<DETAILS><![CDATA[<p align="center"><img src=
"http://img.geocaching.com/cache/f3336454-cad2-49b0-9d42-ad6251911473.jpg" /></p>
<br />
<p align="center"><b>Freundschaft verzaubert,<br />
sie macht gute Zeiten noch besser<br />
und läßt schlechte Zeiten vergessen.</b></p>
<br />
<br />
<br><p align="center">Dieser Cache ist für zwei aussergewöhnlich liebe
Geocacher und deren Freunde. Wir möchten uns damit für die vielen
schönen Stunden bei der gemeinsamen Suche, den Radtouren, den
Events und bei anderen Feierlichkeiten bedanken. Gleichzeitig
wollen wir auf diese schöne alte Stadt aufmerksam machen. Ein
Besuch zur "Spurensuche in Mühlhausen" lohnt auf jeden Fall!<br />
<br />
Der Cache:<br />
<b>Bei der Suche braucht Ihr kein Privatgrundstück oder Grünanlagen
betreten, keine Treppen steigen, keine Grabearbeiten durchführen,
keine Hilfsmittel benutzen und nirgendwo einen Mitmenschen
wecken.<br />
Also ein gaaanz einfacher Micro! Bitte Stift mitbringen!</b></p>
<br />
<p align="center">Die Cachewartung übernehmen natürlich wir!
<img src="http://www.geocaching.com/images/icons/icon_smile.gif"
border="0" align="middle" /><br />
Da bereits ein Spoiler eingestellt ist, freuen wir uns über Bilder
von der Location.</p>]]></DETAILS>
<COUNTRY><![CDATA[Germany]]></COUNTRY>
<STATE><![CDATA[Thüringen]]></STATE>
<ATTRIBUTES>
   <ATT>stroller-yes.gif</ATT>
   <ATT>winter-yes.gif</ATT>
   <ATT>available-yes.gif</ATT>
   <ATT>motorcycles-yes.gif</ATT>
   <ATT>bicycles-yes.gif</ATT>
   <ATT>onehour-yes.gif</ATT>
   <ATT>parking-yes.gif</ATT>
   <ATT>dogs-yes.gif</ATT>
</ATTRIBUTES>
<HINTS><![CDATA[Fcbvyreovyq]]></HINTS>
<LOGS>
<OWNLOGID></OWNLOGID>
<OWNLOG><![CDATA[]]></OWNLOG>
<LOG><![CDATA[<img src='icon_smile.gif'>&nbsp;2010-03-29 by Kami79<br><br />das spoilerbild hat uns doch etwas verwirrt da wir schon an die heben der hinkelsteine dachten...  nach genauem hinschauen dann um 22:05 gefunden, geloggt und alles ordentlich verpackt...<p>DFDC  Kami+kleinstrolch<br />]]></LOG>
<LOG><![CDATA[<img src='icon_smile.gif'>&nbsp;2010-03-28 by Gispi Hunters<br><br />Gut und schnell gefunden.<p>TFTC Team "Gispi Hunters"<br />]]></LOG>
<LOG><![CDATA[<img src='icon_smile.gif'>&nbsp;2010-03-27 by UlliSilke<br><br />Nach dem "Mauerfall" stand dem Kleinen nun nichts mehr im Wege. Danke sagt UlliSilke.<br />]]></LOG>
<LOG><![CDATA[<img src='icon_smile.gif'>&nbsp;2010-03-27 by saheimast<br><br />Einen erfolgreichen Caching-Tag mit Satchmo77 und Fhuti83 in Mühlhausen erlebt. TFTC<br />]]></LOG>
<LOG><![CDATA[<img src='icon_smile.gif'>&nbsp;2010-03-27 by Fhuti83<br><br />Dank Schwiegermuggel schnell gefunden. Zusammen mit saheimast und satchmo77 unterwegs. TFTC<br />]]></LOG>
<LOG><![CDATA[<img src='icon_smile.gif'>&nbsp;2010-03-27 by Satchmo77<br><br />Auf Cachingtour mit Saheimast und Fhuti83 auch diesen gut gefunden! TFTC<br />]]></LOG>
<LOG><![CDATA[<img src='icon_smile.gif'>&nbsp;2010-02-05 by Borstelfamilie<br><br />Auf dem Weg in den Norden gefunden.<br>Danke für den Cache<br>Die Borstelfamilie<br />]]></LOG>
<LOG><![CDATA[<img src='icon_smile.gif'>&nbsp;2010-01-23 by Jon&amp;Liz<br><br />#133<p>Nach dem „20 Jahre Mauerfall“ gleich mit genommen!<p>Vielen Dank! Jon & Liz<br />]]></LOG>
<LOG><![CDATA[<img src='icon_smile.gif'>&nbsp;2009-12-28 by hblack<br><br />Dank Spoiler gefunden! T4T$!<br>Logged from my phone using the Geocache Navigator by Trimble<br />]]></LOG>
<LOG><![CDATA[<img src='icon_smile.gif'>&nbsp;2009-11-22 by Querfahrer<br><br />Hier mussten wir natürlich auch noch vorbei!!! Erst das Döschen und dann noch das sehr nette Cacherpaar, was in der Nähe wohnt, getroffen. <p>Danke für den Cache<p>Grüße<br>Susi und Uwe<p><br />]]></LOG>
<LOG><![CDATA[<img src='icon_smile.gif'>&nbsp;2009-11-10 by malipa<br><br />Heute auf einem kleinen Spaziergang durch Mühlhausen gefunden. Schöne Idee, da guckt man erstmal nicht schlecht...<br>TFTC<br>Li vom Team Malipa<br />]]></LOG>
<LOG><![CDATA[<img src='icon_smile.gif'>&nbsp;2009-10-30 by Prinzessin_Mimi<br><br />Diese Nacht recht schnell gefunden.<br>Vor ein paar Wochen schon mal dort gewesen und ohne GPS verzweifelt :D<br>TFTC ;)<br />]]></LOG>
<LOG><![CDATA[<img src='icon_smile.gif'>&nbsp;2009-10-30 by Darmsaft<br><br />Gesucht, gefunden und mächtig über die Dose gelacht <img src='http://www.geocaching.com/images/icons/icon_smile_tongue.gif' border=0 align=middle> TFTC :D<br />]]></LOG>
<LOG><![CDATA[<img src='icon_smile.gif'>&nbsp;2009-10-27 by Tini1985<br><br />nach der arbeit schnell mitgenommen. lustiger cache. sehr schnell gefunden. leider hab ich mich beim datum etwas vertan :D<p>TFTC Wolfi (von Tini1985)<br />]]></LOG>
<LOG><![CDATA[<img src='icon_smile.gif'>&nbsp;2009-10-21 by Karolli<br><br />Welche Steine sind's denn nun?! <br>Gut, dass wir da waren, wenn andere Menschen arbeiten!<br>TFTC <p>PS: Waren heute etwas verwirrt! Das Logdatum im Buch ist veraltet <img src='http://www.geocaching.com/images/icons/icon_smile_blush.gif' border=0 align=middle> Dort stehen wir mit dem 20.10. drin! <br />]]></LOG>
<LOG><![CDATA[<img src='icon_smile.gif'>&nbsp;2009-10-03 by DasKnie<br><br />Heute beim Feiertagsspaziergang die Dose gesehen, wegen akuter Muggelei eine kleine Schleife gelaufen und dann fix geloggt.<p>TFTC!<br />]]></LOG>
<LOG><![CDATA[<img src='icon_smile.gif'>&nbsp;2009-09-18 by David+Chrissi<br><br />Am Abend schnell gefunden, sehr gut platziert.<br>TFTC<br>Liebe Grüße,<br>David+Chrissi<br />]]></LOG>
<LOG><![CDATA[<img src='icon_smile.gif'>&nbsp;2009-09-15 by hoffe_goe<br><br />Fast vorbei gelaufen, auf unserer kleinen Mühlhausenrunde!<br>TFTC!<br />]]></LOG>
<LOG><![CDATA[<img src='icon_smile.gif'>&nbsp;2009-09-07 by Hardcore-UH<br><br />naja man war einmal in der nähe, und da haben wir mal gleich vorbei geschaut, Kaffee gab es leider nicht!!!!!hehehe<br />]]></LOG>
<LOG><![CDATA[<img src='icon_smile.gif'>&nbsp;2009-09-04 by Hawkbounce<br><br />Mit dem Team meines Vertrauens, mal wieder auf Tour gewesen.<p>TFTC Hawkbounce<br />]]></LOG>
<LOG><![CDATA[<img src='icon_smile.gif'>&nbsp;2009-09-04 by sixpack KS<br><br />Mit einer schnellen Crew - ein schneller Zugriff.<p>TFTC sixpack ks<br />]]></LOG>
<LOG><![CDATA[<img src='icon_smile.gif'>&nbsp;2009-09-04 by michael3005<br><br />Heute im bewährten Team mit Yanthana, Sixpack KS und Hawkbounce gut und sicher gefunden.<p>TFTC<p>Michael3005<br />]]></LOG>
<LOG><![CDATA[<img src='icon_smile.gif'>&nbsp;2009-09-04 by yanthana<br><br />Auf Tour mit Michael3005, Sixpack KS und Hawkbounce. Diesen Cache dabei gut und sicher gefunden.<p>TFTC<p>Yanthana<br />]]></LOG>
<LOG><![CDATA[<img src='icon_smile.gif'>&nbsp;2009-08-23 by compiprofi<br><br />Station 13 auf unserer Mühlhausen Liste: ......abgearbeitet. TFTC<br />]]></LOG>
<LOG><![CDATA[<img src='icon_smile.gif'>&nbsp;2009-08-23 by Cori87<br><br />Zusammen mit Nathus (siehe unten) gefunden. Dankeschön!!<br />]]></LOG>
<LOG><![CDATA[<img src='icon_smile.gif'>&nbsp;2009-08-23 by Nathus<br><br />Mit meiner Band D:PROJEKT weilten wir in Mühlhausen zum evang. Jugendtag. Nach dem Gig im Dunkeln blieb Zeit zum Cachen <img src='http://www.geocaching.com/images/icons/icon_smile_cool.gif' border=0 align=middle>.<br>Danke.<p><font color="green"><b>*Nathus*</b></font><br />]]></LOG>
<LOG><![CDATA[<img src='icon_smile.gif'>&nbsp;2009-08-11 by leoni_1984<br><br />Schönes Ding! Gefunden mit Kathy und denn Cachedogs Benni und Jacky! Danke fürs zeigen! <br />]]></LOG>
<LOG><![CDATA[<img src='icon_smile.gif'>&nbsp;2009-07-14 by FTT<br><br />Biba und Burnair hab ich nichts weiter hinzuzufügen.Auf jeden Fall weis man jetzt wo der MHLer Vorzeigecacher seine Versteckpläne ausheckt <img src='http://www.geocaching.com/images/icons/icon_smile_wink.gif' border=0 align=middle><br />]]></LOG>
<LOG><![CDATA[<img src='icon_smile.gif'>&nbsp;2009-07-14 by biba1981<br><br />ob uns jemand gesehn hat<img src='http://www.geocaching.com/images/icons/icon_smile_tongue.gif' border=0 align=middle><br />]]></LOG>
<LOG><![CDATA[<img src='icon_smile.gif'>&nbsp;2009-07-14 by burnair<br><br />auch hier waren wir...schnell gelogt und weiter gings<br />]]></LOG>
<LOG><![CDATA[<img src='icon_smile.gif'>&nbsp;2009-07-12 by MeyerBienchen<br><br />im team akg4555 gefunden, jetzt mit eigenem account nachgeloggt...<p>tftc<br />]]></LOG>
<LOG><![CDATA[<img src='icon_smile.gif'>&nbsp;2009-07-12 by akg4555<br><br />gemeinsam mit MeyerBienchen gefunden, tftc<br />]]></LOG>
<LOG><![CDATA[<img src='icon_smile.gif'>&nbsp;2009-06-16 by kaFFeeTrinKer<br><br />Mist kein Spoilerbild dabei! Aber ging auch so ganz fix.<br />]]></LOG>
<LOG><![CDATA[<img src='icon_smile.gif'>&nbsp;2009-05-31 by Red Caboose<br><br />Gemeinsam mit Team Irrwitzer schnell gefunden.<br>TFTC Gruß Red Caboose.<br />]]></LOG>
<LOG><![CDATA[<img src='icon_smile.gif'>&nbsp;2009-05-31 by Irrwitzer<br><br />Wir haben versucht, ganz leise zu sein, um niemanden zu wecken <img src='http://www.geocaching.com/images/icons/icon_smile_wink.gif' border=0 align=middle>.<br>TFTC Team Irrwitzer<br />]]></LOG>
<LOG><![CDATA[<img src='icon_smile.gif'>&nbsp;2009-05-31 by Horse-Team<br><br />Auf Tour durch Mühlhausen auch diesen Cache gut mit variblue und kpit51 bei schönem Wetter gefunden. <br>TFTC<br>Horse-Team<br />]]></LOG>
<LOG><![CDATA[<img src='icon_note.gif'>&nbsp;2009-05-31 by kpit51<br><br />Beim Besuch von Mühlhausen leider die beiden nicht angetroffen aber aus versehen den gelben Bus mitgenommen <img src='http://www.geocaching.com/images/icons/icon_smile_wink.gif' border=0 align=middle><br>Gruß<br>Peter<br />]]></LOG>
<LOG><![CDATA[<img src='icon_smile.gif'>&nbsp;2009-05-31 by variblue<br><br />Auf einer landschaftlich sehr schönen Tour nach Mühlhausen zusammen mit dem<br>Horse-Team und kpit51 haben wir auch diesen Cache gut und schnell gefunden.<br>Leider war niemand zu Hause, aber trotzdem mercì an Tom & Silke, dass ich hier und heute meinen 1400ten Cache finden durfte.<br>Als Bonbon haben wir hier sogar noch einen großen gelben TB bestaunen können.<p>Danke für den Cache.<p>Gruß<br><b><font color="blue">variblue</b></font><p><b><font color="red">#  1 4 0 0</b></font><p><br><br />]]></LOG>
<LOG><![CDATA[<img src='icon_smile.gif'>&nbsp;2009-05-26 by uhri<br><br />Auch hier mal fix vorbeigeschaut. Hier wohnt nun der größte Dosen Sucher und Verstecker weit und breit mit Fam.<br>Gut gefunden.<br>TFTC Uhri<br />]]></LOG>
<LOG><![CDATA[<img src='icon_smile.gif'>&nbsp;2009-05-01 by freiluftfan<br><br />am kampf- und feiertag schnell gefunden und unter beobachtung einer katze geloggt.<br />]]></LOG>
<LOG><![CDATA[<img src='icon_smile.gif'>&nbsp;2009-04-19 by Sobo<br><br />Alligateuse und ich haben einen Ausflug nach Muehlhausen und Umgebung gemacht und wollten an diesem Cache nicht achtlos vorueberziehen. <br>Bequemes Doeschen, sogar bei der Administration kann man ganz gemuetlich Platz nehmen. <br>Herzlichen Dank fuer den Cache und Gruesse aus der Nordheide,<br>Sobo<br />]]></LOG>
<LOG><![CDATA[<img src='icon_smile.gif'>&nbsp;2009-04-19 by Kuchenmops<br><br />Jeden anderen Cache an einer ähnlichen Location hätte ich sicher kopfschüttelnd ignoriert, in diesem Fall war es zum Glück etwas völlig anderes. Die Hausherren, die uns zuvor schon ein tolles CITO-Event bescherten, standen noch in der Haustür und gaben gaaanz unauffällig einen Wink wo das Dösle steckt.<br />]]></LOG>
<LOG><![CDATA[<img src='icon_smile.gif'>&nbsp;2009-04-19 by Nidolli<br><br />Jetzt weiß ich also, wo der liebe Herr Mückenfett und seine liebe Frau wohnen...<br>Da es sehr muggelig vor Ort zuging, nutzten wir gleich das Spoilerfoto. Kurz danach hielten wir den Cache in den Händen.<br>Dies war unser letzter Fund in Mühlhausen an dem Tag. Wir kommen sicher bald mal wieder.<br>Vielen Dank fürs Verstecken!<p><b><font color="purple">* 641 *</font></b><br />]]></LOG>
<LOG><![CDATA[<img src='icon_smile.gif'>&nbsp;2009-04-19 by alligateuse<br><br />Große Mühlhausen-Tour mit sobo <img src='http://www.geocaching.com/images/icons/icon_smile_big.gif' border=0 align=middle> während frau tÖse noch an einer anderen Stelle zugange war, hatte Herr sobo das Döschen schon geortet und mit kundigen Fingern aus seinem Versteck befreit.<p>Danke fürs Verstecken, Grüße aus Hamburg,<br>Annett<br />]]></LOG>
<LOG><![CDATA[<img src='icon_smile.gif'>&nbsp;2009-04-19 by LadyOscar<br><br />Unauffällig Loggen war hier leider nicht möglich, da uns die Hausherren auf frischer Tat ertappten.  <img src='http://www.geocaching.com/images/icons/icon_smile_big.gif' border=0 align=middle><br>Herzlichen Dank nochmal für die Gastfreundlichkeit und den kleinen Bonus  	<img src='http://www.geocaching.com/images/icons/icon_smile_wink.gif' border=0 align=middle> <p>Viele Grüße <br />]]></LOG>
<LOG><![CDATA[<img src='icon_smile.gif'>&nbsp;2009-04-19 by Dr.A.Colian<br><br />Dies ist denn der letzte Cache unserer heutigen Tour... Mückenfett & Söckchen waren wohl nicht zu Hause?! Warum wohl?! <img src='http://www.geocaching.com/images/icons/icon_smile_big.gif' border=0 align=middle><p>Die Dose war schnell gehoben, nur mussten wir dann etwas warten mit dem Verstecken, da Anwohnermuggel sich grad in der näheren Umgebung aufhielten.<p>Danke für die Dose und Grüße,<br>Dr.A.Colian<p>#614<br />]]></LOG>
<LOG><![CDATA[<img src='icon_smile.gif'>&nbsp;2009-04-19 by Sharky77<br><br />Heute nach dem Müllsammelevent noch schnell hier angehalten. TFTC! Und Guß an den Hausherrn :-)<br />]]></LOG>
<LOG><![CDATA[<img src='icon_smile.gif'>&nbsp;2009-04-17 by agp<br><br />Ein kleines Detail an einem vor der Cachelocation abgestellten Auto verriet uns: Ja, hier sind wir richtig! <img src='http://www.geocaching.com/images/icons/icon_smile_big.gif' border=0 align=middle><br>Das ging ja nun wirklich schnell...<p>Gruß und Dank<br>agp<br><br />]]></LOG>
<LOG><![CDATA[<img src='icon_note.gif'>&nbsp;2009-03-31 by Team Fire &amp; Ice<br><br />Cachekontrolle, alles i.O.. <img src='http://www.geocaching.com/images/icons/icon_smile_big.gif' border=0 align=middle><p>Grüße an Euch<p>Heiko<br />]]></LOG>
<LOG><![CDATA[<img src='icon_smile.gif'>&nbsp;2009-03-24 by MaxThomas<br><br />Wer ist die alte rührige Dame, die ihren Stubentiger auf mich gehetzt hat? Silke? Ist Tom der Kater? Das sollte eigentlich ein Mystery werden!<img src='http://www.geocaching.com/images/icons/icon_smile_shock.gif' border=0 align=middle><br>Grüße,<br>MaxThomas<br />]]></LOG>
<LOG><![CDATA[<img src='icon_smile.gif'>&nbsp;2009-03-09 by Kerny77<br><br />Ach nee, grad die logs vor mir gelesen. war nicht bewusst bei wem ich da bin, na denn grüße an den hausherrn, wenn ich das richtig verstanden habe kennen wir uns flüchtig <img src='http://www.geocaching.com/images/icons/icon_smile.gif' border=0 align=middle><br>Mit mulmigen gefühl gefunden, geloggt und schnell wieder weg. <br />]]></LOG>
<LOG><![CDATA[<img src='icon_smile.gif'>&nbsp;2009-03-07 by 0-Rgeiz<br><br />In Vorbereitung unserer ersten Thüringen-Tour - aus familiärem Anlaß - stellte ich schnell fest, daß in Mühlhausen Mueckenfett dominiert.<br>Ich hatte mir sein Profil angesehen und eine Anzahl Caches studiert.<br>Etwas verdattert stellte ich an diesem Cache fest: Er steht vor uns!!<br>Es folgte eine angeregte Unterhaltung.<br>@Mueckenfett:<br>Was wir diesmal nicht angehen konnten - wir kommen wieder!<br>Motiviert.<br>Besucht uns in Winsen.<br>Gruß von<br>Null Ehrgeiz<br />]]></LOG>
<LOG><![CDATA[<img src='icon_smile.gif'>&nbsp;2009-03-07 by itzibitzi<br><br />Mit 0-Rgeiz heute auf "Onkel-Heinz-Gedächtnis-Caching-Tour" gewesen.<br>Das Gerät hatte sich gerade aufgehängt.<br>Muggels in der Nähe des Cache, die partout nicht weggehen wollten. Dann lösten die auch noch "Cacher-Alarm" aus.<br>Wir standen am Heim einer lokalen Cacher-Größe:<br>"Mueckenfett".<br>Es folgte ein netter Plausch, bei dem wir Neulinge von Mueckenfett auf interessante Caches aufmerksam gemacht wurden.<br>Wenn Ihr in unsere Nähe (Winsen/Aller) kommt, seid Ihr herzlich willkommen.<br>Auch wenn kein Cache vor unserer Haustür liegt.<br><br />]]></LOG>
<LOG><![CDATA[<img src='icon_smile.gif'>&nbsp;2009-02-07 by Schnullerbacke77<br><br />Auf lustiger Mühlhausen-Tour mit Frittenbude70, Smeagol, Michael01 und die Hoffi´s1986.<img src='http://img.groundspeak.com/forums/emoticons/signal/big_smile.gif' width=19 height=19 border=0 align=middle><br>Ruckzuck gefunden und um nicht weiter Aufmerksamkeit zu erregen, schnell weiter.<p>Vielen Dank für diesen Cache und viele Grüsse<br>Schnullerbacke77<br />]]></LOG>
<LOG><![CDATA[<img src='icon_smile.gif'>&nbsp;2009-02-07 by Team Fribu70 &amp; Schnuba77<br><br /><font color="green"><i><b>Die Verrückten zogen wieder los, um nochmal Mühlhausen zu erobern. Diesmal dabei: Schnullerbacke77, Michael01, Steiff-Teddy, äh nein Plüschbär alias Smeagol, Hoffi1986 (nicht immer, aber immer öfter!) und die Frau mit den Haaren auf der Brust.<img src='http://img.groundspeak.com/forums/emoticons/signal/big_smile.gif' width=19 height=19 border=0 align=middle></b></i></font><p>Ja, auch hier wurden wir schnell fündig, da wir so ein Teil schon kannten. Na wo hat denn der kleine Michael wieder abgeschaut?<img src='http://www.geocaching.com/images/icons/icon_smile_clown.gif' border=0 align=middle><p><br><b>Vielen Dank für den Cache!</b><br />]]></LOG>
<LOG><![CDATA[<img src='icon_smile.gif'>&nbsp;2009-02-07 by smeagol<br><br /><font color="red">1551.</font> Rudelcachen in und um Mühlhausen mit Schnullerbacke77, Frittenbude70, michael01 und (die meiste Zeit) Hoffi1986! <p>Auch hier haben wir mal schnell vorbeigeschaut!! <p>Danke und Gruß, Smeagol<br />]]></LOG>
<LOG><![CDATA[<img src='icon_smile.gif'>&nbsp;2009-02-07 by michael01<br><br />Heute waren wir unterwegs mit Smeagol, Schnullerbacke77 und Frittenbude70, um Mühlhausen unischer zu machen. In Mühlhausen haben wir noch Hoffi1986 aufgelesen, der uns als Ortskundiger zu allen strategisch günstig gelegenen Caches durch die Stadt gelotst hat.<p>Auf dem Weg zum Gemeinen Mühlenfiesling sind wir hier vorbeigekommen und haben die Gelegenheit genutzt, um uns auch hier im Logbuch zu verewigen. Dieser Cache erinnert uns irgendwie an einen ähnlichen Cache von einem gewissen "Michael01".<p>Danke und viele Grüße<br>Michael01<br>#1384<br />]]></LOG>
<LOG><![CDATA[<img src='icon_note.gif'>&nbsp;2009-02-01 by Die Hasenschnitzels<br><br />Kurz mal was abgelegt ...<br />]]></LOG>
<LOG><![CDATA[<img src='icon_smile.gif'>&nbsp;2009-01-17 by monalisa812<br><br />na aber hallo das ist ja mal ne idee! hoffe ihr habt in den briefkasten geschaut! ....<br />]]></LOG>
<LOG><![CDATA[<img src='icon_smile.gif'>&nbsp;2009-01-16 by R&#252;ben<br><br />schöner cach <br />]]></LOG>
<LOG><![CDATA[<img src='icon_smile.gif'>&nbsp;2009-01-16 by Geo-Zwerge<br><br />TOM & SILKE SIE HABEN POST :-)<br>coole idee<br>erst die frage (sind wir hier richtig???) dann auto mit cacheaufkleber gesehen und jo wir sind richtig auf zum suchen<p>TFTC<br />]]></LOG>
<LOG><![CDATA[<img src='icon_smile.gif'>&nbsp;2008-12-30 by Schippi38<br><br />Diesen Kleinen, nach einem Tip von Geofutz, heute schnell gefunden.<br>Danke sagt Schippi38!<br />]]></LOG>
<LOG><![CDATA[<img src='icon_smile.gif'>&nbsp;2008-12-01 by mara.de<br><br />Schneller Log, einige Meter Abweichung, das Bild half. Tolle GC-Dichte hier! Schade, dass mir die Zeit zum Cachen fehlte.<br />]]></LOG>
<LOG><![CDATA[<img src='icon_smile.gif'>&nbsp;2008-11-08 by Hoffi1986<br><br />In der Dunkelheit schnell gefunden!<br>TFTC<br />]]></LOG>
<LOG><![CDATA[<img src='icon_smile.gif'>&nbsp;2008-11-03 by geofutz<br><br />Ersten Versuch vor Monaten abgebrochen, erschien uns doch zu privat. Obwohl Geokatha (5 Jahre) sofort das GC-Logo auf einem schwarzen Auto, welches vor dem Haus parkte erkannt hatte.<br>Irgendwann ging mir dann ein Licht auf und heute diesen Cache schnell gefunden und "Muggelsicher" geloggt.<br>Schöne Grüße aus dem Eichsfeld nach Mühlhausen<br>und Danke für # 336.<br>BYE Geofutz.<br />]]></LOG>
<LOG><![CDATA[<img src='icon_smile.gif'>&nbsp;2008-11-01 by Steppenwolf6666<br><br />Schnell und gut gefunden und auch niemanden geweckt.<br />]]></LOG>
<LOG><![CDATA[<img src='icon_smile.gif'>&nbsp;2008-11-01 by Blacky59<br><br />Mit Steppenwolf6666 unterwegs gewesen und auch hier vorbei gekommen.<br />]]></LOG>
<LOG><![CDATA[<img src='icon_smile.gif'>&nbsp;2008-10-30 by das Licht<br><br />Schnell gefunden<p>Danke<br />]]></LOG>
<LOG><![CDATA[<img src='icon_smile.gif'>&nbsp;2008-10-30 by Sonnen Strahl<br><br />Waren erst etwas unsicher, haben dann aber doch schnell und sicher zugegriffen.<p>Danke<br />]]></LOG>
<LOG><![CDATA[<img src='icon_smile.gif'>&nbsp;2008-10-24 by Kirsche 7a<br><br />Erfolgreicher Besuch! TFTC, Kirsche 7a<br />]]></LOG>
<LOG><![CDATA[<img src='icon_smile.gif'>&nbsp;2008-10-24 by two rubsners<br><br />Schnell gefunden und Gruß an die Geocacher.<br />]]></LOG>
<LOG><![CDATA[<img src='icon_smile.gif'>&nbsp;2008-10-23 by X-Gang<br><br />Bei der morgendlichen Joggingrunde wurde dieses Versteck entdeckt. Ohne Spoiler <img src='http://www.geocaching.com/images/icons/icon_smile_question.gif' border=0 align=middle>, aber mit minimaler Erinnerung an den Hint war die Suche nicht ganz einfach.<br>Danke und Grüße von der X- Gang.<p><br />]]></LOG>
<LOG><![CDATA[<img src='icon_smile.gif'>&nbsp;2008-09-27 by Garmina B<br><br />So wirklich öffentlich kam mir die Lokalität nicht vor.<br>TFTC von den Garmina Bs<br>Cache #502; logged 12:15Uhr<br />]]></LOG>
<LOG><![CDATA[<img src='icon_smile.gif'>&nbsp;2008-09-15 by dop3<br><br />auf dem Rückweg von "Karl Theodor" geloggt! TFTC<br />]]></LOG>
<LOG><![CDATA[<img src='icon_smile.gif'>&nbsp;2008-09-08 by kalimo<br><br />Auch dieser war einfach zu finden. Zum Glück waren keine Muggels da. TFTC<br><br />]]></LOG>
<LOG><![CDATA[<img src='icon_note.gif'>&nbsp;2008-09-01 by Team Fire &amp; Ice<br><br />Cachkontrolle durchgeführt! Alles okay!<p>Liebe Grüße aus Erfurt<br />]]></LOG>
<LOG><![CDATA[<img src='icon_smile.gif'>&nbsp;2008-08-26 by BastiVW<br><br />schnell gefunden<br />]]></LOG>
<LOG><![CDATA[<img src='icon_smile.gif'>&nbsp;2008-08-22 by Morglin<br><br />Auf unserer Reise hatten wir einen freien Vormittag, den ich zum Cachen genutzt habe. Schnell gefunden. Danke für diesen,<br>Morglin<br />]]></LOG>
<LOG><![CDATA[<img src='icon_smile.gif'>&nbsp;2008-08-12 by kleinerMuck77<br><br />Auf einem schönen Spaziergang durch Mühlhausen gut gefunden - vielen Dank.<p>#431<p><br />]]></LOG>
<LOG><![CDATA[<img src='icon_smile.gif'>&nbsp;2008-08-04 by le_rapunzel<br><br />Zum Glück stand vor der Haustür ein Auto, welches einen neuen Besitzer suchte. Als Kaufinteressenten getarnt ging das Bergen und Loggen recht problemlos.<br>Danke für diesen Cache und viele Grüße aus Leipzig.<br />]]></LOG>
<LOG><![CDATA[<img src='icon_smile.gif'>&nbsp;2008-08-04 by Capone72<br><br />Das kleine Döschen war gut zu finden. Ich kam mir ein wenig Beobachtet vor, aber vielleicht war es ja nur der Wind, der die Gardinen bewegte.<p>Vielen Dank fürs Verstecken.<br />]]></LOG>
<LOG><![CDATA[<img src='icon_smile.gif'>&nbsp;2008-07-10 by Team BBM<br><br />Leise und wir denken unauffällig geloggt <img src='http://www.geocaching.com/images/icons/icon_smile_blush.gif' border=0 align=middle> .<p>Danke für diesen Cache <br>Team BBM<br />]]></LOG>
<LOG><![CDATA[<img src='icon_smile.gif'>&nbsp;2008-07-02 by Moor2007<br><br />Heute mittag gelogt.<p>TFTC sagt moor2007<br />]]></LOG>
<LOG><![CDATA[<img src='icon_smile.gif'>&nbsp;2008-06-29 by GeoSittiche<br><br />Schöner Cache,die beste Zeit zum Geocachen ist zum<br>Endspiel der Fußball-EM mit deutscher Beteidigung<br>(Keine Sau auf der Strasse)<br>TFTC<br>Die GeoSittiche<br />]]></LOG>
<LOG><![CDATA[<img src='icon_smile.gif'>&nbsp;2008-06-08 by DENK<br><br />Der war echt gar nicht so weit weg vom Eventort, deshalb ausnahmsweise unsreren Prinzipien untreu geworden.<br>THX - Team DENK<br />]]></LOG>
<LOG><![CDATA[<img src='icon_smile.gif'>&nbsp;2008-06-08 by Strauchdieb<br><br />Upps, hier liegt ja auczh noch einer! Rein ins Gipi, mitnehmen.<br>Danke sagen Maik und Sabine<br />]]></LOG>
<LOG><![CDATA[<img src='icon_smile.gif'>&nbsp;2008-06-08 by felixwh<br><br />Zusammen mit Bara68 anläßlich Mückenfetts 5K Event wurde auch dieser Cache gehoben. elen Dank an die Owner und an die Gastgeber.<br><br />]]></LOG>
<LOG><![CDATA[<img src='icon_smile.gif'>&nbsp;2008-06-08 by Zuckerpl&#228;tzchen<br><br />Heute mit odink eine kleine Runde in Mühlhausen gedreht auf dem Weg zu Mückenfetts 5k Event und ein paar Dosen gehoben...<p>Musste mitgenommen werden!<p>Tara,<br>Zuckerplätzchen.<br />]]></LOG>
<LOG><![CDATA[<img src='icon_smile.gif'>&nbsp;2008-06-08 by odink<br><br />Heute zusammen mit Zuckerplätzchen zum 5k-Event von Mückenfett nach MHL gefahren. <p>Iergendwann musste ich mir mal die Beine vertreten...<p>Danke<br>odink<br>#729<br><br />]]></LOG>
<LOG><![CDATA[<img src='icon_smile.gif'>&nbsp;2008-06-08 by kpit51<br><br />Im Rahmen des 5k-Events auch durch die Riesensteine gewühlt und den Cache gefunden. <p>Vielen Dank<br>Peter und Brigitte<br />]]></LOG>
<LOG><![CDATA[<img src='icon_smile.gif'>&nbsp;2008-06-08 by Bara68<br><br />Heute haben ich zusammen mit Felixwh im Rahmen des Mueckenfett´s 5 K Event diesen hier schnell gefunden. Ein wirklich attraktives Fotomontagebild wird hier präsentiert und hat sicherlich nicht nur Tom & Silke sondern uns allen gefallen. Viele Dank an das Team Team Fire & Ice  für diesen Cache. Bara68 <br />]]></LOG>
<LOG><![CDATA[<img src='icon_smile.gif'>&nbsp;2008-05-24 by funki<br><br />Auch diesen zusammen mit *sarah*, Slentil, inge + dunsi sowie polizei gut gefunden. Danke dafür.<br>Funki<p><br />]]></LOG>
<LOG><![CDATA[<img src='icon_smile.gif'>&nbsp;2008-05-24 by *sarah*<br><br />Anfangs waren wir leicht verwirrt, da man ja laut Beschreibung kein Privatgelände betreten muss. Dann wagten wir uns doch in die Einfahrt und wurden mit einem Döschen belohnt. Danke<br />]]></LOG>
<LOG><![CDATA[<img src='icon_smile.gif'>&nbsp;2008-05-24 by Polizei<br><br />Auch die Einfahrt zu einer Garage ist Privatgrundstück, auch wenn kein Zaun vorhanden ist.<br>Aber wir wollten ja nur mal schauen ob Tom und Silke dort wohnen und sind über das Drogendöschen gestolpert.<p>Coins sind auf keinen Fall mehr in der Dose<br />]]></LOG>
<LOG><![CDATA[<img src='icon_smile.gif'>&nbsp;2008-05-24 by slentil<br><br />Irgendwie war das doch ein Privatgrundstück auf das wir da mußten und entsprechend war unsere Hemmschwelle, denn Nachbars schauten schon ganz mißtrauisch vom Balkon zu uns rüber.<br>Letztlich siegte dann aber die Frechheit und wir konnten den Cache loggen.<br />]]></LOG>
<LOG><![CDATA[<img src='icon_smile.gif'>&nbsp;2008-05-24 by dunsi<br><br />also ein Privatgrundstück war zu betreten. Danke sagen Inge+Dunsi<br>p.s.: Die Coins haben wir zumindest nicht gesehen. Wie kann man denn auch Münzen in diese kleine Dose pressen???<br />]]></LOG>
<LOG><![CDATA[<img src='icon_smile.gif'>&nbsp;2008-05-22 by DL3BZZ<br><br /><b>#1181</b>   22. Mai 2008   20:05 Uhr<p>Und weiter geht es bei der kleinen Urlaubsrunde durch Mühlhausen, es sollte der letzte Fund heute werden.<br>War nett mit Silke und Tom noch ein bissl zu klönen.<br>Vielen Dank für den Cache.<p>NRNR<p>Bis denne<br>Lutz, DL3BZZ + Kerstin<br />]]></LOG>
<LOG><![CDATA[<img src='icon_smile.gif'>&nbsp;2008-05-18 by Capricorn Girl<br><br />Rückfahrt vom Urlaub auf Fehmarn. Irgendwie mußte dieser Cache hier noch gesucht werden. <img src='http://www.geocaching.com/images/icons/icon_smile_big.gif' border=0 align=middle><p>War gemeinsam mit Team Fire & Ice und Hondje Amanda hier. <br>Hier habe ich den Tom und die Silke getroffen, danke für den Kuchen. <img src='http://www.geocaching.com/images/icons/icon_smile.gif' border=0 align=middle><br>Danke!<p>Grüße vom<br>Capricorn Girl<br>Vanessa<br />]]></LOG>
<LOG><![CDATA[<img src='icon_smile.gif'>&nbsp;2008-05-18 by Hondje Amanda<br><br />Gemeinsam mit meinem  Herrchen und Frauchen war ich heut auf der Suche nach diesem Cache und ich habe ihn gefunden.<p>Vielen Dank sagt<br>Euer Hondje Amanda<br />]]></LOG>
<LOG><![CDATA[<img src='icon_note.gif'>&nbsp;2008-05-18 by Team Fire &amp; Ice<br><br />2 Coin´s in<br />]]></LOG>
<LOG><![CDATA[<img src='icon_smile.gif'>&nbsp;2008-05-18 by didi50<br><br />quasi in vorbei fahren gefunden danke<br />]]></LOG>
<LOG><![CDATA[<img src='icon_smile.gif'>&nbsp;2008-05-05 by AT-AT<br><br />Heute mit gollumgandalf auf einer kleinen MHL-Radrundfahrt gefunden.<br>TFTC<br />]]></LOG>
<LOG><![CDATA[<img src='icon_smile.gif'>&nbsp;2008-05-05 by Gollum &amp; Galadriel<br><br />Heut nun endlich mit dem Rad auf dem Weg zur Straußenfarm einen kleinen Umweg gemacht und geloggt.<br>TFTC<br />]]></LOG>
<LOG><![CDATA[<img src='icon_smile.gif'>&nbsp;2008-04-04 by SwedenHawk<br><br />Auf dem Weg zum Megaevent in Holland diese kleine Dose ganz ohne Cachebeschreibung und Spoilerfoto gefunden. <img src='http://www.geocaching.com/images/icons/icon_smile_cool.gif' border=0 align=middle> <p>Danke an Tom und Silke für die Bereitstellung der Location und an Steffi und Heiko für die Dose. <p>Auf das wir noch viele Caches gemeinsam finden werden!<p>Gruß Axel<br />]]></LOG>
<LOG><![CDATA[<img src='icon_smile.gif'>&nbsp;2008-03-23 by madd.in<br><br />Quasi im vorbeifahren :D<p>tftc madd.in<br />]]></LOG>
<LOG><![CDATA[<img src='icon_smile.gif'>&nbsp;2008-03-09 by TLord<br><br />Schade, daß diejenigen nicht da waren, denen der Cache gilt.<br />]]></LOG>
<LOG><![CDATA[<img src='icon_smile.gif'>&nbsp;2008-03-09 by 2wsx4rfv<br><br />Zusammen mit TLord, Caching-Buddy und Muelli96 schnell gelogged. <b><font color="blue">   564 </b></font><br />]]></LOG>
<LOG><![CDATA[<img src='icon_smile.gif'>&nbsp;2008-03-09 by Caching-Buddy<br><br />Heute im Rudel mit 2wsx4rfv, TLord und Muelli96 da gewesen.<p>TFTC sagt Caching-Buddy<br />]]></LOG>
<LOG><![CDATA[<img src='icon_smile.gif'>&nbsp;2008-03-09 by Muelli96<br><br />#385<p>Tom und Silke waren leider nicht zuhause, trotzdem haben wir den mal schnell geloggt!<br />]]></LOG>
<LOG><![CDATA[<img src='icon_smile.gif'>&nbsp;2008-02-25 by C.C.Cache<br><br />Nachdem ich die Freude hatte, Tom und Silke am Wochenende kennenzulernen, musste ich diesen Cache in Mühlhausen anfahren. Vielen Dank!<br>TFTC <img src='http://www.geocaching.com/images/icons/icon_smile_big.gif' border=0 align=middle> <font face="comic sans ms"> <font><b><i><font color="blue">C.</font><font color="red">C.</font><font color="green">C</font><font color="blue">a</font><font color="red">c</font><font color="green">h</font><font color="blue">e </b></i></font><font size="2"> <img src='http://www.geocaching.com/images/icons/icon_smile_cool.gif' border=0 align=middle> <b><font color="purple"> # 165  </b></font><br />]]></LOG>
<LOG><![CDATA[<img src='icon_smile.gif'>&nbsp;2008-02-16 by alice<br><br />Nach dem Frust beim Geburtstagscache besuchten wir Tom und Silke sowie diesen Cache. Einer Coin und einem TB konnten wir so zu einem Besuch im schönen Mühlhausen verhelfen.<br />]]></LOG>
<LOG><![CDATA[<img src='icon_smile.gif'>&nbsp;2008-02-10 by hi2k<br><br />Gut gefunden und schnell weiter!<br>Danke für den Cache sagt:<br>hi2k<br />]]></LOG>
<LOG><![CDATA[<img src='icon_smile.gif'>&nbsp;2008-02-10 by x Deadman x<br><br />Auf unseren heutigen Mühlhausen Tour auch diesen Cache einen Besuch abgestattet.<br>THX4$ & Gruß<br>Deadman<br>*1014*<br />]]></LOG>
<LOG><![CDATA[<img src='icon_smile.gif'>&nbsp;2008-02-10 by Nordhesse<br><br />Den Cache haben wir gefunden, aber zu Hause war leider niemand :-D<p>TFTC, Nordhesse<br />]]></LOG>
<LOG><![CDATA[<img src='icon_smile.gif'>&nbsp;2008-02-10 by Comod&#237;n<br><br />Erst ein wenig gestutzt, dann aber das Auto mit Aufkleber entdeckt...<img src='http://www.geocaching.com/images/icons/icon_smile_wink.gif' border=0 align=middle><br>TFTC,<br>Comodín<br />]]></LOG>
<LOG><![CDATA[<img src='icon_smile.gif'>&nbsp;2008-02-10 by Barbie&amp;Bruettler<br><br />Auch diesen auf unserer kleinen Mühlhausen Tour gut gefunden. Leider war keiner zuhause...<br>Danke<br>B&B<br>-2074-<br />]]></LOG>
<LOG><![CDATA[<img src='icon_smile.gif'>&nbsp;2008-01-13 by LUPO.79<br><br />Heute nun endlich auch diesen gehoben. Kann auch nur Merci Tom & Silke sagen, denn den ein oder anderen Tip hatten sie bisher immer parat! TFTC<br />]]></LOG>
<LOG><![CDATA[<img src='icon_smile.gif'>&nbsp;2008-01-12 by oldboy2<br><br />Auf unserer Mühlhausen-Cachetour schnell gefunden und ein "GC-Auto" gesehen.<p>TFTC<br>Oldboy2 und "Die Frau aus Holland" <img src='http://www.geocaching.com/images/icons/icon_smile_wink.gif' border=0 align=middle><br />]]></LOG>
<LOG><![CDATA[<img src='icon_smile.gif'>&nbsp;2007-12-29 by Jack Outdoor<br><br />In einer lustigen Cacherrunde an diesem kalten Tag unterwegs gewesen. Es hat viel Spaß gemacht. Danke!<br />]]></LOG>
<LOG><![CDATA[<img src='icon_smile.gif'>&nbsp;2007-12-29 by haenselmen<br><br />Im Team der Arnstädter unterwegs ,zum ersten mal.<br>Sechs erwachsene Männe allein unterwegs!!!!!!<br>Man kommt ganz schön rum.<br>Viele Grüße aus Arnstadt<br><br />]]></LOG>
<LOG><![CDATA[<img src='icon_smile.gif'>&nbsp;2007-12-29 by Bl&#252;mchenBande<br><br />Ein Griff, da war er. Auf unserem Rundgang durch Mühlhausen gefunden. TFTC<br />]]></LOG>
<LOG><![CDATA[<img src='icon_smile.gif'>&nbsp;2007-12-29 by kasimodo<br><br />Die Arnstädter Cacher besuchten heute im großen Team Mühlhausen.Bei so einem Aufgebot, da war der Cache schnell geborgen!<br>Vielen Dank und Gruß<br>Kasimodo<br />]]></LOG>
<LOG><![CDATA[<img src='icon_smile.gif'>&nbsp;2007-12-29 by Yalla<br><br /><img src='http://www.geocaching.com/images/icons/icon_smile_wink.gif' border=0 align=middle><br>Vielen Dank fürs Zeigen und Viele Grüße von Yalla im Team der Arnstädter Cacher<br />]]></LOG>
<LOG><![CDATA[<img src='icon_smile.gif'>&nbsp;2007-12-28 by caprikitty<br><br />Heute fix auf dem Weg zum "Käffchen" mitgenommen, Danke.<br>Trotz das 2 Autos in der Auffhart standen, hat mich wohl keiner gesehen <img src='http://www.geocaching.com/images/icons/icon_smile_big.gif' border=0 align=middle><br />]]></LOG>
<LOG><![CDATA[<img src='icon_smile.gif'>&nbsp;2007-12-24 by KaputtesLicht<br><br />Nach dem HoHoHo Spectaculum geloggt, noch ein wenig mit Tom und Silke geplaudert und dann nach Hause ... es ist ja Weihnachten!!!<br>Danke<br />]]></LOG>
<LOG><![CDATA[<img src='icon_smile.gif'>&nbsp;2007-12-16 by nudenn<br><br />Wir waren grad um die Ecke und haben hier auch schnell geloggt. Viele Grüße Sylvia und Günter <img src='http://www.geocaching.com/images/icons/icon_smile_big.gif' border=0 align=middle><img src='http://www.geocaching.com/images/icons/icon_smile_big.gif' border=0 align=middle><br />]]></LOG>
<LOG><![CDATA[<img src='icon_note.gif'>&nbsp;2007-12-09 by Team Fire &amp; Ice<br><br />Cachewartung! Alles ok.<br>PS: Die Eigentümer des Grundstücks sind die Beiden, um die es geht. <img src='http://www.geocaching.com/images/icons/icon_smile.gif' border=0 align=middle><p>Also, nicht von Nachbarn schocken lassen!<p>Gruß und Danke an Tom und Silke für dieses schöne Wochenende.<p><br>Team Fire & Ice<br />]]></LOG>
<LOG><![CDATA[<img src='icon_smile.gif'>&nbsp;2007-12-08 by unwissenheit<br><br />Und dies der dritte Cache vor dem Event, bei dem ich mich dann noch ein wenig mit Tom über fachtechnische hochinteressante Themen unterhielt,... immer wieder einen Plausch wert,... "... bis dann beim Event." Waren die letzten Worte!<p>Mercì Tom und Silke<p>gruß Andi<br />]]></LOG>
<LOG><![CDATA[<img src='icon_smile.gif'>&nbsp;2007-12-08 by ArnGeko<br><br />Einmal musste ich hier wegen argwöhnischer Nachbarn bereits abziehen, heute konnten wir den Kleinen dann nach kurzer Suchen in der Hand halten. Vielen Dank für diesen Cache, und Gruss.<br />]]></LOG>
<LOG><![CDATA[<img src='icon_sad.gif'>&nbsp;2007-12-04 by friedelfindus<br><br />Schade, erst ewig gewartet, daß alle Hundemugels wegwaren und dann, als ich mir sicher schien, kam die Nachbarin von hinten und frug, was ich da mache. Mit was suchen war sie nicht abzuspeisen also mußte ich verduften, denn ich glaube sie wär geplatzt, hätte ich gesagt, daß ich sowas wie Mückenfett suche. <br>Schade, aber so ist das mit Caches in oder nahe Privatgrund eben...<br />]]></LOG>
<LOG><![CDATA[<img src='icon_smile.gif'>&nbsp;2007-11-18 by gloomy<br><br />Heute Morgen im Schutz des Nebels gefunden. VG und Danke, gloomy!<br />]]></LOG>
<LOG><![CDATA[<img src='icon_smile.gif'>&nbsp;2007-11-11 by caro1<br><br />also so einen cache hatte ich noch nicht und ich war auch etwas irritiert, aber zum schluß war er doch noch gefunden.<br>dankeschön!<br />]]></LOG>
<LOG><![CDATA[<img src='icon_smile.gif'>&nbsp;2007-11-11 by cato44<br><br />Heute als letzten Cache auf unserer kleinen Mühlhäuser Runde gehoben. Als wir am Ort des Geschehens die GC-Aufkleber sahen, ging uns ein Licht auf 	<img src='http://www.geocaching.com/images/icons/icon_smile_tongue.gif' border=0 align=middle>- aber der Hinweis, dass man kein Privatgrundstück betreten muss, hat uns doch etwas irritiert...<br>TFTC<br>sagen die zwei von cato44<br />]]></LOG>
<LOG><![CDATA[<img src='icon_smile.gif'>&nbsp;2007-11-02 by Gerstenzwerge<br><br />Nr. 28 unserer über 50iger Statistikcachetour in die Mühlhäuser Gegend.<br>Uns bleibt nur zu sagen: Merci Tom & Silke.<br>Aber ganz schön neugierige Nachbarn gibt es hier auch spät abends.<br>Vielen Dank und schöne Grüße <br>vom Gerstenzwerg auf Tour mit dem Portitzer.<br><br />]]></LOG>
<LOG><![CDATA[<img src='icon_smile.gif'>&nbsp;2007-11-02 by Portitzer<br><br />Na hier mussten wir doch auch unbedingt vorbei <img src='http://www.geocaching.com/images/icons/icon_smile_wink.gif' border=0 align=middle>. Aber es war schon etwas später und alles war dunkel...<br> <br>Nur aus dem Nachbarhaus wurden wir (soweit das ging <img src='http://www.geocaching.com/images/icons/icon_smile_big.gif' border=0 align=middle>) von der Nachbarin aus dem Mansardenfenster neugierig beäugt <img src='http://www.geocaching.com/images/icons/icon_smile_big.gif' border=0 align=middle>.<p>Danke und viele Grüße<br>Kurt<br><br />]]></LOG>
<LOG><![CDATA[<img src='icon_smile.gif'>&nbsp;2007-10-27 by ifindnix<br><br />Salvete!<br>Gemeinsam cachen macht am meisten Spaß <img src='http://www.geocaching.com/images/icons/icon_smile_big.gif' border=0 align=middle> und heute hatten wir in großer Runde sehr viel Spaß! <img src='http://www.geocaching.com/images/icons/icon_smile_wink.gif' border=0 align=middle><br>Nette Gegend und seeeeehr nette Leute hier am Döschen! <img src='http://www.geocaching.com/images/icons/icon_smile_wink.gif' border=0 align=middle><br>Vobis gratias agimus!<br>ifindnix & crew<br>#1122<br />]]></LOG>
<LOG><![CDATA[<img src='icon_smile.gif'>&nbsp;2007-10-27 by Team Kumunst<br><br />Sehr schöne Idee. Wir können uns dem Dank nur anschließen. Da ist z.B.: das 2. Thüringer Event zu erwähnen !<br>Auch heute gab es bei Silke und Tom ein Event direkt vor der Haustüre.<br>Danke und Gruß<br>Team Kumunst<br />]]></LOG>
<LOG><![CDATA[<img src='icon_smile.gif'>&nbsp;2007-10-24 by Jubaka<br><br />Moin!<br>Auf unserer Thüringen Urlaubstour problemlos, nach kurzer Suche, um 12:00h gefunden. Ohne Spoiler hätten wir wohl jeden Stein umgedreht.<br>Vielen Dank für den Cache.<br>Jubaka<br />]]></LOG>
<LOG><![CDATA[<img src='icon_smile.gif'>&nbsp;2007-10-20 by mottobug<br><br />Schnell gefunden :-)<br />]]></LOG>
<LOG><![CDATA[<img src='icon_smile.gif'>&nbsp;2007-10-20 by SAM-Hessen<br><br />Heute zusammen mit Mottobug auf Cachetour gut gefunden.Wir hatten uns nicht getraut zu klingeln und somit war natürlich das loggen nicht so einfach. Nachdem wir uns mit dem Cache etwas entfernt hatten kamen zwei ältere Muggles aus dem Haus aber am Ende ging alles gut. TFTC<br />]]></LOG>
<LOG><![CDATA[<img src='icon_smile.gif'>&nbsp;2007-09-14 by Chris601<br><br />Auch ich kann mich dem "Sinn des Caches" eigentlich nur anschließen. Schön, über unser gemeinsames Hobby so nette Leute kennengelernt zu haben! <p>Grüße also in den Goetheweg und nach Erfurt!<p>PS: ein Stift hätte trotzdem noch reingepasst <img src='http://www.geocaching.com/images/icons/icon_smile_tongue.gif' border=0 align=middle><br />]]></LOG>
<LOG><![CDATA[<img src='icon_smile.gif'>&nbsp;2007-09-03 by Grottenolm87<br><br />Habe meinen Account von Knutsch&Fleck in Grottenolm87 gewechselt. Sollte jemand damit Probleme haben, kann er diesen Log ohne Kommentar löschen.<br>I´ve changed my account from Knutsch&Fleck to Grottenolm87. The log can discharge momentarily if somebody disagree with this.  <br><br />]]></LOG>
<LOG><![CDATA[<img src='icon_smile.gif'>&nbsp;2007-09-03 by Eichsgenossen<br><br />...ohne Spoilerfoto nicht zu finden ....<br />]]></LOG>
<LOG><![CDATA[<img src='icon_smile.gif'>&nbsp;2007-09-03 by Erithacus Rubecula<br><br />Abgestaubt!<br>Schnell gefunden...aber ohne Spoiler wahrscheinlich länger gebraucht.<br>TFTC<br />]]></LOG>
<LOG><![CDATA[<img src='icon_smile.gif'>&nbsp;2007-09-01 by JonnyH&#252;tchen<br><br />Echt klasse, so bekommt Tom bestimmt öfter mal Besuch !<p>Jonathan<br />]]></LOG>
<LOG><![CDATA[<img src='icon_smile.gif'>&nbsp;2007-08-31 by Kruemel68<br><br />Zum Glück gehöre ich auch zum Freundeskreis von Tammy <img src='http://www.geocaching.com/images/icons/icon_smile_clown.gif' border=0 align=middle>, darum war es für mich ungefährlicher als für die Kollegen aus Horsmar...<p>Was soll man zu diesem Cache noch sagen, er spricht für sich. Es hat uns übrigens viel Spass gemacht, für die Fotos zu posieren <img src='http://www.geocaching.com/images/icons/icon_smile_big.gif' border=0 align=middle>. Danke, danke, danke fürs Verstecken und auf zum Kirmesmulti 2008 <img src='http://www.geocaching.com/images/icons/icon_smile_big.gif' border=0 align=middle><img src='http://www.geocaching.com/images/icons/icon_smile_big.gif' border=0 align=middle><img src='http://www.geocaching.com/images/icons/icon_smile_big.gif' border=0 align=middle>.<p>Es grüßen aus der Freien Reichsstadt<p>Christel und Stefan<br />]]></LOG>
<LOG><![CDATA[<img src='icon_smile.gif'>&nbsp;2007-08-28 by Hor_andy<br><br /><br>Nach einer kleinen Runde mit dem Traveler77 nochmal nach Mühlhausen und dann noch diesen Neuling ergattert. Kaum vor Ort fiel uns auch schon mit blutunterlaufenen Augen Tamy an, nach langem Kampf konnten wir doch alle unsere Gliedmaßen einsammeln und fliehen. Allerdings haben wir vorher noch schnell geloggt, der Spoiler ist ja nett aber vor Ort sieht es dann erstmal ungleich schwieriger aus den Cache zu finden. TFTC<br><br />]]></LOG>
<LOG><![CDATA[<img src='icon_smile.gif'>&nbsp;2007-08-28 by Die Hasenschnitzels<br><br />Schon wieder ein Neuer in MHL. Aber ne kleine Microdose kann man doch nicht so einsam da rumliegen lassen. Deshalb haben wir ihr mal schnell Gesellschaft geleistet. TFTC<p>Jenny & Schlurchi<br />]]></LOG>
<LOG><![CDATA[<img src='icon_smile.gif'>&nbsp;2007-08-28 by Traveler77<br><br />Im Team mit Hor_Andy diesen Schatz gehoben. Cacherhund Tamy hat uns gleich begrüßt. Da noch alles an uns dran ist kann ich es nur bestätigen. Es ist ein lieber Hund. <img src='http://www.geocaching.com/images/icons/icon_smile_wink.gif' border=0 align=middle> TFTC<br />]]></LOG>
<LOG><![CDATA[<img src='icon_greenlight.gif'>&nbsp;2007-08-27 by JeeperMTJ.gc<br><br />Published<br />]]></LOG>
<LOG><![CDATA[<img src='icon_smile.gif'>&nbsp;2007-08-27 by Mueckenfett<br><br />Das war ja eine schöne Überraschung und gerade noch vorm Abmarsch zum Frühschoppen gefunden.<br>Aber ein kleiner Tipp für alle die nach uns kommen.<br>Ihr müßt schon ein paar meter aufs Grundstück,<br>das ist auch okay und alle wissen bescheid.<br>Tom aus Mühlhausen <br />]]></LOG>
<LOG><![CDATA[<img src='icon_smile.gif'>&nbsp;2007-08-27 by S&#246;ckchen<br><br />Ein tolles Wochenende zur Mühlhäuser Kirmes liegt nun hinter uns. Gemeinsam mit unseren Freunden, Cachern und Nichtcachern (Muggels) ein föhliches Wochenende verbracht und diese schöne Überraschung am Montag Morgen entdeckt. Die Bilder sind wirklich einzigartig und ich danke "Team Fire & Ice" ganz lieb dafür. Mein sonst so brummiger Papa wurde eingeweiht und wird keinem Cacher etwas tun und falls euch ein kleiner weißer Hund, Namens Tamy anbellt, keine Bange, Tamy ist ein Cacherhund und auf alle gut zu bellen.<br>Grüßchen an alle von Silke <br />]]></LOG>
<LOG><![CDATA[<img src='icon_smile.gif'>&nbsp;2007-08-27 by Renault Family<br><br />haben genau 3m über dem Cache geschlafen und wussten gar nichts davon, haben den Coin entnommen und dieser geht jetzt auf die Reise nach Berlin<br />]]></LOG>
</LOGS>
<NOTES><![CDATA[]]></NOTES>
<IMAGES>
    <IMG>gc15ek7_0.jpg<URL>http://img.geocaching.com/cache/f3336454-cad2-49b0-9d42-ad6251911473.jpg</URL></IMG>
    <IMG>gc15ek7_1.gif<URL>http://www.geocaching.com/images/icons/icon_smile.gif</URL></IMG>
    <IMG>GC15EK7_0.jpg<URL>http://img.geocaching.com/cache/f3336454-cad2-49b0-9d42-ad6251911473.jpg</URL></IMG>
    <IMG>GC15EK7_2.jpg<URL>http://img.geocaching.com/cache/888a89df-7a2f-40cb-bbba-481dbbfcc606.jpg</URL></IMG>
    <IMG>GC15EK7_3.jpg<URL>http://img.geocaching.com/cache/91a05a17-29fb-42cb-9a34-a0b2de2e012f.jpg</URL></IMG>
    <IMGTEXT>GC15EK7_0</IMGTEXT>
    <IMGTEXT>GC15EK7_1</IMGTEXT>
    <IMGTEXT>Cache f&#252;r T S.jpg</IMGTEXT>
    <IMGTEXT>Spoiler<DESC>Picture by Team Fire &amp; Ice</DESC></IMGTEXT>
    <IMGTEXT>Stadtwappen M&#252;hlhausen</IMGTEXT>
</IMAGES>
<TRAVELBUGS>
</TRAVELBUGS>
<URL><![CDATA[]]></URL>
<SOLVER><![CDATA[]]></SOLVER>
    <CACHE  name = "Merc&#236; Tom &amp; Silke" owner = "Team Fire &amp; Ice" lat = "51,202433333333" lon = "10,456366666667" hidden = "2007-08-26" wayp = "GC15EK7" status = "" ocCacheID = "" lastSyncOC = "20100419230253" num_recommended = "0" num_found = "-1" attributesYes = "4432413067267" attributesNo = "0" boolFields="1922" byteFields="33688074" attributesYes1 = "0" attributesNo1 = "0" />
</CACHEDETAILS>
