<?xml version="1.0" encoding="ISO-8859-1"?>
<CACHEDETAILS>
<VERSION value = "3"/>
<DETAILS><![CDATA[<br>Der zweite Cache in dieser Grünanlage.
<p><br />
Dieser Cache ist der Gedenktafel für die Gefallenen während der
Mühlhäuser Besatzung sowie dem jüdischen Friedhof gewidmet.<br />
Der Friedhof ist leider verschlossen, was ich von Friedhofen
eigentlich nicht kenne. Die Ursache ist sicherlich bei auftretendem
Vandalismus zu suchen.<br />
Zwischen diesem Friedhof und der nahegelegenen Kapelle (GC16AW0)
befand sich früher mal ein evangelischer Friedhof, welcher
allerdings nicht mehr existiert (Gebeine dürften allerdings noch
zahlreich vorhanden sein, wie ich mir mal habesagen lassen).</p>
<p>Also los und den Cache gesucht, Happy Hunting.</p>]]></DETAILS>
<COUNTRY><![CDATA[Germany]]></COUNTRY>
<STATE><![CDATA[Thüringen]]></STATE>
<ATTRIBUTES>
   <ATT>campfires-no.gif</ATT>
   <ATT>camping-no.gif</ATT>
   <ATT>wheelchair-no.gif</ATT>
   <ATT>winter-yes.gif</ATT>
   <ATT>night-yes.gif</ATT>
   <ATT>available-yes.gif</ATT>
   <ATT>bicycles-yes.gif</ATT>
   <ATT>onehour-yes.gif</ATT>
   <ATT>parking-yes.gif</ATT>
   <ATT>dogs-yes.gif</ATT>
</ATTRIBUTES>
<HINTS><![CDATA[hrsR z'ergah]]></HINTS>
<LOGS>
<OWNLOGID></OWNLOGID>
<OWNLOG><![CDATA[]]></OWNLOG>
<LOG><![CDATA[<img src='icon_smile.gif'>&nbsp;2010-04-18 by Die Buhner<br><br />Schade, dass der Friedhof verschlossen war, wir hätten uns gern die Inschriften einmal angesehen! Trotzdem vielen Dank für diesen Ort <p>"Die Buhner"<br />]]></LOG>
<LOG><![CDATA[<img src='icon_smile.gif'>&nbsp;2010-04-18 by cadval<br><br />Heute auf einen kleinen Spaziergang geloggt und wieder sicher versteckt (war leicht absturzgefährdet) <p>LG Cadval<br />]]></LOG>
<LOG><![CDATA[<img src='icon_smile.gif'>&nbsp;2010-04-03 by thegorbi<br><br />Auf Mühlhausen Visite mit dem Bike angesteuert und an der nachdenklichen Stelle gefunden.<p>thegorbi sagt vielen Dank<br />]]></LOG>
<LOG><![CDATA[<img src='icon_smile.gif'>&nbsp;2010-03-29 by Kami79<br><br />inzwischen schon dunkel, haben wir uns in die büsche geschlagen und mit schnellem griff gehoben, um 20:20 geloggt und wieder eingebaut...<br>fast ein drive-in <img src='http://www.geocaching.com/images/icons/icon_smile_big.gif' border=0 align=middle> nach dem steuererklärung abgeben...<p>DFDC Kami+kleinstrolch<br />]]></LOG>
<LOG><![CDATA[<img src='icon_smile.gif'>&nbsp;2010-03-28 by Gispi Hunters<br><br />Gut und schnell gefunden.<br>Auch der wird sich selbst noch besser verstecken.<p>TFTC Team "Gispi Hunters"<br />]]></LOG>
<LOG><![CDATA[<img src='icon_smile.gif'>&nbsp;2010-03-27 by UlliSilke<br><br />Schnell und gut gefunden. TFTC! UlliSilke.<br />]]></LOG>
<LOG><![CDATA[<img src='icon_smile.gif'>&nbsp;2010-03-27 by mausebaer13<br><br />Schnell gefunden und geloggt.<br>Weiter gehts zum nächsten Cache in dieser Grünanlage.<br />]]></LOG>
<LOG><![CDATA[<img src='icon_smile.gif'>&nbsp;2010-03-27 by saheimast<br><br />Einen erfolgreichen Caching-Tag mit Satchmo77 und Fhuti83 in Mühlhausen erlebt. TFTC<br />]]></LOG>
<LOG><![CDATA[<img src='icon_smile.gif'>&nbsp;2010-03-27 by Fhuti83<br><br />Schnell gefunden. Nur den Parkplatz konnte ich schwer finden. Unterwegs zusammen mit saheimast und satchmo77. TFTC<br />]]></LOG>
<LOG><![CDATA[<img src='icon_smile.gif'>&nbsp;2010-03-27 by Satchmo77<br><br />Auf Cachingtour mit Saheimast und Fhuti83 auch diesen gut gefunden! TFTC<br />]]></LOG>
<LOG><![CDATA[<img src='icon_smile.gif'>&nbsp;2010-03-20 by TcG71<br><br />(16:47:19/fwgb) Heute bei eine kurzen Samstagsrunde schnell gefunden ! TFTC :-) <p>TcG71 & GeoBienchen<br />]]></LOG>
<LOG><![CDATA[<img src='icon_smile.gif'>&nbsp;2010-03-01 by jasper366<br><br />Wer lesen kann ist im Vorteil, :-)<br />]]></LOG>
<LOG><![CDATA[<img src='icon_smile.gif'>&nbsp;2010-02-28 by Carrie88<br><br /><strong>N 51° 12.207 E 010° 27.882</strong><br /><br />wer chinesisch-grün-rückwärts fließend beherrscht,findet den cach ganz leicht......<br />]]></LOG>
<LOG><![CDATA[<img src='icon_smile.gif'>&nbsp;2010-02-28 by Wickeda87<br><br />Wenn man es verstanden hat,ganz einfach....;)<br />]]></LOG>
<LOG><![CDATA[<img src='icon_smile.gif'>&nbsp;2010-02-28 by heilaender123<br><br />Heute schnell mal mitgenommen ,bei herrlichem Wetter .<br>Was gibt es doch für schöne Fleckchen in Mhl .<br>Danke sagt der     Heilaender123   <img src='http://www.geocaching.com/images/icons/icon_smile.gif' border=0 align=middle><br />]]></LOG>
<LOG><![CDATA[<img src='icon_smile.gif'>&nbsp;2010-02-05 by Borstelfamilie<br><br />Auf dem Weg in den Norden gefunden.<br>Danke für den Cache<br>Die Borstelfamilie<br />]]></LOG>
<LOG><![CDATA[<img src='icon_smile.gif'>&nbsp;2010-02-04 by mara.de<br><br />Interessanter Ort und jetzt auch noch so kontrastreich weiß.<p>Danke für den GC.<br>#1484#<br />]]></LOG>
<LOG><![CDATA[<img src='icon_smile.gif'>&nbsp;2010-02-03 by Nalenia<br><br />2. Anlauf, gut gefunden.<br>TFTC <br />]]></LOG>
<LOG><![CDATA[<img src='icon_smile.gif'>&nbsp;2010-01-24 by Ausche<br><br />Gut gefunden. <br>TFTC<br />]]></LOG>
<LOG><![CDATA[<img src='icon_smile.gif'>&nbsp;2010-01-18 by beagle67<br><br />Heute endlich gefunden. Nettes Versteck .<p>--18.47Uhr--18.01.2010<p>TFTC<br>beagle 67<br />]]></LOG>
<LOG><![CDATA[<img src='icon_smile.gif'>&nbsp;2010-01-09 by mediamarkt1990<br><br />schnell gefunden mit hilfe von monalisa und rüben TFTC<br />]]></LOG>
<LOG><![CDATA[<img src='icon_smile.gif'>&nbsp;2009-12-28 by hblack<br><br />Schnell gefunden. Danke für den Käsch! <img src='http://www.geocaching.com/images/icons/icon_smile_big.gif' border=0 align=middle><br>Logged from my phone using the Geocache Navigator by Trimble<br />]]></LOG>
<LOG><![CDATA[<img src='icon_smile.gif'>&nbsp;2009-12-12 by imme56<br><br />Schnell gefunden, interessanter Platz.TFTC <br />]]></LOG>
<LOG><![CDATA[<img src='icon_smile.gif'>&nbsp;2009-11-28 by rageracer<br><br />Fast im Vorbeigehen gefunden, trotzdem gute Idee.<br>Das uefE müsste nur dichter sein.<p>rageracer --- 28.11.09 --- 8:45 Uhr<p>TFTC<br />]]></LOG>
<LOG><![CDATA[<img src='icon_smile.gif'>&nbsp;2009-11-10 by malipa<br><br />Nummer 2 auf meiner heutigen kleinen Mühlhausenrunde. Schnell und problemlos gefunden<br>TFTC<br>Li vom Team Malipa<br />]]></LOG>
<LOG><![CDATA[<img src='icon_smile.gif'>&nbsp;2009-11-08 by EIC-TH<br><br />Heute schnell gefunden.<br>TFTC<br />]]></LOG>
<LOG><![CDATA[<img src='icon_smile.gif'>&nbsp;2009-10-30 by Prinzessin_Mimi<br><br />Unser GPS-Gerät wollte noch 10m weiter ...<br>Aber da wollten wir nicht einfach rein ... Also unseren Kopf benutzt und schnell gefundne =)<br>TFTC!<br />]]></LOG>
<LOG><![CDATA[<img src='icon_smile.gif'>&nbsp;2009-10-30 by Darmsaft<br><br />Recht sicher vor Muggelaugen geschützt und mit dem Parkplatz nicht weit entfernt fast ein Drive In. TFTC.<br />]]></LOG>
<LOG><![CDATA[<img src='icon_smile.gif'>&nbsp;2009-10-27 by Tini1985<br><br />nach der arbeit schnell mitgenommen. gut gefunden. leider hab ich mich beim datum etwas vertan :D<p>TFTC Wolfi (von Tini1985)<br />]]></LOG>
<LOG><![CDATA[<img src='icon_smile.gif'>&nbsp;2009-10-22 by Knuellfuchs<br><br />Gut und schnell gefunden. Danke für`s Verstecken. Der Knüllfuchs.<br />]]></LOG>
<LOG><![CDATA[<img src='icon_smile.gif'>&nbsp;2009-10-21 by Karolli<br><br />Den Kleinen haben wir schnell und gut gefunden und danach noch eine kleine Runde um den Friedhof gedreht.<br>Danke fürs Zeigen!<p>PS: Waren heute etwas verwirrt! Das Logdatum im Buch ist veraltet <img src='http://www.geocaching.com/images/icons/icon_smile_blush.gif' border=0 align=middle> Dort stehen wir mit dem 20.10. drin!<br />]]></LOG>
<LOG><![CDATA[<img src='icon_smile.gif'>&nbsp;2009-10-16 by misfit87<br><br />Zusammen mit Rurpot gefunden...schade, dass man in den Friedhof nich rein kam...<br>TFTC<br />]]></LOG>
<LOG><![CDATA[<img src='icon_smile.gif'>&nbsp;2009-10-10 by Richie1977<br><br />Bei einem spaziergang gefunden.<br />]]></LOG>
<LOG><![CDATA[<img src='icon_smile.gif'>&nbsp;2009-10-09 by atlasmaler<br><br />auf meiner tour nach norden kam ich auch an diesem ort vorbei. schnell gefunden. TFTC!<p>atlasmaler<br />]]></LOG>
<LOG><![CDATA[<img src='icon_smile.gif'>&nbsp;2009-10-09 by klappspatenninja<br><br />Angehalten - gefunden - geloggt - abgefahren. Schneller Cache für zwischendurch.<p>Klappspatenninja<br />]]></LOG>
<LOG><![CDATA[<img src='icon_smile.gif'>&nbsp;2009-10-03 by DasKnie<br><br />Heute gefunden. Den Friedhof hätten wir ohne die Dose niemals gesehen...<br />]]></LOG>
<LOG><![CDATA[<img src='icon_smile.gif'>&nbsp;2009-10-01 by Ferdi Fuchs<br><br />Gemeinsam mit Püsterich bei einer nächtlichen Runde gefunden.<br />]]></LOG>
<LOG><![CDATA[<img src='icon_smile.gif'>&nbsp;2009-10-01 by P&#252;sterich<br><br />Dieser ging dann schon wesentlich schneller.<p>Püsterich<br />]]></LOG>
<LOG><![CDATA[<img src='icon_smile.gif'>&nbsp;2009-09-20 by darkstar666<br><br />Nach ein wenig suchen und abtasten dann doch noch gefunden.<br />]]></LOG>
<LOG><![CDATA[<img src='icon_smile.gif'>&nbsp;2009-09-20 by nise15<br><br />Schnell gefunden mit Darkstar666 auf dem Heimweg vom Baumkronenpfad. TFTC<br />]]></LOG>
<LOG><![CDATA[<img src='icon_smile.gif'>&nbsp;2009-09-20 by Hardcore-UH<br><br />sehr schön gemacht bei schönen wetter, gefunden und gelogt<br />]]></LOG>
<LOG><![CDATA[<img src='icon_smile.gif'>&nbsp;2009-09-19 by ODST<br><br />das war nen klaks<br><br />]]></LOG>
<LOG><![CDATA[<img src='icon_smile.gif'>&nbsp;2009-09-15 by hoffe_goe<br><br />Bei einer kleinen Mühlhäuser Runde gesucht und gefunden.<br>Danke fürs Zeigen! TFTC!<br />]]></LOG>
<LOG><![CDATA[<img src='icon_smile.gif'>&nbsp;2009-09-14 by Sonita<br><br />Nach einer kleinen Sucherei doch noch gefunden.<br />]]></LOG>
<LOG><![CDATA[<img src='icon_smile.gif'>&nbsp;2009-09-10 by Rurpot<br><br />Interessantes Plätzchen mitten in der Stadt haben den Cache schnell gefunden =)<br>TFTC<br />]]></LOG>
<LOG><![CDATA[<img src='icon_smile.gif'>&nbsp;2009-09-04 by Hawkbounce<br><br />Mit dem Team meines Vertrauens, mal wieder auf Tour gewesen.<p>TFTC Hawkbounce<br />]]></LOG>
<LOG><![CDATA[<img src='icon_smile.gif'>&nbsp;2009-09-04 by sixpack KS<br><br />Mit einer schnellen Crew - ein schneller Zugriff.<p>TFTC sixpack ks<br />]]></LOG>
<LOG><![CDATA[<img src='icon_smile.gif'>&nbsp;2009-09-04 by michael3005<br><br />Heute im bewährten Team mit Yanthana, Sixpack KS und Hawkbounce gut und sicher gefunden.<p>TFTC<p>Michael3005<br />]]></LOG>
<LOG><![CDATA[<img src='icon_smile.gif'>&nbsp;2009-09-04 by yanthana<br><br />Auf Tour mit Michael3005, Sixpack KS und Hawkbounce. Diesen Cache dabei gut und sicher gefunden.<p>TFTC<p>Yanthana<br />]]></LOG>
<LOG><![CDATA[<img src='icon_smile.gif'>&nbsp;2009-08-23 by compiprofi<br><br />Nach der Kirche kam das Denkmal dran. Auch diesen cache haben wir schnell finden können. Was es in den Parks und Gärten nicht alles für Kleinode gibt, die man sonst nicht sehen würde. TFTC<br />]]></LOG>
<LOG><![CDATA[<img src='icon_smile.gif'>&nbsp;2009-08-23 by Cori87<br><br />Zusammen mit Nathus (siehe unten) gefunden. Dankeschön!!<br />]]></LOG>
<LOG><![CDATA[<img src='icon_smile.gif'>&nbsp;2009-08-23 by Nathus<br><br />Mit meiner Band D:PROJEKT weilten wir in Mühlhausen zum evang. Jugendtag. Nach dem Gig blieb Zeit zum (Nacht)Cachen <img src='http://www.geocaching.com/images/icons/icon_smile_cool.gif' border=0 align=middle>.<br>Schnell gefunden. Danke.<p><font color="green"><b>*Nathus*</b></font><br />]]></LOG>
<LOG><![CDATA[<img src='icon_smile.gif'>&nbsp;2009-08-10 by leoni_1984<br><br />Gefunden mit Schatzi Christian, Kathy und Cachedogs Benni, Jacky! Arme Kathy ist übern zaun! <img src='http://www.geocaching.com/images/icons/icon_smile_shock.gif' border=0 align=middle><img src='http://www.geocaching.com/images/icons/icon_smile_big.gif' border=0 align=middle><br />]]></LOG>
<LOG><![CDATA[<img src='icon_smile.gif'>&nbsp;2009-08-08 by David+Chrissi<br><br />Schnell gefunden Danke<br>David+Chrissi<br><br />]]></LOG>
<LOG><![CDATA[<img src='icon_note.gif'>&nbsp;2009-08-07 by Hoffi1986<br><br />Habe heute das restlos volle Logbuch gegen ein neues ausgetauscht.<br>Grüße und ein schönes Wochenende!<br>Hoffi<br />]]></LOG>
<LOG><![CDATA[<img src='icon_smile.gif'>&nbsp;2009-08-05 by pebbles1305<br><br />Was man so alles entdeckt, dank GC!<p>Weniger schön, war, daß man hinter die Umzäunung muß!<p><p><br>Nummer 29 auf Thüringen-Hessen-Niedersachsen-Tour #400<p>[This entry was edited by pebbles1305 on Wednesday, August 12, 2009 at 6:39:57 AM.]<br />]]></LOG>
<LOG><![CDATA[<img src='icon_smile.gif'>&nbsp;2009-07-30 by MV79<br><br />Auf Cachetour zusammen mit mkay nach kurzer Suche gefunden und geloggt.<p>LOGBUCH VOLL<br />]]></LOG>
<LOG><![CDATA[<img src='icon_smile.gif'>&nbsp;2009-07-30 by mkay90<br><br />Schnell gefunden und geloggt zusammen mit MV79!<p>Hinweis: Das Logbuch ist voll!<p>TFTC<br />]]></LOG>
<LOG><![CDATA[<img src='icon_smile.gif'>&nbsp;2009-07-18 by quequec<br><br />gut gefunden dank keythies heimvorteil.<br />]]></LOG>
<LOG><![CDATA[<img src='icon_smile.gif'>&nbsp;2009-07-18 by keythie1<br><br />Gemeinsam mit quequec auf Besuch in meiner alten Heimat(-stadt) nach kurzer Suche gefunden und geloggt.<br>TFTC<br />]]></LOG>
<LOG><![CDATA[<img src='icon_smile.gif'>&nbsp;2009-07-12 by MeyerBienchen<br><br />im team akg4555 gefunden, jetzt mit eigenem account nachgeloggt...<p>tftc<br />]]></LOG>
<LOG><![CDATA[<img src='icon_smile.gif'>&nbsp;2009-07-12 by commander-rabb<br><br />Eine echt interessante Ecke, an der wir schon ganz oft vorbeigefahren sind, ohne sie zu bemerken.<p>Danke für den Cache sagt das Team von<br>commander-rabb<br />]]></LOG>
<LOG><![CDATA[<img src='icon_smile.gif'>&nbsp;2009-07-12 by akg4555<br><br />gemeinsam mit MeyerBienchen gefunden, tftc<br />]]></LOG>
<LOG><![CDATA[<img src='icon_smile.gif'>&nbsp;2009-06-03 by sassolungo<br><br />Jvpugvt, uvre zny fgrura mh oyrvora haq mh 'trqraxra'. Uvag vfg fbbb fpujre avpug mh irefgrura!  (<a href="cache_details.aspx?pf=&guid=1581c85c-4d38-4973-8e8f-86eb7f7fd43e&decrypt=y&log=y&numlogs=" title="Decrypt">decrypt</a>)<br />]]></LOG>
<LOG><![CDATA[<img src='icon_smile.gif'>&nbsp;2009-06-02 by double out<br><br />Einer war Pflicht, bei der Durchfahrt durch Mühlhausen, und bestimmt nicht der Leichteste. Schön hier, Mühlhausen, wir kommen wieder.<br>TFTC double out<br />]]></LOG>
<LOG><![CDATA[<img src='icon_smile.gif'>&nbsp;2009-05-31 by Red Caboose<br><br />Gemeinsam mit Team Irrwitzer schnell gefunden.<br>TFTC Gruß Red Caboose.<br />]]></LOG>
<LOG><![CDATA[<img src='icon_smile.gif'>&nbsp;2009-05-31 by Irrwitzer<br><br />Auf einer Runde durch Mühlhausen sind wir auch hier vorbeigekommen <img src='http://www.geocaching.com/images/icons/icon_smile.gif' border=0 align=middle>.<br>TFTC Team Irrwitzer<br />]]></LOG>
<LOG><![CDATA[<img src='icon_smile.gif'>&nbsp;2009-05-31 by Horse-Team<br><br />Auf Tour durch Mühlhausen auch diesen Cache gut mit variblue und kpit51 bei schönem Wetter gefunden. <br>TFTC<br>Horse-Team<br />]]></LOG>
<LOG><![CDATA[<img src='icon_smile.gif'>&nbsp;2009-05-31 by littlesoldier<br><br />Den Hint nicht verstanden, trotzdem schnell gefunden!<br />]]></LOG>
<LOG><![CDATA[<img src='icon_smile.gif'>&nbsp;2009-05-31 by variblue<br><br />Auf einer landschaftlich sehr schönen Tour nach Mühlhausen zusammen mit dem<br>Horse-Team und kpit51 haben wir auch diesen Cache gut und schnell gefunden.<p>Danke für den Cache.<p>Gruß<br><b><font color="blue">variblue</b></font><br><br />]]></LOG>
<LOG><![CDATA[<img src='icon_smile.gif'>&nbsp;2009-05-31 by kpit51<br><br />Heute mal mit dem Horse-Team und variblue eine Runde in und um Mühlhausen gedreht und den einen und anderen Cache besucht. <br>Ich danke allen Ownern für ihre Mühe mal schöne und mal schnelle Caches zu legen.<p>Vielen Dank<br>Peter<br />]]></LOG>
<LOG><![CDATA[<img src='icon_smile.gif'>&nbsp;2009-05-30 by KatPunn<br><br />Gut gefunden..<img src='http://www.geocaching.com/images/icons/icon_smile_wink.gif' border=0 align=middle>..<br>Schade das man die Gräber dort nicht mehr pflegt..<img src='http://www.geocaching.com/images/icons/icon_smile_shock.gif' border=0 align=middle><p>Danke & Gruß<br>KatPunn<br />]]></LOG>
<LOG><![CDATA[<img src='icon_smile.gif'>&nbsp;2009-05-23 by fabio-otto<br><br />Schnell gefunden und gelogt.<br>thx<br />]]></LOG>
<LOG><![CDATA[<img src='icon_smile.gif'>&nbsp;2009-05-14 by Der_Doc<br><br />Heute nach einem erfolgreichen Geschäftstermin ein wenig auf Cachingtour gegangen und diesen gut und schnell gefunden.<br>Gruß aus Dortmund.<br>T4TC<br />]]></LOG>
<LOG><![CDATA[<img src='icon_smile.gif'>&nbsp;2009-05-03 by Hunter_TH<br><br />Für Anfänger ein guter Start, einfach zu finden. <br />]]></LOG>
<LOG><![CDATA[<img src='icon_smile.gif'>&nbsp;2009-05-01 by freiluftfan<br><br />Am Kampf- und Feiertag schnell gefunden, -mit den koordinaten von Trau Dich in Mühlhausen<img src='http://www.geocaching.com/images/icons/icon_smile_shock.gif' border=0 align=middle>,, den irrtum aber noch bemerkt.<br><br />]]></LOG>
<LOG><![CDATA[<img src='icon_smile.gif'>&nbsp;2009-04-19 by Sobo<br><br />Alligateuse und ich haben einen Ausflug nach Muehlhausen und Umgebung gemacht und wollten an diesem Cache nicht achtlos vorueberziehen. <br>Efeu - nein ich mag es nicht. Entgegen meiner Erwartung konnten wir das Doesle jedoch nach kurzer Suche entdecken und freudestrahlend unsere Hieroglyphen hinterlassen. <br>Herzlichen Dank fuer den Cache und Gruesse aus der Nordheide,<br>Sobo<br />]]></LOG>
<LOG><![CDATA[<img src='icon_smile.gif'>&nbsp;2009-04-19 by Kuchenmops<br><br />Ein schöner DriveIn, Parkplätze hats dort am Sonntag ja genug. Die Dose konnten wir aber erst auf dem Rückweg von der vergessenen Kirche suchen, weil gegenüber eine vermeintliche (wie sich noch herausstellen sollte) Hundemuggelin aufhielt. Der Park war ideal um sich kurz die Beine zu vertreten und der Spielplatz gefiel auch unserem Nachwuchscacher.<br />]]></LOG>
<LOG><![CDATA[<img src='icon_smile.gif'>&nbsp;2009-04-19 by Nidolli<br><br />Zusammen mit Dr.A.Colian und Joe_M nach dem CITO hier rangefahen und, zugegebenermaßen, ein paar Minuten nicht ganz rechtlich dort geparkt.<br>Den Cache haben wir schnell gefunden, nutzen aber die aktuelle Parkmöglichkeit um noch einen anderem nahegelegenen Cache einen Besuch abzustatten.<br>Vielen Dank fürs Verstecken!<p><b><font color="purple">* 639 *</font></b><br />]]></LOG>
<LOG><![CDATA[<img src='icon_smile.gif'>&nbsp;2009-04-19 by alligateuse<br><br />Große Mühlhausen-Tour mit sobo <img src='http://www.geocaching.com/images/icons/icon_smile_big.gif' border=0 align=middle> Auch wenn die Kords uns auf den Friedhof schicken wollten, fanden wir das Döschen sehr schnell. - Ich finde es gut, dass der Cache außerhalb des Friedhofs liegt, man sollte die Toten ruhen lassen und nicht zwischen den Gräber wühlen müssen. So konnten wir entspannt suchen und trotzdem diesen Platz würdigen.<p>Danke fürs Verstecken, Grüße aus Hamburg,<br>Annett<br />]]></LOG>
<LOG><![CDATA[<img src='icon_smile.gif'>&nbsp;2009-04-19 by Joe_M<br><br />Am 19. April 2009 um 17:25Uhr als #477 gefunden.<p>Mit Nidolli und DrA.Colian in stillem Gedenken geloggt.<p><br>TFTC,<br>Joe<br />]]></LOG>
<LOG><![CDATA[<img src='icon_smile.gif'>&nbsp;2009-04-19 by SAM-Hessen<br><br />Gemeinsam mit Guardiano im Rahmen des CITO Event mitgenommen.<p><p>Danke dafür sagen SAM-Hessen.<br />]]></LOG>
<LOG><![CDATA[<img src='icon_smile.gif'>&nbsp;2009-04-19 by Guardiano<br><br />Diesen im Anschluß an das Event gemeinsam mit SAM-Hessen gut gefunden. TFTC<br />]]></LOG>
<LOG><![CDATA[<img src='icon_smile.gif'>&nbsp;2009-04-19 by LadyOscar<br><br />Dank First Class Parkplätze des Finanzamtes ja fast ein Drive-In  	<img src='http://www.geocaching.com/images/icons/icon_smile_big.gif' border=0 align=middle><br>Haben ihn zusammen mit der vergessenen Kirche auf einer kleinen Runde durch den Park schnell gefunden. <br>TFTC <br />]]></LOG>
<LOG><![CDATA[<img src='icon_smile.gif'>&nbsp;2009-04-19 by Dr.A.Colian<br><br />Der Finanzamt Parkplatz... <img src='http://www.geocaching.com/images/icons/icon_smile.gif' border=0 align=middle> tja... zum Glück mussten wir da nicht rein... ganz im Gegensatz zu zwei verschiedenen Muggel, die grad Post vorbeibrachten... warum die sich wohl das Wochenende ausgesucht haben?! <img src='http://www.geocaching.com/images/icons/icon_smile_big.gif' border=0 align=middle><p>Na ja, die Dose war dann nach Abdampfen der beiden schnell gehoben!<p>Danke und Grüße,<br>Dr.A.Colian<p>#612<br />]]></LOG>
<LOG><![CDATA[<img src='icon_smile.gif'>&nbsp;2009-04-19 by BastiVW<br><br />heute den zweiten anlauf und dann auch fix gefunden<br />]]></LOG>
<LOG><![CDATA[<img src='icon_smile.gif'>&nbsp;2009-04-17 by agp<br><br />Auf Nieselwettertour durch Mühlhausen kamen wir auch hier vorbei. Und fanden eine Filmdose...<img src='http://www.geocaching.com/images/icons/icon_smile_big.gif' border=0 align=middle><p>Gruß und Dank<br>agp<br />]]></LOG>
<LOG><![CDATA[<img src='icon_smile.gif'>&nbsp;2009-04-10 by biba1981<br><br />mit FTT nachts gefunden <img src='http://www.geocaching.com/images/icons/icon_smile_wink.gif' border=0 align=middle><br />]]></LOG>
<LOG><![CDATA[<img src='icon_smile.gif'>&nbsp;2009-04-09 by FTT<br><br />Mal wieder ne Nachtrunde mit biba1981 gedreht.Alles Muggelfrei und schnell gefunden.<br>TFTC #25<br />]]></LOG>
<LOG><![CDATA[<img src='icon_smile.gif'>&nbsp;2009-04-07 by sassolungo<br><br />Hi, gesucht und gleich gefunden (Achtung:muggelgefahr!!). Der jüd. Friedhof steht unter besonderem Schutz und kann deshalb nicht betreten werden. Nach jüdischem Glauben dürfen Grabsteine nicht vernichtet werden, weil geschrieben Namen als nicht vergessen gelten.<br />]]></LOG>
<LOG><![CDATA[<img src='icon_smile.gif'>&nbsp;2009-04-05 by Sharky77<br><br />den habe ich schnell gefunden, den anderen in der Nähe jedoch nicht, aber ich komme wieder...und dann zu einer Uhrzeit, zu der nicht so viele Spaziergänger unterwegs sind und suche in Ruhe weiter. TFTC!<br />]]></LOG>
<LOG><![CDATA[<img src='icon_smile.gif'>&nbsp;2009-04-04 by wauzi08<br><br />ging sehr leicht *g*<br />]]></LOG>
<LOG><![CDATA[<img src='icon_smile.gif'>&nbsp;2009-03-28 by Traumpaar1<br><br />nix mit hunting wir haben einen guten riecher gehabt!<br />]]></LOG>
<LOG><![CDATA[<img src='icon_smile.gif'>&nbsp;2009-03-24 by MaxThomas<br><br />Immer wieder nachdenkenswert...<br>Grüße,<br>MaxThomas<br />]]></LOG>
<LOG><![CDATA[<img src='icon_smile.gif'>&nbsp;2009-03-22 by Kerny77<br><br />Schnell gefunden.<br>TFTC<br />]]></LOG>
<LOG><![CDATA[<img src='icon_smile.gif'>&nbsp;2009-03-07 by 0-Rgeiz<br><br />Mit itzibitzi on Tour.<br>Ich habe itzibitzi nichts hinzuzufügen.<br>Der Cache passte zu unserer Stimmung.<br>Er war uns sehr willkommen.<br />]]></LOG>
<LOG><![CDATA[<img src='icon_smile.gif'>&nbsp;2009-03-07 by itzibitzi<br><br />Mit 0-Rgeiz heute auf "Onkel-Heinz-Gedächtnis-Caching-Tour" gewesen.<br>Denkmal und Friedhof erreicht - paßte zur heutigen Stimmung.<br>DFDC<br />]]></LOG>
<LOG><![CDATA[<img src='icon_smile.gif'>&nbsp;2009-02-07 by michael01<br><br />Heute waren wir unterwegs mit Smeagol, Schnullerbacke77 und Frittenbude70, um Mühlhausen unischer zu machen.<br> <br>Jetzt haben wir es doch noch geschafft, unseren 1400. Cache zu machen, obwohl es inzwischen stockdunkel war und in Strömen regnete.<p>Danke und viele Grüße<br>Michael01<br>#1400<p><br />]]></LOG>
<LOG><![CDATA[<img src='icon_smile.gif'>&nbsp;2009-01-24 by Schnullerbacke77<br><br />Zusammen mit Frittenbude70 und Smeagol Mühlhausen unsicher gemacht.<br>Auch diese Stelle konnte sich nicht vor uns verbergen.<img src='http://img.groundspeak.com/forums/emoticons/signal/cute.gif' width=19 height=19 border=0 align=middle><br>Vielen Dank für´s Zeigen und Gruss.<br>Schnullerbacke77<br />]]></LOG>
<LOG><![CDATA[<img src='icon_smile.gif'>&nbsp;2009-01-24 by Team Fribu70 &amp; Schnuba77<br><br /><b>Die Verrückten - Smeagol, Schnullerbacke77 und ich- waren wieder unterwegs, diesmal musste Mühlhausen dran glauben!</b><p><font color="blue">Immer noch auf den Spuren des Letterbox-Caches eine kleine Umleitung genommen, um auch diesen Platz zu besuchen.</font><p><i>Vielen Dank für den Cache!:grin</i>:<br />]]></LOG>
<LOG><![CDATA[<img src='icon_smile.gif'>&nbsp;2009-01-24 by smeagol<br><br />1498. Auf Mühlhausen-Tour mit Schnullerbacke77 und Frittenbude70!<p>Und noch so eine interessante Stelle in diesem kleinen Park!<p>Danke und Gruß, Smeagol<br />]]></LOG>
<LOG><![CDATA[<img src='icon_smile.gif'>&nbsp;2009-01-21 by wombat62<br><br />Auf der Durchfahrt bei einem Stopp nach kurzem Suchen rasch gefunden. Es war ein sehr interessantes Parkgelände.<p>Vielen Dank sagt Wombat62<br />]]></LOG>
<LOG><![CDATA[<img src='icon_smile.gif'>&nbsp;2008-12-24 by KaputtesLicht<br><br />Im zweiten Anlauf schnell gefunden! Beim ersten Versuch wurden hier gerade die Hecken geschnitten und gepflegt! Vielen Dank<br />]]></LOG>
<LOG><![CDATA[<img src='icon_smile.gif'>&nbsp;2008-12-20 by monalisa812<br><br />found it<br />]]></LOG>
<LOG><![CDATA[<img src='icon_smile.gif'>&nbsp;2008-12-19 by R&#252;ben<br><br />Found<br />]]></LOG>
<LOG><![CDATA[<img src='icon_smile.gif'>&nbsp;2008-12-19 by Geo-Zwerge<br><br />Found<br />]]></LOG>
<LOG><![CDATA[<img src='icon_smile.gif'>&nbsp;2008-11-14 by WiCo<br><br />Hallo,<p>beim Besuch der vielen Kirchen in Mühlhausen diesen Cache angelaufen. Meine Spürhunde haben bei der Suche kräftig mitgeholfen.<p>Danke und Gruss<br>WiCo<br />]]></LOG>
<LOG><![CDATA[<img src='icon_smile.gif'>&nbsp;2008-11-01 by Steppenwolf6666<br><br />Diesen Cache auch gut gefunden und schnell geloggt.<br />]]></LOG>
<LOG><![CDATA[<img src='icon_smile.gif'>&nbsp;2008-11-01 by Blacky59<br><br />Mit Steppenwolf6666 unterwegs gewesen und auch hier vorbei gekommen.<br />]]></LOG>
<LOG><![CDATA[<img src='icon_smile.gif'>&nbsp;2008-10-31 by das Licht<br><br />Schnell gefunden<p>Danke<br />]]></LOG>
<LOG><![CDATA[<img src='icon_smile.gif'>&nbsp;2008-10-31 by Sonnen Strahl<br><br />Schnell gefunden.<p>Danke<br />]]></LOG>
<LOG><![CDATA[<img src='icon_smile.gif'>&nbsp;2008-10-31 by Schippi38<br><br />Auch diesen bei einer kleinen Mühlhausen-Runde gefunden.<br>Danke sagt Schippi38!<br />]]></LOG>
<LOG><![CDATA[<img src='icon_smile.gif'>&nbsp;2008-10-23 by X-Gang<br><br />Bei der morgendlichen Joggingrunde wurde noch ein kleiner Abstecher unternommen.<br>Danke und Grüße von der X- Gang.<p><br />]]></LOG>
<LOG><![CDATA[<img src='icon_smile.gif'>&nbsp;2008-10-23 by Kirsche 7a<br><br />Unser erster in Mühlhausen, morgen gehts weiter..<br />]]></LOG>
<LOG><![CDATA[<img src='icon_smile.gif'>&nbsp;2008-10-23 by two rubsners<br><br />Mit Freunden auf Tour.<br />]]></LOG>
<LOG><![CDATA[<img src='icon_smile.gif'>&nbsp;2008-09-27 by Seve<br><br />War auf der Heimfahrt und da hab ich hier einen kurzen Stopp eingelegt. War gut zu finden, dankeschön!<br />]]></LOG>
<LOG><![CDATA[<img src='icon_smile.gif'>&nbsp;2008-09-27 by Garmina B<br><br />Einmal in der Gegend wurde auch diesem Denkmal und dem Friedhof ein Besuch abgestattet. Die Dose war schnell gefunden.<br>TFTC von den Garmina Bs<br>Cache #504; logged 12:30Uhr<br />]]></LOG>
<LOG><![CDATA[<img src='icon_smile.gif'>&nbsp;2008-09-20 by Hoffi1986<br><br />Ein nicht sofort ersichtlicher Cache aber sehr schön versteckt. Unsere Nummer 2. Dankeschön!<p>Edit 30.09.2008:<br>Habe heute auf meinem Postweg mal einen Bleistift und ein weiteres Logbuch dagelassen, weil das alte schon fast voll ist.<p>[This entry was edited by Hoffi1986 on Tuesday, September 30, 2008 at 5:56:58 AM.]<br />]]></LOG>
<LOG><![CDATA[<img src='icon_smile.gif'>&nbsp;2008-09-08 by kalimo<br><br />Der Cache war schnell gefunden und gehoben. Unser Hundertster ! TFTC<br />]]></LOG>
<LOG><![CDATA[<img src='icon_smile.gif'>&nbsp;2008-08-31 by geofutz<br><br />Zusammen mit Geoanni auf unserer MHL-Tour nach kleinem Spaziergang schnell gefunden.<br>Danke für #171 und<br>BYE GF.<br />]]></LOG>
<LOG><![CDATA[<img src='icon_smile.gif'>&nbsp;2008-08-31 by geoanni<br><br />Mit Geofutz und Katha schnell gefunden.<br>Danke für #37 an Hor_andy und der kleine Paul und<br>BYE Geoanni.<br />]]></LOG>
<LOG><![CDATA[<img src='icon_smile.gif'>&nbsp;2008-08-30 by ifindnix<br><br />Salvete!<br>Wir waren mal wieder gemeinsam mit Team Kumunst auf cache-Tour in Thüringen und konnten bei herrlichstem Wetter auch dieses Döschen schnell finden! <img src='http://www.geocaching.com/images/icons/icon_smile_big.gif' border=0 align=middle><br>Vobis gratias agimus!<br>ifindnix & crew <br />]]></LOG>
<LOG><![CDATA[<img src='icon_smile.gif'>&nbsp;2008-08-30 by Team Kumunst<br><br />Zusammen mit ifindnix (teilweise auch mit den Eichsgenossen und Erithacus Rubecula) waren wir an einem wunderbaren und  langen Wochenende gemeinsam in Thüringen unterwegs. Natürlich haben wir auch ein paar Dosen gefunden. Diese war eine davon.<br>Danke und Gruß<br>Team Kumunst<br />]]></LOG>
<LOG><![CDATA[<img src='icon_smile.gif'>&nbsp;2008-08-22 by Morglin<br><br />Auf unserer Reise hatten wir einen freien Vormittag, den ich zum Cachen genutzt habe. Mit Erfolg. Ein sehr schöner Ort. Danke fürs Zeigen, <br>Morglin<br />]]></LOG>
<LOG><![CDATA[<img src='icon_smile.gif'>&nbsp;2008-08-12 by kleinerMuck77<br><br />Auf einem schönen Spaziergang durch Mühlhausen gut gefunden - vielen Dank.<p>#434<br />]]></LOG>
<LOG><![CDATA[<img src='icon_smile.gif'>&nbsp;2008-08-03 by DerAlte<br><br />Bei unserer heutigen kleinen MHL-Tour auch diesen Cache gefunden.<br>DerAlte & Frau  <br>  <br><br />]]></LOG>
<LOG><![CDATA[<img src='icon_smile.gif'>&nbsp;2008-07-27 by fox-hunter_I<br><br />Als Vierter auf einer Tour nach Großengottern und zurück gehoben.<br>TFTC<br>fox-hunter_I<br />]]></LOG>
<LOG><![CDATA[<img src='icon_smile.gif'>&nbsp;2008-07-10 by Team BBM<br><br />Geparkt, gesucht, gefunden und muggelfrei geloggt.<p>Danke für diesen Cache<br>Team BBM<br />]]></LOG>
<LOG><![CDATA[<img src='icon_smile.gif'>&nbsp;2008-06-08 by Strauchdieb<br><br />Ein Griff und der saß.<br>Danke sagen Maik und Sabine<br />]]></LOG>
<LOG><![CDATA[<img src='icon_smile.gif'>&nbsp;2008-05-25 by servus tabulae<br><br />bei einem Auslfug schnell gefunden und geloggt. Danke sagt servus tabulae<br />]]></LOG>
<LOG><![CDATA[<img src='icon_smile.gif'>&nbsp;2008-05-24 by funki<br><br />Auch diesen zusammen mit *sarah*, Slentil, inge + dunsi sowie polizei gut gefunden. Danke dafür.<br>Funki<p><br />]]></LOG>
<LOG><![CDATA[<img src='icon_smile.gif'>&nbsp;2008-05-24 by *sarah*<br><br />Auf unserer heutigen Tour durch Mühlhausen auch diesen gut gefunden. Danke  	<br> <br />]]></LOG>
<LOG><![CDATA[<img src='icon_smile.gif'>&nbsp;2008-05-24 by Polizei<br><br />Auf unserer Tour durch Mühlhausen auch hier mal vorbei geschaut.<p>Danke<br />]]></LOG>
<LOG><![CDATA[<img src='icon_smile.gif'>&nbsp;2008-05-24 by dunsi<br><br />im Team auch diesen gut gefunden. DankesagenInge+Dunsi<br />]]></LOG>
<LOG><![CDATA[<img src='icon_smile.gif'>&nbsp;2008-05-24 by slentil<br><br />Auf einer Runde durch Mühlhausen den Cache gut gefunden.<p>Danke<br><br />]]></LOG>
<LOG><![CDATA[<img src='icon_smile.gif'>&nbsp;2008-05-22 by DL3BZZ<br><br /><b>#1167</b>   22. Mai 2008   10:20 Uhr<p>Und weiter geht es bei der kleinen Urlaubsrunde durch Mühlhausen.<br>Schnell gefunden und weiter geht es zum Gotteshaus.<p>NRNR<p>Bis denne<br>Lutz, DL3BZZ + Kerstin<br />]]></LOG>
<LOG><![CDATA[<img src='icon_smile.gif'>&nbsp;2008-05-18 by GeoSittiche<br><br />Cache am mystischen Ort,trotzdem gut gefunden.<br>Dasnke                   die GeoSittiche<br />]]></LOG>
<LOG><![CDATA[<img src='icon_smile.gif'>&nbsp;2008-05-03 by FOTOCACHE<br><br />Danke für den Cache an interessanter Location.<p>TFTC<p>FOTOCACHE<br />]]></LOG>
<LOG><![CDATA[<img src='icon_smile.gif'>&nbsp;2008-03-23 by madd.in<br><br />Beim zweiten Anlauf, nach der Untersuchung von Spoilerblidern schnell gefunden :) <p>tftc madd.in<br />]]></LOG>
<LOG><![CDATA[<img src='icon_smile.gif'>&nbsp;2008-03-20 by Renault Family<br><br />Hier auf Osterbesuch in Mühlhausen um 11.50 Uhr geloggt.<br>Danke sagen Sandra, Max & Matti<br />]]></LOG>
<LOG><![CDATA[<img src='icon_smile.gif'>&nbsp;2008-03-19 by uhri<br><br />Gut gefunden. Logbuch 2.0 eingeweiht.<br>TFTC sagt Uhri<br />]]></LOG>
<LOG><![CDATA[<img src='icon_maint.gif'>&nbsp;2008-03-15 by Hor_andy<br><br /><br>Zuammen mit dem Owner2 heute Cachekontrolle gemacht und gleich als Update "Logbuch 2.0" hochgeladen.<br><br />]]></LOG>
<LOG><![CDATA[<img src='icon_smile.gif'>&nbsp;2008-03-02 by 2wsx4rfv<br><br />Das Finanzamt im Nacken --brrr, was für ein Ort <b><font color="blue">   553 </b></font><br />]]></LOG>
<LOG><![CDATA[<img src='icon_smile.gif'>&nbsp;2008-02-24 by dop3<br><br />schnell gefunden!<br>mfg dop3&sandra<br />]]></LOG>
<LOG><![CDATA[<img src='icon_smile.gif'>&nbsp;2008-02-15 by alice<br><br />Gefunden<br />]]></LOG>
<LOG><![CDATA[<img src='icon_smile.gif'>&nbsp;2008-02-10 by hi2k<br><br />Nach kurzer Suche zusammen mit b&b, Comodín, Nordhesse und x_Deadman_x gefunden.<br>Danke für den Cache!<br>hi2k<br />]]></LOG>
<LOG><![CDATA[<img src='icon_smile.gif'>&nbsp;2008-02-10 by x Deadman x<br><br />Auf unseren heutigen Mühlhausen Tour auch diesen Cache einen Besuch  abgestattet.<br>THX4$<br>Deadman<br>*1012*<br />]]></LOG>
<LOG><![CDATA[<img src='icon_smile.gif'>&nbsp;2008-02-10 by Nordhesse<br><br />Den haben wir auch mitgenommen.<p>TFTC, Nordhesse<br />]]></LOG>
<LOG><![CDATA[<img src='icon_smile.gif'>&nbsp;2008-02-10 by Comod&#237;n<br><br />Bei unseren kleinen Runde auch diesen gut gefunden.<br>Danke fürs Verstecken,<br>Comodín<br />]]></LOG>
<LOG><![CDATA[<img src='icon_smile.gif'>&nbsp;2008-02-10 by Barbie&amp;Bruettler<br><br />Auch diesen auf unserer kleinen Mühlhausen Tour gut gefunden.<br>Danke<br>B&B<br>-2072-<br />]]></LOG>
<LOG><![CDATA[<img src='icon_note.gif'>&nbsp;2008-02-09 by Gollum &amp; Galadriel<br><br />Coin rein/raus<br>km-Zähler<br />]]></LOG>
<LOG><![CDATA[<img src='icon_smile.gif'>&nbsp;2008-02-09 by AT-AT<br><br />zusammen mit gollumgandalf gefunden<br>TFTC<br />]]></LOG>
<LOG><![CDATA[<img src='icon_smile.gif'>&nbsp;2008-02-09 by Gollum &amp; Galadriel<br><br />auf der Gassirunde schnell gefunden<br>TFTC<br />]]></LOG>
<LOG><![CDATA[<img src='icon_smile.gif'>&nbsp;2008-02-07 by coolbahia<br><br />Am 07.02.08 um 10:37 Uhr fast im vorbeifahren gefunden.<br>TFTC Coolbahia<br />]]></LOG>
<LOG><![CDATA[<img src='icon_smile.gif'>&nbsp;2008-02-04 by MrTT<br><br />Das war der ERSTE heute.<p> MTT<br><br />]]></LOG>
<LOG><![CDATA[<img src='icon_smile.gif'>&nbsp;2008-02-03 by Bara68<br><br />Wir haben heute diesen Cache - dank des Hints - im zweiten Anlauf sofort gefunden. Beim ersten Besuch zeigten die Koordinaten woanders hin und wir hatten den Hint nicht zur Hand. Danke fürs zeigen sagt Bara68<br />]]></LOG>
<LOG><![CDATA[<img src='icon_smile.gif'>&nbsp;2008-02-02 by diainsel.de<br><br />Schnell gefunden,<p>Gruß Eberhard<br><br />]]></LOG>
<LOG><![CDATA[<img src='icon_smile.gif'>&nbsp;2008-01-29 by Die Hasenschnitzels<br><br />Da bleiben ja nicht viele Versteckmöglichkeiten. Schnell geloggt, aber das Logbuch neigt sich dem Ende (übrigens auch beim Gotteshaus, habs nur vergessen reinzuschreiben).<br>Dummerweise habe ich kein Büchlein zur Hand gehabt.<br>Danke für den Cache.<p>MfG Die Hasenschnitzels<br />]]></LOG>
<LOG><![CDATA[<img src='icon_smile.gif'>&nbsp;2008-01-13 by LUPO.79<br><br />Als Letzten der heutigen klitzekleinen Sonntagsvormittagrunde mit Junior gefunden. TFTC<br />]]></LOG>
<LOG><![CDATA[<img src='icon_smile.gif'>&nbsp;2008-01-12 by oldboy2<br><br />Auf unserer Mühlhausen-Cachetour nach der Verlassenen ...kirche schnell gefunden.<p>TFTC<br>Oldboy2 und "Die Frau aus Holland" <img src='http://www.geocaching.com/images/icons/icon_smile_wink.gif' border=0 align=middle><br />]]></LOG>
<LOG><![CDATA[<img src='icon_smile.gif'>&nbsp;2007-12-29 by Jack Outdoor<br><br />In einer lustigen Cacherrunde an diesem kalten Tag unterwegs gewesen. Es hat viel Spaß gemacht. Danke!<br />]]></LOG>
<LOG><![CDATA[<img src='icon_smile.gif'>&nbsp;2007-12-29 by Bl&#252;mchenBande<br><br />Von der vergessenen Kirche kommend rasch gefunden. TFTc<br />]]></LOG>
<LOG><![CDATA[<img src='icon_smile.gif'>&nbsp;2007-12-29 by kasimodo<br><br />Die Arnstädter Cacher besuchten heute im großen Team Mühlhausen. Bei so einem Aufgebot, da war der Cache schnell geborgen! <br>Vielen Dank und Gruß<br>Kasimodo<br><br />]]></LOG>
<LOG><![CDATA[<img src='icon_smile.gif'>&nbsp;2007-12-29 by Yalla<br><br />Vielen Dank fürs Zeigen.<br><img src='http://www.geocaching.com/images/icons/icon_smile_cool.gif' border=0 align=middle><br>Viele Grüße von Yalla im Team der Arnstädter Cacher<br />]]></LOG>
<LOG><![CDATA[<img src='icon_smile.gif'>&nbsp;2007-12-23 by kallimunkel<br><br />12:35 Uhr Auf unserer heutigen MHL-Tour, den auch auf netter Höhe gefunden. Danke sagen die Kallimunkels<br />]]></LOG>
<LOG><![CDATA[<img src='icon_smile.gif'>&nbsp;2007-12-16 by nudenn<br><br />Schön, dass es auch ohne Bücken geht - danke sagt nudenn <img src='http://www.geocaching.com/images/icons/icon_smile_big.gif' border=0 align=middle><img src='http://www.geocaching.com/images/icons/icon_smile_big.gif' border=0 align=middle><br />]]></LOG>
<LOG><![CDATA[<img src='icon_smile.gif'>&nbsp;2007-12-08 by S&#246;ckchen<br><br />Vor dem Event noch schnell gefunden.<br>Silke<br />]]></LOG>
<LOG><![CDATA[<img src='icon_smile.gif'>&nbsp;2007-12-08 by unwissenheit<br><br />Und diesen hier gleich hinterher, wobei dieser besser getarnt war!<p>Hatte erst gedacht ich müsste in das abgesperrte Gebiet vordringen, aber das Tor war zu und dies war ironischerweise mein Glück, denn so suchte ich erstmal "normal" weiter!<p>dfdC @ Andy<p><br />]]></LOG>
<LOG><![CDATA[<img src='icon_smile.gif'>&nbsp;2007-12-08 by ArnGeko<br><br />Nach kurzer Suche gut gefunden. TFTC + Gruss<br />]]></LOG>
<LOG><![CDATA[<img src='icon_smile.gif'>&nbsp;2007-12-04 by friedelfindus<br><br />Der war doch recht schnell entdeckt, jedenfalls schneller als ein geeigneter Parkplatz.<br>Danke fürs Döschen.<br />]]></LOG>
<LOG><![CDATA[<img src='icon_smile.gif'>&nbsp;2007-11-27 by GC Team Obereip<br><br />Ich war beruflich in Mühlhausen & Dingelstädt unterwegs, und bevor es wieder zurück nach Köln ging, eine kurze Cachetour eingelegt, und diesen nach etwas suchen gut gefunden.<br>TFTC, viele Grüße, Sascha vom GC Team Obereip<br />]]></LOG>
<LOG><![CDATA[<img src='icon_smile.gif'>&nbsp;2007-11-18 by Grottenolm87<br><br />Habe meinen Account von Knutsch&Fleck in Grottenolm87 gewechselt. Sollte jemand damit Probleme haben, kann er diesen Log ohne Kommentar löschen.<br>I´ve changed my account from Knutsch&Fleck to Grottenolm87. The log can discharge momentarily if somebody disagree with this.  <br><br />]]></LOG>
<LOG><![CDATA[<img src='icon_smile.gif'>&nbsp;2007-11-18 by Erithacus Rubecula<br><br />Abgestaubt!<br>Zusammen mit den Eichsgenossen konnte der kleine uns nicht lange verschlossen bleiben. TFTC<br>#601<p>Knutsch&Fleck<br />]]></LOG>
<LOG><![CDATA[<img src='icon_smile.gif'>&nbsp;2007-11-18 by gloomy<br><br />Schneller Log im Schutz des Nebels. VG und Danke, gloomy!<br />]]></LOG>
<LOG><![CDATA[<img src='icon_smile.gif'>&nbsp;2007-11-18 by Eichsgenossen<br><br />....war schnell endeckt-interessanter Ort in dieser modernen Umgebung...<br>                Gruß von den Eichsgenossen<br />]]></LOG>
<LOG><![CDATA[<img src='icon_smile.gif'>&nbsp;2007-11-11 by caprikitty<br><br />diese ecke in mhl hatte ich noch nicht gekannt, danke für den kleinen cache. zusammen mit meinem chris gefunden.<br />]]></LOG>
<LOG><![CDATA[<img src='icon_smile.gif'>&nbsp;2007-11-11 by Chris601<br><br />Zusammen mit meinem Schatz kitty diesen Micro in historischer Gegend gefunden. Danke fürs Zeigen dieses Ortes.<br />]]></LOG>
<LOG><![CDATA[<img src='icon_smile.gif'>&nbsp;2007-11-11 by caro1<br><br />nach dem rundgang um die vergesse ...kirche haben wir uns auf den weg zum denkmal gemacht und diesen cache ziemlich schnell gefunden...<br />]]></LOG>
<LOG><![CDATA[<img src='icon_smile.gif'>&nbsp;2007-11-11 by cato44<br><br />Diesen Cache haben wir sehr schnell finden können, nachdem wir bei der vergessenen Kirche vorbeigeschaut haben 	<img src='http://www.geocaching.com/images/icons/icon_smile.gif' border=0 align=middle>.<br>DfdD!<br>cato44<br />]]></LOG>
<LOG><![CDATA[<img src='icon_smile.gif'>&nbsp;2007-11-06 by Traveler77<br><br />Nachdem ich einen Eingang zum Friedhof gesucht und gefunden hatte, musste ich schließlich feststellen das ich ihn gar nicht brauchte. <img src='http://www.geocaching.com/images/icons/icon_smile_blackeye.gif' border=0 align=middle> Aber Ende gut alles gut. <img src='http://www.geocaching.com/images/icons/icon_smile_wink.gif' border=0 align=middle> TFTC<br />]]></LOG>
<LOG><![CDATA[<img src='icon_smile.gif'>&nbsp;2007-11-03 by Gerstenzwerge<br><br />Das war der Auftakt unseres 2. Cachetages und wenn wir gestern schon ins Internet geschaut hätten, wär fast ein FTF drin gewesen.<br>Danke und Gruß vom Gerstenzwerg.<br />]]></LOG>
<LOG><![CDATA[<img src='icon_smile.gif'>&nbsp;2007-11-03 by Team Fire &amp; Ice<br><br />LOG: 17:25 Uhr<br>Bei unserem Besuch bei Mühlhäuser Freunden war dieser natürlich Pflicht! Vielen Dank für den neuen Cache sagt das<p>Team Fire & Ice<br>Heiko und Steffi aus Erfurt<br />]]></LOG>
<LOG><![CDATA[<img src='icon_smile.gif'>&nbsp;2007-11-03 by Portitzer<br><br />Schade! Hier haben wir die Bronzemedaille nur um etwa 20 Minuten verpasst. Warum haben wir den Gestern nur übersehen?!<p>Gemeinsam mit dem Gerstenzwerg nach kurzer Suche gefunden.<p>Danke und viele Grüße<br>Kurt<br />]]></LOG>
<LOG><![CDATA[<img src='icon_smile.gif'>&nbsp;2007-11-03 by Mueckenfett<br><br />Schöne Stelle,hier wollte ich schon vor längerer Zeit mal was hinlegen,schön das es nun jemand anders war <img src='http://www.geocaching.com/images/icons/icon_smile_wink.gif' border=0 align=middle><br>Tom<br />]]></LOG>
<LOG><![CDATA[<img src='icon_smile.gif'>&nbsp;2007-11-02 by Kruemel68<br><br />Ich war zusammen mit Jonny Hier.<br>TFTC Kruemel<br />]]></LOG>
<LOG><![CDATA[<img src='icon_smile.gif'>&nbsp;2007-11-02 by JonnyH&#252;tchen<br><br />Diesen schönen Cache um 19:34 Besucht <br>Danke an den Owner <p>                       Jonny Hütchen<br />]]></LOG>
<LOG><![CDATA[<img src='icon_greenlight.gif'>&nbsp;2007-11-01 by Don Rocbeer<br><br />Published<br />]]></LOG>
</LOGS>
<NOTES><![CDATA[]]></NOTES>
<IMAGES>
</IMAGES>
<TRAVELBUGS>
</TRAVELBUGS>
<URL><![CDATA[]]></URL>
<SOLVER><![CDATA[]]></SOLVER>
    <CACHE  name = "Gefallenendenkmal + J&#252;discher Friedhof M&#252;hlhausen" owner = "Hor_andy und der kleine Paul" lat = "51,20345" lon = "10,4647" hidden = "2007-10-30" wayp = "GC16AY3" status = "" ocCacheID = "" lastSyncOC = "20100419230620" num_recommended = "0" num_found = "-1" attributesYes = "4398053853187" attributesNo = "2199023255600" boolFields="1922" byteFields="33689359" attributesYes1 = "0" attributesNo1 = "0" />
</CACHEDETAILS>
