<?xml version="1.0" encoding="ISO-8859-1"?>
<CACHEDETAILS>
<VERSION value = "3"/>
<DETAILS><![CDATA[<br>Dies ist ein neuer Cache von mir und die erste Zusammenarbeit mit
dem kleinen Paul.
<p>Ein kleiner schneller Cache in Mühlhausen an einem Ort der
vielen so nicht bekannt sein dürfte. Dieses Gotteshaus dient
offensichtlich nicht mehr seiner eigentlichen Bestimmung, doch
sollte es trotzdem als solches nicht vergessen werden. Die Kapelle
liegt einsam und doch selten so ruhig wie man denken könnte am
Rande einer urwaldähnlichen Parkanlage, die früher mal ein
evangelischer Friedhof war, in direkter Nachbarschaft, ca 200m
östlich von hier, kann man die eingezäunten Reste des (neuen)
jüdischen Friedhofes bewundern. Die hier gezeigte Kapelle dieser
Friedhöfe wurde für christliche wie jüdische Beisetzungen
genutzt.<br />
Heute ist sie offenbar dem Verfall preisgegeben und erweckt sonst
niemandens Interesse. Tut etwas dagegen, das sie so allein ist.</p>
<p>Falls jemand den richtigen Namen kennen sollte würde ich ihn
gerne eintragen, das Internet konnte mir nicht weiterhelfen.</p>]]></DETAILS>
<COUNTRY><![CDATA[Germany]]></COUNTRY>
<STATE><![CDATA[Thüringen]]></STATE>
<ATTRIBUTES>
   <ATT>campfires-no.gif</ATT>
   <ATT>camping-no.gif</ATT>
   <ATT>wheelchair-no.gif</ATT>
   <ATT>firstaid-yes.gif</ATT>
   <ATT>winter-yes.gif</ATT>
   <ATT>available-yes.gif</ATT>
   <ATT>bicycles-yes.gif</ATT>
   <ATT>onehour-yes.gif</ATT>
   <ATT>dogs-yes.gif</ATT>
</ATTRIBUTES>
<HINTS><![CDATA[Onhz, rgjn Nhtrauöur, hagrez Oyäggrejrex]]></HINTS>
<LOGS>
<OWNLOGID></OWNLOGID>
<OWNLOG><![CDATA[]]></OWNLOG>
<LOG><![CDATA[<img src='icon_smile.gif'>&nbsp;2010-04-18 by Die Buhner<br><br />Bei herrlichem Frühlingswetter diese verlassenen Kapelle besucht um danach den gut versteckten Cache zu entdecken! Danke für diesen schönen Ort sagen<p>"Die Buhner"<br />]]></LOG>
<LOG><![CDATA[<img src='icon_smile.gif'>&nbsp;2010-04-17 by cadval<br><br />Heute bei einem schönen Spaziergang durch Mühlhausen geloggt.<br>Schöner Ort, Danke. <p>LG Cadval<br />]]></LOG>
<LOG><![CDATA[<img src='icon_smile.gif'>&nbsp;2010-03-28 by Gispi Hunters<br><br />Heute noch gut und schnell gefunden.<br>Der wird sich bald selbst verstecken.<p>TFTC Team "Gispi Hunters"<br />]]></LOG>
<LOG><![CDATA[<img src='icon_smile.gif'>&nbsp;2010-03-27 by UlliSilke<br><br />Ein bisschen mussten wir schon suchen ehe wir fündig wurden. TFTC!  UlliSilke.<br />]]></LOG>
<LOG><![CDATA[<img src='icon_smile.gif'>&nbsp;2010-03-27 by mausebaer13<br><br />Wir haben jeden Baum in Augenschein genommen und dann endlich den richtigen erwischt.<br>Leider ist das Logbuch voll. Wir haben einen Zettel mit unserem Log hinein gelegt.<br />]]></LOG>
<LOG><![CDATA[<img src='icon_smile.gif'>&nbsp;2010-03-20 by TcG71<br><br />(16:55:29/fwgb) Heute bei eine kurzen Samstagsrunde schnell gefunden ! TFTC :-) <br>Log ist voll !<p>TcG71 & GeoBienchen<br />]]></LOG>
<LOG><![CDATA[<img src='icon_smile.gif'>&nbsp;2010-02-28 by heilaender123<br><br />Heute schnell mal mitgenommen , Logbuch ist voll !<br>Danke fürs zeigen sagt der<br> Heilaender123 <img src='http://www.geocaching.com/images/icons/icon_smile.gif' border=0 align=middle><br />]]></LOG>
<LOG><![CDATA[<img src='icon_smile.gif'>&nbsp;2010-02-04 by mara.de<br><br />Schon etwas gesucht, welcher der .. ist es wohl?<br>Aber dann doch noch gefunden.<p>Ein Bauwagen vor der Tür. Ist eine REKO angesagt?<p>Danke für den GC.<br>#1483#<br />]]></LOG>
<LOG><![CDATA[<img src='icon_smile.gif'>&nbsp;2010-01-24 by Ausche<br><br />Gut gefunden, Logbuch ist voll und feucht.<br>TFTC<br />]]></LOG>
<LOG><![CDATA[<img src='icon_smile.gif'>&nbsp;2010-01-21 by Nalenia<br><br />fix gefunden. danke für´s Zeigen dieser wunderschönen Kirche<br>TFTC<br />]]></LOG>
<LOG><![CDATA[<img src='icon_smile.gif'>&nbsp;2010-01-08 by rageracer<br><br />Nachdem wir ihn Donnerstag Abend nicht gefunden haben, war ich am Freitag nochmal bei Tageslicht da,<br>und siehe da, den kleinen recht schnell entdeckt.<br>OK, der Hinweis "etwa Augenhöhe" stimmt aber nur wenn man ca. 2,05m groß ist. <img src='http://www.geocaching.com/images/icons/icon_smile_big.gif' border=0 align=middle><p>rageracer --- 08.01.10 --- 14.30 Uhr<p>TFTC<br />]]></LOG>
<LOG><![CDATA[<img src='icon_smile.gif'>&nbsp;2010-01-08 by beagle67<br><br />Heute Mittag schnell geloggt. Netter Cash.<br>--12.45--<br>TFTC<br>beagle67<br />]]></LOG>
<LOG><![CDATA[<img src='icon_smile.gif'>&nbsp;2009-12-31 by Reedy90<br><br />mit mediamarkt cachen und ihn schnell gehoben!<br />]]></LOG>
<LOG><![CDATA[<img src='icon_smile.gif'>&nbsp;2009-12-31 by mediamarkt1990<br><br />Schnell gefunden und geloggt<br>TFTC<br />]]></LOG>
<LOG><![CDATA[<img src='icon_smile.gif'>&nbsp;2009-12-28 by hblack<br><br />Auch wir haben diese Kirche nicht vergessen... <img src='http://www.geocaching.com/images/icons/icon_smile_big.gif' border=0 align=middle> T4T$!<br>Logged from my phone using the Geocache Navigator by Trimble<br />]]></LOG>
<LOG><![CDATA[<img src='icon_smile.gif'>&nbsp;2009-12-12 by imme56<br><br />Schnell gefunden. Danke fürs Herführen.<br />]]></LOG>
<LOG><![CDATA[<img src='icon_smile.gif'>&nbsp;2009-11-22 by Querfahrer<br><br />Unser Navi hatte hier totale Orientierungsprobleme und schickte uns an eine andere Stelle. Trotzdem haben wir das Döschen um 16:25 Uhr gefunden.<p>Danke für den Cache<p>Grüße<br>Susi und Uwe<p><br />]]></LOG>
<LOG><![CDATA[<img src='icon_smile.gif'>&nbsp;2009-11-15 by DasKnie<br><br />Heute im zweiten Anlauf gut gefunden. Der Deckel der Dose ist ein wenig in Mitleidenschaft gezogen, scheint aber (noch) dicht zu sein.<br />]]></LOG>
<LOG><![CDATA[<img src='icon_smile.gif'>&nbsp;2009-11-10 by malipa<br><br />Nummer 1 auf meiner kleinen heutigen Mühlhausenrunde. Auch ohne Spoiler schnell und problemlos gefunden.<br>TFTC<br>Li vom Team Malipa<br />]]></LOG>
<LOG><![CDATA[<img src='icon_smile.gif'>&nbsp;2009-11-07 by doppelkk<br><br />Zusammen mit frankenharry und frankenreini schnell gefunden. Mit viel sch.... am Fuss gell Britta :-)<p><br>TFTC <br>Grüße<br>doppelkk<br />]]></LOG>
<LOG><![CDATA[<img src='icon_smile.gif'>&nbsp;2009-11-07 by frankenharry<br><br />14:15h<br>Zusammen mit Frankenreini und doppelKK schnell gefunden.<br>Wie kann man den so ein Kirchlein einfach vergessen?<br>tftc<br>Grüsse aus Franken<br>Harry mit Britta und Anna<br />]]></LOG>
<LOG><![CDATA[<img src='icon_smile.gif'>&nbsp;2009-10-27 by Tini1985<br><br />nach der arbeit schnell mitgenommen. leider hab ich mich beim datum etwas vertan :D<p>TFTC Wolfi (von Tini1985)<br />]]></LOG>
<LOG><![CDATA[<img src='icon_smile.gif'>&nbsp;2009-10-21 by Karolli<br><br />Bei den vielen Kirchen in Mühlhausen, kann leider mal eine in Vergessenheit geraten. Was sehr schade ist. <br>Vielen Dank fürs Herführen!<p>PS: Waren heute etwas verwirrt! Das Logdatum im Buch ist veraltet <img src='http://www.geocaching.com/images/icons/icon_smile_blush.gif' border=0 align=middle> Dort stehen wir mit dem 20.10. drin!<br />]]></LOG>
<LOG><![CDATA[<img src='icon_smile.gif'>&nbsp;2009-10-16 by Richie1977<br><br />Einer schöner cache,kam mir gelegen lag auf gem Heimweg.Sicher eingelogt um 18.20Uhr.<p>Ps.:Logbuch ist voll!<p>Richie1977<br />]]></LOG>
<LOG><![CDATA[<img src='icon_smile.gif'>&nbsp;2009-10-01 by Ferdi Fuchs<br><br />Gemeinsam mit Püsterich bei einer nächtlichen Runde gefunden.<br />]]></LOG>
<LOG><![CDATA[<img src='icon_smile.gif'>&nbsp;2009-10-01 by P&#252;sterich<br><br />Auf zur Abendtour mit Ferdi Fuchs. Wir haben eine Weile gesucht und dann doch um 21.25 Uhr gefunden.<p>Püsterich<br />]]></LOG>
<LOG><![CDATA[<img src='icon_smile.gif'>&nbsp;2009-09-20 by Hardcore-UH<br><br />gefunden und gelogt, feine sache<br />]]></LOG>
<LOG><![CDATA[<img src='icon_smile.gif'>&nbsp;2009-09-15 by hoffe_goe<br><br />Ein schönes Fleckchen, schade nur das es verfällt! In Schottland findet man in leerstehenden Kirchen, Bars, Jugendzentren usw. Das wäre hier doch auch eine nette Idee, so mitten in der Stadt.<br>TFTC!<br />]]></LOG>
<LOG><![CDATA[<img src='icon_smile.gif'>&nbsp;2009-09-14 by Sonita<br><br />Schade, dass die Kirche nicht mehr genützt wird. TFTC<br />]]></LOG>
<LOG><![CDATA[<img src='icon_smile.gif'>&nbsp;2009-09-04 by Hawkbounce<br><br />Mit dem Team meines Vertrauens, mal wieder auf Tour gewesen.<p>TFTC Hawkbounce<br />]]></LOG>
<LOG><![CDATA[<img src='icon_smile.gif'>&nbsp;2009-09-04 by sixpack KS<br><br />Mit einer schnellen Crew - ein schneller Zugriff.<p>TFTC sixpack ks<br />]]></LOG>
<LOG><![CDATA[<img src='icon_smile.gif'>&nbsp;2009-09-04 by michael3005<br><br />Heute im bewährten Team mit Yanthana, Sixpack KS und Hawkbounce gut und sicher gefunden.<p>TFTC<p>Michael3005<br />]]></LOG>
<LOG><![CDATA[<img src='icon_smile.gif'>&nbsp;2009-09-04 by yanthana<br><br />Auf Tour mit Michael3005, Sixpack KS und Hawkbounce. Diesen Cache dabei gut und sicher gefunden.<p>TFTC<p>Yanthana<br />]]></LOG>
<LOG><![CDATA[<img src='icon_smile.gif'>&nbsp;2009-08-23 by compiprofi<br><br />Auf unserer Tour durch Mühlhausen haben wir diesen Kleinen schnell finden können. Diese Kirche ist wirklich toll und schade, daß es nicht mehr Informationen drüber gibt. Schnell und gut gefunden. TFTC<br />]]></LOG>
<LOG><![CDATA[<img src='icon_sad.gif'>&nbsp;2009-08-23 by Nathus<br><br />Mit meiner Band D:PROJEKT weilten wir in Mühlhausen zum evang. Jugendtag. Nach dem Gig blieb Zeit zum (Nacht)Cachen <img src='http://www.geocaching.com/images/icons/icon_smile_cool.gif' border=0 align=middle>.<br>Dieser Cache blieb uns aber leider verborgen.<img src='http://www.geocaching.com/images/icons/icon_smile_sad.gif' border=0 align=middle><p><font color="green"><b>*Nathus*</b></font><br />]]></LOG>
<LOG><![CDATA[<img src='icon_smile.gif'>&nbsp;2009-08-10 by leoni_1984<br><br />Gefunden mit Schatzi Chris, Kathy und Cachedogs Benni und Jacky! Schönes Ding! <img src='http://www.geocaching.com/images/icons/icon_smile_big.gif' border=0 align=middle><br />]]></LOG>
<LOG><![CDATA[<img src='icon_smile.gif'>&nbsp;2009-08-09 by la_ku<br><br /><br>Zu Besuch in Eigenrieden auf einem Rundgang durch Mühlhausen schnell gefunden. Ein eigentlich schöner Park mit schöner Kirche, müsste nur mal jemand mit dem Rasenmäher durch.<p>Grüße aus Halle.<p>TFTC, La_ku<p><br />]]></LOG>
<LOG><![CDATA[<img src='icon_smile.gif'>&nbsp;2009-08-08 by David+Chrissi<br><br />Prima, erfolgreich Geloggt.Hat spaß gemacht.<br>David+Chrissi<br />]]></LOG>
<LOG><![CDATA[<img src='icon_smile.gif'>&nbsp;2009-08-05 by pebbles1305<br><br />Schade, daß sie verfällt, wirklich hübsche Kirche<p>Nummer 30 auf Thüringen-Hessen-Niedersachsen-Tour  #401<br />]]></LOG>
<LOG><![CDATA[<img src='icon_smile.gif'>&nbsp;2009-07-18 by quequec<br><br />schicke kleine kirche - fast ein klerikaler lostplace im wohnblockhinterhof, so was habe ich auch noch nicht gesehen. danke an die owner und keythie fürs zeigen!<br />]]></LOG>
<LOG><![CDATA[<img src='icon_smile.gif'>&nbsp;2009-07-18 by keythie1<br><br />gemeinsam mit quequec auf Besuch in meiner alten Heimat(-stadt) nach kurzen koor-abweichungen gefunden und ins restlos volle logbuch gequetscht.<br>Ich habe oft als Kind bei der Kirche gespielt. Die uralten Gräber haben uns immer gegruselt. Heute ist es kaum wieder zu erkennen.<br>Aber wie die Kirche heißt, weiß ich auch leider nicht. Wir nannten sie die "Judenkirche".<br>Danke fürs Zeigen!!<br>TFTC<br />]]></LOG>
<LOG><![CDATA[<img src='icon_smile.gif'>&nbsp;2009-07-12 by MeyerBienchen<br><br />im team akg4555 gefunden, jetzt mit eigenem account nachgeloggt...<p>tftc<br />]]></LOG>
<LOG><![CDATA[<img src='icon_needsmaint.gif'>&nbsp;2009-07-12 by commander-rabb<br><br />Der Logstreifen, sowie der auch entheltene Zettel sind jetzt lückenlos beschrieben. Leider hatten wir nichts dabei, um dort für "Nachschub" zu sorgen.<p>Von daher ist wohl eine kleine Wartung fällig.<p>Viele Grüße<br>commander-rabb<br />]]></LOG>
<LOG><![CDATA[<img src='icon_smile.gif'>&nbsp;2009-07-12 by commander-rabb<br><br />Schöne kleine alte Kirche, die wirklich vergessen scheint.<p>Danke fürs Zeigen sagt das Team von commander-rabb<br />]]></LOG>
<LOG><![CDATA[<img src='icon_smile.gif'>&nbsp;2009-07-12 by akg4555<br><br />gemeinsam mit MeyerBienchen gefunden, tftc<br />]]></LOG>
<LOG><![CDATA[<img src='icon_smile.gif'>&nbsp;2009-06-16 by kaFFeeTrinKer<br><br />Wie kann man so eine schöne Kirsche nur vergessen!?!<br />]]></LOG>
<LOG><![CDATA[<img src='icon_smile.gif'>&nbsp;2009-05-31 by Horse-Team<br><br />Auf Tour durch Mühlhausen auch diesen Cache gut mit variblue und kpit51 bei schönem Wetter gefunden. <br>TFTC<br>Horse-Team<br />]]></LOG>
<LOG><![CDATA[<img src='icon_smile.gif'>&nbsp;2009-05-31 by variblue<br><br />Auf einer landschaftlich sehr schönen Tour nach Mühlhausen zusammen mit dem<br>Horse-Team und kpit51 haben wir auch diesen Cache gut und schnell gefunden.<p>Danke für den Cache.<p>Gruß<br><b><font color="blue">variblue</b></font><br><br />]]></LOG>
<LOG><![CDATA[<img src='icon_smile.gif'>&nbsp;2009-05-31 by kpit51<br><br />Heute mal mit dem Horse-Team und variblue eine Runde in und um Mühlhausen gedreht und den einen und anderen Cache besucht. <br>Ich danke allen Ownern für ihre Mühe mal schöne und mal schnelle Caches zu legen.<p>Vielen Dank<br>Peter<br />]]></LOG>
<LOG><![CDATA[<img src='icon_smile.gif'>&nbsp;2009-05-30 by KatPunn<br><br />Schöne Kirche und schöner Platz..<img src='http://www.geocaching.com/images/icons/icon_smile_wink.gif' border=0 align=middle>..<p>Danke & Gruß<br>KatPunn<br />]]></LOG>
<LOG><![CDATA[<img src='icon_smile.gif'>&nbsp;2009-05-23 by fabio-otto<br><br />sehr schöner ort!!!<p>tftc<br />]]></LOG>
<LOG><![CDATA[<img src='icon_smile.gif'>&nbsp;2009-05-03 by Hunter_TH<br><br />Nach kurzer suche doch gefunden. <p>Meine Recherchen egaben das es eine Friedhofskapelle war und daher keien Namen trägt.<br><br />]]></LOG>
<LOG><![CDATA[<img src='icon_smile.gif'>&nbsp;2009-05-01 by freiluftfan<br><br />Am Kampf- und Feiertag schnell gefunden, weiter gehts zum Friedhof.<br />]]></LOG>
<LOG><![CDATA[<img src='icon_smile.gif'>&nbsp;2009-04-26 by 0-Rgeiz<br><br />Bei großem Muggelaufkommen ging dieser Cache nur in Teamarbeit.<br>DFDC<br />]]></LOG>
<LOG><![CDATA[<img src='icon_smile.gif'>&nbsp;2009-04-25 by itzibitzi<br><br />Zügiger Fund. Die KO's waren genau, der Griff gezielt und 0-Rgeiz stand Schmiere, um zu warnen. <br>Man, da treiben sich ja eine Menge Leute herum.<br />]]></LOG>
<LOG><![CDATA[<img src='icon_smile.gif'>&nbsp;2009-04-19 by Sobo<br><br />Alligateuse und ich haben einen Ausflug nach Muehlhausen und Umgebung gemacht und wollten an diesem Cache nicht achtlos vorueberziehen. <br>Bevor wir das Doeschen in den Haenden konnten, sind wir erst einmal so richtig um die Baeume gezogen. Just als alligateuse am richtigen Baum stand, wurde ihre Entscheidung von vorbeikommenden Cachern als wuerdig befunden.<br>Herzlichen Dank fuer den Cache und Gruesse aus der Nordheide,<br>Sobo<br />]]></LOG>
<LOG><![CDATA[<img src='icon_smile.gif'>&nbsp;2009-04-19 by Kuchenmops<br><br />Hier trafen wir wieder auf die vermeintliche Hundemuggelin mit Anhang und es sollte sich herausstellen daß sie schon in das Hobby eingeweiht sind. Mit einem kleinen Tipp (die Koordinaten wollten uns auch erst an das falsche der zwei hauptverdächtigen Objekte führen) gelang uns schnell der Cachefund.<p>Danke für den Cache!<br />]]></LOG>
<LOG><![CDATA[<img src='icon_smile.gif'>&nbsp;2009-04-19 by Nidolli<br><br />Ein bisschen Zeit hatten wir noch bevor mein Zug kam... da haben wir das Cachermobil kurz stehen lassen und sind diesen Cache hier angegangen. Nach kurzer Suche wurden wir fündig. So blieb sogar Zeit noch einen Cache zu machen...<br>Vielen Dank fürs Verstecken!<p><b><font color="purple">* 640 *</font></b><br />]]></LOG>
<LOG><![CDATA[<img src='icon_smile.gif'>&nbsp;2009-04-19 by alligateuse<br><br />Große Mühlhausen-Tour mit sobo <img src='http://www.geocaching.com/images/icons/icon_smile_big.gif' border=0 align=middle> Hier taten wir uns ein wenig schwer, da die Kords uns partout an einen bestimmten Baum schickten, den wir äußerst gründlich untersuchten <img src='http://www.geocaching.com/images/icons/icon_smile_big.gif' border=0 align=middle> Leider fanden wir nix. Gerade als wir die Suche erweitern wollten, sprach uns ein Cacher-Päarchen an und nickte uns in die richtige Richtung. Da waren es nur Sekunden, bis wir die Dose in Händen hielten. - Die kleine Kirche hat mir gut gefallen. <p>Grüße an die beiden, den Nick habe ich leider nicht parat!<p>Danke fürs Verstecken, Grüße aus Hamburg,<br>Annett<br />]]></LOG>
<LOG><![CDATA[<img src='icon_smile.gif'>&nbsp;2009-04-19 by Joe_M<br><br />Am 19. April 2009 um 17:30Uhr als #478 gefunden.<p>Nach Mueckenfetts CITO machten wir noch eine kleine Stadtrunde und haben diese schöne, kleine Kirche und eine Dose dabei entdeckt <img src='http://www.geocaching.com/images/icons/icon_smile_wink.gif' border=0 align=middle><p><br>TFTC,<br>Joe<br />]]></LOG>
<LOG><![CDATA[<img src='icon_smile.gif'>&nbsp;2009-04-19 by wauzi08<br><br />gefunden und anderen cachern gern dabei geholfen *g*<br />]]></LOG>
<LOG><![CDATA[<img src='icon_smile.gif'>&nbsp;2009-04-19 by LadyOscar<br><br />Dank des Tipps eines einheimischen Cachers, wurden wir bereits beim zweiten abgesuchten Baum fündig. <br>Vielen Dank für den Cache <br />]]></LOG>
<LOG><![CDATA[<img src='icon_smile.gif'>&nbsp;2009-04-19 by Dr.A.Colian<br><br />Da heute das Finanzamt nicht offen hatte, konnte man auch mal auf dem Parkplatz etwas länger stehen bleiben, und so konnte man neben dem Denkmal auch beim Gotteshaus vorbeischauen.<p>Die Dose war ja ähnlich versteckt, und demnach auch gleich gefunden!<p>Danke und Grüße,<br>Dr.A.Colian<p>#613<br />]]></LOG>
<LOG><![CDATA[<img src='icon_smile.gif'>&nbsp;2009-04-19 by Sharky77<br><br />Beim 2.Anlauf heute gefunden.<br>TFTC!<br />]]></LOG>
<LOG><![CDATA[<img src='icon_smile.gif'>&nbsp;2009-04-17 by agp<br><br />Im Nieselregen oberhalb des Hints <img src='http://www.geocaching.com/images/icons/icon_smile_clown.gif' border=0 align=middle> gefunden.<p>Danke für's Zeigen der Kirche<br>agp<br />]]></LOG>
<LOG><![CDATA[<img src='icon_smile.gif'>&nbsp;2009-04-10 by biba1981<br><br />gesucht und in letzter minute mit FTT gefunden<br />]]></LOG>
<LOG><![CDATA[<img src='icon_smile.gif'>&nbsp;2009-04-09 by FTT<br><br />Der 2. auf unserer Nachtrunde mit biba1981.Waren erst ein wenig irritiert weil die Koordinaten eine andere Stelle vermuten ließen.Dann aber doch noch entdeckt.<br>TFTC<br />]]></LOG>
<LOG><![CDATA[<img src='icon_smile.gif'>&nbsp;2009-03-22 by Kerny77<br><br />Schoene Kirche<br />]]></LOG>
<LOG><![CDATA[<img src='icon_smile.gif'>&nbsp;2009-03-19 by sassolungo<br><br />Bei der vergessenen "Kirche" handelt es sich um eine Friedhofskapelle, gebaut anfang 19. Jhd im neoromanischen Stil. Das Gelände um die Kapelle herum war früher ein Friedhof; nach jüdischem Brauch (die Unvergessenen) sind die Grabsteine in diesem Teil noch erhalten.<br />]]></LOG>
<LOG><![CDATA[<img src='icon_smile.gif'>&nbsp;2009-02-07 by michael01<br><br />Heute waren wir unterwegs mit Smeagol, Schnullerbacke77 und Frittenbude70, um Mühlhausen unischer zu machen.<p>Bei inzwischen völliger Dunkelheit und Dauerregen haben wir es uns nicht nehmen lassen, auch diesen Cache noch zu bergen. Hier haben wir zuerst das falsche Objekt untersucht, sind aber doch noch fündig geworden.<p>Danke und viele Grüße<br>Michael01<br>#1399<br />]]></LOG>
<LOG><![CDATA[<img src='icon_smile.gif'>&nbsp;2009-01-24 by Schnullerbacke77<br><br />Zusammen mit Frittenbude70 und Smeagol Mühlhausen unsicher gemacht.<br>Dank des Caches diesen vergessenen Ort gesehen.<img src='http://img.groundspeak.com/forums/emoticons/signal/cute.gif' width=19 height=19 border=0 align=middle><br>Vielen Dank für´s Zeigen und Gruss<br>Schnullerbacke77<br />]]></LOG>
<LOG><![CDATA[<img src='icon_smile.gif'>&nbsp;2009-01-24 by Team Fribu70 &amp; Schnuba77<br><br /><b>Die Verrückten - Smeagol, Schnullerbacke77 und ich- waren wieder unterwegs, diesmal musste Mühlhausen dran glauben!</b><p><font color="blue">Während der Stationensuche des Letterbox-Caches sind wir wieder etwas vom rechten Wege abgekommen, um auch hier recht schnell das Döschen zu finden.<br>Es ist ja echt Wahnsinn, dass es hier soviele Kirchen auf engstem Raum gibt.<br>Schade, dass dadurch einige kleine Kirchen leider arg leiden müssen.</font><p><i>Vielen Dank für den Cache!</i><img src='http://img.groundspeak.com/forums/emoticons/signal/big_smile.gif' width=19 height=19 border=0 align=middle><br />]]></LOG>
<LOG><![CDATA[<img src='icon_smile.gif'>&nbsp;2009-01-24 by smeagol<br><br />1497. Auf Mühlhausen-Tour mit Schnullerbacke77 und Frittenbude70!<p>Neben den ganzen anderen imposanten Gotteshäusern in Mühlhausen, entpuppte sich gerade dieses vergessene kleine Kirchlein als wahres Kleinod - schade, dass es wohl dem Verfall preisgegeben ist ... Danke fürs Zeigen!<p>Gruß, Smeagol<br />]]></LOG>
<LOG><![CDATA[<img src='icon_smile.gif'>&nbsp;2009-01-21 by wombat62<br><br />Das Versteck unter dem dichten Blätterdach ist nicht ganz einfach zu finden. Erst nach einigem Suchen an mehrerem Bäumen konnte geloggt werden. <p>Vielen Dank sagt Wombat62<br />]]></LOG>
<LOG><![CDATA[<img src='icon_smile.gif'>&nbsp;2008-12-20 by monalisa812<br><br />found it<br />]]></LOG>
<LOG><![CDATA[<img src='icon_smile.gif'>&nbsp;2008-12-19 by R&#252;ben<br><br />Found<br />]]></LOG>
<LOG><![CDATA[<img src='icon_smile.gif'>&nbsp;2008-12-19 by Geo-Zwerge<br><br />Found<br />]]></LOG>
<LOG><![CDATA[<img src='icon_smile.gif'>&nbsp;2008-12-19 by two rubsners<br><br />Nach etlichen Anläufen nun endlich gefunden.<br />]]></LOG>
<LOG><![CDATA[<img src='icon_smile.gif'>&nbsp;2008-11-14 by WiCo<br><br />Hallo,<p>beim Besuch der vielen Kirchen in Mühlhausen diesen Cache angelaufen. Meine Spürhunde haben bei der Suche kräftig mitgeholfen.<p>Danke und Gruss<br>WiCo<br />]]></LOG>
<LOG><![CDATA[<img src='icon_smile.gif'>&nbsp;2008-11-01 by Steppenwolf6666<br><br />Diesen Cache auch gefunden, aber leider keinen Namen zu der Kirche.<br />]]></LOG>
<LOG><![CDATA[<img src='icon_smile.gif'>&nbsp;2008-11-01 by Blacky59<br><br />Mit Steppenwolf6666 unterwegs gewesen und auch hier vorbei gekommen.<br><br />]]></LOG>
<LOG><![CDATA[<img src='icon_smile.gif'>&nbsp;2008-10-31 by das Licht<br><br />Schnell gefunden<p>Danke<br />]]></LOG>
<LOG><![CDATA[<img src='icon_smile.gif'>&nbsp;2008-10-31 by Sonnen Strahl<br><br />Schnell gefunden.<p>Danke<br />]]></LOG>
<LOG><![CDATA[<img src='icon_smile.gif'>&nbsp;2008-10-31 by Schippi38<br><br />Hier musste ich schon etwas länger suchen, aber schließlich doch gefunden.<br>Irgendwie eine seltsame Erscheinung, diese Kirche zwischen den Wohnblöcken.<br>Danke fürs Zeigen!<br>Schippi38<br />]]></LOG>
<LOG><![CDATA[<img src='icon_smile.gif'>&nbsp;2008-10-23 by X-Gang<br><br />Bei der morgendlichen Joggingrunde wurde diese Kirche <img src='http://www.geocaching.com/images/icons/icon_smile.gif' border=0 align=middle> entdeckt.<br>Danke und Grüße von der X- Gang.<br />]]></LOG>
<LOG><![CDATA[<img src='icon_smile.gif'>&nbsp;2008-10-19 by KaputtesLicht<br><br />Nach langer Zeit wieder mal ganz kurz cachen gewesen! Zusammen mit Helmkatz gefunden. Danke<br />]]></LOG>
<LOG><![CDATA[<img src='icon_smile.gif'>&nbsp;2008-10-19 by Helmkatz<br><br />Nach wir beinahe alle Bäume im Umkreis von 5m "agbegrast" haben , fanden wir das Büchschen!<br><br />]]></LOG>
<LOG><![CDATA[<img src='icon_smile.gif'>&nbsp;2008-10-05 by Hartn<br><br />Ohne das Bild gesehen zu haben, hätte ich wohl aufgegeben.<br>Beim 2.Anlauf gefunden.<br><br />]]></LOG>
<LOG><![CDATA[<img src='icon_smile.gif'>&nbsp;2008-09-27 by Seve<br><br />Leider war es gegen halb 10 abends schon so dunkel, dass ich von der Kirche nicht mehr viel sehen konnte. Die Suche nach dem Micro hat auch ein wenig gedauert, aber nach einer Weile konnte ich zugreifen!<br />]]></LOG>
<LOG><![CDATA[<img src='icon_smile.gif'>&nbsp;2008-09-27 by Garmina B<br><br />Vielen Dank für das Herlocken an dieses vergessene Örtchen, hätte auf der normalen Touritour sicher nicht am Weg gelegen!<br>Garmina Bs<br>Cache #503; logged 12:25Uhr<br />]]></LOG>
<LOG><![CDATA[<img src='icon_smile.gif'>&nbsp;2008-09-20 by Hoffi1986<br><br />Unser allererster Geocache!!!<br>Ich habe ihn erst mal übersehen, doch meine Frau hat ihn dann gefunden! Sehr schön gemacht!!!<br />]]></LOG>
<LOG><![CDATA[<img src='icon_smile.gif'>&nbsp;2008-09-08 by kalimo<br><br />Unseren Ausflug nach Mühlhausen haben wir genutzt um gleich noch den ein oder anderen Cache zu heben. Dieser war der erste für heute. TFTC<br />]]></LOG>
<LOG><![CDATA[<img src='icon_smile.gif'>&nbsp;2008-08-31 by geofutz<br><br />Zusammen mit Geoanni auf unserer MHL-Tour schnell gefunden.<br>Danke für #170 und<br>BYE GF.<br />]]></LOG>
<LOG><![CDATA[<img src='icon_smile.gif'>&nbsp;2008-08-31 by geoanni<br><br />Mit Geofutz und Katha schnell gefunden.<br>Danke für #36 an Hor_andy und der kleine Paul und<br>BYE Geoanni.<br />]]></LOG>
<LOG><![CDATA[<img src='icon_smile.gif'>&nbsp;2008-08-21 by Morglin<br><br />Auf unserer Reise hatten wir einen freien Vormittag, den ich zum Cachen genutzt habe. Mit Erfolg. Danke für diesen sagt <br>Morglin<br />]]></LOG>
<LOG><![CDATA[<img src='icon_smile.gif'>&nbsp;2008-08-12 by kleinerMuck77<br><br />Auf einem schönen Spaziergang durch Mühlhausen gut gefunden - vielen Dank.<p>#433<br />]]></LOG>
<LOG><![CDATA[<img src='icon_smile.gif'>&nbsp;2008-08-03 by DerAlte<br><br />Bei unserer heutigen kleinen MHL-Tour auch diesen Cache gefunden.<br>DerAlte & Frau  <br>  <br><br />]]></LOG>
<LOG><![CDATA[<img src='icon_smile.gif'>&nbsp;2008-07-27 by fox-hunter_I<br><br />Als Ditter auf einer Tour nach Großengottern und zurück gehoben.<br>TFTC<br>fox-hunter_I<br />]]></LOG>
<LOG><![CDATA[<img src='icon_smile.gif'>&nbsp;2008-07-24 by BastiVW<br><br />schnell gefunden<br />]]></LOG>
<LOG><![CDATA[<img src='icon_smile.gif'>&nbsp;2008-07-10 by Team BBM<br><br />Dieser Cache war eine kleine Herausforderung, weil vier Grünlandmuggels den Rasen bearbeiteten. Während ihrer Mittagspause im Grünlandmuggelwagen erfolgte dann der Zugriff.<p>Danke für diesen Cache<br>Team BBM<br />]]></LOG>
<LOG><![CDATA[<img src='icon_smile.gif'>&nbsp;2008-07-02 by Moor2007<br><br />Heute mittag gelogt.<p>TFTC sagt moor2007<br />]]></LOG>
<LOG><![CDATA[<img src='icon_smile.gif'>&nbsp;2008-06-08 by Strauchdieb<br><br />Mannshohe Brennneseln!!! Mir brennt es immer noch überall. Aber gefunden!!<br>Danke sagen Maik und Sabine<br />]]></LOG>
<LOG><![CDATA[<img src='icon_smile.gif'>&nbsp;2008-05-25 by servus tabulae<br><br />bei einem Ausflug ins Thüringische diesen Kleinen schnell mitgenommen. Danke für den Ausflugstipp. Es grüßt servus tabulae<br />]]></LOG>
<LOG><![CDATA[<img src='icon_smile.gif'>&nbsp;2008-05-24 by funki<br><br />Während der Rest mit Cache suchen beschäftigt war, vergnügten *sarah* und ich uns die Zeit mit schaukeln.<p>Funki<br />]]></LOG>
<LOG><![CDATA[<img src='icon_smile.gif'>&nbsp;2008-05-24 by *sarah*<br><br />Auf unserer heutigen Tour durch Mühlhausen auch diesen gut gefunden. Danke  	<br> <br />]]></LOG>
<LOG><![CDATA[<img src='icon_smile.gif'>&nbsp;2008-05-24 by Polizei<br><br />Schöne kleine Kirche an einem versteckten Ort.<p>danke<br />]]></LOG>
<LOG><![CDATA[<img src='icon_smile.gif'>&nbsp;2008-05-24 by dunsi<br><br />Im Team heute schnell gefunden. Danke sagen Inge+Dunsi<br />]]></LOG>
<LOG><![CDATA[<img src='icon_smile.gif'>&nbsp;2008-05-24 by slentil<br><br />Die Kirche steht dort ja wirklich versteckt. Den Cache haben wir schnell gefunden.<p>Danke dafür<br><br />]]></LOG>
<LOG><![CDATA[<img src='icon_smile.gif'>&nbsp;2008-05-22 by DL3BZZ<br><br /><b>#1168</b>   22. Mai 2008   10:30 Uhr<p>Und weiter geht es bei der kleinen Urlaubsrunde durch Mühlhausen.<br>Schnell gefunden und weiter geht es zur Innenstadt, Spurensuche ist u.a. angesagt.<p>NRNR<p>Bis denne<br>Lutz, DL3BZZ + Kerstin<br />]]></LOG>
<LOG><![CDATA[<img src='icon_smile.gif'>&nbsp;2008-05-18 by didi50<br><br />die dose gut gefunden trotz den efeu danke<br />]]></LOG>
<LOG><![CDATA[<img src='icon_smile.gif'>&nbsp;2008-05-18 by GeoSittiche<br><br />Der Efeu hat den Cache fest im Griff.<br>TFTC                    die GeoSittiche<br />]]></LOG>
<LOG><![CDATA[<img src='icon_smile.gif'>&nbsp;2008-05-16 by Krieger_des_Lichtes<br><br />Netter Platz so Mitte in Mhl. Hab dank der vielen Hinweise schnell geahnt, wo sich der Micro versteckt hatte. Logbuch und Dose sind in bester Verfassung.<br />]]></LOG>
<LOG><![CDATA[<img src='icon_smile.gif'>&nbsp;2008-05-03 by FOTOCACHE<br><br />Danke für den Cache an interessanter Location.<p>TFTC<p>FOTOCACHE<br />]]></LOG>
<LOG><![CDATA[<img src='icon_note.gif'>&nbsp;2008-04-08 by Chris601<br><br />Nachdem mich diese Kirche auch nicht mehr losgelassen hat, habe ich meine Kontakte genutzt um mal etwas über die Kirche zu erfahren: <br>Gaaaanz früher gab es in unserer Stadt mehrere Friedhöfe. der für die Unterstadt befand sich bei der Divi-Blasii Kirche. <br>1802 war es dann wieder soweit - ein Neuer Friedhof wurde gebraucht und an dieser Stelle angelegt. Der Letzte Begrabene bei Divi-Blasii war wohl irgend ein Mädchen, der erste auf dem neuen Friedhof irgend ein Stadt-Oberhaupt <br>(Tilesius war es glaube aber nicht).<p>Dieser Friedhof blieb an dieser Stelle knapp 100 Jahre, bevor der jetztige zentrale Friedhof eingeweiht wurde. Geblieben ist lediglich der jüdische Teil.<p>Und jetzt zur Kirche: Die vermeindliche Kirche ist nichts anderes als die Friedhofskapelle. Sie trug nie einen Namen und ist wohl auch niemandem geweiht. (genau wie die Friedhofskapelle im heutigen Friedhof)<p>Wer dafür verantwortlich ist und wo man vielleicht mal Zutritt beantragen könnte, weiß ich nicht. Sicher irgendwo bei der Stadt.<br />]]></LOG>
<LOG><![CDATA[<img src='icon_smile.gif'>&nbsp;2008-03-22 by madd.in<br><br />NAchdem der richtige Onhz gefunden war...<br>tftc madd.in<br />]]></LOG>
<LOG><![CDATA[<img src='icon_smile.gif'>&nbsp;2008-03-20 by Renault Family<br><br />Hier auf Osterbesuch in Mühlhausen um 11.45 Uhr geloggt.<br>Danke sagen Sandra, Max & Matti<br />]]></LOG>
<LOG><![CDATA[<img src='icon_maint.gif'>&nbsp;2008-03-15 by Hor_andy<br><br /><br>Zuammen mit dem Owner2 heute Cachekontrolle gemacht und gleich als Update "Logbuch 2.0" hochgeladen.<br><br />]]></LOG>
<LOG><![CDATA[<img src='icon_smile.gif'>&nbsp;2008-03-10 by caprikitty<br><br />Fix gefunden vielen Dank, aber Logbuch ist nun wirklich voll.<br />]]></LOG>
<LOG><![CDATA[<img src='icon_smile.gif'>&nbsp;2008-03-02 by 2wsx4rfv<br><br />Den Sonntagmorgen und Dauerregen als Muggelbeobachtungsschutz genutzt.<br />]]></LOG>
<LOG><![CDATA[<img src='icon_smile.gif'>&nbsp;2008-02-29 by uhri<br><br />Gut gefunden. Weis jemand ob man die Kirche besichtigen kann? Wäre mal ne Idee.<br>(Logbuch ist voll)<br>TFTC<br />]]></LOG>
<LOG><![CDATA[<img src='icon_smile.gif'>&nbsp;2008-02-24 by dop3<br><br />schnell am nachmittag gefunden<br>mfg dop3&sandra<br />]]></LOG>
<LOG><![CDATA[<img src='icon_smile.gif'>&nbsp;2008-02-15 by alice<br><br />Gefunden<br />]]></LOG>
<LOG><![CDATA[<img src='icon_smile.gif'>&nbsp;2008-02-10 by hi2k<br><br />Schnuckelige Kirche! Könnte ich mir auch gut als Wohnhaus vorstellen.<br>Danke für den Cache!<br>hi2k<br />]]></LOG>
<LOG><![CDATA[<img src='icon_smile.gif'>&nbsp;2008-02-10 by x Deadman x<br><br />Auf unseren heutigen Mühlhausen Tour auch diesen Cache einen Besuch abgestattet. Netter LP!<br>THX4$<br>Deadman<br>*1013*<br />]]></LOG>
<LOG><![CDATA[<img src='icon_smile.gif'>&nbsp;2008-02-10 by Nordhesse<br><br />Auch diesen haben wir schnell und gut gefunden.<p>TFTC, Nordhesse<br />]]></LOG>
<LOG><![CDATA[<img src='icon_smile.gif'>&nbsp;2008-02-10 by Comod&#237;n<br><br />Bei unserer kleinen Runde konnten wir auch diesen entdecken.<br>TFTC,<br>Comodín<br />]]></LOG>
<LOG><![CDATA[<img src='icon_smile.gif'>&nbsp;2008-02-10 by Barbie&amp;Bruettler<br><br />Auch diesen auf unserer kleinen Mühlhausen Tour gut gefunden.<br>Danke<br>B&B<br>-2073-<br />]]></LOG>
<LOG><![CDATA[<img src='icon_smile.gif'>&nbsp;2008-02-04 by MrTT<br><br />Das war der ZWEITE heute.<p> MTT<br><br />]]></LOG>
<LOG><![CDATA[<img src='icon_smile.gif'>&nbsp;2008-02-03 by FroehlicheRadlerin<br><br />Die Anwohner wundern sich bestimmt über das intensive Interesse verschiedener Leute an der Natur... ;) Naja, nach einem Tipp von Baras Kindern habe ich den Cache dann beim vierten Tastversuch fix gefunden. Vielen Dank und Grüße aus Nord-Brandenburg von Katja<br />]]></LOG>
<LOG><![CDATA[<img src='icon_note.gif'>&nbsp;2008-02-02 by Gollum &amp; Galadriel<br><br />Coin rein/raus<br>km-Zähler<br />]]></LOG>
<LOG><![CDATA[<img src='icon_smile.gif'>&nbsp;2008-02-02 by AT-AT<br><br />am 02.02. zusammen mit gollumgandalf gefunden <br>TFTC<br />]]></LOG>
<LOG><![CDATA[<img src='icon_smile.gif'>&nbsp;2008-02-02 by Gollum &amp; Galadriel<br><br />unser allererster Cache<br />]]></LOG>
<LOG><![CDATA[<img src='icon_smile.gif'>&nbsp;2008-02-02 by diainsel.de<br><br />Schnell gefunden,<p>Gruß Eberhard<br><br />]]></LOG>
<LOG><![CDATA[<img src='icon_smile.gif'>&nbsp;2008-01-30 by coolbahia<br><br />Am 30.01.08 um 14:08Uhr mit Gastcacher<br>Frank schnell entdeckt.<br>TFTC Coolbahia<br />]]></LOG>
<LOG><![CDATA[<img src='icon_smile.gif'>&nbsp;2008-01-29 by Die Hasenschnitzels<br><br />Chefin war beim Mini-Klassentreffen und Herr Hasenschnitzels hatte den Freibrief fürs Cachen. Mit Glück gleich den richtigen Baum erwischt, so dass die Lampe nicht lange leuchten musste.<br>Danke für den Cache.<p>Die Hasenschnitzels<br />]]></LOG>
<LOG><![CDATA[<img src='icon_smile.gif'>&nbsp;2008-01-27 by Bara68<br><br />Nach vielen erfolglosen Versuchen - heute ohne GPS Gerät schnell gefunden. Bara68 + Kind<br />]]></LOG>
<LOG><![CDATA[<img src='icon_smile.gif'>&nbsp;2008-01-13 by LUPO.79<br><br />Nachdem ich vor ner weile schon mal hier war und am falschen baum suchte, nun heut Vormittag auf ner kleinen Runde dank Spoilerbild super gefunden! TFTC<br />]]></LOG>
<LOG><![CDATA[<img src='icon_smile.gif'>&nbsp;2008-01-12 by oldboy2<br><br />Auf unserer Mühlhausen-Cachetour nach dem Kraftverkehr schnell gefunden.<p>TFTC<br>Oldboy2 und "Die Frau aus Holland" <img src='http://www.geocaching.com/images/icons/icon_smile_wink.gif' border=0 align=middle><br />]]></LOG>
<LOG><![CDATA[<img src='icon_smile.gif'>&nbsp;2007-12-29 by Jack Outdoor<br><br />In einer lustigen Cacherrunde an diesem kalten Tag unterwegs gewesen. Es hat viel Spaß gemacht. Danke!<br />]]></LOG>
<LOG><![CDATA[<img src='icon_smile.gif'>&nbsp;2007-12-29 by haenselmen<br><br />Im Team der Arnstädter unterwegs ,zum ersten mal.<br>Sechs erwachsene Männe allein unterwegs!!!!!!<br>Man kommt ganz schön rum.<br>Viele Grüße aus Arnstadt<br><br />]]></LOG>
<LOG><![CDATA[<img src='icon_smile.gif'>&nbsp;2007-12-29 by Bl&#252;mchenBande<br><br />Auf einer Runde durch Mühlhausen gefunden, angesichts der angrenzenden Bauten <img src='http://www.geocaching.com/images/icons/icon_smile_shock.gif' border=0 align=middle> wundert man sich schon, dass die Kirche noch steht. TFTC<br />]]></LOG>
<LOG><![CDATA[<img src='icon_smile.gif'>&nbsp;2007-12-29 by kasimodo<br><br />Die Arnstädter Cacher besuchten heute im großen Team Mühlhausen. Bei so einem Aufgebot, da war der Cache schnell gefunden! <br>Vielen Dank und Gruß<br>Kasimodo<br><br />]]></LOG>
<LOG><![CDATA[<img src='icon_smile.gif'>&nbsp;2007-12-29 by Yalla<br><br />Vielen Dank fürs Zeigen.<br><img src='http://www.geocaching.com/images/icons/icon_smile_cool.gif' border=0 align=middle><br>Viele Grüße von Yalla im Team der Arnstädter Cacher<br />]]></LOG>
<LOG><![CDATA[<img src='icon_smile.gif'>&nbsp;2007-12-23 by kallimunkel<br><br />12:10 Uhr Erst untersuchten wir einen anderen ..... aber dann, gefunden. Danke. Ich fragte übrigens im voraus einen älteren Kollegen, der schon lange in Mühlhausen beheimatet ist, nach dem Namen dieser Kirche: Sie hat wohl keinen Namen, sondern war die Fiedhofskapelle, des dort befindlichen großen Friedhofes, der in den 70-er Jahren unter dem DDR-Regime "platt" gemacht wurde. Beim Bau der umliegenden Neubauten wurden viele Gebeine gefunden. Das selbe Schicksal sollte auch den jüdischen Friedhof ereilen, allerdings hatte da der Staat Israel ein Wörtchen mitzureden, Gott sei Dank. Mehr konnte ich auch nicht in Erfahrung bringen.<br>Grüße aus NDH sagen die Kallimunkels<br />]]></LOG>
<LOG><![CDATA[<img src='icon_smile.gif'>&nbsp;2007-12-16 by nudenn<br><br />Auf der Suche nach dem Weihnachtsmarkt diesen Kleinen schnell gefunden. Dank dem Schatzmeister. <img src='http://www.geocaching.com/images/icons/icon_smile_big.gif' border=0 align=middle><img src='http://www.geocaching.com/images/icons/icon_smile_big.gif' border=0 align=middle><br />]]></LOG>
<LOG><![CDATA[<img src='icon_smile.gif'>&nbsp;2007-12-09 by Team Fire &amp; Ice<br><br />Schade, ein schönes GC-Wochenende ist vorbei und wir sind wieder auf dem Rückweg nach Hause. Doch diesen Cache konnten wir nicht unbemerkt liegen lassen.<p>Vielen Dank sagt das<p>Team Fire & Ice<br>Steffi und Heiko aus Erfurt<p>PS: Im zweiten Anlauf dann doch gefunden.<br />]]></LOG>
<LOG><![CDATA[<img src='icon_sad.gif'>&nbsp;2007-12-08 by Bara68<br><br />Ich war heute zum dritten Mal erfolglos hier. Scheinbar habe ich Tomaten auf den Augen gehabt. Egal ich komme wieder. Bara68<br />]]></LOG>
<LOG><![CDATA[<img src='icon_smile.gif'>&nbsp;2007-12-08 by unwissenheit<br><br />Vor dem Event den hier gemacht!<p>"Gut getarnt ist halb versteckt" sag ich da mal wieder,.... hat nur ne Weile gedauert bis mich das GPS auch zu dem richtigen ... schickte!<p>Leider fand ich heut nich mal die Zeit mit Andy zu fachsimpeln! Sorry Andy!<br>Alles Gute Dir und deiner "kleinen" Family!<p>Gruß Andi aká unwissenheit<p><br />]]></LOG>
<LOG><![CDATA[<img src='icon_smile.gif'>&nbsp;2007-12-08 by ArnGeko<br><br />Das GPS schickte uns von Baum zu Baum ... der letzte wars dann<br><img src='http://www.geocaching.com/images/icons/icon_smile_wink.gif' border=0 align=middle>.<br />]]></LOG>
<LOG><![CDATA[<img src='icon_smile.gif'>&nbsp;2007-12-04 by friedelfindus<br><br />Nach doch etwas Suchen endlich gefunden.<br>Danke fürs Döschen.<br />]]></LOG>
<LOG><![CDATA[<img src='icon_smile.gif'>&nbsp;2007-11-18 by gloomy<br><br />Die Kirche war mir schon bekannt, heute also ein kurzer Besuch von außen. VG und Danke, gloomy!<br />]]></LOG>
<LOG><![CDATA[<img src='icon_smile.gif'>&nbsp;2007-11-11 by caro1<br><br />erst nach einem rundgang um die kirche herum, den cache entdeckt...danke!<br />]]></LOG>
<LOG><![CDATA[<img src='icon_smile.gif'>&nbsp;2007-11-11 by cato44<br><br />Im kirchenreichen Mühlhausen steht diese doch auf ziemlich verlorenem  Posten	<img src='http://www.geocaching.com/images/icons/icon_smile_sad.gif' border=0 align=middle>!<br>Den Cache haben wir dank caros Argusaugen relativ schnell gefunden.<br>Danke <br>sagen die zwei von cato44<br />]]></LOG>
<LOG><![CDATA[<img src='icon_smile.gif'>&nbsp;2007-11-02 by Gerstenzwerge<br><br />Nr. 29 unserer über 50iger Statistikcachetour in die Mühlhäuser Gegend.<br>Des Nachts nicht einfach zu finden, dafür waren wir ungestört.<br>Vielen Dank und schöne Grüße <br>vom Gerstenzwerg auf Tour mit dem Portitzer.<br><br />]]></LOG>
<LOG><![CDATA[<img src='icon_smile.gif'>&nbsp;2007-11-02 by Portitzer<br><br />Tagsüber ist es hier sicher nicht einfach, unbeobachtet zu suchen.
Wir haben es deshalb im Dunklen versucht.  Da ist man zwar ungestört, aber dafür steigt auch der Schwierigkeitsgrad <img src='http://www.geocaching.com/images/icons/icon_smile_big.gif' border=0 align=middle>...<p>Danke und viele Grüße<p>Kurt<br />]]></LOG>
<LOG><![CDATA[<img src='icon_smile.gif'>&nbsp;2007-10-27 by Grottenolm87<br><br />Habe meinen Account von Knutsch&Fleck in Grottenolm87 gewechselt. Sollte jemand damit Probleme haben, kann er diesen Log ohne Kommentar löschen.<br>I´ve changed my account from Knutsch&Fleck to Grottenolm87. The log can discharge momentarily if somebody disagree with this.  <br><br />]]></LOG>
<LOG><![CDATA[<img src='icon_smile.gif'>&nbsp;2007-10-27 by Eichsgenossen<br><br />...mit mehreren Cachern hier vor Ort, schade das solche Bauwerke dem Verfall überlassen werden.<br>TFTC<br />]]></LOG>
<LOG><![CDATA[<img src='icon_smile.gif'>&nbsp;2007-10-27 by Erithacus Rubecula<br><br />Abgestaubt!<br>Mal wieder mit ein paar mehr Leuten als sonst cachen gewesen, was viel spaß gemacht hat. TFTC<br>#577 12:10Uhr<p>Knutsch&Fleck<br />]]></LOG>
<LOG><![CDATA[<img src='icon_smile.gif'>&nbsp;2007-10-27 by ifindnix<br><br />Salvete!<br>Gemeinsam cachen macht am meisten Spaß <img src='http://www.geocaching.com/images/icons/icon_smile_big.gif' border=0 align=middle> und heute hatten wir in großer Runde sehr viel Spaß! <img src='http://www.geocaching.com/images/icons/icon_smile_wink.gif' border=0 align=middle><br>Vobis gratias agimus!<br>ifindnix & crew<br>#1121<br />]]></LOG>
<LOG><![CDATA[<img src='icon_smile.gif'>&nbsp;2007-10-27 by Team Kumunst<br><br />Schade das hier der Verfall freien Lauf hat.<br>Danke und Gruß<br>Team Kumunst<br />]]></LOG>
<LOG><![CDATA[<img src='icon_smile.gif'>&nbsp;2007-10-24 by Jubaka<br><br />Moin!<br>Auf unserer Thüringen Urlaubstour problemlos, nach kurzer Suche, um 11:45h gefunden. Waren gerade einige Gärtnermuggel im Park unterwegs, die uns aber nicht weiter beachteten. Haben wohl schon auf die Mittagspause gewartet. Schade um die schöne kleine Kirche die wohl irgendwann zusammenfällt. <br>Vielen Dank für den Cache.<br>Jubaka<br><br />]]></LOG>
<LOG><![CDATA[<img src='icon_smile.gif'>&nbsp;2007-10-21 by Radwanderer<br><br />Bei unserer (leider viel zu kurzen) Stippvisite in Mühlhausen haben wir auch diese interessante Location besucht - und wurden fündig! Schade um das niedliche Kirchlein, das dort so einsam in der Ecke hockt...<br />]]></LOG>
<LOG><![CDATA[<img src='icon_smile.gif'>&nbsp;2007-10-20 by SAM-Hessen<br><br />Heute zusammen mit Mottobug auf Cachetour gut gefunden.Arme Kirche, bald fällt sie wohl zusammen. TFTC<br />]]></LOG>
<LOG><![CDATA[<img src='icon_smile.gif'>&nbsp;2007-10-20 by mottobug<br><br />Schöne Kirche!<p>Danke fürs zeigen.<p><br />]]></LOG>
<LOG><![CDATA[<img src='icon_smile.gif'>&nbsp;2007-10-07 by JonnyH&#252;tchen<br><br />Gefunden<br><br />]]></LOG>
<LOG><![CDATA[<img src='icon_smile.gif'>&nbsp;2007-10-07 by Kruemel68<br><br />Leider weiß auch ich nicht den Namen des Gotteshauses, den Kleinen haben wir jedoch schnell gefunden. Vielen Dank fürs Verstecken. Es erübrigt sich sicher zu bemerken, dass auch ich diesen Ort.....<p>Gruß von Stefan<br />]]></LOG>
<LOG><![CDATA[<img src='icon_smile.gif'>&nbsp;2007-10-06 by Traveler77<br><br />Wenn es dunkel wird ist es gar nicht mehr so einfach wie gedacht. <img src='http://www.geocaching.com/images/icons/icon_smile_blackeye.gif' border=0 align=middle><br>Aber schließlich doch gefunden. [;] TFTC<br />]]></LOG>
<LOG><![CDATA[<img src='icon_smile.gif'>&nbsp;2007-10-05 by S&#246;ckchen<br><br />Zwischen Feierabend und Wochenendeinkauf das Döschen in der Dämmerung gerade noch enteckt. In welch düsterer Gegend geht dann da der Andi mit seinem kleinen Paul spazieren? Da dieser Park das Lieblingsdomizi vieler Hundebesitzer ist, sollte man aufpassen, dass man mit sauberen Schuhen wieder heraustritt <img src='http://www.geocaching.com/images/icons/icon_smile.gif' border=0 align=middle><br>Grüßchen von Silke<br />]]></LOG>
<LOG><![CDATA[<img src='icon_smile.gif'>&nbsp;2007-10-05 by Mueckenfett<br><br />Wer früher Feierabend hat,kann auch eher suchen <img src='http://www.geocaching.com/images/icons/icon_smile_wink.gif' border=0 align=middle><br>kurz vorm dunkel werden zusammen mit Söckchen noch entdeckt.<br>Tom<br />]]></LOG>
<LOG><![CDATA[<img src='icon_smile.gif'>&nbsp;2007-10-05 by Chris601<br><br />ERSTER! <p>Mir ist kürzlich auch diese Kirche aufgefallen und ich dachte mir, dass sie einen Schatz verdient hätte. Aber nun - dann darf ich eben suchen <img src='http://www.geocaching.com/images/icons/icon_smile.gif' border=0 align=middle><p>Das Döschen selbst hatte sich zwar ein paar Minuten versteckt, aber dann hab ichs doch noch entdeckt..<p>Danke!<p>#214<p>[This entry was edited by Chris601 on Friday, October 05, 2007 at 5:20:54 PM.]<br />]]></LOG>
<LOG><![CDATA[<img src='icon_greenlight.gif'>&nbsp;2007-10-03 by JeeperMTJ.gc<br><br />Published<br />]]></LOG>
</LOGS>
<NOTES><![CDATA[]]></NOTES>
<IMAGES>
    <IMG>GC16AW0_0.jpg<URL>http://img.geocaching.com/cache/1c2e655c-88d1-4cd8-b5e1-6b98cc52cf7b.jpg</URL></IMG>
    <IMG>GC16AW0_1.jpg<URL>http://img.geocaching.com/cache/e8c191a5-1971-4574-8cfa-8ba923e63147.jpg</URL></IMG>
    <IMG>GC16AW0_2.jpg<URL>http://img.geocaching.com/cache/e1b2dcc5-1256-45d2-93eb-498d5c7564ea.jpg</URL></IMG>
    <IMG>GC16AW0_3.jpg<URL>http://img.geocaching.com/cache/4ac549ea-3f0e-465a-8621-d6e44c0da98a.jpg</URL></IMG>
    <IMGTEXT>Blick vom Cache<DESC>kein Spoiler</DESC></IMGTEXT>
    <IMGTEXT>der kleine Paul<DESC>So sieht die neue Cacher-Generation aus. [;)]</DESC></IMGTEXT>
    <IMGTEXT>Kapelle Bild1</IMGTEXT>
    <IMGTEXT>Kapelle Bild2</IMGTEXT>
</IMAGES>
<TRAVELBUGS>
</TRAVELBUGS>
<URL><![CDATA[]]></URL>
<SOLVER><![CDATA[]]></SOLVER>
    <CACHE  name = "Gottesh&#228;user: Die vergessene ...kirche" owner = "Hor_andy und der kleine Paul" lat = "51,203583333333" lon = "10,462166666667" hidden = "2007-09-30" wayp = "GC16AW0" status = "" ocCacheID = "" lastSyncOC = "20100419230541" num_recommended = "0" num_found = "-1" attributesYes = "13194141632515" attributesNo = "2199023255600" boolFields="1922" byteFields="33689359" attributesYes1 = "0" attributesNo1 = "0" />
</CACHEDETAILS>
