<?xml version="1.0" encoding="ISO-8859-1"?>
<CACHEDETAILS>
<VERSION value = "3"/>
<DETAILS><![CDATA[<center>
<h2>Entenbühlbrunnen</h2>
<p><img src=
"http://img.geocaching.com/cache/90ab2bde-c01e-4c7f-9072-ec5e217ea54e.jpg" /></p>
<br /></center>

<br><p align="center">Eingeweiht wurde der Brunnen 1937 zur Eröffnug
des Sparkassengebäudes.<br />
Im Januar 2007 wurde die Brunnenfigur zur Sanierung abgenommen und
eine komplette Restaurierung des seit langen nicht mehr intakten
Brunnen vorgenommen.<br />
Seit September lässt der geliebte Entenbühlbrunnen wieder fleißig
Wasser sprudeln.<br />
<br />
Geht an die oben genannten Daten und peilt 278° in 36m und ihr
werdet die kleine Dose finden.</p>
<br />]]></DETAILS>
<COUNTRY><![CDATA[Germany]]></COUNTRY>
<STATE><![CDATA[Thüringen]]></STATE>
<ATTRIBUTES>
   <ATT>wheelchair-no.gif</ATT>
   <ATT>bicycles-yes.gif</ATT>
   <ATT>stroller-yes.gif</ATT>
   <ATT>parking-yes.gif</ATT>
   <ATT>available-yes.gif</ATT>
   <ATT>dogs-yes.gif</ATT>
   <ATT>motorcycles-yes.gif</ATT>
</ATTRIBUTES>
<HINTS><![CDATA[qnes zna uvre cnexra?]]></HINTS>
<LOGS>
<OWNLOGID></OWNLOGID>
<OWNLOG><![CDATA[]]></OWNLOG>
<LOG><![CDATA[<img src='icon_smile.gif'>&nbsp;2010-04-17 by cadval<br><br />Sehr schöner cache und auch relativ schnell gefunden :) <br>Dankeschön<p>Lg Cadval<br />]]></LOG>
<LOG><![CDATA[<img src='icon_smile.gif'>&nbsp;2010-04-09 by bondy57<br><br />Gut gefunden und geloggt, DFDC.<br />]]></LOG>
<LOG><![CDATA[<img src='icon_smile.gif'>&nbsp;2010-04-03 by thegorbi<br><br />Auch hier an desem schönen Brunnen wurde ich fündig. Zum Glück war durch das eher mittelmäßige Wetter nicht so viel los.<p>thegorbi sagt vielen Dank<br />]]></LOG>
<LOG><![CDATA[<img src='icon_smile.gif'>&nbsp;2010-04-02 by heilaender123<br><br />Schnell gefunden<br>Logbuch ist randvoll ,habe mich noch rein gemogelt .<br>TFTC sagt der Heilaender123 <img src='http://www.geocaching.com/images/icons/icon_smile_big.gif' border=0 align=middle><br />]]></LOG>
<LOG><![CDATA[<img src='icon_smile.gif'>&nbsp;2010-03-27 by UlliSilke<br><br />Auf unserer Cachetour durch Mühlhausen war das heute unser Erster! Gut gefunden. TFTC! UlliSilke<br />]]></LOG>
<LOG><![CDATA[<img src='icon_smile.gif'>&nbsp;2010-03-27 by saheimast<br><br />Einen erfolgreichen Caching-Tag mit Satchmo77 und Fhuti83 in Mühlhausen erlebt. TFTC<br />]]></LOG>
<LOG><![CDATA[<img src='icon_smile.gif'>&nbsp;2010-03-27 by Fhuti83<br><br />Schneller kurzer Multi. Kein Problem für uns (saheimast + satchmo77). TFTC<br />]]></LOG>
<LOG><![CDATA[<img src='icon_smile.gif'>&nbsp;2010-03-27 by Satchmo77<br><br />Auf Cachingtour mit Saheimast und Fhuti83 auch diesen gut gefunden! TFTC<br />]]></LOG>
<LOG><![CDATA[<img src='icon_smile.gif'>&nbsp;2010-03-11 by geofutz<br><br />Da ich zu Fuß unterwegs war, hatte ich das "Hint-Problem" nicht.<br>Gepeilt und schnell entdeckt.<br><font face="comic sans ms"> <font color="blue">Danke für <b><font color="red"># 1514 </font><br><font><font color="green"> Gruß nach Mühlhausen aus Großbodungen und </font> <i> <font color="blue"> <img src='http://www.geocaching.com/images/icons/icon_smile_wink.gif' border=0 align=middle> BYE Geofutz <img src='http://www.geocaching.com/images/icons/icon_smile_wink.gif' border=0 align=middle></i></b><br><br />]]></LOG>
<LOG><![CDATA[<img src='icon_smile.gif'>&nbsp;2010-02-27 by mausebaer13<br><br />Was ist an dem Cache eigentlich Multi? Egal, schnell gefunden und nach heftigem Muggelalarm wieder versteckt. TFTC<br />]]></LOG>
<LOG><![CDATA[<img src='icon_smile.gif'>&nbsp;2010-02-23 by nor@x<br><br />Der war wirklich sehr schnell gelöst. Trotzdem danke fürs Zeigen. Leider ist der Brunnen ja zur Zeit durch Holz verkleidet. TFTC<br>nor@x<br />]]></LOG>
<LOG><![CDATA[<img src='icon_smile.gif'>&nbsp;2010-02-13 by rageracer<br><br />Nachdem ich das Cacheversteck im Dunkeln schonmal untersucht hatte, aber mal wieder zu<br>kompliziert gedacht habe, hatte ich den Kleinen einfach übersehen.<br>beagle67 sagte mir das er aber dort sein muss, also bei Tageslicht nochmal hin und die Dose<br>auf Anhieb gefunden und muggelfrei geloggt.<p>#70 --- 13.02.2010 --- 8.40 Uhr<br />]]></LOG>
<LOG><![CDATA[<img src='icon_smile.gif'>&nbsp;2010-01-30 by Ratz_und_R&#252;be<br><br />Heute Morgen nutzte Ratz während eines Kollegiumsausflugs - zusammen mit drei Kollegen - die kurze Zeit bis zur Weiterfahrt ins Erlebnis-Bergwerk Merkers, um diesen momentan mit einer Kiste verpackten Brunnen zu besuchen. Der Cache war ratzfatz ausgemacht.<br>TFTC!<br />]]></LOG>
<LOG><![CDATA[<img src='icon_smile.gif'>&nbsp;2010-01-18 by beagle67<br><br />Heute auf kleiner Abendrunde schnell gefunden.<br>Eingeloggt auf provisorischem Logbuch.<p>---18.01.2010---19.12Uhr---<br>TFTC<br>beagle67<p>[This entry was edited by beagle67 on Sunday, February 28, 2010 at 8:14:31 AM.]<br />]]></LOG>
<LOG><![CDATA[<img src='icon_smile.gif'>&nbsp;2010-01-10 by TurnerOverdrive<br><br />Zum Glück in einer Höhe in der noch kein Schnee lag :-))<br />]]></LOG>
<LOG><![CDATA[<img src='icon_smile.gif'>&nbsp;2010-01-10 by Ausche<br><br />Heute zusammen mit TurnerOverdrive gefunden. Logbuch ist voll. TFTC<br />]]></LOG>
<LOG><![CDATA[<img src='icon_smile.gif'>&nbsp;2010-01-02 by keythie1<br><br />Auch ohne Peilung aber mit dem richtigen Riecher (dank hint) und mit Hilfe meiner Gastcacherin Claudia nach kleiner Suche gefunden und mühsam geborgen (da festgefrohren und 162cm Größe).<br>Als alte Mhlerin (die heute ihre alte Heimat besuchte) kannte ich den Brunnen schon. <br>Trotzdem danke fürs Herführen!<br>TFTC Keythie<br />]]></LOG>
<LOG><![CDATA[<img src='icon_smile.gif'>&nbsp;2009-12-28 by hblack<br><br />Auch dieser hier war schnell gemacht, obwohl das GPS nicht ganz eindeutig war... T4T$!<br />]]></LOG>
<LOG><![CDATA[<img src='icon_smile.gif'>&nbsp;2009-12-28 by sebse<br><br />Bei mir warder Regen weg, aber dafür die Muggle da.<br>Aber zum Glück kann man sich die Zeit mit Autos ansehen gut vertreiben.<br>TFTC Sebse<br />]]></LOG>
<LOG><![CDATA[<img src='icon_smile.gif'>&nbsp;2009-12-28 by klins<br><br />...wir waren bei Regen hier, da gibt´s fast keine Muggel...  	<img src='http://www.geocaching.com/images/icons/icon_smile.gif' border=0 align=middle><p>Vielen Dank<br>Klins & das Klein-Team<br />]]></LOG>
<LOG><![CDATA[<img src='icon_smile.gif'>&nbsp;2009-12-12 by imme56<br><br />Der Cache war schnell entdeckt, an einem Adventsonnabend der Platz stark vermuggelt. Der zweite Anlauf bei Dunkelheit war erfolgreich.  <br />]]></LOG>
<LOG><![CDATA[<img src='icon_smile.gif'>&nbsp;2009-11-23 by DerPercy<br><br />#24<br>Trotz einiger Muggels kommt ich den Cache dennoch heben.<p>Vielen Dank fürs Verstecken<br />]]></LOG>
<LOG><![CDATA[<img src='icon_smile.gif'>&nbsp;2009-11-22 by Hawkbounce<br><br />Ein Brunnen allein reicht nicht aus und deswegen haben Sixpack ks, Querfahrer und meine Wenigkeit diesen auch noch gehoben.<br>Ein schöner Brunnen. xD<p>TFTC <br>Hawkbounce<p>[This entry was edited by Hawkbounce on Friday, December 04, 2009 at 5:17:41 AM.]<br />]]></LOG>
<LOG><![CDATA[<img src='icon_smile.gif'>&nbsp;2009-11-22 by Querfahrer<br><br />Nach der Fabrikbesichtigung haben wir auch noch diesen Brunnen besucht.<p>Danke für den Cache<p>Grüße<br>Susi und Uwe<p><br />]]></LOG>
<LOG><![CDATA[<img src='icon_smile.gif'>&nbsp;2009-11-22 by sixpack KS<br><br />Es sollte nicht bei einem Brunnen bleiben.<p>TFTC sixpack ks<br />]]></LOG>
<LOG><![CDATA[<img src='icon_smile.gif'>&nbsp;2009-11-20 by Kuchenmops<br><br />Der Brunnen war schon winterfest eingehaust, trotzdem konnte ich die Position des Caches erspähen und ihn unbemerkt loggen. Danke fürs Zeigen der schönen Stelle und den Cache!<br />]]></LOG>
<LOG><![CDATA[<img src='icon_smile.gif'>&nbsp;2009-11-20 by Karolli<br><br />Die Frau mit der Ente war nicht zu sehen - winterfest eingepackt<img src='http://www.geocaching.com/images/icons/icon_smile_big.gif' border=0 align=middle>. Nach der Peilung hat sich Karo gaaanz groß gemacht und den Kleinen schnell gefunden!<br>TFTC<br />]]></LOG>
<LOG><![CDATA[<img src='icon_smile.gif'>&nbsp;2009-11-14 by Hardcore-UH<br><br />schnell gefunden und gelogt TFTC<br />]]></LOG>
<LOG><![CDATA[<img src='icon_smile.gif'>&nbsp;2009-10-31 by Geo-Zwerge<br><br />so der zweite den der gastcacher gehoben hat dank seiner größe <img src='http://www.geocaching.com/images/icons/icon_smile_big.gif' border=0 align=middle><br>TFTC<br />]]></LOG>
<LOG><![CDATA[<img src='icon_smile.gif'>&nbsp;2009-10-31 by monalisa812<br><br />den hab ich auch mal wieder zu erst gefunden, aber nun ja die höhe ist für mich meistens ein problem!<br>TFTC<br />]]></LOG>
<LOG><![CDATA[<img src='icon_smile.gif'>&nbsp;2009-10-31 by R&#252;ben<br><br />schnell gefunden!<br>TFTC<br />]]></LOG>
<LOG><![CDATA[<img src='icon_smile.gif'>&nbsp;2009-10-24 by o.heister<br><br />Tftc<br />]]></LOG>
<LOG><![CDATA[<img src='icon_smile.gif'>&nbsp;2009-10-23 by canislupus1975<br><br />Auf fugu81's Geburtstags-Cachesuchtour gesucht und gefunden.<p>TFTC canislupus1975<br />]]></LOG>
<LOG><![CDATA[<img src='icon_smile.gif'>&nbsp;2009-10-23 by fugu81<br><br />gesucht und gefunden.<p>DFDC fugu81<br />]]></LOG>
<LOG><![CDATA[<img src='icon_smile.gif'>&nbsp;2009-10-16 by misfit87<br><br />Zusammen mit Rurpot gefunden...war recht einfach zu finden...aber muss es ja auch geben :)<br>TFTC<br />]]></LOG>
<LOG><![CDATA[<img src='icon_smile.gif'>&nbsp;2009-10-15 by fabio-otto<br><br />schönes ding :)<br>tftc<br />]]></LOG>
<LOG><![CDATA[<img src='icon_smile.gif'>&nbsp;2009-10-14 by Tini1985<br><br />nach der arbeit schnell "mitgenommen". gepeilte koordinaten auch ungenau. aber dank hint trotzdem schnell gefunden.<p>TFTC Wolfi (von Tini1985)<br />]]></LOG>
<LOG><![CDATA[<img src='icon_smile.gif'>&nbsp;2009-10-13 by Richie1977<br><br />Beim Spaziergang mit dem Hund,gelöst und sicher geloggt.<p><br />]]></LOG>
<LOG><![CDATA[<img src='icon_smile.gif'>&nbsp;2009-09-26 by Rurpot<br><br />Trotz ungenauer Peilung haben wir den kleinen schnell gefunden!<br>(Weiß das Datum nicht mehr genau)<br>TFTC =)<br />]]></LOG>
<LOG><![CDATA[<img src='icon_smile.gif'>&nbsp;2009-08-26 by sassolungo<br><br />Mal eben kurz vorm Dunkelwerden - Empfang schlecht bzw. deutliche Abweichungen.<br>TL <br />]]></LOG>
<LOG><![CDATA[<img src='icon_smile.gif'>&nbsp;2009-08-23 by compiprofi<br><br />Den kurzen Multi haben wir auch erfolgreich absolviert. Allerdings hatten wir hier ganz schöne Abweichungen - zwischen Brunnen und Standort lagen doch ca. 15 Meter. Aber es kann ja auch an der strahlenden Sonne gelegen haben. <img src='http://www.geocaching.com/images/icons/icon_smile_big.gif' border=0 align=middle> TFTC<br />]]></LOG>
<LOG><![CDATA[<img src='icon_smile.gif'>&nbsp;2009-08-22 by ph1l<br><br />Mal eben vorm Konzert gefunden, mit Nathus, Cori und BMW Team.<br />]]></LOG>
<LOG><![CDATA[<img src='icon_smile.gif'>&nbsp;2009-08-22 by BMW_Team<br><br />Mit Nathus und Cori gefunden.<br>TFTC<br />]]></LOG>
<LOG><![CDATA[<img src='icon_smile.gif'>&nbsp;2009-08-22 by Cori87<br><br />Zusammen mit Nathus (siehe unten), BMW_Team und Phil gefunden. Dankeschön!!<br />]]></LOG>
<LOG><![CDATA[<img src='icon_smile.gif'>&nbsp;2009-08-22 by Nathus<br><br />Mit meiner Band D:PROJEKT weilten wir in Mühlhausen zum evang. Jugendtag. Zwischendurch blieb Zeit zum Cachen <img src='http://www.geocaching.com/images/icons/icon_smile_big.gif' border=0 align=middle>.<br>Dankeschön.<p><font color="green"><b>*Nathus*</b></font><br />]]></LOG>
<LOG><![CDATA[<img src='icon_smile.gif'>&nbsp;2009-08-21 by alfalord<br><br />Heute mit ThomasM80 eine kleine Tour in Hoffi1986  Heimatstädtchen Mühlhausen. <p>Wer bei diesem Cache richtig lesen kann und sich umschaut ist klar im Vorteil. Daher den Cache schnell gefunden. <p>TFTC alfalord<br />]]></LOG>
<LOG><![CDATA[<img src='icon_smile.gif'>&nbsp;2009-08-21 by thomasm80<br><br />21.08.2009 13:27 Found: <p>"Erbarmen! Zu spät... Die Hesse komme!" (Liedtext aus den 80ern von den Rodgau Monotones)<p>Kleine Mühlhausen-Tour mit Alfalord - 6 Caches, davon 5 Multis (ganz nach meinem Geschmack).<p>Ohne Peilung schnell gefunden, da wir mal dem Hint nachgingen und der Cache uns sofort ins Auge fiel. <p>TFTC<br>ThomasM80<p>GC#532<br />]]></LOG>
<LOG><![CDATA[<img src='icon_smile.gif'>&nbsp;2009-08-14 by coolbahia<br><br />Nach dem ersten Brunnencache, musste der<br>hier auch fallen.<br>TFTC coolbahia<br />]]></LOG>
<LOG><![CDATA[<img src='icon_smile.gif'>&nbsp;2009-08-11 by leoni_1984<br><br />Schönes Ding! Gefunden mit Kathy und denn Cachedogs Benni und Jacky! Danke fürs zeigen! <br />]]></LOG>
<LOG><![CDATA[<img src='icon_smile.gif'>&nbsp;2009-08-10 by David+Chrissi<br><br />Auf Anhieb gefunden und schnell geloggt.Danke<br>David+Chrissi<br />]]></LOG>
<LOG><![CDATA[<img src='icon_smile.gif'>&nbsp;2009-08-09 by la_ku<br><br />Zu Besuch in Eigenrieden auf einem Rundgang durch Mühlhausen schnell gefunden und geloggt.<p>Grüße aus Halle.<p>TFTC, La_ku<p><br />]]></LOG>
<LOG><![CDATA[<img src='icon_smile.gif'>&nbsp;2009-08-05 by pebbles1305<br><br />Auch den eingesackt!<p>Nummer 31 auf Thüringen-Hessen-Niedersachsen-Tour #402<br />]]></LOG>
<LOG><![CDATA[<img src='icon_smile.gif'>&nbsp;2009-07-30 by MV79<br><br />ZUsammen mit mkay90 nach kurzer Suche und starrem Blick gefunden und geloggt.<br>TFTC<br />]]></LOG>
<LOG><![CDATA[<img src='icon_smile.gif'>&nbsp;2009-07-30 by mkay90<br><br />Schnell gefunden und geloggt zusammen mit MV79.<p>TFTC<br />]]></LOG>
<LOG><![CDATA[<img src='icon_smile.gif'>&nbsp;2009-07-07 by Ela<br><br />Bei diesem Cache habe ich ein paar herumschleichende Gestalten gleich als Kollegen identifiziert. Einen schönen Gruß an dieser Stelle an Hunter_TH. Mit vereinten Kräften dann gefunden  	<img src='http://www.geocaching.com/images/icons/icon_smile_wink.gif' border=0 align=middle><p>Danke sagt Ela aus dem Münsterland  	<img src='http://www.geocaching.com/images/icons/icon_smile.gif' border=0 align=middle><br />]]></LOG>
<LOG><![CDATA[<img src='icon_smile.gif'>&nbsp;2009-07-07 by Hunter_TH<br><br />Nach Feierabend noch kurz unterwegs gewesen, beim ersten hinsehen übersehen, beim zweiten mal ebenfals. Mit vereinten Kräften beim dritte sehen doch gesehen. ".. sieht den Wald vor Bäumen nicht..."<br />]]></LOG>
<LOG><![CDATA[<img src='icon_smile.gif'>&nbsp;2009-06-21 by hebeda<br><br />Auf unserer abendlichen Tour durch MHL gut gefunden, danke Hebeda<br />]]></LOG>
<LOG><![CDATA[<img src='icon_smile.gif'>&nbsp;2009-06-17 by A-H&#246;rnchen &amp; B-H&#246;rnchen<br><br />Nach dem Seminar schnell gefunden.<p>Danke sagt A-Hörnchen (heute ohne B-Hörnchen on tour)<p><br />]]></LOG>
<LOG><![CDATA[<img src='icon_smile.gif'>&nbsp;2009-06-14 by commander-rabb<br><br />Ein schöner Brunnen. Gekrönt von einem schnellen Zugriff.<p>Danke für den Cache sagt das Team von<br>commander-rabb<br />]]></LOG>
<LOG><![CDATA[<img src='icon_smile.gif'>&nbsp;2009-06-02 by FTT<br><br />Mit biba1981 noch ne kleine Stadtrunde zum späten Nachmittag gedreht.Nachdem ich dann das Kaugummi, in das ich am Brunnen getreten war, unter meiner Sohle und von meinem Bike entfernt hatte konnten wir schnell loggen.<br />]]></LOG>
<LOG><![CDATA[<img src='icon_smile.gif'>&nbsp;2009-06-02 by biba1981<br><br />heute mal auf suche gewesen zur späteren stunde ging da ganz fix mit FTT<br />]]></LOG>
<LOG><![CDATA[<img src='icon_smile.gif'>&nbsp;2009-05-30 by Red Caboose<br><br />Von früher kenne ich diesen Parkplatz noch als Gerberviertel...<br>Vielen Dank für den Cache!<br>Gruß Red Caboose.<br />]]></LOG>
<LOG><![CDATA[<img src='icon_smile.gif'>&nbsp;2009-05-30 by Irrwitzer<br><br />Auf einer abendlichen Runde durch Mühlhausen war dies unser erster Cache - schnell gefunden <img src='http://www.geocaching.com/images/icons/icon_smile.gif' border=0 align=middle><br>TFTC Team Irrwitzer<br />]]></LOG>
<LOG><![CDATA[<img src='icon_smile.gif'>&nbsp;2009-05-07 by BastiVW<br><br />abends mal schnell vorbei geschaut und muggelfrei gelogt<br />]]></LOG>
<LOG><![CDATA[<img src='icon_smile.gif'>&nbsp;2009-05-01 by freiluftfan<br><br />der erste heute auf meiner mühlhäuser cachetour. <br />]]></LOG>
<LOG><![CDATA[<img src='icon_smile.gif'>&nbsp;2009-04-19 by Sobo<br><br />Alligateuse und ich haben einen Ausflug nach Muehlhausen und Umgebung gemacht und wollten an diesem Cache nicht achtlos vorueberziehen. <br>Netter Cache, durch den wir einen weiteren Teil von Muehlhausen kennenlernen konnten. <br>Herzlichen Dank fuer den Cache und Gruesse aus der Nordheide,<br>Sobo<br />]]></LOG>
<LOG><![CDATA[<img src='icon_smile.gif'>&nbsp;2009-04-19 by alligateuse<br><br />Große Mühlhausen-Tour mit sobo <img src='http://www.geocaching.com/images/icons/icon_smile_big.gif' border=0 align=middle> Sehr schön, ein Brunnencache. So konnten wir doch noch etwas von der schönen Altstadt sehen, da wir den anderen Multi aufgrund der Öffnungszeiten zur Finalfindung nicht machen konnten. Hier war es eine Sache von Sekunden, bis wir Dose in den Händen hielten.<p>Danke fürs Verstecken, Grüße aus Hamburg,<br>Annett<br />]]></LOG>
<LOG><![CDATA[<img src='icon_maint.gif'>&nbsp;2009-04-13 by Mueckenfett<br><br />neue Dose plaziert<br />]]></LOG>
<LOG><![CDATA[<img src='icon_smile.gif'>&nbsp;2009-04-11 by agp<br><br />Die Dose konnte schnell gesichtet und, da kaum noch Leute unterwegs waren, genau so schnell geborgen werden. <p>Danke für den Cache<br>agp<br />]]></LOG>
<LOG><![CDATA[<img src='icon_smile.gif'>&nbsp;2009-04-11 by Gapsappa<br><br />Zunächst habe ich am falschen Zielobjekt herumgesucht, am richtigen Ort war die kleine Dose schnell entdeckt.<br>Der unbeobachtete Zugriff dauerte etwas länger.<p>Das Logbuch war sehr nass, aber der Besitzer hat es ja inzwischen getauscht.<p>Danke, Gapsappa<br />]]></LOG>
<LOG><![CDATA[<img src='icon_smile.gif'>&nbsp;2009-04-02 by die_ernstls<br><br />Hallo,<p>nachdem ich einen Brunnen zuvor schon den Rechenfehler begangen hatte wusste ich hier wie es richtig geht ;-) und so war ich hier schneller am Cache. Allerdings war das Logbuch klitschnass was ich mir bei der Dose nicht erklären konnte.<p>Vielen Dank für den Cache!<p>Gruß Die Ernstls!<br />]]></LOG>
<LOG><![CDATA[<img src='icon_smile.gif'>&nbsp;2009-04-02 by geox81<br><br />heute auch diesen schönen Brunnen bewundert<br>danke fürs zeigen.<br>grüße aus soest<br />]]></LOG>
<LOG><![CDATA[<img src='icon_smile.gif'>&nbsp;2009-03-28 by MG71<br><br />hoffentlich sicher vor Muggelaugen geloggt <img src='http://www.geocaching.com/images/icons/icon_smile_blush.gif' border=0 align=middle><br>Grüße von der Wipper<br>Team MG71<br />]]></LOG>
<LOG><![CDATA[<img src='icon_smile.gif'>&nbsp;2009-03-28 by Kloeschen<br><br />Das Döschen war in einer Regenpause schnell entdeckt, blieb aber unser einziger Zusatzfund während der Letterbox-Runde. <br>TFTC sagen die Kloeschen`s<br />]]></LOG>
<LOG><![CDATA[<img src='icon_smile.gif'>&nbsp;2009-03-22 by Kerny77<br><br />Erstmal nen anderen aufgrund von Labermuggels gemacht, aber dann loggen koennen. <br />]]></LOG>
<LOG><![CDATA[<img src='icon_smile.gif'>&nbsp;2009-03-21 by Traumpaar1<br><br />super gefunden allerdings ist das bestimmt erst neue Logbuch total durch geweicht naja unsern namen haben wir gerade so drauf kritzeln können damit es nicht reist. <br />]]></LOG>
<LOG><![CDATA[<img src='icon_smile.gif'>&nbsp;2009-03-08 by Schippi38<br><br />Auf unserer Mühlhause-Runde auch diesen kleinen Multi besucht und Dank des Hints auch schnell gefunden.<br>Danke sagt Schippi38!<br />]]></LOG>
<LOG><![CDATA[<img src='icon_smile.gif'>&nbsp;2009-03-06 by 0-Rgeiz<br><br />Wegen Muggels hat es etwas gedauert - aber dann gefunden.<br>Das Logbuch müßte mal trocken gelegt werden.<br>Gruß vom Heidjer<br>0-Rgeiz<br />]]></LOG>
<LOG><![CDATA[<img src='icon_smile.gif'>&nbsp;2009-03-06 by itzibitzi<br><br />Viele neugierige Muggels bei nächtlichem Alkoholverzehr.<br>Aber friedlich.<br>Nach kurzer Suche fündig geworden.<br>DFDC<br />]]></LOG>
<LOG><![CDATA[<img src='icon_smile.gif'>&nbsp;2009-02-05 by die Engel vom Dorf<br><br />Also an einem Wochentag so gegen 17.00 Uhr ist es nicht wirklich einfach, in der City unbeobachtet auf Schatzsuche zu gehen. Zumal der Owner eine delikate Location ausgewählt hat <img src='http://www.geocaching.com/images/icons/icon_smile_wink.gif' border=0 align=middle>. Aber mit dem Rundumblick zweier Cacher-Engel gelang der Zugriff doch noch <img src='http://www.geocaching.com/images/icons/icon_smile_approve.gif' border=0 align=middle>. Schatz gehoben, geloggt und wieder versteckt, wir sagen Danke ...<br>  <br>die Engel vom Dorf<br># 781<br />]]></LOG>
<LOG><![CDATA[<img src='icon_smile.gif'>&nbsp;2009-01-27 by GeoTigergirl<br><br />Zum Auftagt meiner Tour durch Mühlhausen.<br>Sehr vermuggelt, doch konnte ich schnell zugreifen.<p>TFTC<p>GeoTigergirl/27.01.2009/16:20 Uhr<br />]]></LOG>
<LOG><![CDATA[<img src='icon_smile.gif'>&nbsp;2009-01-24 by Schnullerbacke77<br><br />Zusammen mit Frittenbude70 und Smeagol Mühlhausen unsicher gemacht.<br>Ein schöner kleiner Multi und ein schöner Platz.<img src='http://img.groundspeak.com/forums/emoticons/signal/big_smile.gif' width=19 height=19 border=0 align=middle><br>Vielen Dank für´s Zeigen und viele Grüsse an den Owner.<br>Schnullerbacke77<br />]]></LOG>
<LOG><![CDATA[<img src='icon_smile.gif'>&nbsp;2009-01-24 by Team Fribu70 &amp; Schnuba77<br><br /><b>Die Verrückten - Smeagol, Schnullerbacke77 und ich- waren wieder unterwegs, diesmal musste Mühlhausen dran glauben!</b><br><font color="blue">Nach dem erfolgreichen Abschluss des Letterbox-Caches war jetzt ne kleine Stärkung wohlverdient, alos ging es zum Dönerladen-mehr war ja leider nicht möglich, da uns Smeagol ja im Dreck spielen musste und auch danach aussah. <img src='http://www.geocaching.com/images/icons/icon_smile_wink.gif' border=0 align=middle><br>doch vorher musste dieser kleine Multi auch noch mitgenommen werden, wir waren ja nicht zum Spass hier</font><p><i>Vielen Dank für das kleine Döschen!</i><br> <br />]]></LOG>
<LOG><![CDATA[<img src='icon_smile.gif'>&nbsp;2009-01-24 by smeagol<br><br />1501. Auf Mühlhausen-Tour mit Schnullerbacke77 und Frittenbude70!<p>Auf dem Weg zum empfohlenen Dönerimbiß war'n wir auch hier nochmal schnell! Das Döschen konnte isch nicht lange verstecken ...<p>Gruß, Smeagol<br />]]></LOG>
<LOG><![CDATA[<img src='icon_note.gif'>&nbsp;2009-01-11 by Mueckenfett<br><br />neues Logbuch plaziert<br />]]></LOG>
<LOG><![CDATA[<img src='icon_smile.gif'>&nbsp;2009-01-01 by karo2006<br><br />Auf unserem Neujahrsspaziergang durch Mühlhausen schnell gefunden. TFTC und ein gutes neues Jahr 2009<br>Karo2006<br />]]></LOG>
<LOG><![CDATA[<img src='icon_smile.gif'>&nbsp;2008-12-24 by KaputtesLicht<br><br />Heute war hier nichts los! Ohne Muggels schnell geloggt! Vielen Dank<br />]]></LOG>
<LOG><![CDATA[<img src='icon_smile.gif'>&nbsp;2008-12-10 by Manni Freitag<br><br />Bei unserem Besuch in Mühlhausen wollten wir auch einige Caches finden und hier waren wir erfolgreich,  <img src='http://www.geocaching.com/images/icons/icon_smile_big.gif' border=0 align=middle> der Brunnen war für den Winter gut eingepackt, sodass wir die Figur nicht zu sehen bekamen, dafür war der Cache auch im Dunkeln gut zu finden.<br>Danke für den Cache sagen<br>Manni mit den Gast-Cachern Gertrud, Waltraud und Dieter aus der Friedensstadt Osnabrück<br />]]></LOG>
<LOG><![CDATA[<img src='icon_smile.gif'>&nbsp;2008-11-01 by Steppenwolf6666<br><br />Diese kleine Dose schnell und gut gefunden, mit dem Hint war es auch nicht sehr schwer.<br />]]></LOG>
<LOG><![CDATA[<img src='icon_smile.gif'>&nbsp;2008-11-01 by Blacky59<br><br />Mit Steppenwolf6666 unterwegs gewesen und auch hier vorbei gekommen.<br />]]></LOG>
<LOG><![CDATA[<img src='icon_smile.gif'>&nbsp;2008-10-31 by das Licht<br><br />Schnell gefunden<p>Danke<br />]]></LOG>
<LOG><![CDATA[<img src='icon_smile.gif'>&nbsp;2008-10-31 by Sonnen Strahl<br><br />Schnell gefunden.<p>Danke<br />]]></LOG>
<LOG><![CDATA[<img src='icon_smile.gif'>&nbsp;2008-10-30 by Gerstenzwerge<br><br />Nachdem wir auf der Zufahrt nach Mühlhausen schon 9x hielten, anschließend im Hotel die Sachen verstauten, konnte es nun ans Nachtcachen gehen.<br>Nummer eins auf der gemeinsamen nächtlichen Cachetour mit dem Portitzer durch MHL. <br>Unsere Stadtführung begann mit dem Brunnen, sehenswert!<br>Danke und Gruß aus Leipzig<br>vom Gerstenzwerg<br />]]></LOG>
<LOG><![CDATA[<img src='icon_smile.gif'>&nbsp;2008-10-30 by Portitzer<br><br />Nummer eins auf der gemeinsamen nächtlichen Cachetour mit dem Gerstenzwerg  durch MHL. Eigentlich hatte ich die Multis auf unserer Tour ausgeblendet, aber dank Volker, der sich die Beschreibungen vorher schon mal angesehen hatte, durfte ich den schönen Brunnen dann doch noch kennenlernen <img src='http://www.geocaching.com/images/icons/icon_smile_approve.gif' border=0 align=middle>.<p>Danke und viele Grüße<br>Kurt<p>#1197<br />]]></LOG>
<LOG><![CDATA[<img src='icon_smile.gif'>&nbsp;2008-10-29 by aichlinn<br><br />Der Cache war schnell erblickt, nur der Zugriff erforderte eine Menge Geduld ;-)<br>Vielen Dank,<br>aichlinn<br />]]></LOG>
<LOG><![CDATA[<img src='icon_smile.gif'>&nbsp;2008-10-26 by Hondje Amanda<br><br />Bin mit Herrchen und Fauchen hier gewesen und hab mein Pfötchen ins Logbuch gedrückt!<p>Liebe Grüße vom<br>Hondje Amanda <img src='http://www.geocaching.com/images/icons/icon_smile_kisses.gif' border=0 align=middle><br />]]></LOG>
<LOG><![CDATA[<img src='icon_smile.gif'>&nbsp;2008-10-26 by Team Fire &amp; Ice<br><br />Erst an der faschen Stelle gesucht, dann aber fündig geworden.<br>Danke für den schönen Brunnencache in Mühlhausen!<p>Liebe Grüße<br>Team Fire & Ice<br>Heiko, Steffi und Amanda<br />]]></LOG>
<LOG><![CDATA[<img src='icon_smile.gif'>&nbsp;2008-10-24 by Kirsche 7a<br><br />Mit Hilfe von two rubsners + Grottenolm87 aufgespürt.<br>TFTC, Kirsche 7a<br />]]></LOG>
<LOG><![CDATA[<img src='icon_smile.gif'>&nbsp;2008-10-24 by two rubsners<br><br />Auch diesen haben wir heute (zweiter Anlauf) gefunden.<br />]]></LOG>
<LOG><![CDATA[<img src='icon_smile.gif'>&nbsp;2008-10-22 by HyJack<br><br />Nach kurzem Lunch im Stadtcafe muggelfrei geloggt.<br />]]></LOG>
<LOG><![CDATA[<img src='icon_smile.gif'>&nbsp;2008-10-20 by X-Gang<br><br />Ein schöner Brunnen <img src='http://www.geocaching.com/images/icons/icon_smile.gif' border=0 align=middle>. Das Logbuch ist fast voll.<br>Danke und Grüße von der X- Gang.<br />]]></LOG>
<LOG><![CDATA[<img src='icon_smile.gif'>&nbsp;2008-10-18 by Zwirbel59<br><br />Mit Bukibu und Hecht2 schnell gefunden. Danke für den Cache.<p>Zwirbel59<br />]]></LOG>
<LOG><![CDATA[<img src='icon_smile.gif'>&nbsp;2008-10-18 by Hecht2<br><br />In Gemeinschft  mit bukibu und Zwirbel59 konnte der Cache gut<br>gefunden werden.<br>Danke für den Cache.<br>Hecht2<br />]]></LOG>
<LOG><![CDATA[<img src='icon_smile.gif'>&nbsp;2008-10-18 by bukibu<br><br />Zusammen mit zwirbel59 und hecht2 schnell gefunden.<br>Danke für den Cache.<p>bukibu<br />]]></LOG>
<LOG><![CDATA[<img src='icon_smile.gif'>&nbsp;2008-10-17 by GC Team Obereip<br><br />Bei einem Kurzurlaub in Mühlhausen durfte ein kleiner Stadtbummel nicht ausbleiben, und haben eine kleine Tradirunde eingelegt. <br>Das Döschen konnten wir recht fix in einem unbeobachteten Moment heben :-)<p>TFTC, Gruß aus Eitorf (bei Köln), Heike & Sascha<br />]]></LOG>
<LOG><![CDATA[<img src='icon_smile.gif'>&nbsp;2008-09-30 by Hoffi1986<br><br />Schönes Versteck, dass den noch kein Passant entdeckt hat ist ein Wunder!<br />]]></LOG>
<LOG><![CDATA[<img src='icon_smile.gif'>&nbsp;2008-09-28 by DasKnie<br><br />Schnell gefunden und bei strahlendem Sonnenschein geloggt. Wo sich hier überall Caches verstecken...<br />]]></LOG>
<LOG><![CDATA[<img src='icon_smile.gif'>&nbsp;2008-09-27 by Garmina B<br><br />Hier sprudelt´s nicht nur Wasser, sondern auch jede Menge Touristen bzw. einkaufswütige Mühlhäuser<img src='http://www.geocaching.com/images/icons/icon_smile_wink.gif' border=0 align=middle>. <br>TFTC von den Garmina Bs<br>Cache #498; logged 10:15Uhr<br />]]></LOG>
<LOG><![CDATA[<img src='icon_smile.gif'>&nbsp;2008-09-07 by uhri<br><br />Bei einem Spaziergang durchs Städtchen waren wir auch hier erfolgreich.<br>Danke fürs zeigen und verstecken.<br>Uhri+Braut<br />]]></LOG>
<LOG><![CDATA[<img src='icon_smile.gif'>&nbsp;2008-08-30 by birkhauser1<br><br />Viele Muggel bewegten sich in unserer Umgebung, doch in einem Unbeobachteten Moment konnten wir zugreifen <img src='http://www.geocaching.com/images/icons/icon_smile.gif' border=0 align=middle><p>Vielen Dank für das zeigen des schönen Brunnens sagt das Team birkhauser1<br />]]></LOG>
<LOG><![CDATA[<img src='icon_smile.gif'>&nbsp;2008-08-19 by megafan<br><br />Vor Tagen schon gefunden aber konnte ihn jetzt erst loggen...zuviele Muggel in der Umgebung.<br>Schönes Versteck!<br>:)<br />]]></LOG>
<LOG><![CDATA[<img src='icon_smile.gif'>&nbsp;2008-08-12 by kleinerMuck77<br><br />Auf einem schönen Spaziergang durch Mühlhausen gut gefunden - vielen Dank.<p>#436<br />]]></LOG>
<LOG><![CDATA[<img src='icon_smile.gif'>&nbsp;2008-08-03 by Waldh&#246;rnchen<br><br />Gestern ganz schnell im schönen Mühlhausen gefunden. Wasser sprudelte leider nicht;(. DFDC sagen die Waldhörnchen<br />]]></LOG>
<LOG><![CDATA[<img src='icon_smile.gif'>&nbsp;2008-08-03 by DerAlte<br><br />Bei unserer heutigen kleinen MHL-Tour auch diesen Cache gefunden.<br>DerAlte & Frau  <br>  <br><br />]]></LOG>
<LOG><![CDATA[<img src='icon_smile.gif'>&nbsp;2008-07-27 by fox-hunter_I<br><br />Als Erster auf einer Tour nach Großengottern und zurück gehoben.<br>TFTC<br>fox-hunter_I<br />]]></LOG>
<LOG><![CDATA[<img src='icon_smile.gif'>&nbsp;2008-07-27 by dop3<br><br />fix auf dem nachhauseweg gefunden<br />]]></LOG>
<LOG><![CDATA[<img src='icon_smile.gif'>&nbsp;2008-06-29 by GeoSittiche<br><br />Schöner Cache,die beste Zeit zum Geocachen ist zum<br>Endspiel der Fußball-EM mit deutscher Beteidigung<br>(Keine Sau auf der Strasse)<br>TFTC<br>Die GeoSittiche<br />]]></LOG>
<LOG><![CDATA[<img src='icon_smile.gif'>&nbsp;2008-06-08 by Strauchdieb<br><br />Ein paar Muggel abgewartet und fix geloggt.<br>Danke von Maik und Sabine<br />]]></LOG>
<LOG><![CDATA[<img src='icon_smile.gif'>&nbsp;2008-05-24 by funki<br><br />Auch diesen zusammen mit *sarah*, Slentil, inge + dunsi sowie polizei gut gefunden. Danke dafür.<br>Funki<p><br />]]></LOG>
<LOG><![CDATA[<img src='icon_smile.gif'>&nbsp;2008-05-24 by *sarah*<br><br />Auf unserer heutigen Tour durch Mühlhausen auch diesen gut gefunden. Danke  	<br> <br />]]></LOG>
<LOG><![CDATA[<img src='icon_smile.gif'>&nbsp;2008-05-24 by Polizei<br><br />Kaum liest man die Beschreibung, schon findet man den cache.<p>Danke für den Brunnen<br />]]></LOG>
<LOG><![CDATA[<img src='icon_smile.gif'>&nbsp;2008-05-24 by dunsi<br><br />Im team gut und fix gefunden. Danke sagen Inge+Dunsi<br />]]></LOG>
<LOG><![CDATA[<img src='icon_smile.gif'>&nbsp;2008-05-24 by slentil<br><br />Auf einer Runde durch Mühlhausen mit Funki, Polizei, *sarah* und Inge&Dunsi den Cache gut gefunden.<p>Danke und Grüße aus Kassel<br />]]></LOG>
<LOG><![CDATA[<img src='icon_smile.gif'>&nbsp;2008-05-22 by DL3BZZ<br><br /><b>#1170</b>   22. Mai 2008   12:30 Uhr<p>Und weiter geht es bei der kleinen Urlaubsrunde durch Mühlhausen.<br>Schnell gefunden und weiter geht es in der Innenstadt, Spurensuche ist u.a. angesagt.<p>NRNR<p>Bis denne<br>Lutz, DL3BZZ + Kerstin<br />]]></LOG>
<LOG><![CDATA[<img src='icon_smile.gif'>&nbsp;2008-05-18 by maiobi<br><br />Auf der Cache Runde durch Mühlhausen mit odink und Zuckerplätzchen ließen wir uns diesen Cache nicht entgehen, leider war der Brunnen nicht aktiv =( <br>Aber wir hielten die Dose bald in Händen, was einen ja auch wieder ermuntert ;-) ...<p>grüße, maiobi<br />]]></LOG>
<LOG><![CDATA[<img src='icon_smile.gif'>&nbsp;2008-05-18 by Zuckerpl&#228;tzchen<br><br />Auf der Sonntagsrunde durch Mühlhausen mit odink und maiobi blieb auch dieser Cache nicht vor uns verborgen. <p>Tara,<br>Zuckerplätzchen<br />]]></LOG>
<LOG><![CDATA[<img src='icon_smile.gif'>&nbsp;2008-05-18 by odink<br><br />Heute stand die Fahrt ins nahe gelegene Mühlhausen auf unserem Plan. Zusammen mit Zuckerpätzchen und Maiobi machten wir uns am Mittag mit unserem Cachomobil auf den Weg. <p>In der City auch diesen Cache am Brunnen schnell gefunden. Auch wenn ich erst an der falschen Stelle "hing".<p>Danke<br>odink<br>#680<br><br />]]></LOG>
<LOG><![CDATA[<img src='icon_smile.gif'>&nbsp;2008-05-12 by littlesoldier<br><br />An schulfreien Tag gleich gefunden!<br />]]></LOG>
<LOG><![CDATA[<img src='icon_smile.gif'>&nbsp;2008-05-10 by KatPunn<br><br />Beim Stadtfest gemütlich gefunden.<p>Danke<br>KatPunn<br />]]></LOG>
<LOG><![CDATA[<img src='icon_smile.gif'>&nbsp;2008-05-03 by FOTOCACHE<br><br />Danke für den Cache an interessanter Location.<p>TFTC<p>FOTOCACHE<br />]]></LOG>
<LOG><![CDATA[<img src='icon_smile.gif'>&nbsp;2008-04-07 by Gollum &amp; Galadriel<br><br />Ist's ein Cache von Mückenfett, wird zuerst das ...... gecheckt<img src='http://www.geocaching.com/images/icons/icon_smile_wink.gif' border=0 align=middle>. Klappt nicht immer, aber immer öfter. Diese Kleinen mag ich.<br>TFTC<br />]]></LOG>
<LOG><![CDATA[<img src='icon_smile.gif'>&nbsp;2008-04-07 by AT-AT<br><br />zusammen mit gollumgandalf gefunden<br>TFTC<br />]]></LOG>
<LOG><![CDATA[<img src='icon_smile.gif'>&nbsp;2008-03-29 by LUPO.79<br><br />Family zu Besuch aus dem Sachsenland, also Nachmittagsbummel durch MHL, nach dem Eis noch diesen Kleinen schnell geloggt! <br>TFTC<br />]]></LOG>
<LOG><![CDATA[<img src='icon_smile.gif'>&nbsp;2008-03-24 by oldboy2<br><br />Leider vom Brummen nicht viel gesehen. Mit dem Finden des Kleinen haben wir uns auch etwas schwer getan. Dann hat ihn "Die Frau aus Holland" aber doch noch vor mir entdeckt.<p>TFTC<br>Oldboy2 und "Die Frau aus Holland" <img src='http://www.geocaching.com/images/icons/icon_smile_wink.gif' border=0 align=middle><br />]]></LOG>
<LOG><![CDATA[<img src='icon_smile.gif'>&nbsp;2008-03-21 by madd.in<br><br />Noch ist der Brunnen nur eine Bretterverschlag...schade<br>tftc madd.in<br />]]></LOG>
<LOG><![CDATA[<img src='icon_smile.gif'>&nbsp;2008-03-20 by Renault Family<br><br />Hier auf Osterbesuch in Mühlhausen um 13.45 Uhr geloggt.<br>Danke sagen Sandra, Max & Matti<br />]]></LOG>
<LOG><![CDATA[<img src='icon_smile.gif'>&nbsp;2008-03-02 by 2wsx4rfv<br><br />Schon wieder so ein Präsentiertteller-Cache. Gut daß mich Sonntag Morgen und Dauerregen vor Muggels schützten.  <b><font color="blue">   555 </b></font><br />]]></LOG>
<LOG><![CDATA[<img src='icon_smile.gif'>&nbsp;2008-02-03 by braendys<br><br />Das auffinden des Caches war kein Problem, das loggen schon eher;) Aber nach einiger Wartezeit war der Parkplatz Muggelfrei und der Cache konnte schnell gehoben und geloggt werden. <p>Danke, Team Braendys<br />]]></LOG>
<LOG><![CDATA[<img src='icon_smile.gif'>&nbsp;2008-01-29 by Die Hasenschnitzels<br><br />Auch hier hatten wir tagsüber keine Chance, da immer irgend jemand an einem Auto stand, Schüler sich auf dem Parkplatz rumdrückten und und und. Deshalb heute abend wiedergekommen und schnell geloggt.<br>Danke für den Cache.<p>Die Hasenschnitzels<br />]]></LOG>
<LOG><![CDATA[<img src='icon_smile.gif'>&nbsp;2007-12-29 by Jack Outdoor<br><br />In einer lustigen Cacherrunde an diesem kalten Tag unterwegs gewesen. Es hat viel Spaß gemacht. Danke!<br />]]></LOG>
<LOG><![CDATA[<img src='icon_smile.gif'>&nbsp;2007-12-29 by haenselmen<br><br />Auch auf dem geführten Stadtrundgang der Arnstädter gefunden.<br>Viele Grüße aus Arnstadt<br><br />]]></LOG>
<LOG><![CDATA[<img src='icon_smile.gif'>&nbsp;2007-12-29 by Bl&#252;mchenBande<br><br />Auf dem schönen Stadtrundgang gefunden. TFTC<br />]]></LOG>
<LOG><![CDATA[<img src='icon_smile.gif'>&nbsp;2007-12-29 by Yalla<br><br />Vielen Dank fürs Zeigen.<br><img src='http://www.geocaching.com/images/icons/icon_smile_shy.gif' border=0 align=middle><br>Viele Grüße von Yalla im Team der Arnstädter Cacher<br />]]></LOG>
<LOG><![CDATA[<img src='icon_smile.gif'>&nbsp;2007-12-29 by kasimodo<br><br />Die Arnstädter Cacher besuchten heute im großen Team Mühlhausen. Bei so einem Aufgebot, da war der Cache schnell gefunden!<img src='http://www.geocaching.com/images/icons/icon_smile_big.gif' border=0 align=middle> <br>Vielen Dank und Gruß<br>Kasimodo<br />]]></LOG>
<LOG><![CDATA[<img src='icon_smile.gif'>&nbsp;2007-12-29 by ArnGeko<br><br />Im Rudel mit Blümchenbande, Kasimodo, Yalla, Jac Outdoor und haenselmen auf der heutigen Mühlhausen - Tour nach kurzer Zeit gut gefunden. Vielen Dank für diesen Cache an interessanter Stelle.<br />]]></LOG>
<LOG><![CDATA[<img src='icon_smile.gif'>&nbsp;2007-12-27 by JonnyH&#252;tchen<br><br />Verbotenerweise hat mein Fahrer genau dort geparkt. Schnell gefunden.<br />]]></LOG>
<LOG><![CDATA[<img src='icon_smile.gif'>&nbsp;2007-12-25 by gloomy<br><br />Der abendliche Spaziergang durch die Stadt konnte erfolgreich mit einem schnellen Cache angereichert werden. VG und Danke, gloomy!<br />]]></LOG>
<LOG><![CDATA[<img src='icon_smile.gif'>&nbsp;2007-12-21 by Grottenolm87<br><br />Habe meinen Account von Knutsch&Fleck in Grottenolm87 gewechselt. Sollte jemand damit Probleme haben, kann er diesen Log ohne Kommentar löschen.<br>I´ve changed my account from Knutsch&Fleck to Grottenolm87. The log can discharge momentarily if somebody disagree with this.  <br><br />]]></LOG>
<LOG><![CDATA[<img src='icon_smile.gif'>&nbsp;2007-12-21 by Eichsgenossen<br><br />War Tagszuvor schon einmal am Brunnen,hatte aber keine Beschreibung dabei,hätte bestimmt auch von Silke einen Tip bekommen-aber es ist auf legale Weise spannender,so heute gelöst.<br>                 Gruß von den Eichsgenossen<br />]]></LOG>
<LOG><![CDATA[<img src='icon_smile.gif'>&nbsp;2007-12-21 by Erithacus Rubecula<br><br />Abgestaubt!<br>Auf einer kleinen Tour schnell gefunden. TFTC<br>#629 11:00 Uhr<p>Knutsch&Fleck<br />]]></LOG>
<LOG><![CDATA[<img src='icon_smile.gif'>&nbsp;2007-12-15 by Traveler77<br><br />Schnell gefunden. War erstaunlich wenig los. Schneller Zugriff und weiter geht´s. <img src='http://www.geocaching.com/images/icons/icon_smile_wink.gif' border=0 align=middle> TFTC<br />]]></LOG>
<LOG><![CDATA[<img src='icon_smile.gif'>&nbsp;2007-12-14 by Kruemel68<br><br />Im Schutze der Dunkelheit gegen halb acht abends gefunden. Das Foto muss schon etwas älter sein, zur Zeit sieht die Brunnenfigur etwas anders aus. Oder lags an der Dunkelheit <img src='http://www.geocaching.com/images/icons/icon_smile_wink.gif' border=0 align=middle>.<p>Danke fürs Verstecken, schöner Behälter übrigens <img src='http://www.geocaching.com/images/icons/icon_smile_wink.gif' border=0 align=middle>.<p>Stefan<br />]]></LOG>
<LOG><![CDATA[<img src='icon_smile.gif'>&nbsp;2007-12-14 by Chris601<br><br />Zusammen mit meinem Schatz auch dieses Döschen gefunden. Schade, dass der neue Brunnen schon für den Winter verhüllt wurde. Ich kannte ihn auch noch nicht.<br />]]></LOG>
<LOG><![CDATA[<img src='icon_smile.gif'>&nbsp;2007-12-14 by caprikitty<br><br />heute fix bei kaltem Wetter gefunden. Die Brunnenfigur war aber abgedeckt.<br />]]></LOG>
<LOG><![CDATA[<img src='icon_smile.gif'>&nbsp;2007-12-10 by Hor_andy<br><br /><img src='http://www.geocaching.com/images/icons/icon_smile.gif' border=0 align=middle><img src='http://www.geocaching.com/images/icons/icon_smile.gif' border=0 align=middle><img src='http://www.geocaching.com/images/icons/icon_smile.gif' border=0 align=middle>Erster<img src='http://www.geocaching.com/images/icons/icon_smile.gif' border=0 align=middle><img src='http://www.geocaching.com/images/icons/icon_smile.gif' border=0 align=middle><img src='http://www.geocaching.com/images/icons/icon_smile.gif' border=0 align=middle><br>Und das war nicht einfach, am Montagabend im Feierabendverkehr diesen Multi angegangen nachdem <br>ich noch kurz bei Söckchen vorbeigeschaut hatte, aber <br>erstmal wurde ich von überallher beobachtet, also ne <br>Runde zur Ablenkung gedreht und dann ging es besser <br>und der Cache war gehoben. TFTC<br><br />]]></LOG>
<LOG><![CDATA[<img src='icon_greenlight.gif'>&nbsp;2007-12-09 by Don Rocbeer<br><br />Published<br />]]></LOG>
</LOGS>
<NOTES><![CDATA[]]></NOTES>
<IMAGES>
    <IMG>gc17dp9_0.jpg<URL>http://img.geocaching.com/cache/90ab2bde-c01e-4c7f-9072-ec5e217ea54e.jpg</URL></IMG>
    <IMG>GC17DP9_0.jpg<URL>http://img.geocaching.com/cache/90ab2bde-c01e-4c7f-9072-ec5e217ea54e.jpg</URL></IMG>
    <IMGTEXT>GC17DP9_0</IMGTEXT>
    <IMGTEXT>C:\Dokumente und Einstellungen\M&#252;ckenfett\Eigene D</IMGTEXT>
</IMAGES>
<TRAVELBUGS>
</TRAVELBUGS>
<URL><![CDATA[]]></URL>
<SOLVER><![CDATA[]]></SOLVER>
    <CACHE  name = "Brunnencache - Entenb&#252;hl M&#252;hlhausen" owner = "Mueckenfett" lat = "51,209283333333" lon = "10,460066666667" hidden = "2007-12-08" wayp = "GC17DP9" status = "" ocCacheID = "" lastSyncOC = "20100419231045" num_recommended = "0" num_found = "-1" attributesYes = "34364459011" attributesNo = "2199023255552" boolFields="1922" byteFields="33756175" attributesYes1 = "0" attributesNo1 = "0" />
</CACHEDETAILS>
