<?xml version="1.0" encoding="ISO-8859-1"?>
<CACHEDETAILS>
<VERSION value = "3"/>
<DETAILS><![CDATA[<center>
<h2>Die Fabrik Claes</h2>
<p><img src=
"http://img.geocaching.com/cache/72a17029-5539-4afc-bc1c-909c408bee4a.jpg" /><br />

<br />
<b>Ein Stück Mühlhäuser Industriegeschichte</b></p>
</center>

<br><p align="center">1869 wurde durch den gebürtigen Mühlhäuser Ernst
Claes der Grundstein für das damals bedeutenste
Industrieunternehmen der Stadt Mühlhausen gelegt.<br />
Durch einen Beschluss des Ministerrates der DDR wurde die Fabrik
1972 vollständig in Volkseigentum überführt und erhielt den Namen
&bdquo;VEB Spezial-Nähmaschinenwerk Mühlhausen&ldquo;.<br />
1991 erfolgte schließlich wieder die Reprivatisierung in die Claes
GmbH bis 1994 schließlich der Konkurs angemeldet werden
musste.<br />
<br />
In der Fabrik sind vorrangig Nähmaschinen, Strickmaschinen und
Fahrräder hergestellt wurden. Zu Spitzenzeiten , wie 1900 waren
1000 Beschäftigte, 1970 noch ca. 230 Mitarbeiter, und zum Konkurs
lediglich nur noch 18 Mitarbeiter beschäftigt.</p>
<br />
<b><font color="#8B0000" size="2">Diesen Cache bitte nur am Tage
angehen, da die Taschenlampen nachts zu viel Aufsehen
erregen!</font><br />
<br />
Station 1: Hier beginnt Eure Erkundung.<br />
Wichtig! Bitte nehmt ein Tool und eine Taschenlampe mit.<br />
Plant bitte ca. 3 h zur Lösung ein.</b><br />
<br />]]></DETAILS>
<COUNTRY><![CDATA[Germany]]></COUNTRY>
<STATE><![CDATA[Thüringen]]></STATE>
<ATTRIBUTES>
   <ATT>wheelchair-no.gif</ATT>
   <ATT>kids-no.gif</ATT>
   <ATT>night-no.gif</ATT>
   <ATT>stroller-no.gif</ATT>
   <ATT>winter-yes.gif</ATT>
   <ATT>available-yes.gif</ATT>
</ATTRIBUTES>
<HINTS><![CDATA[Xyvatry: Ahyy ovf Ivremvt]]></HINTS>
<LOGS>
<OWNLOGID></OWNLOGID>
<OWNLOG><![CDATA[]]></OWNLOG>
<LOG><![CDATA[<img src='icon_smile.gif'>&nbsp;2010-04-14 by fabio-otto<br><br />SUPER!!!! Jetz endlich den 2. Anlauf gemacht mit Richie1977. Dank Ihm, der den 2. Lauf schon hinter sich hatte und mir bei den letzten 3 station zusätzliche Hinweise gegeben hat, doch schnell gefunden!<br>Sehr schöner Cash, nur schade das das Haus bald abgerissen wird, wegen Baufähligkeit.<br>So lange es ihn noch gibt lohnt es sich!!!!<p>TFTC<p><br>Fabo-Otto + Richie1977<br />]]></LOG>
<LOG><![CDATA[<img src='icon_smile.gif'>&nbsp;2010-03-13 by muckel<br><br />Heute hat's im zweiten Anlauf endlich geklappt <img src='http://www.geocaching.com/images/icons/icon_smile_big.gif' border=0 align=middle> .<br>Wieder auf Familienbesuch in Thüringen mussten wir endlich zu Ende bringen was letztes Jahr an der dritten Station gescheitert war. Dieses mal hatten wir dann mehr Glück und konnten fast alle Stationen gut finden während wir diesen tollen LP erkundet haben. Nur bei einer Station brauchten wir dann noch einen kleinen Schubser in die richtige Richtung. Wer übrigens glaubt die Tour sei mugglesicher den muss ich enttäuschen, wir begegneten zwei Muggles die sich einfach nur mal umsehen wollten <img src='http://www.geocaching.com/images/icons/icon_smile_shock.gif' border=0 align=middle> .<br>Uns hat dieser Cache sehr viel Spass gemacht und es gibt mehrere Cacherfreunde bei uns die nach dem Zeigen der Fotos neidisch geworden sind <img src='http://www.geocaching.com/images/icons/icon_smile.gif' border=0 align=middle> .<p>Vielen Dank an Mueckenfett für die Ausarbeitung und seine telefonische Hilfe!<p>Grüße aus Hamburg,<br>Muckel<br><br />]]></LOG>
<LOG><![CDATA[<img src='icon_smile.gif'>&nbsp;2010-03-07 by Colibr&#237;<br><br />Super Sache :)<br />]]></LOG>
<LOG><![CDATA[<img src='icon_smile.gif'>&nbsp;2010-03-07 by Rurpot<br><br />Juhuuu endlich hab ich zusammen mit colibri den Cache gefunden (nach 3 bis 4 Anläufen)<br>Die Stationen sind alle einzigartig und der Ort ist einfach super!<br>Danke für den tollen Cache :)<p>in: GC<p>out: Sticker<p><br />]]></LOG>
<LOG><![CDATA[<img src='icon_smile.gif'>&nbsp;2010-02-28 by magnema<br><br />Anfang der Woche starteten wir schon unseren ersten Versuch den Cache zu heben, doch leider scheiterten wir bei Station 7. Dafür hatten wir die Zeit ergiebig zum Erkunden dieses fantastischen Abenteuerspielplatzes genutzt. Durch die tauenden Schneemassen sahen einige Bereiche doch arg einsturzgefährdet aus, sodass wir etwas zuviel Angst vorm Betreten hatten. Zuhause holten wir uns einen Tipp vom Owner und starteten dann einen neuen Versuch. Dieses Mal waren die letzten Stationen schnell entdeckt und auch der Final ratz-fatz gefunden. Wirklich ein toller Lostplace. für den sich eine Anreise lohnt. 5 Sternchen bei GCVote :-)<p>Vielen Dank & Gruß aus Göttingen,<br>magnema<p>#1455<p>Out: TB<br />]]></LOG>
<LOG><![CDATA[<img src='icon_smile.gif'>&nbsp;2010-02-25 by Richie1977<br><br />Beim zweitenmal hat es endlich geklappt!!<br>Voriges jahr mit Fabio-Otto den ersten abschnitt geschafft,mussten aber wegen Dunkelheit abbrechen.<br>Heute mit Oli (UH-OG 88) um 14.45Uhr sicher geloggt.<br>Ein sehr schönes Erlebniss aufjeden fall!!!<br>Grosses Lob und ein danke schön an Mueckenfett.<p>In: 1 Unterlegscheibe<p><br>TFTC!!!!!!!!<p>mfg Richie<br />]]></LOG>
<LOG><![CDATA[<img src='icon_smile.gif'>&nbsp;2010-01-16 by Darmsaft<br><br />Lange ersehnt und jetzt endlich angegangen und sogar gleich geschafft. Uff! Wir wollten diesen LP schon vor Ewigkeiten machen, so ca. 3 Monate schon. Am 16.01 war es dann auch endlich soweit und es ging zu viert los. Station 1&2 blieb uns leider komplett verwehrt, wir haben dann aber zum Glück recht schnell die dritte gefunden <img src='http://www.geocaching.com/images/icons/icon_smile.gif' border=0 align=middle> Der Rest ging im Grunde locker flockig von der Hand, bis auf einzelne Stationen zumindest <img src='http://www.geocaching.com/images/icons/icon_smile_shy.gif' border=0 align=middle> Am Ende dann noch beim Final rumgeklettert und ein kurzes Fotoshooting veranstaltet und dann in den wohl verdienten Feierabend gegangen. Kurz vor dem Ausgang haben wir noch chulupi und Co. getroffen. War ein nettes und leider zu kurzes Gespräch ;) Ich hoffe ihr hattet noch viel Spaß nach uns ;P<p>Zum Cache : Gefiel mir ausgesprochen gut. Endlich mal wieder ein LP mit mehreren Stationen und viel Bildersuche <img src='http://www.geocaching.com/images/icons/icon_smile_big.gif' border=0 align=middle> Einige Stationen waren knackig mies versteckt und das Ambiente war zu himmlisch =) Knarrende Dielen, dunkle Räume, ewiglanges Suchen an einigen Stages, ich liebe sowas! Daher ein großes TFTC an Fückenmett sagt Darmsaft aus "fast"-Kurzenzucker <img src='http://www.geocaching.com/images/icons/icon_smile_big.gif' border=0 align=middle><br />]]></LOG>
<LOG><![CDATA[<img src='icon_smile.gif'>&nbsp;2010-01-16 by Prinzessin_Mimi<br><br />Sehr cooler LP!<br>Hat richtig Spaß gemacht, auch wenn wir an manchen Stationen EWIG gesucht haben ... Standen halt öfters ziemlich aufem Schlauch :D<br>Wir waren glücklich, als der Feierabend angekündigt worden ist und brachten unseren harten Arbeitstag zu Ende. In der Nähe der ersten Station haben wir dann noch die nächste Cachergruppe getroffen und uns noch nett unterhalten. Dann gings gleich los zum nächsten LP von Mückenfett ;)<br>TFTC =)<br />]]></LOG>
<LOG><![CDATA[<img src='icon_note.gif'>&nbsp;2010-01-16 by chulupi<br><br />Heute haben wir (Mupfeline, GICHTKNILCH, Scolopendro & ich) uns diesen LP angeschaut. Gefunden haben wir ZS1, 3, 4, 5 & 6; wir wissen, wo ZS7 zu suchen ist. <img src='http://www.geocaching.com/images/icons/icon_smile.gif' border=0 align=middle> Nachdem wir an manch ZS gefühlte 1000 Mal vorbeigelaufen sind <img src='http://www.geocaching.com/images/icons/icon_smile_blush.gif' border=0 align=middle> wurde es langsam dunkel. Also beschlossen wir, uns aufzuwärmen und noch einmal wieder zu kommen.<br>Viele Grüße an unsere LP-Bekanntschaften Prinzessin Mimi, Mediamarkt1990, Darmsaft & Fips (Hardcore-UH)!<br>Bis zum nächsten Mal,<br>chulupi<br />]]></LOG>
<LOG><![CDATA[<img src='icon_smile.gif'>&nbsp;2010-01-16 by Hardcore-UH<br><br />heute auf gemeinsamer tour mit Mediamarkt1990 / Prinzessin Mimi und Darmsaft gefunden und gelogt<br>TFTC gruß Fips Team Hardcore-UH<p><br />]]></LOG>
<LOG><![CDATA[<img src='icon_smile.gif'>&nbsp;2010-01-16 by mediamarkt1990<br><br />super cache zum 2. anlauf endlich gefunden bitte die augen offen halten es ist sehr gefärhlich <br>TFTC <img src='http://www.geocaching.com/images/icons/icon_smile_cool.gif' border=0 align=middle><br />]]></LOG>
<LOG><![CDATA[<img src='icon_smile.gif'>&nbsp;2009-12-28 by Karolli<br><br />Heute im 2. Anlauf sind wir bis zum Final vorgedrungen. Den ersten Anlauf mussten wir wegen der einbrechenden Dunkelheit abbrechen, da wir trotz TJ die Station 8 nicht finden konnten und immer mehr Zeit verging.<br>Heute haben wir meinen freien Tag genutzt, um die Fabrik ein 2. Mal unsicher zu machen und siehe da, Station 8 ging ganz fix<img src='http://www.geocaching.com/images/icons/icon_smile.gif' border=0 align=middle>.<br>Im Veranstaltungsraum haben wir dann Klins und das Klein-Team erschreckt und ab da gemeinsam gesucht. Station 10 war schon kniffelig, denn während sich die Kerle an der Bar vergnügten, konnte ich mit weiblicher Intuition und ein bisschem logischen Nachdenken den Hinweis entdecken. Die restlichen Hinweise und Stationen waren dann im Team schnell gefunden, so dass wir uns - ein bisschen Stolz - ins Logbuch eintragen konnten.<br>Danke für den tollen Cache, den wir aufgrund unserer teilweisen Blindheit <img src='http://www.geocaching.com/images/icons/icon_smile_blush.gif' border=0 align=middle>, wirklich ausgiebig, lange, von unten nach oben, oben nach unten und kreuz und quer genießen durften.<img src='http://www.geocaching.com/images/icons/icon_smile.gif' border=0 align=middle><br>Liebe Grüße<br>Karo+Olli<br />]]></LOG>
<LOG><![CDATA[<img src='icon_smile.gif'>&nbsp;2009-12-28 by klins<br><br />Wir brauchen eine Frau im Cacherteam! Heute fast zum 2.Mal an der gleichen Station gescheitert, wenn da nicht die weibliche Hälfte von Karolli gewesen wäre... 	<img src='http://www.geocaching.com/images/icons/icon_smile.gif' border=0 align=middle><br>...und so sind wir zusammen bis zum Final vorgedrungen.<p>Vielen Dank an Karolli und den Owner<br>Klins & das Klein-Team<br />]]></LOG>
<LOG><![CDATA[<img src='icon_smile.gif'>&nbsp;2009-12-27 by heilaender123<br><br />Heute mit Gastcacherin Anke mal die Fabrik Claes angegangen .<br>Das war mal ein toller LP so richtig nach meinem Geschmack .Mann fähr da Täglich drann vorbei und weis gar nicht was für ein riesen Gelände das ist.<br>Dank an Mückenfett für die tollen Stationen ,alle gut gefunden ( <img src='http://www.geocaching.com/images/icons/icon_smile_angry.gif' border=0 align=middle> ) <br>in  .: ü Ei Figur <br>out.:Travel Bug<br />]]></LOG>
<LOG><![CDATA[<img src='icon_smile.gif'>&nbsp;2009-11-22 by Hawkbounce<br><br />Ein super Cache. So finde ich müssen Lost Places sein zwar gibt es noch bessere aber Hauptsache Lost Place xD. Diesen bin ich mit Sixpack ks angegangen. Bis auf den kleinen Unterschied, das diesmal die Querfahrer mit von der Partie waren. Es war eine schöne große Tour durch das schon teilweise sehr stark zerfallene Gebäude, deshalb einen Tipp von mir, schnell hin und den Cache finden denn lange wird dieser Cache nicht mehr verweilen können bis das Gebäude völlig zerfällt und eine suche nach dem Cache zu gefährlich wird. <br>Aber dennoch, schön gemacht und tolle Rätsel hin und wieder auch schon mal eine Station zurück um den dortigen Hinweis nochmal zu lesen. Da man sich von Zeit zu Zeit schon mächtig umschauen mußte. Aber, dennoch alle Station gefunden und immer wieder das alte Gemäuer bestaunt.<p>TFTC<br>Hawkbounce<p>[This entry was edited by Hawkbounce on Friday, December 04, 2009 at 5:15:44 AM.]<br />]]></LOG>
<LOG><![CDATA[<img src='icon_smile.gif'>&nbsp;2009-11-22 by Querfahrer<br><br />Dieser LP war das Hauptziel des heutigen Tages. Zusammen mit "Sixpack KS" und "Hawkbounce" haben wir sehr viel Spaß gehabt auch wenn wir zwei mal sehr dicke Tomaten auf den Augen hatten. Da hat der Owner uns fast jede Ecke der schönen Gebäude gezeigt.  Wir freuen uns schon auf den nächsten LP-Cache in Mühlhausen.<br>No trade.<p>Danke für den Cache<p>Grüße<br>Susi und Uwe<br />]]></LOG>
<LOG><![CDATA[<img src='icon_smile.gif'>&nbsp;2009-11-22 by sixpack KS<br><br />Es war wieder einmal LP Time angesagt. Diesen schönen Cache mit den Querfahrern + Hawkbounce angegangen. Eine coole Location, mit guten ausgearbeiteten Stationen.<br>Empfehlenswert - den sollte man besucht haben.<br>IN/OUT: TB<p>TFTC sixpack ks<br />]]></LOG>
<LOG><![CDATA[<img src='icon_smile.gif'>&nbsp;2009-11-07 by doppelkk<br><br />Gemeinsam mit frankenharry und frankenreini erkundete ich dieses alte Gemäuer. Wir hatten viel Spaß und einne schönen Tag, auch wenn es manchmal "knatzte" und "krachte" haben wir alle Hürden geschafft.<p>TFTC<p><br>doppelkk<p>In: Schlüsselanhänger rot<br>Out: Nix<br />]]></LOG>
<LOG><![CDATA[<img src='icon_smile.gif'>&nbsp;2009-11-07 by frankenharry<br><br />13:30h<br>Da wir seit 1930 in unserer Verwandschaft auch ein Nähmaschinengeschäft hatten, mußten wir einfach hierhin und uns diese Fabrik ansehen.<br>Gemeinsam mit Frankenreini und doppelKK erkundeten wir dieses schöne Gelände das zum Verfallen eigentlich zu schade ist. Da hätte man doch sicherlich<br>vor Jahren schöne Loft´s aufziehen können. Ein klasse gemachter Lost Place der uns viel Spass bereitet hat. Die Anfahrt hat sich auf jeden Fall gelohnt.<br>tftc<br>Out: TB Little Angel<br>In: USB-Lampe<p>Gruß aus Franken <br>Harry mit Britta und Anna<br />]]></LOG>
<LOG><![CDATA[<img src='icon_smile.gif'>&nbsp;2009-10-22 by Knuellfuchs<br><br />Sehr schön gemacht !! Alle Füchse waren im Einsatz !! <img src='http://www.geocaching.com/images/icons/icon_smile.gif' border=0 align=middle><br>Der Kleine, der Große, der Ängstliche und der "Schlaue Fuchs".<br>Zwei Stages immer kurz vor Aufgabe gefunden. <img src='http://www.geocaching.com/images/icons/icon_smile_big.gif' border=0 align=middle><br>Die Zeit genau mit 3 Stunden eingehalten. <img src='http://www.geocaching.com/images/icons/icon_smile_big.gif' border=0 align=middle><br>Vielen Dank für`s Verstecken !! Die Knüllfuchs´e<br>TB out<br />]]></LOG>
<LOG><![CDATA[<img src='icon_smile.gif'>&nbsp;2009-10-15 by Cachegrillaz<br><br />Mit Michael Knight den Cache gehoben. War wieder mal ein sher schöner LP. Es ist immer sehr interessant so etwas mitten in der CIty zu finden. Wir haben inerhalb von 2 Stunden alles gefunden  und sind durch stöbern auf mindestens 3 Hinweise so schon gestossen.<br>Terrain ist mit 3 OK, nur die Schwierigkeit ist etwas zu hoch gegriffen. Hier würden 3 auch eher passen. <br>Ansonsten aber hat es wieder sehr viel Spass gemacht und wir bedanken uns fürs Zeigen :-)<br />]]></LOG>
<LOG><![CDATA[<img src='icon_smile.gif'>&nbsp;2009-10-15 by hassel-the-hoff<br><br />Zusammen mit den cahegrillaz gestern vor Ort gewesen und erfolgreich gefunden. Mussten zwar nochmal kurz das Spoilerbild ansehen, weil wir versehentlich einen falschen Eingang gewählt hatten, von dort kamen wir aber gut zurecht und hatten ~2,5 Stunden später den Final in der Hand.<br>Teils sehr morsch das Ganze aber wenn man aufpasst dann gehts schon.<p>TFTC, Gruß hoff<br />]]></LOG>
<LOG><![CDATA[<img src='icon_maint.gif'>&nbsp;2009-09-22 by Mueckenfett<br><br />Alles bestens, Station 3 ist auch noch da nur etwas gewandert.<br>Setze mal einen Spoiler dafür ein.<br />]]></LOG>
<LOG><![CDATA[<img src='icon_sad.gif'>&nbsp;2009-09-19 by muckel<br><br />Wir mussten den Cache abbrechen da wir die dritte Station nicht finden konnten. Leider war der TJ "not available" und die Dunkelheit kam auch immer näher <img src='http://www.geocaching.com/images/icons/icon_smile_sad.gif' border=0 align=middle>. Wir kommen im nächsten Frühjahr wieder, vielleicht klappts ja beim zweiten Anlauf.<p>Danke für diese Eindrücke und Grüße aus Hamburg!<p>Muckel<br><br />]]></LOG>
<LOG><![CDATA[<img src='icon_smile.gif'>&nbsp;2009-09-12 by David+Chrissi<br><br />ENDLICH!!!Beim 3. Anlauf Gefunden.Danke nochmal für die Hilfe.....<br>Aber die Location-Einsame Spitze.Hat mir hervorragend gefallen.<br>Auch der Rundkurs ist sehr gut gemacht.Grosses Lob!!<br>TFTC<br>David+Chrissi<br />]]></LOG>
<LOG><![CDATA[<img src='icon_smile.gif'>&nbsp;2009-08-30 by lilllyfee<br><br />So - jetzt komm ich vor lauter Urlaub auch mal zum loggen!<br>Mit elli1503 also hier gewesen und die alte Fabrik unsicher gemacht!<br>Na ja - was heißt unsicher gemacht - ist sie ja schon von alleine! <img src='http://www.geocaching.com/images/icons/icon_smile_wink.gif' border=0 align=middle><br>Sehr interessant, und die Anfahrt hat sich allemal gelohnt!<br>Auch von mir noch ein großes Dankeschön an unsere Cacherkollegen für den TJ<br>aus dem Ländle!<br>Ich war ja fast enttäuscht nicht auf den Kamin zu müssen! <img src='http://www.geocaching.com/images/icons/icon_smile_cool.gif' border=0 align=middle><br>Vielen Dank fürs zeigen dieses riesen LP mir 1A Tapetenauswahl!!!<p>lilllyfee<br># 790<br />]]></LOG>
<LOG><![CDATA[<img src='icon_smile.gif'>&nbsp;2009-08-30 by elli1503<br><br />Das war nun also unser zweiter großer LP in Thüringen, für die wir jka nun stolze 330 km zurückgelegt hatten !<br>Und ich sage Euch: da hat sich jeder Kilometer gelohnt !!!!<br>Allerdings muss ich ja gestehen, dass ich die eine oder andere Etage etwas "grenzwertig" fand, was so die Statik des Ganzen angeht, aber ein echter LP-Cacher, den schreckt ja so schnell nix, oder ???? <img src='http://www.geocaching.com/images/icons/icon_smile_shock.gif' border=0 align=middle> <img src='http://www.geocaching.com/images/icons/icon_smile_cool.gif' border=0 align=middle><p>Den Zugang hatten lilllyfee und ich heute dann schnell hinter uns gelassen, und los ging´s mit einer ersten Erkundung ....<br>Die ersten Stages waren dann auch schnell gefunden, aber dann mussten wir doch noch (und noch ein paar mal mehr <img src='http://www.geocaching.com/images/icons/icon_smile_shy.gif' border=0 align=middle>) auf einen TJ zurückgreifen (Vielen Dank nochmals an unsere Cacher-Kollegen aus BaWü, die vor ein paar Tagen hier waren <img src='http://www.geocaching.com/images/icons/icon_smile_kisses.gif' border=0 align=middle>).<p>Nach einem erlebnisreichen und lehrreichen Tage hielten wir dann ein paar Stunden später das ersehnte Döschen in Händen !<br>Vielen Dank für´s Zeigen und die Führung durch die Geschichte !<p>elli1503<p># 832<br />]]></LOG>
<LOG><![CDATA[<img src='icon_smile.gif'>&nbsp;2009-08-11 by AndiW<br><br />Dies war Nr. 2 auf unserer 2009-er LP-Tour <img src='http://www.geocaching.com/images/icons/icon_smile_cool.gif' border=0 align=middle><br>Bis wir uns einig waren, wo denn nun der Einstieg sei, hat es zwar etwas gedauert, aber dann gings lustig weiter. Die Stages sind liebevoll ausgearbeitet, so macht LP-Cachen wirklich Spass. Auch die Location ist etwas Besonderes, so mitten in der Stadt, zwischen einigen schon instand gesetzten Gebäuden bzw. Neubauten <img src='http://www.geocaching.com/images/icons/icon_smile_big.gif' border=0 align=middle><br>Geschichte am Rande: Ich schau zum Fenster in Richtung des Wegs, der zum Gebäude dahinter führt. Läuft ein Typ in den Innenhof, schaut sich irgendwie "komisch" um. Verschwindet wieder. Kommt mit einem Fahrrad mit Hänger zurück. Nochmal ein verstohlener Blick - und ratzfatz waren 2 Müllsäcke über den Zaun geworfen - ja sach mal - gehts noch <img src='http://www.geocaching.com/images/icons/icon_smile_question.gif' border=0 align=middle><img src='http://www.geocaching.com/images/icons/icon_smile_question.gif' border=0 align=middle><img src='http://www.geocaching.com/images/icons/icon_smile_question.gif' border=0 align=middle> <img src='http://www.geocaching.com/images/icons/icon_smile_dissapprove.gif' border=0 align=middle><br>Danke fürs Zeigen sagt <br>AndiW<br />]]></LOG>
<LOG><![CDATA[<img src='icon_smile.gif'>&nbsp;2009-08-11 by JR849<br><br />Der Eingang war nicht ganz ohne, dann allerdings stand dem LP-Genuss nichts mehr im Weg. Tolle Gebäude gepaart mit netten Stages, einfach gut! Wären schön gewesen wenn man vorher wüsste was man als Tool mitbringen muss, es ging aber auch mit Hilfsmitteln vor Ort einigermaßen. Dank PMR haben wir uns immer wieder gefunden und die Totografentruppe konnte sich irgendwann auch am Final zum Loggen einfinden.<br>Vielen Dank für den Cache und den reizvollen LP<br><font size="1"><font color="blue"><i>#4716</i></font></font><br />]]></LOG>
<LOG><![CDATA[<img src='icon_smile.gif'>&nbsp;2009-08-11 by ScandinavianMagic<br><br />Schon der Anblick des Gebäudes von aussen war sehr vielversprechend. Nachdem endlich der LP-typische Zugang gefunden war <img src='http://www.geocaching.com/images/icons/icon_smile_wink.gif' border=0 align=middle>, ging es los mit Suchen, Staunen und "Bloß-nicht-durch-die-Decke-brechen"... <img src='http://www.geocaching.com/images/icons/icon_smile_big.gif' border=0 align=middle><img src='http://www.geocaching.com/images/icons/icon_smile_cool.gif' border=0 align=middle><br>Raufasertristesse kannte man hier nicht, denn hier war definitiv der gute Geschmack zuhause: Ich konnte nur schwer an mich halten, sämtlich Tapetenvariationen abzulichten. Eines der Highlights des Tages! <img src='http://www.geocaching.com/images/icons/icon_smile_cool.gif' border=0 align=middle><img src='http://www.geocaching.com/images/icons/icon_smile_approve.gif' border=0 align=middle><br>Auch sonst hatte diese Location einen ganz besonderen Charme, und auch die gut gemachten Stages waren meist ohne Probleme gefunden.<br>Top Location, nur zu empfehlen! <img src='http://www.geocaching.com/images/icons/icon_smile_approve.gif' border=0 align=middle><img src='http://www.geocaching.com/images/icons/icon_smile_approve.gif' border=0 align=middle><img src='http://www.geocaching.com/images/icons/icon_smile_approve.gif' border=0 align=middle><p>Thx, Ralf - <i>auf der Suche nach dem Verlorenen 2009 mit AndiW, JR849 und Timemurder</i><br />]]></LOG>
<LOG><![CDATA[<img src='icon_smile.gif'>&nbsp;2009-08-11 by Timemurder<br><br />VerlassenePlätzeTour 02 von 11<br>mit AndiW, JR849 und ScandinavianMagic<img src='http://www.geocaching.com/images/icons/icon_smile_cool.gif' border=0 align=middle><p>Hier gab es für uns ein Hauptthema: Tapeten!<br>Beim Finden der einzelnen Stationen wurden insgesamt 34 verschiedene Tapeten entdeckt!<br>Die Tapeten zeigten uns den historischen Ablauf der Fabrik ... <p>18.08.1869 Grüne Mustertapeten: Gründung der Fa. Claes & Flentje OHG Produktion von Nähmaschinen, Strickmaschinen und Fahrrädern<br>1933 Braune Tapeten: Fortführung der Firma unter der Firmirung Claes & CO. KG Fertigung von Näh- und Strickmaschinen bis zum Ende des 2. Weltkrieges<br>1945 Lila Tapeten: Wiederaufnahme der Fertigung von Näh- undStrickmaschinen mit ca. 60 Beschäftigten<br>1972 Rote Tapeten: Verstaatlichung des Unternehmens unter der Firmenbezeichnung VEB Spezialnähmaschinen Werk Mühlhausen ca. 200 Beschäftigte. Hersteller von schwerer Ledernähtechnik und Kettelmaschinen. Zugehörig zum Kombinat Textima<br>01.01.1991 Raufaser: Reprivatisierung des Unternehmens zur Fa. Claes GmbH in Mühlhausen am alten Standort mit ca. 100 Beschäftigten<br>Dez. 1994 Schwarze Tapeten: Beendigung der Geschäftstätigkeit der Fa. Claes GmbH<br><img src='http://www.geocaching.com/images/icons/icon_smile_clown.gif' border=0 align=middle><p>Danke für´s Zeigen und bedosen des Ganzen!<br>TFTC/IN: TB Out: Nix<p>Timemurder was here ... <img src='http://www.geocaching.com/images/icons/icon_smile_big.gif' border=0 align=middle><br />]]></LOG>
<LOG><![CDATA[<img src='icon_smile.gif'>&nbsp;2009-07-19 by burnair<br><br />schöner LP hat richtig spaß gemacht...hat auch ziemlich viele nerven gekostet hihi. aber im team lösbar gewesen<br>TFTC<br />]]></LOG>
<LOG><![CDATA[<img src='icon_smile.gif'>&nbsp;2009-07-19 by biba1981<br><br />oh ja das hat mal wieder spass gemacht<img src='http://www.geocaching.com/images/icons/icon_smile.gif' border=0 align=middle> ging heute ein wenig schneller als beim letzten mal die 3 stunden haben wir zwar nicht ganz geschaft aber hauptsache ist das wir ihn gefunden haben<img src='http://www.geocaching.com/images/icons/icon_smile_tongue.gif' border=0 align=middle><br />]]></LOG>
<LOG><![CDATA[<img src='icon_smile.gif'>&nbsp;2009-07-19 by FTT<br><br />Heute gings zum 2. Mal auf die Suche nachdem wir(biba1981 und burnair) vor 2 Tagen schonmal vor Ort waren, dabei aber nur so erstmal alles angeschaut hatten.Um dann alle Stationen zu schaffen war es zu spät.Deahalb heute nochmal her und weiter gings.Die Gebäude waren ja jetzt größtenteils bekannt, aber an einer Station kurz vorm Final ging nichts mehr.Der Telefonjoker musste ran...Danke... <img src='http://www.geocaching.com/images/icons/icon_smile.gif' border=0 align=middle>Danach gings dann aber flott weiter, bis wir dann den Final in der Hand hielten.Zusammenfassend kann man sagen daß sich dieser LP auf jeden Fall lohnt, allerdings auch mit gewisser Vorsicht zu genießen ist, da das Gebäude gut baufällig ist.<br>Hat Spass gemacht...<br>TFTC<p>Out: Coin<br />]]></LOG>
<LOG><![CDATA[<img src='icon_smile.gif'>&nbsp;2009-06-11 by BastiVW<br><br />Genau so stell ich mir einen LP vor ,sehr schöner cach. Habe auch alle Stationen zusammen mit einem Gastcacher mehr oder wehniger schnell gefunden. <br />]]></LOG>
<LOG><![CDATA[<img src='icon_maint.gif'>&nbsp;2009-06-07 by Mueckenfett<br><br />Hallo an alle,<br>war vor kurzem mal wieder im Gebäude und mußte leider feststellen, das auch hier die Vandalen ihr Unwesen treiben.<br>Dies sollte aber keinen davor abschrecken unseren LP zu besuchen.<br>Gruß Tom & Silke<p>[This entry was edited by Mueckenfett on Monday, June 08, 2009 at 11:41:20 PM.]<br />]]></LOG>
<LOG><![CDATA[<img src='icon_smile.gif'>&nbsp;2009-06-07 by Geo-Zwerge<br><br />schöner LP aber leider schon SEHR zerfallen das gebäude und somit ein wenig gefährlich <img src='http://www.geocaching.com/images/icons/icon_smile_sad.gif' border=0 align=middle><br />]]></LOG>
<LOG><![CDATA[<img src='icon_smile.gif'>&nbsp;2009-06-07 by the_makis<br><br />Netter Cache,<p>ich empfehle Aufgrund der zunehmenden Gefahren empfehle ich ein schließen des Caches, Ich kenne einige LPs, abe rnoch keiner war so Baufällig!<br />]]></LOG>
<LOG><![CDATA[<img src='icon_note.gif'>&nbsp;2009-06-03 by Hoffi1986<br><br />Habe heute mal eine Coin und einen TB dagelassen. <img src='http://www.geocaching.com/images/icons/icon_smile.gif' border=0 align=middle><br />]]></LOG>
<LOG><![CDATA[<img src='icon_smile.gif'>&nbsp;2009-05-31 by Horse-Team<br><br />Nach einigen Caches das Highlight des Tages mit variblue und kpit51 angegangen. Wirklich gut ausgearbeitete Stages, die uns einen guten Einblick gaben, wie es damals hier aussah. Alles in allem eine super Runde, die viel Spaß gemacht hat und echt empfehlenswert ist!<p>in: TB<br>out: -<p>Vielen Dank für die Mühe des Owners und für das Zeigen dieses schönen LPs! <br>Horse-Team<br />]]></LOG>
<LOG><![CDATA[<img src='icon_smile.gif'>&nbsp;2009-05-31 by variblue<br><br />Auf einer landschaftlich sehr schönen Tour nach Mühlhausen zusammen mit dem<br>Horse-Team und kpit51 haben wir hier den Höhepunkt des Tages erreicht.<br>Ich sage nur "faszinierend". Wir hatten viel Spaß die Gebäude zu<br>untersuchen und konnten den Cache in der Hälfte der eingeplanten Zeit von drei Stunden<br>absolvieren.<br>Es hätten auch ruhig noch ein paar Stationen mehr sein können.<p>in: Coin / TB<br>out: TB / TB<p>Danke für den Cache.<p>Gruß<br><b><font color="blue">variblue</b></font><br><br />]]></LOG>
<LOG><![CDATA[<img src='icon_smile.gif'>&nbsp;2009-05-27 by buchy<br><br />Interessante Location und gut gemachte Stages. Eine Skizze des Gebäudes hätte manchen unnötigen Weg und Frust erspart. Danke fürs Zeigen.<br />]]></LOG>
<LOG><![CDATA[<img src='icon_smile.gif'>&nbsp;2009-05-20 by globalplayer<br><br />An einer Station haben uns fast die Zähne ausgebissen und wir waren schon drauf und <br>dran, diesen schönen Cache von unserer to-do-Liste zu streichen. Nachdem wir dann <br>nochmals die komplette Location abgesucht haben, fanden wir das, wonach wir soooo <br>lange gesucht hatten. <br>Vielen Dank für diesen Cache <br>Gruß <br><font face="comic sans ms"><b>Globalplayer</b></font> <br><br />]]></LOG>
<LOG><![CDATA[<img src='icon_smile.gif'>&nbsp;2009-05-20 by globalplayerin<br><br />Auf unserer LPC-Tour durch Thüringen haben wir natürlich auch Mühlhäuser Industriegeschichte studiert <img src='http://www.geocaching.com/images/icons/icon_smile_wink.gif' border=0 align=middle> Ein lost place mitten in der Stadt - unglaublich! Die Suche nach der letzten Maschine hat zwar etwas länger gedauert <img src='http://www.geocaching.com/images/icons/icon_smile_blush.gif' border=0 align=middle>, dennoch konnte das Logbuch bei Tageslicht signiert werden <img src='http://www.geocaching.com/images/icons/icon_smile_approve.gif' border=0 align=middle><br>Vielen Dank für die Vorstellung dieser schönen location und Gruß,<br>globalplayerin<br />]]></LOG>
<LOG><![CDATA[<img src='icon_maint.gif'>&nbsp;2009-04-13 by Mueckenfett<br><br />Alles bestens, man sollte die Fotos zum Einstieg schon benutzen.<br>Eine Station repariert.<br><br />]]></LOG>
<LOG><![CDATA[<img src='icon_note.gif'>&nbsp;2009-04-12 by kaidan<br><br />wollten den LP am 06.04 angehen, aber mangels durchschlupfmöglichkeit durch den wohl neu errichteten bauzaun war das nicht möglich...<p>schade darum. sah interessant aus.<p><br><br />]]></LOG>
<LOG><![CDATA[<img src='icon_smile.gif'>&nbsp;2009-04-04 by OHA<br><br />Nett großes Gelände so mitten in der Stadt. Nur wirklich schade, dass es da nichtmehr allzuviel zu sehen gibt. -Außer den leeren Hallen mit neu entstehenden Fahrstuhlschächten. :o)<br />]]></LOG>
<LOG><![CDATA[<img src='icon_smile.gif'>&nbsp;2009-04-04 by cjt2007<br><br />Auf der Suche nach der ersten Station hatten wir zunächst in anderthalb Stunden das gesamte Gelände durchkämmt. Wohl selbst Schuld, wenn man das Bild nicht gleich zur Hilfe nimmt... <img src='http://www.geocaching.com/images/icons/icon_smile_wink.gif' border=0 align=middle> Dafür ging danach die Suche nach den Hinweisen richtig schnell, so dass wir keine 20 Minütchen später den Final in den Händen halten konnten. <img src='http://www.geocaching.com/images/icons/icon_smile_big.gif' border=0 align=middle><p>Das Areal in der Stadt ist schon erstaunlich, aber - wie emsländer bereits schrieb - sehr gut geräumt, so dass außer der Häuser selbst nicht mehr so sehr viel zu entdecken ist.<br />]]></LOG>
<LOG><![CDATA[<img src='icon_smile.gif'>&nbsp;2009-04-04 by Emsl&#228;nder<br><br />Hi,<p>gemeinsam mit OHA und cjt2000 während eines Jenenser-Auswärtscachens gefunden und geloggt. Leider is das Gebäude doch schon sehr leer, so das es abseits der schönen Stationen und der langsam im Boden versinkenden (letzten) Machine wenig zu sehen gab.<p><br>Grüße aus Jena!<p>Out : nix<br>In:TB (Skeleton Key)<br />]]></LOG>
<LOG><![CDATA[<img src='icon_smile.gif'>&nbsp;2009-03-29 by hetten2001<br><br />um ca. 16:45Uhr gefunden. ca. 2 Stunden mit 5 Personen gesucht.<p>Hät mächtig Spaß gemacht wenn man flüssig von Station zu Station kommt. Allein ist dieser Cache sicherlich schwer in kurzer Zeit zu machen.<p>TFTC<p>Team:<br>Dennis,Benjamin, Kevin, Elisabeth<p>Chris(hetten2001)<p>[This entry was edited by hetten2001 on Sunday, March 29, 2009 at 3:18:55 PM.]<br />]]></LOG>
<LOG><![CDATA[<img src='icon_smile.gif'>&nbsp;2009-03-28 by Fox33<br><br />Coole Führung durch das alte Fabrickgelände, wir waren nicht die einzigen Cacher vor Ort... aber die anderen gaben vorzeitig auf...<p>TFTC<br />]]></LOG>
<LOG><![CDATA[<img src='icon_smile.gif'>&nbsp;2009-02-07 by Schnullerbacke77<br><br />Auf lustiger Mühlhausen-Tour mit Frittenbude70, Michael01, den Hoffi´s1986 und Smeagol.<img src='http://img.groundspeak.com/forums/emoticons/signal/big_smile.gif' width=19 height=19 border=0 align=middle><br>Allein dieser Cache ist es schon wert, nach Mühlhausen zu kommen. <img src='http://img.groundspeak.com/forums/emoticons/signal/surprise.gif' width=19 height=19 border=0 align=middle> <br>Auch wenn wir um die Mittagszeit hier drin waren, haben wir mit Sicherheit aufgrund unseres Gegackers die Nachbarschaft auf uns Aufmerksam gemacht. <img src='http://img.groundspeak.com/forums/emoticons/signal/big_smile.gif' width=19 height=19 border=0 align=middle><br>Die Stationen sind schön gewählt und führen einen überall hin. Es war wirklich sehr Beeindruckend durch diese alte Fabrik zu gehen. <img src='http://img.groundspeak.com/forums/emoticons/signal/big_smile.gif' width=19 height=19 border=0 align=middle><br>Und dank meiner neuen Kamera und meines Fotografiertalentes gibt es auch unvergessliche Bilder.<img src='http://img.groundspeak.com/forums/emoticons/signal/tongue.gif' width=19 height=19 border=0 align=middle> <br>Ja, Frittenbude70, Du bist ja nur neidisch, weil ich Dir die Kamera nicht gegeben habe.<img src='http://www.geocaching.com/images/icons/icon_smile_evil.gif' border=0 align=middle><p>Vielen Dank an den Owner für das Zeigen dieses LP´s und viele liebe Grüsse<br>Schnullerbacke77<p><br />]]></LOG>
<LOG><![CDATA[<img src='icon_smile.gif'>&nbsp;2009-02-07 by Team Fribu70 &amp; Schnuba77<br><br /><font color="green"><i><b>Die Verrückten zogen wieder los, um nochmal Mühlhausen zu erobern. Diesmal dabei: Schnullerbacke77, Michael01, Steiff-Teddy, äh nein Plüschbär alias Smeagol, Hoffi1986 (nicht immer, aber immer öfter!) und die Frau mit den Haaren auf der Brust.<img src='http://img.groundspeak.com/forums/emoticons/signal/big_smile.gif' width=19 height=19 border=0 align=middle></b></i></font><p>Ja, das Highlight heute und der Grund, warum wir nochmal da waren, ein Lost Place!<br>Gleich zu Beginn gaben wir Plüschbär, äh Smeagol die Gelegenheit, sich gleich mal wieder richtig einzusauen, was er natürlich auch gerne tat.<br>Ein klasse Rundgang durch die Vergangenheit und eine Einsicht, wie vergänglich doch alles ist. Schade um so ein Gebäude.<br>Trickreichte Stationen, die ganz schön Knobelei erforderte, aber doch waren alle Stationen gut lösbar. <br>Große Probleme hatte hier nur Hobbyfotografin Schnullerbacke77, der nicht nur wir vor der Linse wegliefen, nein auch die Wände mit den guten alten DDR-Tapeten taten es uns gleich und so sind dann viele "Bewegtaufnahmen" mit Bewegungsunschärfe entstanden!<img src='http://www.geocaching.com/images/icons/icon_smile_clown.gif' border=0 align=middle> <br>Nachdem wir dem Rätsel der Fabrik dann auf den Grund gegangen waren, merkten wir dass sich in Bauchnähe ein komisches Gefühll breit machen wollte, worauf wir dann schnurstracks zum Chinesen rüber sind und das sehr günstige und sehr leckere Büfett geplündert haben.<br>Smeagol war dann dank weiblicher Hilfe auch in der Lage, sich dort blicken zu lassen.<img src='http://www.geocaching.com/images/icons/icon_smile_wink.gif' border=0 align=middle><p><br><b>Vielen Dank für den Cache, der unbedingt gemacht werden sollte, bevor die Fabrik abgerissen wird!</b><br />]]></LOG>
<LOG><![CDATA[<img src='icon_smile.gif'>&nbsp;2009-02-07 by smeagol<br><br /><font color="red">1555.</font> Rudelcachen in und um Mühlhausen mit Schnullerbacke77, Frittenbude 70, michael01 und (die meiste Zeit) Hoffi1986! <p>WOW - das war ja die absolute Krönung heute!! <img src='http://www.geocaching.com/images/icons/icon_smile.gif' border=0 align=middle> Tolles Gelände, sehr schöne und pfiffige Verstecke, unterwegs mit einer witzigen Truppe ... und so richtig viel Staub und Dreck zum Einsauen - so muss Geocaching sein!!! <img src='http://www.geocaching.com/images/icons/icon_smile_big.gif' border=0 align=middle> Da darf man sich auch ruhig mal schmutzig machen ... <img src='http://www.geocaching.com/images/icons/icon_smile_wink.gif' border=0 align=middle> Hat riesig Spaß gemacht und war die "Anreise" absolut wert!! <img src='http://www.geocaching.com/images/icons/icon_smile.gif' border=0 align=middle><p>Danke und Gruß, Smeagol<br />]]></LOG>
<LOG><![CDATA[<img src='icon_smile.gif'>&nbsp;2009-02-07 by michael01<br><br />Heute waren wir unterwegs mit Smeagol, Schnullerbacke77 und Frittenbude70, um Mühlhausen unischer zu machen. In Mühlhausen haben wir noch Hoffi1986 aufgelesen, der uns als Ortskundiger zu allen strategisch günstig gelegenen Caches durch die Stadt gelotst hat.<br>Nun sind wir bei dem Cache angekommen, den wir heute auf jeden Fall machen wollten. Beinahe wären wir hier am Start schon gescheitert, aber nach etwas Sucherei wurde der Hinweis schließlich entdeckt. Smeagol sah danach etwas mitgenommen aus, vielleicht wäre jemand von geringerer Körpergröße geeigneter gewesen . Die weiteren Stationen haben wir dann alle recht gut gefunden, bis uns ein "Hindernis" den Weg versperrte. Aber auch hier sind wir mit der richtigen Idee, dem geeigneten Werkzeug und einem gelernten Schlosser weitergekommen, so dass wir das Finale schließlich um 13:35 in unseren Händen halten konnten.<p>Dieser Cache war wieder mal eine eindrucksvolle Reise in die Vergangenheit und es hat großen Spaß gemacht, die genialen Verstecke zu enttarnen.<p>In: TB<br>Out: TB<p>Danke und viele Grüße<br>Michael01<br>#1388<br><br />]]></LOG>
<LOG><![CDATA[<img src='icon_smile.gif'>&nbsp;2009-02-06 by die Engel vom Dorf<br><br />Während unseres 3-tägigen Cacher-Ausfluges in die Mühlhäuser Region wollten wir natürlich auch unbedingt Lost Places besuchen. Die Fabrik Claes hatte uns neugierig gemacht und so rückten wir heute um die Mittagszeit hier an. Interessant war schon mal, dass sich der Industriekomplex inmitten des Wohngebietes befand. Wer gegenüber wohnte, konnte einen verschlafenen Schichtbeginn schlecht mit Reifenpanne oder Schneetreiben begründen <img src='http://www.geocaching.com/images/icons/icon_smile_big.gif' border=0 align=middle>. Aber das nur am Rande.<br>Unser Einstieg erfolgte über den vorgeschriebenen Weg. Ansonsten ist der langgezogene Bau ja straßenseitig verbarrikadiert und man würde Aufsehen erregen. So aber schlichen wir uns durch den "offiziellen" Nebeneingang. Ein paar Nachbarn sahen uns zwar zu Beginn im Hinterhof herumsteigen, nahmen aber keine gesteigerte Notiz von unseren Aktivitäten. Nachdem diese erste Hürde genommen war, konnten wir dann aber im Verdeckten arbeiten. Die Stationssuche begann. Gleich der Anfang glückte uns gut, und so arbeiteten wir uns motiviert von Station zu Station. Eine kannten wir auch schon von anderen LP's, aber die wird nicht verraten. Eben ein gern genutzter Platz in solchen Gemäuern <img src='http://www.geocaching.com/images/icons/icon_smile_wink.gif' border=0 align=middle>. <br>Während unserer Runde innerhalb dieser alten Industriemauern hatten wir wirklich doppelt Spaß. Einerseits waren die Stationen raffiniert ausgedacht und gut platziert, andererseits fanden wir reichlich Fotomotive fürs heimische Cacher-Album. Ein rundum toller und absolut empfehlenswerter Cache. Man sollte ihn unbedingt auf seine ToDo-Liste nehmen, bevor sich ihm der Bagger nähert. Cache und Owner haben die Aufmerksamkeit 100% verdient. <br>       <br>Herzlichen Dank für dieses tolle LP-Erlebnis und einen Gruß aus Leipzig von den Fans solcher Spezialitäten.<br> <br>die Engel vom Dorf<br># 783<p>in: TB<br>out: Coin<br />]]></LOG>
<LOG><![CDATA[<img src='icon_smile.gif'>&nbsp;2009-01-11 by malipa<br><br />Um 13:55 Uhr gelogged, zusammen mit Rumpel&Schwärzchen.<p>Also ich muss schon sagen, so ein Lost Place ist immer wieder toll! Das Eintauchen in längst vergangene Zeiten, sich vorstellen, wie früher 1000 Menschen in dieser Anlage rumgerannt sein, einfach fantastisch. Auch die einzelnen Stationen waren alle mit so viel Liebe und Herzblut versteckt, das hat man richtig gemerkt. Ich fand dies eine super Runde, es hat uns allen riesiß Spaß gemacht und wir bedanken uns ganz herzlich, dass wir die Möglichkeit hatten, diese alte Fabrik vor Ihrem Abriss nochmal von innen zu erkunden.<p>in: Aufkleber<br>out: Coin<p><br>TFTC Team Malipa<br />]]></LOG>
<LOG><![CDATA[<img src='icon_smile.gif'>&nbsp;2009-01-11 by Rumpel&amp;Schw&#228;rzchen<br><br />Da hörten wir von anderen Geocachern, dass dieser Lost Place bald Geschichte sein soll... Sehr bedauerlich! Also nichts wie hin, das Team Malipa haben wir gleich mal mitgenommen. Die Vorfreude war riesengroß und wir wurden nicht enttäuscht. Im Gegenteil: Sehr schöne, originelle und sehr gut versteckte Stationen, die einen durch's (fast) ganze Firmengelände führen.<br>Wir standen nach knapp 3 Stunden vor'm (bzw. unter'm) Final-Cache, und das ohne TJ! <p>Es hat uns Riesenspaß gemacht, das Gelände zu erkunden und einzutauchen in vergangene Zeiten. Wir können diesen Cache jedem nur empfehlen, der noch nicht dort war. Es ist natürlich Eile geboten, da die Abrissbagger früher oder später auf dem Gelände stehen.<p>Ein herzliches Dankeschön an den Owner, der sich sehr viel Mühe mit dem Legen des Caches gegeben hat, und der uns an diesen Ort geführt hat. <p>In: Coin, Aufkleber "Crocs"<br>Out: ---<p>TFTC sagen Rumpel & Schwärzchen<p># 220 / 11.01.2009 13:55<br />]]></LOG>
<LOG><![CDATA[<img src='icon_smile.gif'>&nbsp;2009-01-04 by TheFinch<br><br />Mein erster Cache und gleich Blut geleckt. Ich schloss mich theio, Team Tambach, Dog-on-Tour, Dr. Ptah, Dirty Dirch und Rocco82 an.<br>Schöner LP.<p>TFTC<p>TheFinch<br />]]></LOG>
<LOG><![CDATA[<img src='icon_smile.gif'>&nbsp;2009-01-04 by DrPtah<br><br />Kann ich mich nur an meinen Vorrednern anschliessen: genialer LP/ tolle location!<p>no trade<br>TFTC<br />]]></LOG>
<LOG><![CDATA[<img src='icon_smile.gif'>&nbsp;2009-01-04 by Theio&amp;Friends<br><br />Heute in großer Runde zusammen mit Team Tambach, Dog-on-Tour, Dr. Ptah, Dirty Dirch, Rocco82 & Gast eine LP-Tour gestartet. Die Fabrik war als erstes dran. Alle Stationen waren sehr gut gemacht, aber vor so vielen Augen konnte sich kein Hinweis verstecken <img src='http://www.geocaching.com/images/icons/icon_smile_big.gif' border=0 align=middle><p>Schade um den schönen Cache, da die Gebäude ja abgerissen werden sollen. Aber zur Zeit ist er ja noch verfügbar und sehr zu empfehlen! <p>In: Coin<br>Out: Coin<p>TFTC <i>Theio & friends</i><br />]]></LOG>
<LOG><![CDATA[<img src='icon_smile.gif'>&nbsp;2009-01-04 by dirtydirch<br><br />So ein LP-Tag lockt einen tatsächlich auch Sonnntag früh aus den Federn. Der LP musste natürlich noch angegangen werden, bevor er abgerissen wird.<p>TFTC<br>DirtyDirch mit<br>theio & friends, Team Tambach, Dr. Ptah und Rocco 82 & friend.<br />]]></LOG>
<LOG><![CDATA[<img src='icon_smile.gif'>&nbsp;2009-01-04 by Team Tambach<br><br />Am heutigen Sonntag mal wieder in der Gruppe auf Cache-Suche gegangen. Dank der zahlreichen Augen blieb keine Station unentdeckt und der Final konnte nach ca. 2h gehoben werden.<br>Es war mal wieder ein wirklich sehr guter LP mit sehr schön gemachten Stationen.<p>Danke, das Team Tambach.<p>Grüße an theio & friends, Dirty Dirch, Dr. PtahRocco82 & friend und dog-on-tour      ...bis zum nächsten Cache  ;-)<br />]]></LOG>
<LOG><![CDATA[<img src='icon_smile.gif'>&nbsp;2009-01-04 by Rocco82 und sein Schatz<br><br />Im größeren Rudel den Cache gut gemeistert! Waren ja auch viele Auge dabei gewesen!<br>Eine schöne Runde durch die restlichen Gebäude und auch alle Stationen super gefunden!<br>Im Rudel mit DrPtah, Theio & Friends, Team Tambach, Dog-On-Tour und DirtyDirch geloggt!<p>TFTC rocco82 und Gast<br>no trade von meiner Seite!<br />]]></LOG>
<LOG><![CDATA[<img src='icon_smile.gif'>&nbsp;2009-01-04 by dog-on-tour<br><br />Zu früher Stunde am Sonntag morgen auf den Weg nach Mühlhausen gemacht....zur LP-Runde mit theio & friends, Team Tambach, DirtyDirch, Dr.Ptah, Rocco82 und Gastcacher.<br>Nach ca. 2h hatten wir den Final in den Händen.<br>Vielen Dank für diese Runde durch das Fabrik-Gelände.<p>TFTC, Saskia und Thomas alias dog-on-tour, diesmal allerdings ohne dog <img src='http://www.geocaching.com/images/icons/icon_smile_sleepy.gif' border=0 align=middle><p>Grüße an theio & friends, Team Tambach, Dirty Dirch, Dr. Ptah und Rocco 82 & friend<p>[This entry was edited by dog-on-tour on Sunday, January 04, 2009 at 11:27:39 AM.]<br />]]></LOG>
<LOG><![CDATA[<img src='icon_smile.gif'>&nbsp;2008-12-21 by Traumpaar1<br><br />Nach eineinhalb Stunden haben wir den Schatz gehoben.<br>Super Location mit sehr viel Liebe gemacht, ein riesen Dank an Tom für die Reise in die Vergangenheit.<br>Brauchten nicht einmal ein TJ, hatten Gastcacherin Sonne mit Mann Jo im Gepäck. Schade das die Tage dieses LP´s gezählt sind. Es war unser erster und wir waren begeistert.<br>Out: Coin<br>In: Coin<br />]]></LOG>
<LOG><![CDATA[<img src='icon_smile.gif'>&nbsp;2008-10-31 by Bara68<br><br />Wir haben heute diesen interessanten Ort zum 2. Mal besucht. Eine Woche zuvor hatten wir trotz zweier Telefonjoker bei Station 7 (die Klingel) keine Kraft mehr weiter zu suchen. Heute nun konnten wir trotz vieler kleiner Fehler die restlichen Stationen ohne fremde Hilfe gut finden. In dem Gebäude ist die Vergangenheit noch sehr gut nachvollziehbar und viele alte Erinnerungen an meine Lehrzeit wurden wach. Vielen Dank an Tom fürs Zeigen. Bara68<br />]]></LOG>
<LOG><![CDATA[<img src='icon_smile.gif'>&nbsp;2008-10-31 by Hoffi1986<br><br />Wir haben heute mit den GeoSittichen diesen schönen Lost Place endlich abhaken können. Da wir aber nicht allein waren, war es um so spannender als erstes fertig zu werden. Was uns sehr verwundert hat war die Tatsache, dass der Ort scheinbar noch ab und zu von Jugendlichen aufgesucht wird. Die Bilder sprechen eine eindeutige Sprache... <br>Vielen Dank an Mückenfett für diesen schönen Lost Place und auch den GeoSittichen für diesen schönen Nachmittag.<br>TFTC und happy caching!<br />]]></LOG>
<LOG><![CDATA[<img src='icon_smile.gif'>&nbsp;2008-10-31 by GeoSittiche<br><br />Im Team nun auch die Mühlhäuser Legende "Glaes" auf die -found it-Liste gesetzt.Sollte man der lokalen Presse Glauben schenken, sind dieTage dieses Lost Place gezählt.Leider haben sich die Cacher heute die Stationen beinahe in die Hand gegeben.Ein sehr aufwendig vorbereiteter Multi mit Kik-Garantie.<br>TFTC<br>die GeoSittiche<br />]]></LOG>
<LOG><![CDATA[<img src='icon_smile.gif'>&nbsp;2008-10-31 by Helmkatz<br><br />Aufregender Cache! Danke! <br />]]></LOG>
<LOG><![CDATA[<img src='icon_smile.gif'>&nbsp;2008-10-31 by FroehlicheRadlerin<br><br />Heute haben wir uns das zweite Mal auf den Weg gemacht, da wir beim 1. Mal den Hint für eine der Stages nicht dabei hatten und deshalb nicht weiterkamen. Heute ging's recht flüssig voran, da wir die "Sprache des Owners" gelernt hatten zu lesen, und konnten nach insgesamt etwa 4 Stunden unsere Belohnung in Form der Dose anschauen und danach im Chinesen nebenan schlemmen. Ich bin sowieso schon LP-Fan, fand diesen Cache aber besonders schön. Selber der Junior, der erstmal immer mault, wenn's ans Cachen geht -klar, bedeutet ja BEWEGUNG und LUFT  	<img src='http://www.geocaching.com/images/icons/icon_smile_evil.gif' border=0 align=middle>  - war heute früh ganz heiß auf die zweite Etappe und hat einen Lob-Spruch ins Logbuch geschrieben. Das möchte schon was heißen! Vielen Dank fürs Zeigen und für einige bestimmt noch folgende wirre Träume des Nachts <img src='http://www.geocaching.com/images/icons/icon_smile_wink.gif' border=0 align=middle><br />]]></LOG>
<LOG><![CDATA[<img src='icon_smile.gif'>&nbsp;2008-10-12 by FG1-Team<br><br />Dieser Cache stand schon eine Weile auf unserer Watching-List und nun gab sich die Gelegenheit, gemeinsam mit Sectio aurea auf die Schatzjagd zu gehen.<br>Die Anreise hat sich gelohnt - ein großes Gelände, viele Stationen und viele Ideen für die Verstecke der Hinweise. <p>Es ist auch immer wieder interessant, dass es mitten im Stadtzentrum solche LPs gibt.<p>Danke, FG1-Team<p>Out: GC<br />]]></LOG>
<LOG><![CDATA[<img src='icon_smile.gif'>&nbsp;2008-10-12 by Sectio aurea<br><br />17:50<br>Dies hier war nun das große Finale unserer heutigen Cache-Tour mit dem FG1-Team. Wegen diesem Cache waren wir eigentlich hier und die Anreise hat sich auf jeden Fall gelohnt.<br>Die Stationen waren alle gut durchdacht und mehr oder weniger leicht auffindbar.<br>Wir vier haben uns ganz gut ergänzt, jeder hat mal was gefunden.<br>Nur einmal brauchten wir eine kleine Hilfe (Danke an Kaffeetrinker) weil Martin eine Station einfach übersehen hatte und wir nicht mehr sicher waren im richtigen Gebäude zu suchen <img src='http://www.geocaching.com/images/icons/icon_smile_blackeye.gif' border=0 align=middle>. Als wir die Station dann gefunden hatten ging es aber auch gleich so zügig weiter wie wir angefangen hatten.<br>Wir haben alles in allem 2 Stunden gebraucht.<br>Das Final war auch mal was anderes  	<img src='http://www.geocaching.com/images/icons/icon_smile_wink.gif' border=0 align=middle><br>Hat großen Spaß gemacht,<br>vielen Dank fürs Verstecken und Gruß,<br>Sectio aurea<br />]]></LOG>
<LOG><![CDATA[<img src='icon_smile.gif'>&nbsp;2008-08-30 by ifindnix<br><br />Salvete!<br>Wir waren mal wieder gemeinsam mit Team Kumunst auf cache-Tour in Thüringen <img src='http://www.geocaching.com/images/icons/icon_smile_big.gif' border=0 align=middle> <br>deren Log wir uns nur anschließen können! Die spannende Location mit ausgefeilten Stationen beeindruckt, und dass wir dann doch ein wenig länger gebraucht haben, was soll`s <img src='http://www.geocaching.com/images/icons/icon_smile_blush.gif' border=0 align=middle>.  <br>Vobis gratias agimus!<br>ifindnix & crew <br />]]></LOG>
<LOG><![CDATA[<img src='icon_smile.gif'>&nbsp;2008-08-30 by Team Kumunst<br><br />Genial !!! Ein perfekter Lost Place mit tollen und teilweise bestens versteckten Stationen. Trotz Begleitung von ifindnix & crew mussten wir an 2 Stationen zum TJ greifen sonst wären wir wohl auch "verloren" gegangen.<br>Die Runde durch die Fabrik hat richtig Spaß gemacht.<br>Vielen Dank an Silke und Tom für diesen perfekten Cache.<br>Danke und Gruß<br>Team Kumunst<br />]]></LOG>
<LOG><![CDATA[<img src='icon_smile.gif'>&nbsp;2008-08-17 by dop3<br><br />Heute sind wirs endlich angegangen. Gleich mit 5 Mann sind wir durch das Gelände gestreift und haben gesucht und gesucht...! Irgendwie waren wir beim Stage 1 blind, aber nach intensiver Suche haben wir es dann gefunden. Die nächsten Stages waren dann kein Problem und somit konnten wir dann alles gut finden. Zum Schluss haben 2 von uns noch Bekanntschaft mit ein Paar Wespen gemacht, die dann auch noch zugestochen haben! Gebraucht haben wir so ca 2.5h. Es gibt nichts besseres zu sagen als Suuuuper LP Cache, übrigends unser erster LP :).<p>Vielen dank<p>IN:mini Skelett<br>OUT: TB Blickpunkt <p>mfg dop3 & co.<p>[This entry was edited by dop3 on Tuesday, August 19, 2008 at 8:12:04 AM.]<br />]]></LOG>
<LOG><![CDATA[<img src='icon_smile.gif'>&nbsp;2008-08-16 by AT-AT<br><br />Mit gollumgandalf diesen wunderbaren LP besucht. Das ist so cool hier, wie ein großer Abenteuerspielplatz. Schön viele Stationen mit tollen Versteckideen und prima Aufgaben.<br>Vielen Dank.<br />]]></LOG>
<LOG><![CDATA[<img src='icon_smile.gif'>&nbsp;2008-08-16 by Gollum &amp; Galadriel<br><br />Beeindruckend, überwältigend, fantastisch, fesselnd.... Es finden sich nicht genug Worte für diesen außergewöhnlichen LP. Man taucht für ca. 3h ab in eine andere Welt längst vergangener Zeiten. Man merkt nicht, wie die Zeit vergeht und fühlt sich am Ende irgendwie heimisch auf dem Gelände. Und gleich nebenan, da laufen sie vorbei die Ahnungslosen oder schauen aus ihren schönen Häusern und wissen nichts von unserem Tun. Krass!!!<br>Die Stationen sind so angelegt, dass man sie nicht gleich findet, aber auch nicht zu lange suchen muss. Perfekt! Nur einmal, kurz vor Schluss, mussten wir dann doch zum TJ greifen.<br>Vielen Dank für diesem außergewöhnlichen Nachmittag und Tom, schau Dir mal die Coin an, die wir hinterlassen haben. Die dürfte Dir bekannt vorkommen. Die Welt ist halt klein <img src='http://www.geocaching.com/images/icons/icon_smile.gif' border=0 align=middle><br />]]></LOG>
<LOG><![CDATA[<img src='icon_smile.gif'>&nbsp;2008-08-09 by Indy67<br><br />Absolut toller Cache in alten Fabrikhallen. Bevor wir den ersten Stage efolgreich absolviert hatten, ist einige Zeit vergangen. Danach lief es recht flüssig, bis zum Stage mit der Notklingel. Da wollten wir fast aufgeben - doch nach einem Geistesblitz ging es weiter bis zum Cache. Die Anreise von Heilbronn hat sich hier wirklich gelohnt! Absolut empfehlenswerter Meister-Cache!Laughing<p>TFTC von Indy67 und Indy92 <br />]]></LOG>
<LOG><![CDATA[<img src='icon_smile.gif'>&nbsp;2008-07-29 by sorglos<br><br />Die 180km Anreise haben sich extra für diesen LPC mehr als gelohnt. <p>Den LPC-interessierten Cacher erwartet hier eine super Location mit einer leider für LPS fast typischen,  tragischen Vergangenheit, wie sich der Beschreibung vom Owner entnehmen lässt.<p>Da wir nicht auf "Statistik-Cachen" gepolt waren, haben wir uns hier fast 6 Stunden aufgehalten und viele Dinge beäugt, die über den reinen Cache hinausgingen. Der Fotoapparart ist dabei natürlich heißgelaufen.<p>Die Staionen waren allesamt fair und zum Teil sehr liebevoll platziert. Da merkt man, dass sich der Owner viel Mühe gemacht hat und die zahlreichen Stationen wirklich gut ausgewählt hat. An einer Station wären wir aber dann doch fast gescheitert ... <p>Fazit: Ein absoluter MUST HAVE!  <img src='http://www.geocaching.com/images/icons/icon_smile_approve.gif' border=0 align=middle> <img src='http://www.geocaching.com/images/icons/icon_smile_approve.gif' border=0 align=middle><img src='http://www.geocaching.com/images/icons/icon_smile_approve.gif' border=0 align=middle><img src='http://www.geocaching.com/images/icons/icon_smile_approve.gif' border=0 align=middle><img src='http://www.geocaching.com/images/icons/icon_smile_approve.gif' border=0 align=middle><p>Viele Grüße,<br>Sorglos<br><br />]]></LOG>
<LOG><![CDATA[<img src='icon_smile.gif'>&nbsp;2008-07-16 by deady<br><br />Ist ja im Prinzip schon alles gesagt. Aber um dem Nachdruck zu verleihen: Su..u..uper LP, den ich in jedem Falle weiterempfehlen werde. Und ich empfehle auch, sich ZEIT zu nehmen (ZEIT>2h <img src='http://www.geocaching.com/images/icons/icon_smile_wink.gif' border=0 align=middle>).<br>Vielen Dank an Wolf4, der mich überzeugt hat, hierher zu fahren und natürlich an Mückefett für diesen besonderen Cache.<br>Viele Grüsse<br>deady<br><br />]]></LOG>
<LOG><![CDATA[<img src='icon_smile.gif'>&nbsp;2008-07-16 by wolf4<br><br />Ein grandioser und absolut empfehlenswerter Cache für Anhänger des morbiden Charmes!<p>Wie man den in 2 Stunden durchhecheln kann, ist mir ein Rätsel. Mit scholzie letzte Woche begonnen, dann wg. Dunkelheit abgebrochen; heute mit deady zu Ende gebracht. Viel fotografiert, hoffentlich bleibt das ganze Ensemble noch eine Weile bestehen bzw. wird sinnvoll genutzt/restauriert. <p>Faszinierend, so ein großes Areal inmitten der Stadt und umgeben von Muggeln, die teilweise nur 2 Meter vom unsichtbaren Cacher entfernt vorbeihasteten...<p>Sehr schöne Stationen, mehr oder minder gemein versteckt; an einer brauchten wir keine Hilfe, haben sie uns aber dennoch beim Cacheleger geholt - Danke!<p>Dieser Cache war der Grund für die weite Anreise - es gibt aber hier noch sooo viel zu entdecken - bestimmt komme ich wieder. <p>Cointausch. TB-drop<p>Herzlichen Dank für dieses Meisterstück & Gruß an alle LP-Fans<br>WOLF4 <br />]]></LOG>
<LOG><![CDATA[<img src='icon_smile.gif'>&nbsp;2008-06-11 by bup287<br><br />Nachdem wir ein Verbotsschild übersehen hatten waren wir sofort an Stage1.<p>Nachdem wir da mitten auf nem Parkplatz nix fanden haben wir mal telefoniert.<br>Sind da die Koords verrutscht?<br>Schaut Euch vorher das Spoilerbild mal an!!!!!!!!!!!!<p>Ab dann gings ohne Probleme weiter.<br>Danke für die schöne Führung durch den LP.<p>Vielen Dank auch noch an alle "Gefährten" !!!!!<p>Wer ein bischen recherchiert findet vielleicht heraus welches "Abenteuer"<br>die Anreise bereit hielt.<p>Dank Tom für den netten Cache!!!!!<br>Gruß<br>Stefan<br />]]></LOG>
<LOG><![CDATA[<img src='icon_smile.gif'>&nbsp;2008-06-11 by JOP-76<br><br />Ohhhhhh nach ewig langer Anreise mit diversen größeren und kleineren Schwierigkeiten doch endlich mal angekommmen.<p>Stage 1 nur mit TeleJoker gefunden.<br>Ab da liefs dann aber ganz gut.<br>N bisserl Fabrik besichtigt und dabei eine Stage nach der anderen gefunden.<p>Klasse Cache in super Location.<p>Vielen Dank für die nette Führung.<p><br><br />]]></LOG>
<LOG><![CDATA[<img src='icon_smile.gif'>&nbsp;2008-06-11 by Tanja87<br><br />Wirklich ein sehr interessanter Cache!!<br>Das war mein erster richtiger Lost Place!<br>Wir hatten viel spaß, mussten aber teilweise schon ne weile suchen!<br>Vielen vielen Dank<br>lg Tanja<p>in: TB<br>out: TB<br />]]></LOG>
<LOG><![CDATA[<img src='icon_smile.gif'>&nbsp;2008-06-11 by team_zoow&#228;rter<br><br />Wow! In einem super ausgeglichenen Team nach ewiger Anreise mit diversen Schwierigkeiten diesen schönen Cache angegangen. Am Anfang hatten wir ziemliche Schwierigkeiten und wissen immernoch nicht wie man auf die Stage 1 eigentlich kommen soll oder kann (Danke an den TJ)<p>Nachdem wir das System des Caches erkannt haben mußten wir uns nur noch an die etwas anderen Bodenbeschaffenheiten gewöhnen... <p>Dann ging es los - nachdem wir alles gesehen haben wurden auch die Stages nach und nach gefunden, bis wir nach nicht ganz 2 Stunden den Final bergen konnten.<p>Alles in allem ist es ein sehr schön gemachter Cache mit einer krassen Location. Danke für den netten Ausflug und Grüße aus Würzburg Andy und die nachgereiste Helferin Krissi.<br />]]></LOG>
<LOG><![CDATA[<img src='icon_smile.gif'>&nbsp;2008-06-08 by DENK<br><br />Uneingeschränkte Empfehlung für LP-Liebhaber!<br>Mehr wird nicht verraten - doch: Die Verstecke sind durchweg fair gewählt und uns hat es echt 2h Spaß gemacht - diesmal völlig ohne TJ, was einem bei einem Multi mit so vielen Stationen auch nicht so oft passiert.<p>Vielen Dank dafür - Team DENK<br />]]></LOG>
<LOG><![CDATA[<img src='icon_smile.gif'>&nbsp;2008-06-08 by kpit51<br><br />Vor dem Event wollten wir (3/4 Team Denk, meine bessere Hälfte und ich)noch einen anspruchsvollen Cache angehen. War wirklich toll die alte Fabrik. Ich hatte nur Mühe das der Rest des Team´s Schritt halten konnte, so waren wir nach knapp 2 Stunden fertig und das ohne Führung und TJ.<p>No Trade<br>Vielen Dank<br>Peter und Brigitte<br />]]></LOG>
<LOG><![CDATA[<img src='icon_smile.gif'>&nbsp;2008-05-24 by funki<br><br />Im bewährten Team bestehend aus *sarah*, slentil, inge + Dunsiund polizei nach Mühlhausen aufgebrochen um diesen Cache zu Suchen und zu Finden. Das hat auch ganz gut geklappt und war sehr kurzweilig. Wie meine Teammitglieder schon geschrieben haben kennen wir jetzt fast das ganze Gelände. Danke fürs verstecken.<p>Funki<p>[This entry was edited by funki on Wednesday, May 28, 2008 at 1:48:13 PM.]<br />]]></LOG>
<LOG><![CDATA[<img src='icon_smile.gif'>&nbsp;2008-05-24 by *sarah*<br><br />Heute sind dunsi, Inge, Polizei, slentil, funki und ich extra aus Kassel angereist um diesen LP zu machen. Es hat sich gelohnt, wir wurden nicht enttäuscht. Die Stationen waren gut gemacht und führen einen durch das gesamte interessante Gelände. Vielen Dank<br />]]></LOG>
<LOG><![CDATA[<img src='icon_smile.gif'>&nbsp;2008-05-24 by Polizei<br><br />Im altbewährten Team *sarah*, slentil, funki. Dunsi+Inge dem LP einen Besuch abgestattet.<br>Bei manchen Stationen etwas länger verbracht, da wir den Begriff "Nähe" oft nicht richtig interpretiert haben.<br>Wir kennen jetzt jeden Fleck außer den Schornstein.<p>Besten Dank für die Führung<br />]]></LOG>
<LOG><![CDATA[<img src='icon_smile.gif'>&nbsp;2008-05-24 by slentil<br><br />Heute eigentlich wegen dieses Caches nach Mühlhausen angereist und ich muß sagen, es hat sich gelohnt.<p>Mit der altbewährten Crew Polizei, Funki, Inge&Dunsi und *sarah* sind wir diesen Cache angegangen und hatten viel Spaß beim Suchen. Manchmal ein paar Tomaten auf den Augen oder einfach nur schusselig geschaut, aber das Happyend blieb dennoch nicht aus.<p>Das war ein sehr interessanter und gut gemachter Cache.<p>Vielen Dank dafür und leibe Grüße aus Kassel<p>Sandra<p>in: 2 TB`s<br>out: coin<br><br />]]></LOG>
<LOG><![CDATA[<img src='icon_smile.gif'>&nbsp;2008-05-24 by dunsi<br><br />Uns erstaunt immer wieder, was alles so vor sich hingammelt. Schade um die Substanz. Heute hatten wir uns diesen vorgenommen. Wir: Polizei-Funki-Slentil-*Sarah*-Inge-Dunsi haben einige Stunden hier verbracht. Das Areal und der Cache haben uns gut gefallen. An einer Station haben wir etwas länger gebraucht, aber letztlich dann doch gefunden. Wir haben nichts getauscht. Danke für die Führung durch eine interessante Gegend. Inge+Dunsi<br />]]></LOG>
<LOG><![CDATA[<img src='icon_smile.gif'>&nbsp;2008-05-18 by maiobi<br><br />An diesem super-Multi startete die nette Sonntags-Tour mit Zuckerplätzchen und odink.<br>Kreuz und quer ging es durch die Fabrik mit netter Bilder suche "ich haaaabs!! - ach nee, doch nicht..." <br>An einer Station etwas länger gesucht, aber am Ende alle gut gefunden. <p>Danke für diesen schön gelegten Cache in spannender Location...<p>Grüße, maiobi<br />]]></LOG>
<LOG><![CDATA[<img src='icon_smile.gif'>&nbsp;2008-05-18 by Zuckerpl&#228;tzchen<br><br />Toller lost place - hat echt Spaß gemacht und war total spannend! Gemeinsam mit odink und maiobi gesucht und auch alles gut gefunden. Zwischendurch noch nett gequatscht - schöner Sonntag :-)<p>Tara,<br>Zuckerplätzchen.<p>in: Coin Big Apple<br>out: nix<br />]]></LOG>
<LOG><![CDATA[<img src='icon_smile.gif'>&nbsp;2008-05-18 by odink<br><br />Heute stand die Fahrt ins nahe gelegene Mühlhausen auf unserem Plan. Zusammen mit Zuckerpätzchen und Maiobi machten wir uns am Mittag mit unserem Cachomobil auf den Weg. Gegen 14:30 Uhr kamen wir bei Claes an.<p>Das Gelände hat uns sofort in den Bann gezogen und die "Führung" durch Mückenfett war echt klasse. Die einzelnen Stationen alle gut gefunden und dabei sehr viel schönes gesehen!!!<br>Vielen Dank für den schönen Cache und den Besuch des Owners nah am Final ;) Ich glaube, ihr wart noch nicht aus dem Haus, da waren wir an der Dose!!!<p>Bis bald, und noch mal Danke für den schönen Cache<br>odink<br>#678<p>in: TB Plucky<br>out: -<p> <br />]]></LOG>
<LOG><![CDATA[<img src='icon_smile.gif'>&nbsp;2008-05-13 by madd.in<br><br />Für diesen tollen Lost Place haben wir nur 2,5 h Stunden gebraucht, wobei wir an manchen Stationen schon ein bisschen suchten, weil wir die Hinweise manchmal fehl interpretierten oder sie nicht eindeutig waren... ansonsten ging das sehr gut von Station zu Station. Als das Final dann endlich erreicht war, kannten wir die Fabrik beinahe wie unsere Westentasche...:)<p>tftc für diesen Super Cache  	<img src='http://www.geocaching.com/images/icons/icon_smile.gif' border=0 align=middle><p>madd.in <br />]]></LOG>
<LOG><![CDATA[<img src='icon_smile.gif'>&nbsp;2008-04-29 by oldboy2<br><br />Zusammen mit cato44 und kaFFeeTrinKer diesen genialen Multi gemacht.<p>Danke an Mueckenfett für die sehr schön ausgearbeiteten Stationen, die uns zum Teil dem Wahnsinn ein Stück näher gebracht haben <img src='http://www.geocaching.com/images/icons/icon_smile_dead.gif' border=0 align=middle><p>Dann nach etwas 3 Stunden und teilweise intensivster Suche an den falschen Stellen <img src='http://www.geocaching.com/images/icons/icon_smile_question.gif' border=0 align=middle>, der glückliche Abschluss <img src='http://www.geocaching.com/images/icons/icon_smile_cool.gif' border=0 align=middle><p>Toller Cache, tolles Team und sehr viel Spaß! <p>TFTC<br>Oldboy2<br><br />]]></LOG>
<LOG><![CDATA[<img src='icon_smile.gif'>&nbsp;2008-04-29 by kaFFeeTrinKer<br><br />Hab heute auch eine Statistenrolle an der Seite von cato44 und oldboy2 in diesem Streifen übernommen.<img src='http://www.geocaching.com/images/icons/icon_smile.gif' border=0 align=middle><p>So ein toller Lost Place mitten in der Stadt. Und der Cache drin ist einfacht Spitze gemacht.<br>Durch eine eigenwillige Fehlinterpredation haben wir sogar einen Zufallsfund gemacht und eine Station übersprungen. Dafür dauerte es an anderer Stelle um so länger. Und ich sag noch....<img src='http://www.geocaching.com/images/icons/icon_smile_tongue.gif' border=0 align=middle><p>Es hat jedenfalls sehr viel Spaß gemacht mit netten Cachern diesen Lost Place zu erkunden.<p>Danke an Mueckenfett für die viele Arbeit.<br />]]></LOG>
<LOG><![CDATA[<img src='icon_smile.gif'>&nbsp;2008-04-29 by cato44<br><br />Walking on broken glass- es knirschte schon gewaltig unter den Schuhen bzw. auch mal im Gebälk, als wir zu viert mit kaFFeeTrinKer und oldboy2 durch das Claessche Labyrinth stapften. An manchen Stationen ging's wie geschmiert, an anderen hatten wir Tomaten auf den Augen<img src='http://www.geocaching.com/images/icons/icon_smile_sleepy.gif' border=0 align=middle>. Eine Station befand sich in dem einzigen Raum, den wir nicht eingehend untersucht hatten, sodass wir ein paar Zusatzrunden drehen durften, bis wir ihn fanden, und an einer anderen Station hätten wir das Inventar beinahe noch mehr demoliert als es eh schon war 	<img src='http://www.geocaching.com/images/icons/icon_smile_shy.gif' border=0 align=middle>. <br>Es war wie im Film: Spannungsgeladener Einstieg, mittendrin eine zweifelüberhäufte Krise 	<img src='http://www.geocaching.com/images/icons/icon_smile_dead.gif' border=0 align=middle>, erneuter Mut und Siegeswillen 	<img src='http://www.geocaching.com/images/icons/icon_smile_tongue.gif' border=0 align=middle>, glückliches Finale 	<img src='http://www.geocaching.com/images/icons/icon_smile_big.gif' border=0 align=middle>!<br>Vielen Dank an die Regisseure, super Drehort, super Drehbuch!<br>cato44<p>[This entry was edited by cato44 on Monday, May 05, 2008 at 12:43:07 PM.]<br />]]></LOG>
<LOG><![CDATA[<img src='icon_enabled.gif'>&nbsp;2008-04-27 by Mueckenfett<br><br />Alles wieder bestens.<br>Eine Station erneuert und eine verlegt.<br>Tom<br />]]></LOG>
<LOG><![CDATA[<img src='icon_disabled.gif'>&nbsp;2008-04-26 by Mueckenfett<br><br />Wegen Reparaturarbeiten an einer Station erst einmal geschlossen.<br>Tom & Silke<br />]]></LOG>
<LOG><![CDATA[<img src='icon_smile.gif'>&nbsp;2008-04-23 by koschper<br><br />mein erster lp. war spitze! kann mich spirou und @webby nur anschließen.<br />]]></LOG>
<LOG><![CDATA[<img src='icon_smile.gif'>&nbsp;2008-04-23 by @webby<br><br />Dieser LP ist schon eine etwas weitere Anreise wert. Waahnsinn, die Fabrik halb verfallen mitten in der Stadt neben Wohn- und Geschäftshäusern.<br>Ich bin sehr erstaunt, wie Gebäude innerhalb von ein paar Jahren komplett verfallen können.<br>In der Fabrik war die Orientierung ziemlich schwer. Unzählig viele Räume, Gänge und Treppen.<br>Hier auch vielen Dank an den Owner, der uns half, wenn wir gar nicht mehr weiter wussten.<br>Alles in allem, ein rundum Spitzen-Cache. Wir hatten viel Spaß dabei und können diesen LP nur empfehlen. <img src='http://www.geocaching.com/images/icons/icon_smile_big.gif' border=0 align=middle><img src='http://www.geocaching.com/images/icons/icon_smile_big.gif' border=0 align=middle><img src='http://www.geocaching.com/images/icons/icon_smile_big.gif' border=0 align=middle><br>TFTC, @webby<br />]]></LOG>
<LOG><![CDATA[<img src='icon_smile.gif'>&nbsp;2008-04-23 by wildchicken.net<br><br />was fuer ein abenteuer!!!! wer sich die vergaenglichkeit im allgemeinen, und den rasanten verfall im besonderen wiedermal vor augen fuehren moechte, der sollte unbedingt hier loslegen, solange es noch geht!! vielen dank an den owner, der uns bei haengern geduldig weiterhalf. wir haben knapp eine stunde laenger gebraucht als geplant, aber die zeitliche orientierung spielt bei dieser verwinkelten location sowieso nich soo die grosse rolle :) die vorletzte stage scheint abmontiert zu sein, hier gehts lt. owner aber am wochenende wieder weiter.<p>vielen dank fuer diesen cache - der hat richtig spass gemacht!!!!<p>out: tb
in: kuli<p>spirou / wildchicken.net gcg rhoen <br />]]></LOG>
<LOG><![CDATA[<img src='icon_smile.gif'>&nbsp;2008-03-23 by Renault Family<br><br />Geiler LP, die Stationen wollten nicht enden. Nach ca. 3h haben wir das Final erreicht und geloggt.<br>Danke sagen Sandra & Matti<p>In : Coin<br />]]></LOG>
<LOG><![CDATA[<img src='icon_smile.gif'>&nbsp;2008-03-09 by TLord<br><br />Super mega geiler Cache!!! VVVVViiiiiiiiiiiieeeeeeeeeelllllleeeeeeeeeeennnnnnnn Daaaannnnkkkkkk an den Owner<br />]]></LOG>
<LOG><![CDATA[<img src='icon_smile.gif'>&nbsp;2008-03-09 by 2wsx4rfv<br><br />Dieser Lost Place war der Grund, heite Mühlausen aufzusuchen. Im Team mit Caching Buddy, Muelli96 und TLord von einer nervernaufreibenden Station zur nächsten gelaufen und glücklich das Final erobert.<br>Die Stationen haben es in sich; Mückenfett hat wirklich tolle Ideen umgesetzt un ddie Location selber ist wunderschön morbide. <b><font color="blue">   559 </b></font><br />]]></LOG>
<LOG><![CDATA[<img src='icon_smile.gif'>&nbsp;2008-03-09 by Caching-Buddy<br><br />Sehr geiler Lost Place. Heute im Rudel mit 2wsx4rfv, TLord und Muelli96 da gewesen.<p>TFTC sagt Caching-Buddy<br />]]></LOG>
<LOG><![CDATA[<img src='icon_smile.gif'>&nbsp;2008-03-09 by Muelli96<br><br />#380 - 12:00<p>Zusammen im Rudel mit 2wsx4rfv, T-Lord und Caching Buddy im Rudel erledigt. Wieder ein Cache von meinem zu Erledigen Stapel runter! Ein wirklich Hammer-Multi-LP. Knapp 3 Stunden waren wir an diesem Cache unterwegs und es hat superviel Spaß gemacht. Schön ausgearbeitete Stationen und liebe fürs Detail. Mehr davon bitte!<br><br />]]></LOG>
<LOG><![CDATA[<img src='icon_note.gif'>&nbsp;2008-02-15 by alice<br><br />Weil dieser Cache (natürlich) nicht hundetauglich ist, und Aron bereits ein "Gassidefizit" von der Anfahrt mitbrachte, wollte ich ihm nicht weitere drei Stunden im Auto zumuten.<br>Ich erkundete die Gebäude deshalb "nur so", was mir 1,5 sehr kurzweilige Stunden und viele schöne Fotos bescherte. Ohne den Cache hätte ich diesen Lost Place niemals entdeckt: vielen Dank, Tom und Silke!  	<img src='http://www.geocaching.com/images/icons/icon_smile_cool.gif' border=0 align=middle> 	<img src='http://www.geocaching.com/images/icons/icon_smile_cool.gif' border=0 align=middle> 	<img src='http://www.geocaching.com/images/icons/icon_smile_cool.gif' border=0 align=middle><br />]]></LOG>
<LOG><![CDATA[<img src='icon_smile.gif'>&nbsp;2008-02-10 by hi2k<br><br />Dieser LP hat im großem Rudel mit b&b, Comodín, Nordhesse und x_Deadman_x richtig viel Spaß gemacht. Bei einer Station waren wir allerdings völlig blind. <br>Interessantes Gebäude in dem man die Geschcihte förmlich noch riechen kann. Danke für diesen tollen LostPlace!<br>In: Sticker & Pin<br>Out: nüscht<br>Danke für den Cache!<br>hi2k<br />]]></LOG>
<LOG><![CDATA[<img src='icon_smile.gif'>&nbsp;2008-02-10 by x Deadman x<br><br />Ein schöner Lost Place der  seiner Bewertung alle Ehre macht. Im Team haben wir hier heute zweieinhalb Stunden verbracht und kennen jetzt fast jeden Winkel  der alten Claes Fabrik. Die ein oder andere Station hat  uns schon ein bisschen aufgehalten besonders  an einer Station hat die Betriebsblindheit zugeschlagen! Gerade als wir unseren TJ ziehen wollten kam der erlösende Ruf "Hinweis gefunden." <br>in:TB Deadman's Chainsaw<br>out: nix<br>THX4$ & Schöne Grüße<br>Deadman<br>*1010*<p>[This entry was edited by x Deadman x on Monday, February 11, 2008 at 12:13:56 PM.]<br />]]></LOG>
<LOG><![CDATA[<img src='icon_smile.gif'>&nbsp;2008-02-10 by Nordhesse<br><br />Kurzentschlossen machten sich heute sechs tapfere Nordhessen auf den Weg nach Thüringen, um diesen LP Multi zu heben.<p>Die Stationen hatten es teilweise etwas in sich, das Gebäude wohl die beste Zeit bereits hinter sich...<p>Alles in allem ein netter LP, der heute im netten Team (B&B, Comodín, hi2k, Deadman und Nordhesse) doch recht gut gefunden wurde.<p>TFTC, Nordhesse<br />]]></LOG>
<LOG><![CDATA[<img src='icon_smile.gif'>&nbsp;2008-02-10 by Comod&#237;n<br><br />Im kleinen aber feinen Team hatten wir uns heute auf die Reise zu diesem LP-Cache gemacht. Wir wurden belohnt mit gut gemachten und ebenso gut versteckten Stationen, die uns kreuz und quer durch das Gelände führten.<br>Vielen Dank für das Zeigen der Location,<br>Comodín<br />]]></LOG>
<LOG><![CDATA[<img src='icon_smile.gif'>&nbsp;2008-02-10 by Barbie&amp;Bruettler<br><br />Gefunden!!!<br>Die vielen, teils schon recht kniffeligen Stationen im Team gefunden.<br>Die eine oder andere Station kam uns bekannt vor <img src='http://www.geocaching.com/images/icons/icon_smile_wink.gif' border=0 align=middle><br>Das Gebäude hat sicher schon bessere Zeiten erlebt.<br>Dieser Cache war der Grund, uns heute kurzentschlossen auf den Weg von Nordhessen nach Thüringen zu machen.<br>Vielen Dank für den Cache und an unser Team<br>B&B<br>-2070-<br>NT<br><br />]]></LOG>
<LOG><![CDATA[<img src='icon_smile.gif'>&nbsp;2008-02-09 by Kuchenmops<br><br />"Lost Places" gehören zu meinen Lieblingscaches, können sich die Owner doch meist äußerst kreativ austoben. Diesen hatte ich schon länger im Blick und er gehört wohl bei einem Besuch in Mühlhausen zu Recht ganz oben auf die Wunschliste. Mit NZ48 begann die Erkundungstour des alten Geländes ziemlich vielversprechend bis Stage 3. Hier fehlte einfach der richtige Gedanke und der Owner mußte uns telefonisch die Augen öffnen. Die folgenden Stages liefen wieder zufriedenstellend. Einen riesigen Schreck bekam ich allerdings als der Owner grinsend im dunklen Abseits stand.. wir plauderten eine Weile nett und er begleitete uns auf dem restlichen Weg bis zum Final. So erfuhren wir zusätzlich noch Einiges über diesen Ort, wobei die Stages eine gelungene Führung darstellen.<p>Vielen Dank für diesen perfekt ausgearbeiteten Cache!<p>noTrade<br />]]></LOG>
<LOG><![CDATA[<img src='icon_smile.gif'>&nbsp;2008-02-09 by NZ48<br><br />Die bisherigen Logs klangen gut, da durfte dieser Cache auf unserer heutigen Mühlhausen-Tour natürlich nicht fehlen. Also schnell hintenrum ins Gebäude (vorne ist alles verrammelt, hinten ist alles offen - So'n Schwachsinn) und die ersten Aufgaben gelöst. Doch dann kam das Problem, wir fanden eine Stage nicht und entschieden uns deshalb nach langer vergeblicher Suche schweren Herzens, den Owner anzurufen. Doch der half uns ganz freundlich weiter und so kamen wir wieder in Fahrt. Nach Absolvierung weiterer Stages stand plötzlich der Owner da. Nach einem kurzen Gespräch begleitete er uns wie ein Schatten, erfreute sich an unserer (ich denke nicht ungeschickten) Suche und erklärte uns viele Details seiner früheren Arbeitsstätte. So wurde es eine sehr kurzweilige Suche mit immer neuen Aha-Stages, er hatte wirklich jede Möglichkeit zum Verstecken geschickt genutzt.<br>Nach knapp drei Stunden konnten wir dann glücklich die Cachebox in die Arme schließen.<br>Also ein wirklich schöner Lost-Place-Cache, dessen Tage allerdings dank Dachschäden sicher auch bald gezählt sein werden, denn das Wasser greift die Bausubstanz massiv an.<br />]]></LOG>
<LOG><![CDATA[<img src='icon_smile.gif'>&nbsp;2008-01-30 by Die Hasenschnitzels<br><br />Dieser Cache war schon lange geplant, aber nie hat es geklappt.<p>Dienstag 29.01.08 Mühlhausen 8.05 Uhr Ortszeit: Lage gepeilt und rein durchs Tor und das war's auch schon-der Hausmeister hatte uns erblickt und ließ uns keine Minute mehr aus den Augen. Also wieder abgezogen.<p>Mittwoch 30.01.08 7.45 Uhr: Wir sind wieder da, aber dieses Mal durch das Tor der Zahnschmiede, da kann man sich besser reinschleichen.<p>Stage 1 war schnell gefunden, Stage 2 ebenfalls aber an Stage 3 brauchten wir schon Hilfe. Alles abgesucht, nichts gefunden. Entäuscht um kurz nach neun wieder gegangen.<br>Da ging Söckchens Erschreckaktion doch glatt in die Hose, wenn die aber geklappt hätte, wäre bei uns was in die Hose <img src='http://www.geocaching.com/images/icons/icon_smile_big.gif' border=0 align=middle>.<br>Deshalb erst mal nen Tradi zur Aufmunterung geloggt. Jenny war es dann zu kalt und sie blieb zu Hause. Mir ließ der Cache keine Ruhe, also wieder hin. Und von da an lief es wie geschmiert bis zu Stage 10 und 11. Da musste Tom wieder ran.    <br>Zwischenzeitlich hatte sich auch ein kleiner Kabeldieb bei Claes eingenistet, den ich dann aber mit seinem "illegalen" Handeln konfrontiert habe und er dann abgezogen ist (dass ich auch nur so halblegal hier war, interessiert ja keinen <img src='http://www.geocaching.com/images/icons/icon_smile_big.gif' border=0 align=middle>).<br>Der Rest bis zum Final war dann voll schnell erledigt.<br>Keine Ahnung wie lange ich bzw. wir bei Claes waren, aber es hat sich gelohnt.<br>Wirklich ein schön ausgearbeiteter Cache mit tollen Verstecken und kleinen Gruseleinlagen.<p>Wer in MHL ist, muss den gemacht haben.<p>in:Schlüsselband<br>out:TB<p>Die Hasenschnitzels <br />]]></LOG>
<LOG><![CDATA[<img src='icon_smile.gif'>&nbsp;2007-12-29 by Jack Outdoor<br><br />In eine lustigen Cacherrunde an diesem kalten Tag ein absolutes Highlight. Das es machmal ganz schön knifflig war hat besonders Spaß gemacht. Danke!<br />]]></LOG>
<LOG><![CDATA[<img src='icon_smile.gif'>&nbsp;2007-12-29 by haenselmen<br><br />Im Team der Arnstädter unterwegs ,zum ersten mal.<br>Der Cache, ganz großes Kino!!!!!<br>Man kommt ganz schön rum.<br>Viele Grüße aus Arnstadt<br><br />]]></LOG>
<LOG><![CDATA[<img src='icon_smile.gif'>&nbsp;2007-12-29 by Bl&#252;mchenBande<br><br />Im Rudel hats wieder sehr viel Spaß gemacht diesen LP zu besuchen. Erstaunlich wie Gebäude in nur 13 Jahren Leerstand so zerfallenkönnen - schade.<br>Der Cache war klasse ausgearbeitet, die Führung durchs Gebäude ja wohl komplett <img src='http://www.geocaching.com/images/icons/icon_smile_big.gif' border=0 align=middle>. Die Stationen waren anspruchsvoll, aber lösbar, wenn man die Scheuklappen abnimmt.<p>Vielen Dank für diesen Cache.<br />]]></LOG>
<LOG><![CDATA[<img src='icon_smile.gif'>&nbsp;2007-12-29 by kasimodo<br><br />Der ist seine 4 Sterne Wert! Allein wäre ich jetzt immer noch beim Suchen! Schöööööne, fiese Stationen!<img src='http://www.geocaching.com/images/icons/icon_smile_approve.gif' border=0 align=middle> Der Ausflug hat sich gelohnt und mit dem großen Arnstädter Team sehr viel Spass dabei gehabt!<br>Vielen Dank und viele Grüße aus Arnstadt<br>Kasimodo<br />]]></LOG>
<LOG><![CDATA[<img src='icon_smile.gif'>&nbsp;2007-12-29 by Yalla<br><br />Im Team der Arnstädter Cacher gemeinsam angegangen und nur mit einem Hänger alles prima gefunden. Die Blechdose hatten aber 2 Mann in der Hand! <img src='http://www.geocaching.com/images/icons/icon_smile_evil.gif' border=0 align=middle><br>Vielen Dank für den sehr interssanten Cache und Viele Grüße von Yalla<br />]]></LOG>
<LOG><![CDATA[<img src='icon_smile.gif'>&nbsp;2007-12-29 by ArnGeko<br><br />Im Rudel mit Blümchenbande, Kasimodo, Yalla, Jac Outdoor und haenselmen waren wir heute unterwegs um diesen Lost Place zu erkunden. Drei Stunden lang untersuchten wir die Gebäude, gingen treppauf und treppab, fanden Station um Station. Einmal hatten wir einen black out, sahen die Dose vor lauter Blech nicht mehr. Ein Telefonat brachte uns wieder auf den richtigen Weg uns somit ans Ziel.<br>Vielen Dank für einen wunderschönen Cache mit nicht immer einfachen Stationen <img src='http://www.geocaching.com/images/icons/icon_smile_wink.gif' border=0 align=middle> und die Führung durch ein interessantes Stück Vergangenheit, es hat wieder sehr viel Spass gemacht <img src='http://www.geocaching.com/images/icons/icon_smile_cool.gif' border=0 align=middle>.<br />]]></LOG>
<LOG><![CDATA[<img src='icon_smile.gif'>&nbsp;2007-12-27 by gloomy<br><br />Wow, was für ein klasse LPC! Den hatte ich mir für die Feiertage aufgehoben und wegen der häufigen Mahlzeiten in zwei Etappen gehoben. Viele Grüße und besten Dank, gloomy!<br>In: Kreuz Dame<br>Out: Yoda<br />]]></LOG>
<LOG><![CDATA[<img src='icon_smile.gif'>&nbsp;2007-12-23 by KaputtesLicht<br><br />Niemand wollte mit cachen an diesem Tag. Ganz alleine in der Fabrik unterwegs gewesen, ohne Spoilerbild! Nach längerer Suche, ohne zu wissen, dass es ein Spiolerbild gibt, erstmal die Fabrik angeschaut. Danach nochmal angefangen zu suchen und Station 2 gefunden. Von da an ging es rasch voran, ich kannte mich ja schon aus, hab ja vorher alles angeschaut :-)! Insgesamt 3 Stunden! Hat auch alleine sehr viel Spass gemacht, da ist der Adrenalinpegel viel höher!<br>Vielen Dank für diesen genialen Cache, die 3 Stunden haben sich gelohnt!<br />]]></LOG>
<LOG><![CDATA[<img src='icon_smile.gif'>&nbsp;2007-12-15 by mamy1<br><br />!!!!!!Der ist etwas besonderes!!!!!!<p>Im zweiten Anlauf nach (kleinem) Hinweis des Owners gefunden, obwohl selbstkritisch festzustellen ist, dass man wohl auch selbst hätte draufkommen können.<p>Trotzdem: <p>Zwei Anläufe bedeutet hier auch zweimal Spass. Besonders gut, die Einblicke in die "Freizeitgestaltung in der Fabrik". Spitze, mehr davon.<p>In: TB Yoda    Out: TB<p>Gruß mamy1<br />]]></LOG>
<LOG><![CDATA[<img src='icon_smile.gif'>&nbsp;2007-12-01 by Grottenolm87<br><br />Habe meinen Account von Knutsch&Fleck in Grottenolm87 gewechselt. Sollte jemand damit Probleme haben, kann er diesen Log ohne Kommentar löschen.<br>I´ve changed my account from Knutsch&Fleck to Grottenolm87. The log can discharge momentarily if somebody disagree with this.  <br><br />]]></LOG>
<LOG><![CDATA[<img src='icon_smile.gif'>&nbsp;2007-12-01 by Eichsgenossen<br><br />...na da kann ich nur sagen ,wohl dem der nicht alleine diesen Cache antritt,ich habe die vorgegebene Zeit in 2 Anläufen verdoppelt-und das noch mit Tel.-joker...<br>Schöne,Fiese,schmutzige Verstecke-der Name LP ist noch geschmeichelt::::Respekt und Danke für das Abenteuer mit seinen "100" Stationen und den Räumlichkeiten die man  alle durchlaufen hat.<br>           Einen herzlichen Gruß von den Eichsgenossen<br />]]></LOG>
<LOG><![CDATA[<img src='icon_smile.gif'>&nbsp;2007-12-01 by Erithacus Rubecula<br><br />Abgestaubt!<br>Erstaunliches Gebäude mit sehr fiesen aber gut ausgearbeiteten Sationen. Der Rest ist ohne worte. TFTC<br>#611 12:00 Uhr<br>Out: Coin<p>Knutsch&Fleck<br />]]></LOG>
<LOG><![CDATA[<img src='icon_sad.gif'>&nbsp;2007-11-17 by dizi<br><br />Nachdem wir Gestern am "Topf und Söhne LP" gescheitert waren ging es Heute zur Fabrik. Der Zugang war schnell gefunden und wir arbeiteten uns von Station zu Station. An einigen Stellen  wollten wir schon fast aufgeben. Nach den 3Stunden haben wir es bis zur 8.Station geschaft und danach bei einsetzender Dunkelheit die Sache abgebrochen. <br>Dizi<br />]]></LOG>
<LOG><![CDATA[<img src='icon_smile.gif'>&nbsp;2007-11-10 by Hor_andy<br><br />Coole Sache,hat uns sehr gefallen. Obwohl die Location auch von diversen anderen genutzt wird (Holzdiebe ernten hier, Kabeldiebe schälen hier usw.) hatten wir mit den Stges viel Spass 3 der Stationen wollten es uns richtig schwer machen, aber letztlich konnten wir doch alles finden und alle nötigen Tools hatten wir auch dabei. Diesen LP-Cache können wir auf jeden Fall nur empfehlen. TFTC<p>Dauer: 3h20min<br>in: Coin (die grüne Coin haben wir allerdings nicht gesehen)<p><br>[This entry was edited by Hor_andy on Sunday, November 11, 2007 at 4:55:58 AM.]<br />]]></LOG>
<LOG><![CDATA[<img src='icon_smile.gif'>&nbsp;2007-11-10 by Traveler77<br><br />Zu DDR Zeiten war ich das letzte mal hier. Da wurde noch produziert. Es ist doch erstaunlich zu sehen wie schnell alles dem Untergang geweiht ist und verfällt. Aber dadurch ist dieser tolle Lostplace ja erst möglich. <img src='http://www.geocaching.com/images/icons/icon_smile_big.gif' border=0 align=middle> Im Team mit Hor_Andy konnten sich die einzelnen Stationen nicht verbergen, obwohl an einigen fast ein Telefonjoker nötig gewesen wäre. Danke an Mueckenfett für diesen wiedermal super Cache. <img src='http://www.geocaching.com/images/icons/icon_smile_wink.gif' border=0 align=middle><br />]]></LOG>
<LOG><![CDATA[<img src='icon_smile.gif'>&nbsp;2007-11-06 by JonnyH&#252;tchen<br><br />Das war mit Sicherheit der spannenste,längste und gefährlichste LP , den ich seit meinem Cacherleben gesucht habe.<br>Vielen Dank für diesen tollen Cache an den Owner.<p>                                         Jonny Hütchen <img src='http://www.geocaching.com/images/icons/icon_smile_clown.gif' border=0 align=middle><br />]]></LOG>
<LOG><![CDATA[<img src='icon_greenlight.gif'>&nbsp;2007-11-05 by JeeperMTJ.gc<br><br />Published<br />]]></LOG>
<LOG><![CDATA[<img src='icon_smile.gif'>&nbsp;2007-11-04 by Chris601<br><br />SOOOO, das war er nun: der <img src='http://www.geocaching.com/images/icons/icon_smile_big.gif' border=0 align=middle><img src='http://www.geocaching.com/images/icons/icon_smile_big.gif' border=0 align=middle><img src='http://www.geocaching.com/images/icons/icon_smile_big.gif' border=0 align=middle> 222. <img src='http://www.geocaching.com/images/icons/icon_smile_big.gif' border=0 align=middle><img src='http://www.geocaching.com/images/icons/icon_smile_big.gif' border=0 align=middle><img src='http://www.geocaching.com/images/icons/icon_smile_big.gif' border=0 align=middle><p>Zusammen mit den Krümeln diesen Cache angegangen und unser kleines Jubiläum gefeiert. Die "angedrohten" 3h ließen Großes vermuten und so war es dann auch: unzählige Stationen und jede eine neue Herausforderung. An der ein oder anderen hätten wir uns wirklich fast die Zähne ausgebissen, aber im Team konnte sich kein Hinweis ewig verstecken.<p>Jungs macht bloß vorsichtig, nicht dass irgendwer nochmal durch irgend eine Decke segelt..<p>Toll, dass Tom dieses Gelände entdeckt und cachologisch erschlossen hat. Hoffentlich wundern sich nicht mal irgendwelche Nachbarn über die neuen Rucksack-Touristen!<p>Vielen Dank für dieses Erlebnis!<br />]]></LOG>
<LOG><![CDATA[<img src='icon_smile.gif'>&nbsp;2007-11-04 by Kruemel68<br><br />SOOOO, das war er nun: der <img src='http://www.geocaching.com/images/icons/icon_smile_big.gif' border=0 align=middle><img src='http://www.geocaching.com/images/icons/icon_smile_big.gif' border=0 align=middle><img src='http://www.geocaching.com/images/icons/icon_smile_big.gif' border=0 align=middle> 600. <img src='http://www.geocaching.com/images/icons/icon_smile_big.gif' border=0 align=middle><img src='http://www.geocaching.com/images/icons/icon_smile_big.gif' border=0 align=middle><img src='http://www.geocaching.com/images/icons/icon_smile_big.gif' border=0 align=middle><p>Wir - Christel, Chris, Jonny und ich- rückten zur sonntäglichen Mittagsschicht vor Ort an und konnten diese nach anstrengender Arbeit, ausführlicher Frühstückspause und einem entspannten Nachmittag in angenehmer Feierabendathmosphäre- nach weniger als drei Stunden ( Plan war bereits erfüllt ) beenden. Den sozialistischen Wettbewerb konnten wir damit zwar nicht gewinnen, jedoch wurde Qualität bei uns groß geschrieben. Darum haben wir keine Station ausgelassen und auch sehr auf die Einsparung jeglicher Telefonkosten geachtet. Danke für diese Herausforderung am Sonntag und viel Spaß allen, die nach uns zum Suchen kommen !<p>Stefan<p>OUT: Coin  IN: Motorrad<br />]]></LOG>
<LOG><![CDATA[<img src='icon_smile.gif'>&nbsp;2007-11-03 by Team Fire &amp; Ice<br><br />!!!BETATEST!!!<br>Heute ging es im Auftrag des Owners zum Test für den Cache, da wir mit diversen LP's dieser Art schon unsere Erfahrungen sammeln konnten.<br>Alle Stationen haben wir gut gefunden. Jedoch ist teilweise etwas intensivere Suche notwendig gewesen.<br>Endlich hat Mühlhausen auch seinen Lost Place, der wirklich gut ausgetüfftelt ist. Lob an den Owner und vielen Dank für diesen interessanten Einblick in die Industrie von Mühlhausen. <img src='http://www.geocaching.com/images/icons/icon_smile.gif' border=0 align=middle><p>Grüße vom<br>Team Fire & Ice<br>Steffi und Heiko<p>Glückwunsch an Kruemel68 zum 600-sten. <img src='http://www.geocaching.com/images/icons/icon_smile_big.gif' border=0 align=middle><p>IN/OUT: Coin<br />]]></LOG>
</LOGS>
<NOTES><![CDATA[]]></NOTES>
<IMAGES>
    <IMG>gc1753h_0.jpg<URL>http://img.geocaching.com/cache/72a17029-5539-4afc-bc1c-909c408bee4a.jpg</URL></IMG>
    <IMG>GC1753H_0.jpg<URL>http://img.geocaching.com/cache/72a17029-5539-4afc-bc1c-909c408bee4a.jpg</URL></IMG>
    <IMG>GC1753H_1.jpg<URL>http://img.geocaching.com/cache/8fc81ec8-17b3-4704-8957-1cf9bd935350.jpg</URL></IMG>
    <IMG>GC1753H_2.jpg<URL>http://img.geocaching.com/cache/3b3a6a53-5bde-493a-b628-ade1a30d0424.jpg</URL></IMG>
    <IMG>GC1753H_3.jpg<URL>http://img.geocaching.com/cache/73da51f0-2203-4725-b299-5616f3b035c0.jpg</URL></IMG>
    <IMG>GC1753H_4.jpg<URL>http://img.geocaching.com/cache/f81a7fac-90b1-4247-8307-efb1366d43e1.jpg</URL></IMG>
    <IMG>GC1753H_5.jpg<URL>http://img.geocaching.com/cache/e2015f01-21bd-4410-a4b7-67d76f81fa01.jpg</URL></IMG>
    <IMGTEXT>GC1753H_0</IMGTEXT>
    <IMGTEXT>Claes Werk</IMGTEXT>
    <IMGTEXT>Logo</IMGTEXT>
    <IMGTEXT>Stage 3 Treppe ganz in der N&#228;he</IMGTEXT>
    <IMGTEXT>Station 1</IMGTEXT>
    <IMGTEXT>Zugang</IMGTEXT>
    <IMGTEXT>Zugang zum Start</IMGTEXT>
</IMAGES>
<TRAVELBUGS>
  <tb guid="0ebb4359-ce84-4e1c-b3c8-6a116409e49b"><name><![CDATA[Steinwälzers Glück]]></name><![CDATA[Bringt allen Cachern Glück, die der Coin auf ihrer Reise von Cache zu Cache weiter helfen!
<br><br>
Bring luck to all cachers who help this coin to travel from cache to cache!]]></tb>
</TRAVELBUGS>
<URL><![CDATA[]]></URL>
<SOLVER><![CDATA[]]></SOLVER>
    <CACHE  name = "Die Fabrik Claes - LP" owner = "Mueckenfett" lat = "51,209" lon = "10,4675" hidden = "2007-11-03" wayp = "GC1753H" status = "" ocCacheID = "" lastSyncOC = "20100419231154" num_recommended = "0" num_found = "-1" attributesYes = "4398046511105" attributesNo = "2233384173568" boolFields="1930" byteFields="67313192" attributesYes1 = "0" attributesNo1 = "0" />
</CACHEDETAILS>
