<?xml version="1.0" encoding="ISO-8859-1"?>
<CACHEDETAILS>
<VERSION value = "3"/>
<DETAILS><![CDATA[<div align="center"><img src=
"http://img.geocaching.com/cache/4cf265f7-7caa-4846-a5dd-0af63494bea1.jpg" />
<img src=
"http://img.geocaching.com/cache/46cefb65-6f38-4220-bf46-15a0d7c9a62b.jpg" />
</div>

<br><div align="center"><br />
Mal wieder eine Quelle zur Mühlhäuser Quellen und
Brunnenserie.<br />
(da Herr K. diese bisher ausgelassen hat, nehme ich sie nun in
Beschlag ;-) ).<br />
<br />
Die Thomasquelle enstand als Erdfallquelle im Jahre 1901,<br />
damals war sie wohl an die 56m tief, davon sind heute noch
beachtliche ca.42m übrig.<br />
Diese Tiefe wurde im Jahre 1963 durch Taucher nachgewiesen,<br />
demnach ist dies die tiefste Erdfallquelle Thüringens.<br />
Das Wasser der Thomasquelle speist den Thomasteich, welcher
Eigentum des Anglervereins ist.<br />
Die Fisch- und Vogelvielfalt hier ist außergewöhnlich und im Winter
wird hier nach Möglichkeit eine Eisbahn zum Rutschen
freigeräumt.<br />
Die maximal gemessene Schüttung betrug 12.000m³ pro Tag,<br />
allerdings war sie versiegt, als ich im Winter dort war.<br />
Das hier zutage tretende Wasser ist sulfat- und salzhaltig, hat
eine Härte von etwa 79°dH und ist extrem klar.<br />
<br />
Da die Umgebung der Quelle wohl hin und wieder als Anglerklo
herhalten muß,<br />
habe ich den Cache mit Absicht <b>nicht</b> unten versteckt, also
nicht wühlen.</div>
<br />
<br />
<div align="left"><a target="_blank" href=
"http://team-jerichow.de/index.php?/archives/162-STOPP-zu-Kurzlogs.html">
<img width="30%" border="0" src=
"http://team-jerichow.de/uploads/kurzlog4.JPG" /></a></div>
<a href="http://tuetenfrei.de" target="_blank"><img src=
"http://img.geocaching.com/cache/b053a4aa-7d05-4219-a32c-bf125b36f9dc.jpg" /></a>]]></DETAILS>
<COUNTRY><![CDATA[Germany]]></COUNTRY>
<STATE><![CDATA[Thüringen]]></STATE>
<ATTRIBUTES>
   <ATT>wheelchair-no.gif</ATT>
   <ATT>winter-yes.gif</ATT>
   <ATT>night-yes.gif</ATT>
   <ATT>available-yes.gif</ATT>
   <ATT>bicycles-yes.gif</ATT>
   <ATT>scenic-yes.gif</ATT>
   <ATT>onehour-yes.gif</ATT>
   <ATT>kids-yes.gif</ATT>
   <ATT>parking-yes.gif</ATT>
   <ATT>dogs-yes.gif</ATT>
</ATTRIBUTES>
<HINTS><![CDATA[Onhz zvg rvfreare Jhemry]]></HINTS>
<LOGS>
<OWNLOGID></OWNLOGID>
<OWNLOG><![CDATA[]]></OWNLOG>
<LOG><![CDATA[<img src='icon_smile.gif'>&nbsp;2010-04-10 by diekuschis<br><br />Auf unserer heutigen Mühlen-/Mühlhausen-Tour gefunden. Zum Glück war das Feld abgetrocknet, so dass wir ohne 10 kg-Gewichte an jedem Schuh zur Quelle gelangt sind. Welch schönes Plätzchen! Sogar eine Ente ist dort rumgeschwommen. Coole Vorrichtung am Baum.<br>TFTC<br />]]></LOG>
<LOG><![CDATA[<img src='icon_smile.gif'>&nbsp;2010-04-08 by rageracer<br><br />Gleich am Anfang unserer Tour hier angehalten. Leider wurde die Quelle von einem Muggelpärchen mir Hund belagert.<br>Also auf dem Rückweg nachmal angehalten und diesmal war alles ruhig. Gastcacher Jörgi entdeckte dann auch gleich die<br>ungewöhnliche Cachehalterung und das Döschen. <p>#128 --- 20.30 Uhr<p>TFTC<br />]]></LOG>
<LOG><![CDATA[<img src='icon_smile.gif'>&nbsp;2010-04-05 by dop3<br><br />das war der 2te für heute. Die Quelle war heute mal am überquellen und das Wasser war auch schön Türkis. Den Cache haben wir dann auch schnell finden können.<br />]]></LOG>
<LOG><![CDATA[<img src='icon_smile.gif'>&nbsp;2010-03-29 by Kami79<br><br />schnell mal quer übers feld und ins wasser geschaut...  wirklich erstaunlich klar und ein phantastisches bild das man unter der wasseroberfläche erkennt...<br>dann noch bissl in die luft geguggt und da hing das dösle...  18.45 geloggt und fix alles an seinen platz zurück...<p>DFDC  Kami+kleinstrolch<br />]]></LOG>
<LOG><![CDATA[<img src='icon_smile.gif'>&nbsp;2010-02-06 by beagle67<br><br />Heute auf Tour mit Axel und Beagle gewesen. Schönes Versteck und gleich gefunden.<br>---06.02.2010---14.00Uhr--<br>TFTC<br />]]></LOG>
<LOG><![CDATA[<img src='icon_smile.gif'>&nbsp;2009-12-26 by pendragon1993<br><br />Im Dunkeln bot sich uns heute leider kein so toller Anblick wie auf dem Foto in der Beschreibung.<br>Den Cache haben wir auf dem Boden liegend gefunden und ihn anschließend wieder der Beschreibung entsprechend angebracht, hoffentlich richtig, hatten leider nur sehr spärliches Licht dabei!<br>TFTC<br>Team Pendragon1993<br />]]></LOG>
<LOG><![CDATA[<img src='icon_smile.gif'>&nbsp;2009-12-14 by imme56<br><br />Schönes Versteck, schnell gefunden. DFDC <br />]]></LOG>
<LOG><![CDATA[<img src='icon_smile.gif'>&nbsp;2009-11-22 by Bara68<br><br />Wir haben heute die Quelle besucht. Der Ort ist zu dieser Jahreszeit nicht unbedingt empfehlenswert. Die Quelle ist versiegt. Dafür hat sich der Owner aber mit dem Versteck viel Mühe gegeben. Bara68<br />]]></LOG>
<LOG><![CDATA[<img src='icon_smile.gif'>&nbsp;2009-11-22 by FroehlicheRadlerin<br><br />Diesen schönen blauen Teich haben wir zwar nicht gefunden, aber der Schatz konnte sich nicht lange vor uns verbergen. Zum Glück war auch das Feld relativ trocken, so dass wir hinterher ausnahmsweise nicht aussahen wie die Wildschweine  	<img src='http://www.geocaching.com/images/icons/icon_smile_wink.gif' border=0 align=middle>  Vielen Dank fürs Zeigen, allerdings empfehle ich, die Suche nur in der schöneren Jahreszeit anzugehen, denn heute gab es nur eine matschige Grube zu sehen. Zumindest bin ich wieder etwas schlauer, was die Quellen angeht <img src='http://www.geocaching.com/images/icons/icon_smile.gif' border=0 align=middle><br />]]></LOG>
<LOG><![CDATA[<img src='icon_smile.gif'>&nbsp;2009-11-10 by Karolli<br><br />Für den kleinen Spaziergang hätt ich mir schönes Wetter gewünscht, denn dann ist das hier bestimmt ganz idyllisch. Aber wir haben uns heut nicht abschrecken lassen und sind tapfer durch den Matsch bis zu Quelle gestampft, um mit dem Schatz belohnt zu werden.<br>Danke fürs Herführen!<br />]]></LOG>
<LOG><![CDATA[<img src='icon_smile.gif'>&nbsp;2009-09-29 by sissifalke<br><br />Nach einem Spaziergang entlang des Thomassees erreichten wir dann den trockenen Zulauf der Quelle. An der leider versickten Quelle haben wir dann die schöne Dose aufgespührt.<br>Danke und lieben Gruß aus Bayern<br>Team sissifalke <br><br />]]></LOG>
<LOG><![CDATA[<img src='icon_smile.gif'>&nbsp;2009-09-22 by Hardcore-UH<br><br />gefunden und gelogt<br />]]></LOG>
<LOG><![CDATA[<img src='icon_smile.gif'>&nbsp;2009-09-22 by monalisa812<br><br />danke für den schönen ort! TFTC<br />]]></LOG>
<LOG><![CDATA[<img src='icon_smile.gif'>&nbsp;2009-09-22 by R&#252;ben<br><br />schöner cach, schnell gefunden<br />]]></LOG>
<LOG><![CDATA[<img src='icon_smile.gif'>&nbsp;2009-09-17 by AT-AT<br><br />Da dachte ich nun, nach dem vielen Regen sprudelt die Quelle regelrecht, aber Pustekuchen. Sie sieht regelrecht erbärmlich nach Dürre aus. Dafür gabs aber dann ein schönes Versteck.<br>TFTC<br />]]></LOG>
<LOG><![CDATA[<img src='icon_smile.gif'>&nbsp;2009-09-13 by armsoeh<br><br />einmal fast um See, dann schnell gefunden.<br>schöne Idee .<p>TFTC sagt das Armsoeh-Team<br />]]></LOG>
<LOG><![CDATA[<img src='icon_smile.gif'>&nbsp;2009-09-09 by Team Fire &amp; Ice<br><br />Auf Tour in Mühlhausen und Umgebung. <p>Schnell gefunden und weiter ging es. <img src='http://www.geocaching.com/images/icons/icon_smile_big.gif' border=0 align=middle><p>Vielen Dank und Grüße<p>Team Fire & Ice<br>Heiko<br />]]></LOG>
<LOG><![CDATA[<img src='icon_smile.gif'>&nbsp;2009-08-14 by David+Chrissi<br><br />Erfolgreich geloggt.Vielen Dank.<br>David+Chrissi<br />]]></LOG>
<LOG><![CDATA[<img src='icon_smile.gif'>&nbsp;2009-08-09 by Hunter_TH<br><br />Heute bei schönem Wetter unterwegs gewesen und auch dieses Kleinod mitgenommen. Leider war er nicht so schön anzusehen wie auf dem Bild. <br />]]></LOG>
<LOG><![CDATA[<img src='icon_smile.gif'>&nbsp;2009-07-07 by Team Kumunst<br><br />Das Wasser hat eine interessante Farbe. War garnicht so einfach zu finden.<br>Danke und Gruß<br>Team Kumunst<br />]]></LOG>
<LOG><![CDATA[<img src='icon_smile.gif'>&nbsp;2009-07-04 by GeoSittiche<br><br />Nach zerstochenen Beinen und erfolgreicher Zeckenabwehr haben wir dieses unbekannte Stück Natur kennengelernt und uns der Dose genähert.<br>TFTC<br>die GeoSittiche<br />]]></LOG>
<LOG><![CDATA[<img src='icon_smile.gif'>&nbsp;2009-06-24 by Chris601<br><br />Bei der kleinen abendlichen Fahrradrunde fiel es mir ein: "Hier liegt doch ein Schatz!"<br>Und siehe da, auch ohne GPSr war der Schatz zu finden. Schöne Final-Idee!<br>Out: TB<br />]]></LOG>
<LOG><![CDATA[<img src='icon_smile.gif'>&nbsp;2009-06-13 by Mueckenfett<br><br />Zusammen mit der RenaultFamily die Quelle besucht.<br>Tom<br />]]></LOG>
<LOG><![CDATA[<img src='icon_smile.gif'>&nbsp;2009-06-13 by Renault Family<br><br />Sehr schöne Quelle, nur den Taucher habe ich nicht getroffen.<p>Danke sagt Matti<p>IN TB<br />]]></LOG>
<LOG><![CDATA[<img src='icon_smile.gif'>&nbsp;2009-05-30 by gloomy<br><br />Eine schöne Quelle, die mir bisher nur vom Kartenmaterial bekannt war. Nun hat mich dieser tolle Cache endlich einmal hierher geführt. VG und Danke, gloomy!<br />]]></LOG>
<LOG><![CDATA[<img src='icon_smile.gif'>&nbsp;2009-05-26 by uhri<br><br />Nach einen kleinen Spaziergang diese Dose gut gefunden.<br>TFTC Uhri <br />]]></LOG>
<LOG><![CDATA[<img src='icon_smile.gif'>&nbsp;2009-05-24 by JonnyH&#252;tchen<br><br />Schnell gefunden.<p>TFTC Jonny.<br />]]></LOG>
<LOG><![CDATA[<img src='icon_smile.gif'>&nbsp;2009-05-24 by Grottenolm87<br><br />Zusammen mit den two rubsners auf Tour<p>Der Grottenolm<br />]]></LOG>
<LOG><![CDATA[<img src='icon_smile.gif'>&nbsp;2009-05-24 by two rubsners<br><br />Heute bei wunderschönem Sonntagswetter besucht und gefunden. Das Wasser ist wirklich blau.<br />]]></LOG>
<LOG><![CDATA[<img src='icon_smile.gif'>&nbsp;2009-05-24 by Kruemel68<br><br />Auf kleiner Sonntagsrunde gefunden. Gut, dass es hier nun auch eine Dose gibt. Damit wären -nach meinem Kenntnisstand- alle Quellen versorgt. ODER ?<p>Viele Grüße aus der Kreisstadt <p>Stefan<br />]]></LOG>
<LOG><![CDATA[<img src='icon_smile.gif'>&nbsp;2009-05-23 by biba1981<br><br />beim biken mitgenommen nach kurzer suche gefunden<img src='http://www.geocaching.com/images/icons/icon_smile_wink.gif' border=0 align=middle><br />]]></LOG>
<LOG><![CDATA[<img src='icon_smile.gif'>&nbsp;2009-05-18 by FTT<br><br />Heute nach sehr langer Zeit mal wieder hier gewesen.Schön beim Sonnenuntergang geloggt.Hübsches Plätzchen und schön gemachter Cache...<br>TFTC<br />]]></LOG>
<LOG><![CDATA[<img src='icon_smile.gif'>&nbsp;2009-05-18 by hawkeye85<br><br />War Mit FTT heute wieder unterwegs und so haben wir uns mal die schöne Quelle angeschaut und gleich denn Cache mitgenommen <br> großes + für die Idee :-)<br />]]></LOG>
<LOG><![CDATA[<img src='icon_smile.gif'>&nbsp;2009-05-16 by Eichsgenossen<br><br />Heute alleine diese schöne Qelle besucht + Cache, zu der ich bestimmt noch einmal mit Begleitung kommen werde.<br>Ein tolle Lokattion welche man gesehn haben muss.<br>Danke an den Owner fürs Zeigen und TFTC sagt Winfried/Eichsgenossen<br />]]></LOG>
<LOG><![CDATA[<img src='icon_smile.gif'>&nbsp;2009-05-16 by GeoXpedition<br><br />Gefunden,schönes blaues Wasser.<br>Auf dem Hinweg hat eine junge Wildsau mich anscheinend mit seiner Mutter verwechselt und lief ein Stück mit,nette Bekleidung 	<img src='http://www.geocaching.com/images/icons/icon_smile_big.gif' border=0 align=middle><br />]]></LOG>
<LOG><![CDATA[<img src='icon_smile.gif'>&nbsp;2009-05-14 by Hoffi1986<br><br />Heute bei schönem Wetter nach dem Feierabend der Quelle einen kleinen Besuch abgestattet. Ist ja ein sehr lauschiges Plätzchen hier, der Cache ist verdient!<img src='http://img.groundspeak.com/forums/emoticons/signal/big_smile.gif' width=19 height=19 border=0 align=middle><br>TFTC<br />]]></LOG>
<LOG><![CDATA[<img src='icon_smile.gif'>&nbsp;2009-05-12 by Traveler77<br><br />Diese schöne Quelle war bei schönem Sonnenschein genau das richtige Mittagspausenziel. Danke fürs zeigen. <img src='http://www.geocaching.com/images/icons/icon_smile_wink.gif' border=0 align=middle> TFTC<br />]]></LOG>
<LOG><![CDATA[<img src='icon_smile.gif'>&nbsp;2009-05-11 by Gollum &amp; Galadriel<br><br />Der strömende Regen konnte uns nicht abhalten, den FTF zu holen <img src='http://www.geocaching.com/images/icons/icon_smile_big.gif' border=0 align=middle>. Dementsprechend sahen wir aber dann auch aus. Ein fein gemachtes Versteck erwartete uns. Die Quelle ist jetzt im Frühjahr auch richtig ansehnlich. Das sah letzten Herbst noch ganz anders aus. Man sollte aber trotzdem aufpassen, wohin man seinen Fuß setzt.<br>TFTC<br />]]></LOG>
<LOG><![CDATA[<img src='icon_greenlight.gif'>&nbsp;2009-05-11 by Don Rocbeer<br><br />Published<br />]]></LOG>
<LOG><![CDATA[<img src='icon_note.gif'>&nbsp;2009-05-01 by Hor_andy<br><br /><br>Plumps - Coin in Quelle geworfen.<br />]]></LOG>
</LOGS>
<NOTES><![CDATA[]]></NOTES>
<IMAGES>
    <IMG>gc18n39_0.jpg<URL>http://img.geocaching.com/cache/4cf265f7-7caa-4846-a5dd-0af63494bea1.jpg</URL></IMG>
    <IMG>gc18n39_1.jpg<URL>http://img.geocaching.com/cache/46cefb65-6f38-4220-bf46-15a0d7c9a62b.jpg</URL></IMG>
    <IMG>gc18n39_2.jpg<URL>http://team-jerichow.de/uploads/kurzlog4.JPG</URL></IMG>
    <IMG>gc18n39_3.jpg<URL>http://img.geocaching.com/cache/b053a4aa-7d05-4219-a32c-bf125b36f9dc.jpg</URL></IMG>
    <IMG>GC18N39_4.jpg<URL>http://img.geocaching.com/cache/195813f0-f11e-48e0-9447-d7fe0d1b26ab.jpg</URL></IMG>
    <IMG>GC18N39_5.jpg<URL>http://img.geocaching.com/cache/c2aba95a-a714-476f-8c8f-6abcacdca44f.jpg</URL></IMG>
    <IMG>GC18N39_6.jpg<URL>http://img.geocaching.com/cache/06f44410-4fde-40ca-9e55-8d7a873f0823.jpg</URL></IMG>
    <IMG>GC18N39_0.jpg<URL>http://img.geocaching.com/cache/4cf265f7-7caa-4846-a5dd-0af63494bea1.jpg</URL></IMG>
    <IMG>GC18N39_7.jpg<URL>http://img.geocaching.com/cache/af3bff6a-0756-4d6c-a02b-df1ba6ee89c7.jpg</URL></IMG>
    <IMG>GC18N39_8.jpg<URL>http://img.geocaching.com/cache/52bc5b23-7aaa-47fd-bdfc-22bca2e516b6.jpg</URL></IMG>
    <IMG>GC18N39_1.jpg<URL>http://img.geocaching.com/cache/46cefb65-6f38-4220-bf46-15a0d7c9a62b.jpg</URL></IMG>
    <IMGTEXT>GC18N39_0</IMGTEXT>
    <IMGTEXT>GC18N39_1</IMGTEXT>
    <IMGTEXT>GC18N39_2</IMGTEXT>
    <IMGTEXT>GC18N39_3</IMGTEXT>
    <IMGTEXT>Auslauf</IMGTEXT>
    <IMGTEXT>Quelle im Winter</IMGTEXT>
    <IMGTEXT>Teich im Winter</IMGTEXT>
    <IMGTEXT>Thomasquelle</IMGTEXT>
    <IMGTEXT>Thomasteich</IMGTEXT>
    <IMGTEXT>Thomasteich</IMGTEXT>
    <IMGTEXT>von unten</IMGTEXT>
</IMAGES>
<TRAVELBUGS>
</TRAVELBUGS>
<URL><![CDATA[]]></URL>
<SOLVER><![CDATA[]]></SOLVER>
    <CACHE  name = "M&#252;hlh&#228;user Quellen Thomasquelle" owner = "Hor_andy" lat = "51,194583333333" lon = "10,426183333333" hidden = "2009-05-01" wayp = "GC18N39" status = "" ocCacheID = "" lastSyncOC = "20100419225916" num_recommended = "0" num_found = "-1" attributesYes = "4399127726083" attributesNo = "2199023255552" boolFields="1922" byteFields="33689364" attributesYes1 = "0" attributesNo1 = "0" />
</CACHEDETAILS>
