<?xml version="1.0" encoding="ISO-8859-1"?>
<CACHEDETAILS>
<VERSION value = "3"/>
<DETAILS><![CDATA[<br><p>Seit der deutschen Wiedervereinigung am 3. Oktober 1990 befindet
sich etwa 500 m nördlich von Niederdorla der geographische
Mittelpunkt Deutschlands. Dies wurde zweifelsfrei durch die
Fachexperten Dr. Finger aus Dresden und Dr. Förge aus Göttingen
vermessen und bestätigt. Als Messmethode wurden dabei die jeweils
entferntesten Punkte des heutigen deutschen Staatsgebietes in
Nord-Süd Richtung und Ost-West Richtung gewählt. Der damit
ermittelte Schnittpunkt befindet sich dabei an der oben erwähnten
Stelle bei 51°10' nördlicher Breite und 10°27' östlich
Greenwich.</p>
<p>Begebe dich zum Parkplatz an den oben angegebenen Koordinaten.
Von hier aus gehe bis zum Mittelpunkt und löse dabei die folgenden
Aufgaben.</p>
<p>(1) Zähle die Fenster an der Südseite des Gebäudes, in dem sich
die Ausstellung "Opfermoor Vogtei" befindet!</p>
<p><b>A = ___</b></p>
<p>(2) Finde den Mittelpunktstein mit der Aufschrift "Mittelpunkt
Deutschland Niederdorla". Zähle dort die waagerechten Rillen auf
der Rückseite des Steines!</p>
<p><b>B = ___</b></p>
<p>(3) Der Cache liegt nicht weit von hier bei den folgenden
Koordinaten:</p>
<p><b>N 51° 09.A0A E 010° 26.ABA</b></p>
<p>Bitte keine Tauschgegenstände da lassen!<br />
 </p>]]></DETAILS>
<COUNTRY><![CDATA[Germany]]></COUNTRY>
<STATE><![CDATA[Thüringen]]></STATE>
<ATTRIBUTES>
   <ATT>onehour-yes.gif</ATT>
   <ATT>kids-yes.gif</ATT>
   <ATT>parking-yes.gif</ATT>
</ATTRIBUTES>
<HINTS><![CDATA[vz gebpxrarz]]></HINTS>
<LOGS>
<OWNLOGID></OWNLOGID>
<OWNLOG><![CDATA[]]></OWNLOG>
<LOG><![CDATA[<img src='icon_smile.gif'>&nbsp;2010-04-18 by KaputtesLicht<br><br />Mit Nadine heute zusammen gesucht und gefunden! Vielen Dank<br />]]></LOG>
<LOG><![CDATA[<img src='icon_smile.gif'>&nbsp;2010-04-10 by emacs2003<br><br />An diesen Platz muss ein einfach Cache hin!<br />]]></LOG>
<LOG><![CDATA[<img src='icon_smile.gif'>&nbsp;2010-04-05 by schuwite<br><br />Sehr sehr tolles Versteck!!! :)<br />]]></LOG>
<LOG><![CDATA[<img src='icon_smile.gif'>&nbsp;2010-04-04 by Die_Unstrut-Hainis<br><br />Gemeinsam mit Magi007 geloggt.<br>TFTC<br>Die_Unstrut-Hainis<br />]]></LOG>
<LOG><![CDATA[<img src='icon_smile.gif'>&nbsp;2010-04-04 by Magi007<br><br />Sehr schöner cache<br>TFTC<br />]]></LOG>
<LOG><![CDATA[<img src='icon_smile.gif'>&nbsp;2010-04-03 by Pirolina<br><br />an diesem Punkt muß ich als Kartenfetischist doch mal wieder Werbung machen - für die Vermessung der Welt <a href="http://www.openstreetmap.org" target="_blank" rel="nofollow"> - für OSM - </a> Danke fürs Verstecken - Pirolina<br />]]></LOG>
<LOG><![CDATA[<img src='icon_smile.gif'>&nbsp;2010-04-03 by FeuerFloh<br><br />Um 16:05 Uhr im Team mit Pirolina den Mittelpunkt-Deutschland-Cache als erste Cacher für heute besucht <img src='http://www.geocaching.com/images/icons/icon_smile_tongue.gif' border=0 align=middle> und gefunden.<p>Danke für das Herloggen sagt <font color="red">FeuerFloh</font> (#186) <br />]]></LOG>
<LOG><![CDATA[<img src='icon_smile.gif'>&nbsp;2010-04-02 by thegorbi<br><br />Nach der Mühlenrunde mit dem Rad auch den geographischen Mittelpunkt Deutschland besucht, quasi als Bike-drive-in.<br>Die Stelle hat mir sehr gefallen.<p>thegorbi sagt vielen Dank<br />]]></LOG>
<LOG><![CDATA[<img src='icon_smile.gif'>&nbsp;2010-03-28 by saheimast<br><br />Das Pflichtprogramm für Cacher heute bei strahlendem Sonnenschein gefunden und  mit Satchmo und Fhuti gelogt. TFTC<br />]]></LOG>
<LOG><![CDATA[<img src='icon_smile.gif'>&nbsp;2010-03-28 by Fhuti83<br><br />Schöner Cache. Schnell gefunden und gelogt. Unterwegs mit satchmo77 und saheimast. TFTC<br />]]></LOG>
<LOG><![CDATA[<img src='icon_smile.gif'>&nbsp;2010-03-28 by Satchmo77<br><br />Auf einer ausgedehnten Tour durch das Mühlhausener Umland mit Fhuti83 und Saheimast auch diesen geloggt. TFTC<br />]]></LOG>
<LOG><![CDATA[<img src='icon_smile.gif'>&nbsp;2010-03-21 by hekebe18<br><br /><img src='http://www.geocaching.com/images/icons/icon_smile_big.gif' border=0 align=middle> Interesanter Ort danke fürs zeigen.<br>Schnell gefunden<br>TFTC hekebe18<br />]]></LOG>
<LOG><![CDATA[<img src='icon_smile.gif'>&nbsp;2010-02-06 by beagle67<br><br />Heute auf Tour mit Axel und unserem Beagle gewesen. Nach kurzer Sucherei ohne großes gezähle doch noch schnell von Axel gefunden. Bei dem heutigen Wetter  alles muggelfrei. <br>---06.02.2010---15.40Uhr--#50#<br>TFTC<br />]]></LOG>
<LOG><![CDATA[<img src='icon_smile.gif'>&nbsp;2010-01-04 by rageracer<br><br />Heute früh zufällig beim Versuch selber einen Cache zu verstecken gefunden.<br>Habe dann natürlich keinen weiteren Cache dortgelassen. ;-)))<p>rageracer --- 04.01.10 --- 8.40 Uhr<p>TFTC<br />]]></LOG>
<LOG><![CDATA[<img src='icon_smile.gif'>&nbsp;2009-12-29 by Schippi38<br><br />Auf der gemeinsamen Jahresabschlußtour mit Geofutz<br>die Daten ermittelt und den Cache gut gefunden.<p>Danke sagt Schippi38!<br />]]></LOG>
<LOG><![CDATA[<img src='icon_smile.gif'>&nbsp;2009-12-29 by geofutz<br><br />Heute zusammen mit Schippi38 eine kleine Jahresabschluß-Tour gemacht.<br>Die KOs waren schnell ermittelt und nach kurzem Spaziergang war die Dose dann schnell entdeckt.<br>Ein wirklich toller Ort.<br><font size="2"><font face="comic sans ms"> <font color="red"><b>Danke für # 1357</b></font><br><i><b><font color="blue">Einen guten Rutsch und alles Gute für das neue Jahr ! Gruß und <img src='http://www.geocaching.com/images/icons/icon_smile_wink.gif' border=0 align=middle> BYE Geofutz <img src='http://www.geocaching.com/images/icons/icon_smile_wink.gif' border=0 align=middle></i></b></font><br><br />]]></LOG>
<LOG><![CDATA[<img src='icon_smile.gif'>&nbsp;2009-12-27 by hblack<br><br />Wie schon Die Maronis am 20. August ganz richtig anmerkten, ist der Cache eigentlich Pflicht für jeden Geocacher - der geographische Mittelpunkt Deutschlands muss besucht werden! <img src='http://www.geocaching.com/images/icons/icon_smile_big.gif' border=0 align=middle>Gesagt, getan! Ein wirklich schön gemachter Käsch. Der klitzekleine Interpretationsspielraum ergibt (zumindest solange man den Tee-Wert nicht beachtet) eine spannende Vermutung. <img src='http://www.geocaching.com/images/icons/icon_smile_big.gif' border=0 align=middle><img src='http://www.geocaching.com/images/icons/icon_smile_big.gif' border=0 align=middle> Vielen Dank auch dafür! LG hblack<br><br />]]></LOG>
<LOG><![CDATA[<img src='icon_smile.gif'>&nbsp;2009-12-27 by two rubsners<br><br />Der Cache war gut zu finden. Da es aber bereits dunkel war, konnten wir vom "Rest" nicht viel sehen - wir kommen noch mal im Hellen wieder.<br />]]></LOG>
<LOG><![CDATA[<img src='icon_smile.gif'>&nbsp;2009-12-18 by caspar79<br><br />Ganz nah daran vorbei gefahren und somit musst gerade dieser Cache, der ja ein wirklich geogrphisches muss als deutscher Cacher, auch gemacht werden. Er hat mir freue bereitet, ich hatte auch mal an einem Cache die gleiche Versteck-Idee, wurde nur leider zu oft gemuggelt, somit dann an einem "sichereren Ort" neu versteckt.<p>TFTC<br>caspar79<br />]]></LOG>
<LOG><![CDATA[<img src='icon_smile.gif'>&nbsp;2009-11-13 by David+Chrissi<br><br />Vielen lieben Dank fürs zeigen, auch wenn wir in früheren Zeiten schon einmal mit der Schulklasse diesen Ort besucht haben, ist es immer wieder ein wunderschöner Ausblick ...<p>Ohne Problem, schnell gefunden.<br>TFTC<p>David +Chrissi :-)<br />]]></LOG>
<LOG><![CDATA[<img src='icon_smile.gif'>&nbsp;2009-10-22 by Knuellfuchs<br><br />Gut und schnell gefunden. Danke für`s Verstecken. <img src='http://www.geocaching.com/images/icons/icon_smile.gif' border=0 align=middle> Der Knüllfuchs<br />]]></LOG>
<LOG><![CDATA[<img src='icon_smile.gif'>&nbsp;2009-10-11 by nasenbaer55<br><br />Regenfreier nachmittag, Muggel waren auch keine da, sodaß wir ungestört suchen und loggen konnten.<br />]]></LOG>
<LOG><![CDATA[<img src='icon_smile.gif'>&nbsp;2009-10-10 by Lektor<br><br />Vor diesem Cache hätte ich nicht gedacht, dass den Leuten so viele Wege einfallen, den Mittelpunkt Deutschlands zu bestimmen.<br>Tipp für nachfolgende Cacher: Das Fenster in der Türe zählt wohl nicht mit.(Sonst landet man auch mitten im See <img src='http://www.geocaching.com/images/icons/icon_smile_wink.gif' border=0 align=middle>.)<br>Ein kurzer Marsch durch den Regen brachte Vamp-Duck und mich dann zum Ziel, wo ich dann die letzten Zentimeter zurücklegen durfte *ächz*. Ist aber grundsätzlich ein gut gemachtes Versteck. <img src='http://www.geocaching.com/images/icons/icon_smile_approve.gif' border=0 align=middle><p>Danke für's Herlocken & Grüße!<br><br />]]></LOG>
<LOG><![CDATA[<img src='icon_smile.gif'>&nbsp;2009-10-10 by Vamp-Duck<br><br />Der letzte Cache für den Lektor und mich. Heute ging unser Urlaub zu Ende und dafür hatten wir uns diesen Cache übrig behalten.<br>Danke für den Hinweis auf diesen interssanten Ort<p>Vamp-Duck<br />]]></LOG>
<LOG><![CDATA[<img src='icon_smile.gif'>&nbsp;2009-10-10 by caprikitty<br><br />Bei einem kurzem Ausflug vom Stammtisch gefunden.<br>Danke<br />]]></LOG>
<LOG><![CDATA[<img src='icon_smile.gif'>&nbsp;2009-10-03 by commander-rabb<br><br />Wir dachten uns heute, was liegt am Tag der Deutschen Einheit näher, als mal den Geograpfischen Mittelpunkt unseres Landes aufzusuchen.<br>Trotz der frühen Stunde, war ordentlich was los vor Ort. <br>Die Fragen konnten schnell beantwortet werden und das Versteck war auch schnell ausgemacht. In einer ruhigen Minute konnten wir uns dann auch ins Logbuch eintragen.<p>Alles in allem hat uns dieser kleine Multicache gut gefallen. Von daher geben wir 4 Sternchen bei GC-Vote.<p>Danke für den Cache sagt das Team von<br>commander-rabb<br />]]></LOG>
<LOG><![CDATA[<img src='icon_smile.gif'>&nbsp;2009-09-27 by Ullina<br><br />Unser 100. Cache 	<img src='http://www.geocaching.com/images/icons/icon_smile_wink.gif' border=0 align=middle> 	<img src='http://www.geocaching.com/images/icons/icon_smile_wink.gif' border=0 align=middle> 	<img src='http://www.geocaching.com/images/icons/icon_smile_wink.gif' border=0 align=middle><br>Trotz hohem Muggelaufkommen bei wunderschönem Herbstwetter gefunden und geloggt. Danke für den Cache  	<img src='http://www.geocaching.com/images/icons/icon_smile_big.gif' border=0 align=middle>!!	 <br>Obwohl wir inder Nähe wohnen, waren wir noch nie am Mittelpunkt Deutschlands. 	<img src='http://www.geocaching.com/images/icons/icon_smile_blush.gif' border=0 align=middle> <br>Eigentlich wollten wir einen TB platzieren, aber da die Schließvorrichtung der Dose nicht mehr richtig hält, haben wir es vorgezogen, ihn wieder mitzunehmen. Außerdem ist die angegebene Größe (regular), vielleicht etwas übertrieben, denn der TB hätte gerade so reingepasst.<br> 	<img src='http://www.geocaching.com/images/icons/icon_smile_cool.gif' border=0 align=middle> Ullina 	<img src='http://www.geocaching.com/images/icons/icon_smile_cool.gif' border=0 align=middle><br />]]></LOG>
<LOG><![CDATA[<img src='icon_smile.gif'>&nbsp;2009-09-20 by darkstar666<br><br />Zusammen mit Nise15 diese schöne Dose gut gefunden. Gut, das man sie extrem muggelgeschützt loggen kann. <br />]]></LOG>
<LOG><![CDATA[<img src='icon_smile.gif'>&nbsp;2009-09-20 by nise15<br><br />Schöner Multi, tolle Dose so macht Cachen Spaß. TFTC<br />]]></LOG>
<LOG><![CDATA[<img src='icon_smile.gif'>&nbsp;2009-09-19 by F.D.W.<br><br />Zum Glück war es nur ein kleiner Multi. Den konnte man schnell auf der Durchreise mit der Motorradtruppe finden und loggen. Danke für den Cache.<br />]]></LOG>
<LOG><![CDATA[<img src='icon_smile.gif'>&nbsp;2009-09-19 by Rokop<br><br />Heute bei einer Motorrad Tour durchs Eichsfeld hier einen kleinen Halt gemacht und zusammen mit FDW geloggt. Vielen Dank!<p>Schöne Grüße, Rokop<br />]]></LOG>
<LOG><![CDATA[<img src='icon_smile.gif'>&nbsp;2009-09-14 by Sonita<br><br />Der geographische Mittelpunkt Deutschlands ist ja kein besonders attraktiver Platz, aber immerhin hab ich meine Füße mal auf Deutschlands Mitte gestellt. TFTC<br />]]></LOG>
<LOG><![CDATA[<img src='icon_smile.gif'>&nbsp;2009-09-11 by klins<br><br />...nur eine Minute ganz im Mittelpunkt stehen...und keiner hat´s bemerkt...  	<img src='http://www.geocaching.com/images/icons/icon_smile.gif' border=0 align=middle><p>Vielen Dank<br>Klins<br />]]></LOG>
<LOG><![CDATA[<img src='icon_smile.gif'>&nbsp;2009-09-04 by haitron<br><br />So den Mittelpunkt auch kennengelernt!<br>Danke sagt DER HAITRON<br />]]></LOG>
<LOG><![CDATA[<img src='icon_smile.gif'>&nbsp;2009-08-29 by anjume<br><br />Auf der Fahrt in den Urlaub den Mittelpunkt und das Opfermoor besucht.<br>Die Dose wurde dann nach kurzer Suche auch gefunden.<br>Muggel erschwerten da den schnellen Zugriff.<br>Vielen Dank für den Cache.<p>#379<p>PS: Sorry, aber ich glaube, die Dose hat dabei etwas gelitten.<br><br />]]></LOG>
<LOG><![CDATA[<img src='icon_smile.gif'>&nbsp;2009-08-20 by Die Maronis<br><br />Wir glauben, das dieser Pflicht für jeden Geocacher sein sollte. Also sagten wir uns, nun sind wir schon im Thüringer Wald, dann muß der geographische Mittelpunkt Deutschlands auch besucht werden. Vielen Dank an den Owner für diese Dose sagen die Maronis<br />]]></LOG>
<LOG><![CDATA[<img src='icon_smile.gif'>&nbsp;2009-08-14 by Karolli<br><br />Wir waren auch mit unserer Gastcacherin unterwegs, sie durfte den Cache heben  	<img src='http://www.geocaching.com/images/icons/icon_smile_big.gif' border=0 align=middle><br>TFTC<br />]]></LOG>
<LOG><![CDATA[<img src='icon_smile.gif'>&nbsp;2009-08-12 by B.F.H<br><br />Dies ist der letzte Cache auf unseren kleinen Thüringenrunde. Mit letzter Batteriekraft gefunden. <br>TFTC B.F.H<br />]]></LOG>
<LOG><![CDATA[<img src='icon_smile.gif'>&nbsp;2009-08-11 by 4 A aus A<br><br />Grüße aus Berlin an den Owner! Auch wir sind am geogr. Mittelpunkt Deutschland´s angekommen, die Aufgaben waren schnell gelöst, das Versteck ist super! Vielen Dank!<br />]]></LOG>
<LOG><![CDATA[<img src='icon_smile.gif'>&nbsp;2009-08-09 by nitschie<br><br />Schnell gefunden auf dem nach-Hause-Weg im Team mit der guten Spürnase von meinem süßen Abendstern <img src='http://www.geocaching.com/images/icons/icon_smile_kisses.gif' border=0 align=middle> und unserer Gastcacherin Isabell...<br />]]></LOG>
<LOG><![CDATA[<img src='icon_smile.gif'>&nbsp;2009-08-09 by Abendstern<br><br />Auf dem Weg nach Hause schnell den Cache mitgenommen..<br>Unterwegs mit meinem Schatz Nitschie und Gastcacherin Isabel..<br />]]></LOG>
<LOG><![CDATA[<img src='icon_smile.gif'>&nbsp;2009-08-02 by Bunny83<br><br />haben hier in niederdorla beim kübel-weltrekord teilgenommen :)<br>schöner cache, leider hatten wir fürs museum keine zeit!<br />]]></LOG>
<LOG><![CDATA[<img src='icon_smile.gif'>&nbsp;2009-08-01 by Zwergmd<br><br />hui, hätte man eigentlich auch gleich drauf kommen können wo er liegt, aber trotz dem gefunden =)<br />]]></LOG>
<LOG><![CDATA[<img src='icon_smile.gif'>&nbsp;2009-07-28 by halligalli<br><br />auf einem netten ausflug gefunden, besonders empfehlenswert ein besuch des außengeländes des museums, danke für's zeigen !<br>steffen<br />]]></LOG>
<LOG><![CDATA[<img src='icon_smile.gif'>&nbsp;2009-07-28 by sassolungo<br><br />Gut aufgehoben, an diesem markanten Ort.<br>Bauch legen war nicht, daher kein Eintrag ins Logbuch-<br>aber gefunden!<br>Gutes Versteck!<br />]]></LOG>
<LOG><![CDATA[<img src='icon_smile.gif'>&nbsp;2009-07-19 by ringelrute<br><br />Schöner Ort, gutes Gefühl, mal so richtig in der Mitte zu sein! Danke.<br />]]></LOG>
<LOG><![CDATA[<img src='icon_smile.gif'>&nbsp;2009-07-19 by Haseltiger<br><br />...dafür dass es DIE MITTE ist, ist hier ja wenig los....<br>aber leckere Kirschen wachsen hier fast in der Mitte!!!<br />]]></LOG>
<LOG><![CDATA[<img src='icon_smile.gif'>&nbsp;2009-07-19 by quequec<br><br />tolles versteck, so mittendrin... beim badengehen oder hundeschwimmenlassen vorsicht vor den wachschwänen!<br />]]></LOG>
<LOG><![CDATA[<img src='icon_smile.gif'>&nbsp;2009-07-19 by papahoge<br><br />Hier war ich vor vielen Jahren schon mal. Da lag hier aber noch keine Dose. <br />]]></LOG>
<LOG><![CDATA[<img src='icon_smile.gif'>&nbsp;2009-07-19 by keythie1<br><br />Gemeinsam mit Quequec nach anstrengendem Feierwochenende in meiner alten Heimat(-stadt) Mühlhausen auf dem Rückweg endlich mal zum Mittelpunkt Deutschlands gekommen. 1000x vorbei gefahren und nie abgebogen. Danke fürs Herführen!!<br>Schönes Versteck, aber schwer zu suchen bei Muggleaufkommen...<br>eine hat Wache geschoben, der andere geloggt.<br>TFTC<br />]]></LOG>
<LOG><![CDATA[<img src='icon_smile.gif'>&nbsp;2009-07-07 by cire-senga<br><br />Am Urlaub auch das Mittelpunkt Deutschlands gesucht und gefunden!! Sehr gute versteckplatze!! <p>TFTC  7-7-09  13.10 u.<p>team cire-senga<br />]]></LOG>
<LOG><![CDATA[<img src='icon_smile.gif'>&nbsp;2009-06-16 by kaFFeeTrinKer<br><br />Dieser Cache ist ein Muß für jeden Erdvermessungstechniker(Cacher).<br />]]></LOG>
<LOG><![CDATA[<img src='icon_smile.gif'>&nbsp;2009-06-15 by Mermin<br><br />Während die Großen sich noch umschauten, hatte Kind 1 die Dose schon erspäht.<p>Danke und Grüße, Mermin<br />]]></LOG>
<LOG><![CDATA[<img src='icon_smile.gif'>&nbsp;2009-06-04 by Mr. Eggshell<br><br />Schnell gefunden und überraschend muggelfrei geloggt :) Sehr schönes Versteck und fachmännisch angebrachter Cache ^^<br />]]></LOG>
<LOG><![CDATA[<img src='icon_smile.gif'>&nbsp;2009-05-22 by Spider_dd &amp; Sohn<br><br />Den haben wir als Startpunkt für unsere heutige Cacherunde mit bugatti step gewählt. Interessantes Versteck! Danke!<br />]]></LOG>
<LOG><![CDATA[<img src='icon_smile.gif'>&nbsp;2009-05-22 by bugatti step<br><br />Vor einiger Zeit haben wir diesen Mittelpunkt schon einmal besucht, jedoch ohne zu wissen, daß man dort auch einen Cache finden kann.<br>Vielen Dank.<br />]]></LOG>
<LOG><![CDATA[<img src='icon_smile.gif'>&nbsp;2009-05-16 by uhri<br><br />Auf unserer Runde durch die Vogtei haben wir heut diesen historischen Ort besucht. Dose gut gefunden.<br>TFTC Uhri+Braut<br />]]></LOG>
<LOG><![CDATA[<img src='icon_smile.gif'>&nbsp;2009-05-01 by the_makis<br><br />netter kleiner Multi<br>TFTC<br />]]></LOG>
<LOG><![CDATA[<img src='icon_smile.gif'>&nbsp;2009-04-26 by Maeckschu<br><br />Wenn Muggels da sind hat man am Final wohl keine Chance ohne Aufsehen zu erregen. Aber irgendwann sind ja auch keine Muggels da. Geduld, Geduld und nochmals Geduld gehört eben beim Caching auch dazu.<p>Interessant.<p>Danke und Gruß<br>MAECKSCHU<br />]]></LOG>
<LOG><![CDATA[<img src='icon_smile.gif'>&nbsp;2009-04-16 by Team Fresko<br><br />Am geographischen Mittelpunkt Deutschlands und im Gelände des Opfermoors Vogtei gab es Interessantes zu sehen und zu lernen.Wir kommen mit den Enkeln sicher bald nochmal hier her.<br>Danke und Gruß von<br>Team Fresko.<br />]]></LOG>
<LOG><![CDATA[<img src='icon_smile.gif'>&nbsp;2009-04-15 by agp<br><br />Für Geocacher einfach ein MUSS <img src='http://www.geocaching.com/images/icons/icon_smile_approve.gif' border=0 align=middle><p>Vielen Dank für den Cache in informativer Umgebung und beste Grüße aus Berlin<br>agp<br />]]></LOG>
<LOG><![CDATA[<img src='icon_smile.gif'>&nbsp;2009-04-07 by wildthing666<br><br />Haben wir gut und schnell gefunden. Danke für den Cache.<br>LG Wildthing666 + Teddily + Kids<br />]]></LOG>
<LOG><![CDATA[<img src='icon_smile.gif'>&nbsp;2009-03-09 by Kerny77<br><br />Noch so ein toller Cache, was man alles so erfährt... wahnsinn! TFTC<br />]]></LOG>
<LOG><![CDATA[<img src='icon_smile.gif'>&nbsp;2009-02-21 by mpiep.de<br><br />21.02.2009 17:20 #87<br>bei einem besuch am mittelpunkt der erde auch den mittelpunkt deutschlands besucht  ;-).<br>TFTC und blue skies<br>mpiep.de<br />]]></LOG>
<LOG><![CDATA[<img src='icon_smile.gif'>&nbsp;2009-02-13 by 3.hand<br><br />die reise zum mittelpunkt der erde - ähh des landes. danke für's zeigen !!!<p># 165<br />]]></LOG>
<LOG><![CDATA[<img src='icon_smile.gif'>&nbsp;2009-02-06 by Kloeschen<br><br />Heute stand Kloeschen mal im Mittelpunkt mit seinem Sprung über die <img src='http://www.geocaching.com/images/icons/icon_smile_big.gif' border=0 align=middle><img src='http://www.geocaching.com/images/icons/icon_smile_big.gif' border=0 align=middle><img src='http://www.geocaching.com/images/icons/icon_smile_big.gif' border=0 align=middle>300<img src='http://www.geocaching.com/images/icons/icon_smile_big.gif' border=0 align=middle><img src='http://www.geocaching.com/images/icons/icon_smile_big.gif' border=0 align=middle><img src='http://www.geocaching.com/images/icons/icon_smile_big.gif' border=0 align=middle><br> <br>Danke an den Schatzmeister für den besonderen Cache und an Nudenn für die erfolgreiche Döschenjagd im Mühlhäuser Umland.<br />]]></LOG>
<LOG><![CDATA[<img src='icon_smile.gif'>&nbsp;2009-02-06 by nudenn<br><br />Auf Tour mit Kloeschen in Mühlhausen und Umgebung viele interssante Plätze besucht und schöne Caches gefunden.<br>Dank den fleißigen Schatzmeistern - wir kommen gern wieder.<br><img src='http://www.geocaching.com/images/icons/icon_smile.gif' border=0 align=middle>nudenn<img src='http://www.geocaching.com/images/icons/icon_smile.gif' border=0 align=middle><br />]]></LOG>
<LOG><![CDATA[<img src='icon_smile.gif'>&nbsp;2009-01-14 by haenselmen<br><br />Endlich mal ein Cache für Leute die germ im Mittelpunk stehen <img src='http://www.geocaching.com/images/icons/icon_smile_big.gif' border=0 align=middle><p>Danke<br />]]></LOG>
<LOG><![CDATA[<img src='icon_smile.gif'>&nbsp;2009-01-06 by Grottenolm87<br><br />Gut gefunden. TFTC<p>Der Grottenolm<br />]]></LOG>
<LOG><![CDATA[<img src='icon_smile.gif'>&nbsp;2009-01-02 by qt10709<br><br />Auch ohne GPS sehr gut gefunden :) T4TC und frohes Neues sagt Team qt10709!<br />]]></LOG>
<LOG><![CDATA[<img src='icon_smile.gif'>&nbsp;2008-12-25 by Kami79<br><br />uch ohne technische Hilfe gut gefunden<br />]]></LOG>
<LOG><![CDATA[<img src='icon_smile.gif'>&nbsp;2008-12-05 by holzbaecker<br><br />Eigentlich gut gefunden und loggen war auch nicht das Problem :=).<br>War eine schöne Pause in einer ruhigen Ecke  während einer Dienstreise.<br>Danke sagt Thomas<br />]]></LOG>
<LOG><![CDATA[<img src='icon_smile.gif'>&nbsp;2008-11-10 by coolbahia<br><br />Der war schnell gefunden, aber das Heben des Finals....!<br>no trade.<br>TFTC coolbahia<br />]]></LOG>
<LOG><![CDATA[<img src='icon_maint.gif'>&nbsp;2008-10-26 by Bara68<br><br />Die Dose wurde heute zum 2. Mal ersetzt. Bara68<br />]]></LOG>
<LOG><![CDATA[<img src='icon_smile.gif'>&nbsp;2008-10-24 by X-Gang<br><br />Wir haben eine andere Anzahl von Fenstern gezählt <img src='http://www.geocaching.com/images/icons/icon_smile_question.gif' border=0 align=middle>, aber es konnte einfach keine andere Zahl sein. Sehr originelles Versteck, aber die Dose ist kaputt <img src='http://www.geocaching.com/images/icons/icon_smile_shock.gif' border=0 align=middle>.<br>Danke und Grüße von der X- Gang.<br />]]></LOG>
<LOG><![CDATA[<img src='icon_smile.gif'>&nbsp;2008-10-12 by Black Hawk73<br><br />Achtung Cache braucht dringend Reparatur! Sind heute mal mit Gastcacher Manfred auf Suche gegangen und siehe da er hat ein Riesentalent! Auf Anhieb entdeckt und geloggt. Cache ist genau da wo er sein soll, ist aber in desolatem Zustand. Dose defekt (gebrochen, undicht), Coin ist auch weg, nur noch Logbuch und Stift waren auffindbar. Trotzdem schöne Lokation.<p>TFTC sagt Black Hawk73 um 11:45 Uhr<p>IN Out : nix (geht auch gar nicht)<br />]]></LOG>
<LOG><![CDATA[<img src='icon_smile.gif'>&nbsp;2008-10-03 by Hoffi1986<br><br />Schönes Wetter gewesen und schnell gefunden! TFTC<br>OUT: Travelbug<br />]]></LOG>
<LOG><![CDATA[<img src='icon_smile.gif'>&nbsp;2008-09-25 by rootpeter<br><br />brett vorm kopf... originelles versteck<br />]]></LOG>
<LOG><![CDATA[<img src='icon_smile.gif'>&nbsp;2008-09-20 by bgchristian<br><br />schnell gefunden mein erster durch zufahl<br />]]></LOG>
<LOG><![CDATA[<img src='icon_smile.gif'>&nbsp;2008-09-12 by dop3<br><br />Wir haben einen kleinen Spaziergang am Teich gemacht und zum Schluss den Cache gefunden.<p>IN :TB Blickpunkt<br>OUT: TB Waldtroll<br />]]></LOG>
<LOG><![CDATA[<img src='icon_note.gif'>&nbsp;2008-09-06 by Kruemel68<br><br />TB in<br />]]></LOG>
<LOG><![CDATA[<img src='icon_smile.gif'>&nbsp;2008-09-01 by Renault Family<br><br />Dieser Multi hat uns gut gefallen. Etwas dazugelernt und die schöne Landschaft genossen. Grüße von den Berlinern.<p>Danke sagen Sandra & Matti<br />]]></LOG>
<LOG><![CDATA[<img src='icon_smile.gif'>&nbsp;2008-08-14 by kli<br><br />hui, mittelpunkte haben uns schon immer gefallen. allerdings haben muggel da besonders viel ausdauer.<p>tschau eri&kli<br />]]></LOG>
<LOG><![CDATA[<img src='icon_smile.gif'>&nbsp;2008-08-08 by rosszwerg<br><br />Das stimmt die Coin ist weg. Den Cahce mussten wir heben, wann kommt man schon mal an so einen "Scheideweg" :-) das Gewitter wütete auch zum Glück um uns herum, also easy find - vielen Dank. <br />]]></LOG>
<LOG><![CDATA[<img src='icon_smile.gif'>&nbsp;2008-08-08 by reivella<br><br />Nicht nur für Cacher ein interessanter Ort, danke fürs Zeigen. Leider ist der "Albatross Astrolabe Geocoin" nicht mehr in der Dose. TFTC<br>Reivella mit Klein Adlerauge<br><br />]]></LOG>
<LOG><![CDATA[<img src='icon_smile.gif'>&nbsp;2008-08-06 by DerAlte<br><br />Auf unserer heutigen kleinen Cachetour auch diesen Cache gut gefunden. Danke!<br>DerAlte & Frau<br><br />]]></LOG>
<LOG><![CDATA[<img src='icon_smile.gif'>&nbsp;2008-08-06 by Traumpaar1<br><br />Schöne Runde, vorallem hatten wir früh am Morgen unsere Ruhe, traurig allerdings darüber das kein Coin da war<br />]]></LOG>
<LOG><![CDATA[<img src='icon_smile.gif'>&nbsp;2008-08-05 by qax66<br><br />Auf der Durchfahrt diesen Cache geloggt. Besten Dank fürs Zeigen!<br>QAX66<br />]]></LOG>
<LOG><![CDATA[<img src='icon_smile.gif'>&nbsp;2008-07-27 by le_rapunzel<br><br />Waren zwar schon mal hier, aber irgendwie gab es da diesen Cache noch nicht. Da wir diesesmal einen Coin mit Mission hier abzuliefern hatten, konnten wir bei einem zweiten Besuch diesen Cache auch loggen.<p>Vielen Dank fürs Verstecken.<br />]]></LOG>
<LOG><![CDATA[<img src='icon_smile.gif'>&nbsp;2008-07-27 by Capone72<br><br />Heute Mittag bei über 30°C haben wir diesen Cache gefunden. Wenn nur nicht immer diese Muggel wären... <img src='http://www.geocaching.com/images/icons/icon_smile.gif' border=0 align=middle><p>Ich habe noch einen Coin hinein getan, der wollte unbedingt hier her. Damit sollte seine Mission erfüllt sein.<p>Vielen Dank für den schönen kleinen Multi!<p>Capone72<br />]]></LOG>
<LOG><![CDATA[<img src='icon_smile.gif'>&nbsp;2008-07-12 by GeoSittiche<br><br />Auf dem Weg zu einem Geburtstag schnell geloggt.Leider war das Logbuch in unqualifizierten Händen und der Deckel der Box fehlt unserer Meinung nach auch.Haben das Buch provisorisch mit einem Schlüsselband gesichert.Unbedingt mal überprüfen.<br>Schöner Cache am Mittelpunkt Deutschlands.<br>TFTC<br>Die GeoSittiche<br><br />]]></LOG>
<LOG><![CDATA[<img src='icon_smile.gif'>&nbsp;2008-07-06 by Gapsappa<br><br />Nach dem weltberühmten Weberstedter Blasmusikfest konnten wir uns die Reise zum Mittelpunkt der Erde ... äh, Deutschlands nicht entgehen lassen.<p>Das Außengelände des benachbarten Opfermoors ist sehenswert!<p>Danke, Gapsappa<br />]]></LOG>
<LOG><![CDATA[<img src='icon_smile.gif'>&nbsp;2008-07-02 by Moor2007<br><br />Heute morgen gelogt.<p>TFTC sagt moor2007<br />]]></LOG>
<LOG><![CDATA[<img src='icon_smile.gif'>&nbsp;2008-06-07 by FroehlicheRadlerin<br><br />Auf der Suche nach einer Abkühlung im Stausee von Niederdorla haben wir heute hier kurz Halt gemacht und über die witzige Befestigung des Caches gestaunt <img src='http://www.geocaching.com/images/icons/icon_smile_big.gif' border=0 align=middle> Danke für den kurzen Umweg - ausführlich begutachtet wird die Gegend ein anderes Mal -und viele Grüße von Katja <img src='http://www.geocaching.com/images/icons/icon_smile_wink.gif' border=0 align=middle><br />]]></LOG>
<LOG><![CDATA[<img src='icon_smile.gif'>&nbsp;2008-05-24 by maceif<br><br />Schwierigkeiten mit dem Fensterzählen führten direkt ins Wasser. Nach entsprechender Korrektur aber dann recht schnell gefunden. Mal ein etwas anderes Versteck.<p>TFTC  maceif & Benni<br />]]></LOG>
<LOG><![CDATA[<img src='icon_smile.gif'>&nbsp;2008-05-20 by Chris601<br><br />Sehr schöner Cache und ziemlich geiles Final! Im Logbuch befindet sich der ein oder andere Eintrag von Muggels. Hauptsächlich von Kindern. Wie das wohl kommt ?! <img src='http://www.geocaching.com/images/icons/icon_smile_big.gif' border=0 align=middle><p>Vielen Dank!<p>#297<br />]]></LOG>
<LOG><![CDATA[<img src='icon_smile.gif'>&nbsp;2008-05-18 by littlesoldier<br><br />Museum war verschlossen, deswegen konnten wir Fenster nur schätzen und haben Position im GPS ausprobiert, bis etwas sinnvoles dabei raus kam! Versteck war dann doch sehr originell! Vorsicht,viele Angel-Muggels!<br>Letzter Eintrag vor meinem war wahrscheinlich ein Zufallsfund: "17.05.2008 Hallo, war mit meinen Opa hier! Es ist sehr schön hier <img src='http://www.geocaching.com/images/icons/icon_smile.gif' border=0 align=middle> !"<p>[This entry was edited by littlesoldier on Monday, May 19, 2008 at 11:17:16 AM.]<br />]]></LOG>
<LOG><![CDATA[<img src='icon_smile.gif'>&nbsp;2008-05-16 by Krieger_des_Lichtes<br><br />Nette Lokation. Hab dank der vielen Hinweise schnell den richtigen Riecher gehabt.<br />]]></LOG>
<LOG><![CDATA[<img src='icon_smile.gif'>&nbsp;2008-05-10 by gloomy<br><br />Schöner Cache in bekannter Umgebung. Der Final hat mir gut gefallen. VG und Danke, gloomy!<br />]]></LOG>
<LOG><![CDATA[<img src='icon_smile.gif'>&nbsp;2008-05-03 by fox-hunter_I<br><br />Nach Mutters leckerem Kaffee&Kuchen noch schnell gelogt.<br>... man sollte aber beim Fensterzählen die Fenster zählen und nicht die Glaseinsätze (auch weitläufig als Fenster bezeichnet), denn dann kommt eine Koordinate heraus, die einen  ins Wasser treibt <img src='http://www.geocaching.com/images/icons/icon_smile_blackeye.gif' border=0 align=middle>.<br>Haben das aber schnell erkannt und die richtige Zahl verwendet.<p>Gruß und weiter gehts .... (heute Nacht gehts zu dem "Nachts sind alle Karzen grau"-Cache).<br>fox-hunter_I<br />]]></LOG>
<LOG><![CDATA[<img src='icon_smile.gif'>&nbsp;2008-04-27 by TriNitroToluol2k6<br><br />Hat 'ne Weile gedauert, bis ich 'drauf kam, wo ich suchen sollte. <p>TFTC <p>Nancy & René<br />]]></LOG>
<LOG><![CDATA[<img src='icon_note.gif'>&nbsp;2008-04-26 by unwissenheit<br><br />COIN IN:<br>Parisii Geocoin<br />]]></LOG>
<LOG><![CDATA[<img src='icon_smile.gif'>&nbsp;2008-04-26 by unwissenheit<br><br />Hallo an alle!<p>Diesen Cache noch schnell vor dem Event gemacht!<br>Es ging fix aber dann als ich loggte kamen 2 Auto's angerollt,... habe gehofft sie fahren vorbei aber "es musste kommen wie es kommen musste" sie parkten und schlugen ihren Mittagsimbiss auf und waren ja nicht weit vom Versteck entfernt, nun war ich in der Zwickmühle!... Wenn sie hier 1-2h verweilen dann wird es nix mit pünktlich zum Event antreten,... also ein Herz gefasst und die 8 oder 9 Köpfige Muggelgesellschaft während ihrer wohlverdienten Pause gestört,...**hehe**<p>"Hallo Leute... wisst ihr was geocaching ist.... usw"<p>Und einer wusste bescheid und sie versprachen mir "nichts zu verraten oder zu manipulieren!" Ich würde behaupten das die 35 bis 50 Jährigen sehr glaubwürdig sind!<br>Also denke ich das sie sich nicht die sportliche Mühe gemacht haben um den Cache zu Leibe zu rücken!<p>DfdC und Gruß unwissenheit<p><br />]]></LOG>
<LOG><![CDATA[<img src='icon_smile.gif'>&nbsp;2008-03-26 by AT-AT<br><br />zusammen mit gollumgandalf gefunden, ab jetzt allein auf Tour<br>TFTC<br />]]></LOG>
<LOG><![CDATA[<img src='icon_smile.gif'>&nbsp;2008-03-26 by Gollum &amp; Galadriel<br><br />Schon bei der Ankunft den richtigen Riecher gehabt, aber trotzdem erst Fenster und Rillen gezählt und dann geloggt. Zum Glück kein Mensch zu sehen, so gings schnell.<br>TFTC<br />]]></LOG>
<LOG><![CDATA[<img src='icon_smile.gif'>&nbsp;2008-03-19 by Eichsgenossen<br><br />Heute diesen Cache gehoben,nachdem ich wie auch mein Vorgänger eine Weile am Finale warten musste.Da ist Geduld angesagt, knapp -ne halbe Stunde bis die Leute weg waren-dann schneller Zugriff.TFTC<br>        Gruß von den Eichsgenossen<br />]]></LOG>
<LOG><![CDATA[<img src='icon_smile.gif'>&nbsp;2008-03-16 by LUPO.79<br><br />Heute also trotz Regenphasen Junior geschnappt und los. Während der Lütte noch im Auto seinen Mittagsschlaf hielt, die Aufgaben absolviert und ans Bergen gemacht. Leider waren auch bei diesem unbeständigem Wetter jede Menge Muggels unterwegs, also das "Heben" kurz unterbrochen und im Auto gewartet..., als ich meinen Augen kaum traute. Sollten da vielleicht noch ein paar Cacher am Suchen sein, denn irgendwie hatten sie die Dose entdeckt... Ich also wieder hin in freudiger Erwartung Gleichgesinnte zu treffen, aber dem war nicht so. Zufallsfindermuggels, welche aber echt erstaunt und interessiert der ganzen Gechichte gegenüberstanden...<br>Die Dose wurde eigenhändig von mir wieder geschlossen und wartet nun auf den nächsten Finder...egal, ob Zufall oder nicht...  <br>TFTC<br />]]></LOG>
<LOG><![CDATA[<img src='icon_note.gif'>&nbsp;2008-03-08 by JonnyH&#252;tchen<br><br />Kilometerzähler in<br />]]></LOG>
<LOG><![CDATA[<img src='icon_smile.gif'>&nbsp;2008-03-08 by JonnyH&#252;tchen<br><br />Das war ja mal ein cooler Cache. Und das Versteck noch cooler ;)<br />]]></LOG>
<LOG><![CDATA[<img src='icon_smile.gif'>&nbsp;2008-03-08 by Kruemel68<br><br />Am Frauentag gegen Mittag haben wir diesen schönen Cache gefunden. Wirklich klasse, dank an Boris.<p>Christel & Stefan<p>no trade <img src='http://www.geocaching.com/images/icons/icon_smile_wink.gif' border=0 align=middle><br />]]></LOG>
<LOG><![CDATA[<img src='icon_smile.gif'>&nbsp;2008-03-05 by Traveler77<br><br />Bei mir kam wirklich etwas dazwischen. Aber heute die Mittagspause genutzt und diesen schönen Cache bei herlichem Wetter gehoben. <img src='http://www.geocaching.com/images/icons/icon_smile_wink.gif' border=0 align=middle> TFTC<br />]]></LOG>
<LOG><![CDATA[<img src='icon_smile.gif'>&nbsp;2008-03-04 by Hor_andy<br><br /><br>Schön das es hier wieder einen Cache gibt, ist ja schließlich ein würdiger Ort. Heute nach Feierabend diesen Neuling angegangen und schnell gemeistert, dachtde erst ich treffe den Traveler77 noch, bei ihm kam aber wohl was dazwischen. TFTC<br><br />]]></LOG>
<LOG><![CDATA[<img src='icon_smile.gif'>&nbsp;2008-03-03 by Mueckenfett<br><br />In aller Frühe auf zu meinem 499.Multi gemacht.<br>Nette Fragen wo es keinen Zweifel gab.<br>Zum Heben des Schatzes mußte ich mich dann doch noch sportlich betätigen <img src='http://www.geocaching.com/images/icons/icon_smile_wink.gif' border=0 align=middle><br>Danke für den 192.FTF und der 13.von Bara<br>Tom<br />]]></LOG>
<LOG><![CDATA[<img src='icon_greenlight.gif'>&nbsp;2008-03-02 by GC-Knecht<br><br />Published<br />]]></LOG>
</LOGS>
<NOTES><![CDATA[]]></NOTES>
<IMAGES>
</IMAGES>
<TRAVELBUGS>
</TRAVELBUGS>
<URL><![CDATA[]]></URL>
<SOLVER><![CDATA[]]></SOLVER>
    <CACHE  name = "Geographischer Mittelpunkt Deutschlands" owner = "Bara68" lat = "51,16195" lon = "10,44865" hidden = "2008-03-02" wayp = "GC19VQQ" status = "" ocCacheID = "" lastSyncOC = "20100419224808" num_recommended = "0" num_found = "-1" attributesYes = "6422528" attributesNo = "0" boolFields="1922" byteFields="50532111" attributesYes1 = "0" attributesNo1 = "0" />
</CACHEDETAILS>
