<?xml version="1.0" encoding="ISO-8859-1"?>
<CACHEDETAILS>
<VERSION value = "3"/>
<DETAILS><![CDATA[Dies ist ein Spaziergang um die Ilmenauer Teiche. Unterwegs finden
wir einen virtuellen Geocoin, treffen einen prominenten Sohn der
Stadt und finden einen echten Geocache.
<br>Dieses Cartridge habe ich geschrieben, damit mal ausgelotet werden
kann, welche Möglichkeiten Wherigo bietet.<br />
Das Szenario ist weder komplex noch ausgefeilt, aber zum
Ausprobieren gerade richtig.<br />
Die Streckenlänge ist etwa 3 km, Endpunkt ist der Bahnhof.<br />
An den Startkoordinaten könnt Ihr parken.<br />
<br />
Getestet habe ich die Strecke mit einem Pocket-PC "bluemedia PDA
255" mit GPS und Windows-Mobile mit 64 MB sowie einem Colorado 300.
Mit einem Oregon funktioniert es auch.<br />
Falls Euch die Software unterwegs abstürzt, ist das auch kein
Problem. Einfach das Cartridge neu starten und zur nächsten Station
weitergehen (oder zur letzten Station zurück), ich habe es so
programmiert, daß sich das Programm dort wieder fängt.<br />
<br />
<a href=
"http://www.wherigo.com/cartridge/details.aspx?CGUID=840765d0-2d43-45bb-9c15-c8372120babe">
Hier</a> könnt Ihr das Cartridge herunterladen, weitere
Informationen gibt's bei <a href=
"http://www.wherigo.com">www.wherigo.com</a>.<br />
<br />
Loggen darf natürlich nur, wer auch im realen Logbuch steht.<br />
Es wäre schön, wenn Ihr in den Logs vermerken könntet, welche
Geräte Ihr verwendet habt, oder ob Ihr die Cache-Koordinaten über
den Emulator herausbekommen habt <img src=
"http://www.geocaching.com/images/icons/icon_smile_wink.gif"
border="0" align="middle" />.<br />
Viel Spaß und ich bin auf Eure Kommentare gespannt.<br />
<br />
[10.05.2009] Heute, über ein Jahr nach Erstellung diese Caches ist
es mal Zeit, ein Resümee zu ziehen.<br />
Da der Cache als Test von WherIGo gedacht habe, hier das Ergebnis:
Einen WherIGo Ilmenau#2 gibt es auch über ein Jahr später noch
nicht, das sagt eigentlich alles. Meinerseits wird das auch so
bleiben.<br />
Mit einem Colorado und einem Oregon scheint alles zu
funktionieren.<br />
Diejenigen, die den Cache mit einem PDA angehen wollen, können mir
eigentlich nur Leid tun. Spielt diesen Cache lieber vorher am
Emulator durch und merkt Euch alle Angaben. Ich entschuldige mich
im Voraus für alle Komplikationen, für die ich auch nichts
kann.<br />
Da sich der Cache trotzdem einiger Beliebtheit erfreut und auch
weit gereiste Cacher angelockt hat, werde ich ihn erstmal weiterhin
pflegen.]]></DETAILS>
<COUNTRY><![CDATA[Germany]]></COUNTRY>
<STATE><![CDATA[Thüringen]]></STATE>
<ATTRIBUTES>
   <ATT>wheelchair-no.gif</ATT>
   <ATT>bicycles-yes.gif</ATT>
   <ATT>parking-yes.gif</ATT>
   <ATT>available-yes.gif</ATT>
   <ATT>dogs-yes.gif</ATT>
</ATTRIBUTES>
<HINTS><![CDATA[]]></HINTS>
<LOGS>
<OWNLOGID></OWNLOGID>
<OWNLOG><![CDATA[]]></OWNLOG>
<LOG><![CDATA[<img src='icon_smile.gif'>&nbsp;2010-04-07 by DieGrauen<br><br />Das Cartrige hat auf unserem Oregon problemlos funktioniert und so konnten wir die Dose ohne Zwischenfälle bergen.<br>Den ersten Teil der Strecke fanden wir nicht so toll (keine so schöne Gegend, an der Straße entlang usw.), aber später wurde es dann auf jeden Fall besser.<br>TFTC<br />]]></LOG>
<LOG><![CDATA[<img src='icon_smile.gif'>&nbsp;2010-04-04 by dieneundorfersucher<br><br />Unser letzter Tag in Thüringen wurde zu einer kleinen Rundreise und so kamen wir auch hier vorbei und konnten uns im Logbuch verewigen<img src='http://www.geocaching.com/images/icons/icon_smile_cool.gif' border=0 align=middle><p><img src='http://www.geocaching.com/images/icons/icon_smile.gif' border=0 align=middle>TFTC<img src='http://www.geocaching.com/images/icons/icon_smile.gif' border=0 align=middle><p><b><font face="comic sans ms"><font color="blue">LG dieneundorfersucher</font><font face="verdana"></b><br />]]></LOG>
<LOG><![CDATA[<img src='icon_smile.gif'>&nbsp;2010-04-03 by errorkommando<br><br />Dies war der zweite WhereIGo in unserer Cacherlaufbahn. Zusammen mit den tarölis machten wir uns heute auf den Weg, die Gegend um die Ilmenauer Teiche zu erkunden. Größere Probleme (abgesehen von zwei Abstürzen, was aber scheinbar normal ist) hatten wir nicht, sodass wir nach einer schönen Runde den Cache im Zielgebiet ausfindig machen konnten.<br>Auch wir würden uns über einen weiteren WhereIGo freuen!<p>Danke sagt das errorkommando<p>in/out: nix<br />]]></LOG>
<LOG><![CDATA[<img src='icon_smile.gif'>&nbsp;2010-04-03 by tar&#246;li<br><br />03.04.2010, 12:30, # 422<br>Unser erster WhereIGo Cache überhaupt. Heute gemeinsam mit dem errorkommando unterwegs in und um Ilmenau gewesen. Dank der techn. Ausstattung des errorkommandos alle Stationen gut gefunden und einen schönen Spaziergang rund um die Teiche genossen.<br>Sicherlich werden wir zukünftig den ein oder anderen WhereIGo noch machen. Vielleicht gibt's ja irgendwann mal einen Ilmenau 2 - wäre schön.<br>TFTC sagt das team taröli<br />]]></LOG>
<LOG><![CDATA[<img src='icon_smile.gif'>&nbsp;2010-03-11 by strahlemann<br><br />Na das war ja ein eisiger Start. Gleich an der ersten Station war Schluß. Warum war nix mehr zu sehen auf dm Display meines nagel neuen Oregon?!<br>Die Batterien waren auch frisch... Naja, nochmal das ganze dann gings. Um so näher ich dem Wasser kam um so wärmer wurde es. Die Sonne war heut echt genial. Aber weiter gings links, rechts wieder geradeaus. Das lief ja wie am Schnürchen. Den Coin hab ich nicht gefunden, war aber zum Glück nicht notwendig um den Cache zu finden.<br>Dieser lag im Zielgebiet einfach so ............................................ rum. Entweder das lag an der mangelden Kreativität des Owners oder meines Vorsuchers.<br>Die Runde hat Spaß gemacht und macht Lust auf mehr.<br>Auf dem Rückweg hab ich dann noch einen Lost Place auf Rädern gesehen und mich an meine Kindheit zurückversetzt gefühlt.<br>Hab noch einen Coin dagelassen, der hier in Illmenau sein zu Hause hat.<br>LG aus Dresden sagt Strahlemann<br />]]></LOG>
<LOG><![CDATA[<img src='icon_smile.gif'>&nbsp;2010-02-09 by JohnDark<br><br />Heute einen kleinen Spaziergang unternommen und mein neues Spielzeug ausprobiert. Das war definitiv mal was anderes!<br>Danke für die schöne Runde.<br>#119<br />]]></LOG>
<LOG><![CDATA[<img src='icon_smile.gif'>&nbsp;2009-12-30 by Mueckenfett<br><br />Zusammen mit Krümel68 und Matse von der Renault Family die Runde absolviert.<br>Tom<br />]]></LOG>
<LOG><![CDATA[<img src='icon_smile.gif'>&nbsp;2009-12-30 by Kruemel68<br><br />Wie Matti schon schrieb: im Team den Spaziergang absolviert. Danke, das war mein erster WhereIGo.<p>Grüße aus MHL<p>Krümel<br />]]></LOG>
<LOG><![CDATA[<img src='icon_smile.gif'>&nbsp;2009-12-30 by Renault Family<br><br />Da wir nun in Neustadt am Rennsteig im Urlaub waren, musste hier ein Besuch in Ilmenau her. Diesen WherIGo sollte nun zusammen mit Krümel68 und Mueckenfett abgegangen werden. Man war diese Runde groß, aber gefunden haben wir alles.<p>Danke sagen Max & Matti<br />]]></LOG>
<LOG><![CDATA[<img src='icon_smile.gif'>&nbsp;2009-12-27 by florifrost<br><br />Schöne Runde an den Seen vorbei, aber leider war es mal so richtig kalt. Am Final konnten wir die Dose nach kurzer Suche bergen. <p>no trade<p>TFTC florifrost<br />]]></LOG>
<LOG><![CDATA[<img src='icon_smile.gif'>&nbsp;2009-10-27 by thegorbi<br><br />Das war eine schöne Runde durch Ilmenau. Mit dem Oregon 300 hat es keine Probleme gegeben.<br>Schade das der große Teich kein Wasser hatte. Da waren Bauarbeiten zugange zwischen den Teichen.<p>thegorbi sagt herzlichen Dank<br />]]></LOG>
<LOG><![CDATA[<img src='icon_sad.gif'>&nbsp;2009-10-15 by DieKnubbels<br><br />Der WhereIgo funktionierte auf dem Oregon300 prima. Leider konnten wir das Final, trotz längerer Suche nicht finden.<p>TFTC DieKnubbels<br />]]></LOG>
<LOG><![CDATA[<img src='icon_smile.gif'>&nbsp;2009-10-01 by powerball1505<br><br />Did this one today and it worked without any trouble.<br>I enjoyed it very much...didnt know about those ponds.<p>TFTC<br>powerball1505<br />]]></LOG>
<LOG><![CDATA[<img src='icon_smile.gif'>&nbsp;2009-09-26 by Googbye41<br><br />Der erste Mal beim Wherigo ,zusammen mit Buchy Dg7nct,Schlappentiger,Geopuppy Zensi hab das geschafft,für mich persönlich das ist wie ein wunderschöne Sparziergang um die Seen,finde Wherigo ist ungefähr wie die Orginaletyp von Geocaching,damals gab es nur GPS für militäre Nutzung,so ich meine Wherigo wie Schnizeljard,aber momentan nutzt man PDA staat kleine zettel<img src='http://www.geocaching.com/images/icons/icon_smile_wink.gif' border=0 align=middle><br>natürlich auf chinesisch gelogt<br>TFTC sagt Googbye41<br><br />]]></LOG>
<LOG><![CDATA[<img src='icon_smile.gif'>&nbsp;2009-09-26 by buchy<br><br />Schöne Runde um die Seen, bei der wir unsere Geräte testen konnten. Unser Oregon zeigte aber kleine Mängel. Danke für den Cache.<br />]]></LOG>
<LOG><![CDATA[<img src='icon_smile.gif'>&nbsp;2009-09-26 by dg7nct<br><br />Einfach klasse...<p>Zusammen mit Googbye41, Schlappentiger, Team buchy und Cachedog Zensi sollten wir hier unseren ersten WherIGo erfolgreich bezwingen.<br>Die buchy´s hatten ihr Oregon dabei, Schlappentiger sein Nokia N70 und ich ging mit meinem Nokia E90 an den Start. Die erforderliche Software war auf meinem E90 fix installiert und die entsprechende Cartridge ebenfalls geladen. <br>Es lief alles wie am Schnürchen. Mein E90 funktionierte mit der Software problemlos und so konnten wir Punkt für Punkt ohne Fehler ansteuern und erreichen. <br>Die Gegend war ebenfalls sehr schön und die Wegführung sehr gut gewählt. Wir hatten unsere Freude an diesem Cache, mir und meinen Mitcachern hat es sehr viel Spaß gemacht. <br>Eigentlich ist es schade das es so wenige WherIGo´s gibt. Ich hätte gerne mehr davon...<p>Hier konnten wir einen Einblick in die Machart dieses Cachetyp´s bekommen. Ich denke, es gibt hier ungeahnte Möglichkeiten.<p>Wir werden bestimmt bei Gelegenheit wieder einen WherIGo besuchen, vielleicht kommt ja doch noch die Nummer 2 in Ilmenau?!<p>no trade<p>Danke sagt Matthias, dg7nct mit Cachedog Zensi aus Coburg!<br />]]></LOG>
<LOG><![CDATA[<img src='icon_smile.gif'>&nbsp;2009-09-26 by Schlappentiger<br><br />Zusammen mit buchy, Googbye41, dg7nct und Cachedog Zensi unseren ersten "Wherigo" erfolgreich absolviert.<br>Zum Einsatz kamen ein Garmin Oregon, ein Nokia E90 und ein Nokia N70 mit Bluetooth-GPS Empfänger.<br>Bis auf das N70 kamen die Geräte prima mit dem Cache zurecht.<br>Das N70 ist allerdings nur auf Grund eines Verbindungsfehlers mit dem GPS-Empfänger ausgestiegen, der durch ein<br>kleines Zusatzprogramm behoben werden kann.<br>Es muss also nicht immer Garmin sein. ;-)<p>Es war eine schöne Runde, die uns allen sehr gut gefallen hat. Solche Caches sollte es mehr geben.<p>TFTC<br>Schlappentiger<br />]]></LOG>
<LOG><![CDATA[<img src='icon_smile.gif'>&nbsp;2009-09-23 by gismogizmo<br><br />War gerade bei Mc und schaute mir die Caches auf dem Schlappi in Ilmenau an... Oh ein Wherigo ! Also kurzerhand das Catrige auf s Colorado gespielt und diese schöne kleine Runde gemacht.<br>TFTC<br>Viele Grüsse aus Köln<br>Gismogizmo<br />]]></LOG>
<LOG><![CDATA[<img src='icon_smile.gif'>&nbsp;2009-09-11 by jum.il<br><br />Endlich konnten wir den blauen Kreis in Ilmenau tilgen - wir bekamen übers Wochenende ein Colorado 300 geborgt <img src='http://www.geocaching.com/images/icons/icon_smile_cool.gif' border=0 align=middle><br>Unser erster WherIGo, eine spannende Sache. Ging auch perfekt los bis uns die Kiste an Stage 3 informierte, dass sie wegen schwacher Batterien nicht mehr piepsen und leuchten mag und kurz darauf abstürzte.<br>Mit den frischen Akkus waren natürlich die Stages weg <img src='http://www.geocaching.com/images/icons/icon_smile_angry.gif' border=0 align=middle> - aber Wellenreiter hat sein Cartridge wirklich nutzerfreundlich gestaltet, die paar Meter zurück und es ging problemlos weiter.<br>Vom Zwischenspeichern sind wir schnell abgekommen, dabei stürzte der Colorado regelmäßig ab - so hart, dass nur kurzes Batterieentfernen half.<br>In der Cachezone konnten wir glücklicherweise die zweite Schleife vermeiden und hielten bald die Dose in den Händen.<br>Auch das "Nachspiel" war ok und so standen wir nach ca. 90 min wieder am Auto.<p>Ja, hat uns eigentlich gut gefallen der WherIGo, vor allem muss man nix ausdrucken. Die Möglichkeiten sind hier ja nur angerissen. <br>Danke an Wellenreiter für's Ausprobieren - wir hätten nix gegen Nachahmer.<p><br />]]></LOG>
<LOG><![CDATA[<img src='icon_smile.gif'>&nbsp;2009-08-24 by hypno.toad<br><br />Endlich mein erster Whereigo, den ich auch schon länger mal angehen wollte. Heute hats dann mit Clippi mal geklappt, jedenfalls bis zum ersten Hänger nach knapp 500 Metern. Und das sollte nicht der letzte sein - ich musste während der Tour meinen PPC zigmal neu starten. Dann haben wirs zwar bis zum Ende durchgezogen und alles gefunden, aber mit einer etwas stabileren Software könnte man aus der Whereigo-Idee deutlich mehr machen.<p>in/out: nix<br>TFTC<br />]]></LOG>
<LOG><![CDATA[<img src='icon_smile.gif'>&nbsp;2009-08-24 by clippi<br><br />Seit geraumer Zeit schon wollte ich diesen WhereIGo angehen. Leider gab es meine Hardware nicht her. Da sieht es mit dem hypno.toad seiner schon besser aus.<br>Die zahlreichen Programmabstürze brachten Ihn zwar an den Rand der Verweifelung, aber es hat uns gefallen, was nicht alles möglich ist.<br>Einmal scheinen wir die Runde falsch gegangen zu sein, jedenfalls wunderte uns die Info, die dann auf dem Weg erschien. Die virtuelle Coin haben wir gut gefunden.<br>Nur stellt sich mir eine Frage: Wie um Himmels Willen kann man diesen Cache aufgrund guter Ortskenntnisse auf Verdacht finden (hä lieber "elh"!? <img src='http://www.geocaching.com/images/icons/icon_smile_shock.gif' border=0 align=middle>)?<p>Ja bleibt nur zu sagen, dass es eine wirklich schöne Runde ist, welche diesen Ilmenauer Landstrich dem Suchenden etwas näher bringt. <br>Das war dann also mein erster eigens mittels Gerät gefundener WhereIGo, während mein wirklich erster WIG zum Apoldaer Stammtisch doch mehr einer<br>Stadtführung durch den Owner ähnelte (bzw war <img src='http://www.geocaching.com/images/icons/icon_smile_big.gif' border=0 align=middle>).<p>Danke für diese schöne Runde mit diversen Informationen und liebe Grüße an den Owner,<br>Clippi<p># 157 am 24.08.2009 um 19.05 Uhr geloggt<br />]]></LOG>
<LOG><![CDATA[<img src='icon_smile.gif'>&nbsp;2009-08-09 by diemetro<br><br />Auch für mich der erste Wherigo zusammen mit dieLela und deren Oregon 300. Das gute Stück hat sich zwischendrin immer mal wieder abgeschaltet, aber ansonsten hat das gut geklappt mit dem Spaziergang. Mussten zwar noch eine Extrarunde drehen, weil ein einmal gegebener Hint später nicht mehr aufrufbar war, aber das ist vermutlich auch so gedacht. <br>Insgesamt finde ich diese Art zu cachen eine interessante Variante, deren Möglichkeiten in dieser Tour noch nicht ausgereizt wurden. Das ist nicht als gemoser gemeint, sondern als Vorfreude auf weitere Wherigo Erlebnisse.<p>Danke für die Runde und viele Grüße an wellenreiter<br />]]></LOG>
<LOG><![CDATA[<img src='icon_smile.gif'>&nbsp;2009-07-04 by Theria3<br><br />Mein erster WherIGo, war sehr interessant,wir mußten halt noch einmal zum Ziegenbock zurück, damit er uns das Versteck verrät,aber beim zweiten Anlauf dann doch gefunden.<br>Danke, viele Grüße Theria3<br />]]></LOG>
<LOG><![CDATA[<img src='icon_smile.gif'>&nbsp;2009-07-04 by diainsel.de<br><br />Heute auf einer schönen Wanderung meinen ersten WERIGO geloggt. Gefunden wurde der Cache mit einem Oregon. Wenn dieses Gerät auch viele Wünsche offen lässt, der WERIGO funktionierte problemlos.<br>Danke für den Cache,<br>Gruß<br>Eberhard<br />]]></LOG>
<LOG><![CDATA[<img src='icon_smile.gif'>&nbsp;2009-06-16 by SREagle<br><br />Heut nachmittag auf dem Weg vom Büro zurück wollt ich mal fix meinen ersten WhereIGo machen, nachdem ich Player und Cartridge schon ein paar Wochen auf meinem E-Ten Glofiish M800 rumgeistern hatte. Ein wenig verwundernd für mich war ich gleich mittendrin, wahrscheinlich, weil ich mich schon auf der Strecke befand... Dann bin ich wohl falschrum um die Teiche - links und rechts war rechts und links bei mir! Also rasch ans andere Ende des Weges und es ging einigermaßen plausibel weiter. Den virtuellen Coin konnte ich schon erahnen, aber nicht bergen. Vielleicht hab ich ja was falsch gemacht. Der Final war dann wieder einfach zu finden, dank des  Hinweises vom netten Ehepaar.<br>Danke an Wellenreiter für seine in die Cartridge investierte Arbeit. Ich muß jetzt erstmal meine Sachen zum Trocknen aufhängen und warm duschen, nachdem es "junge Hunde" geregnet hat auf dem Heimweg.<br><br />]]></LOG>
<LOG><![CDATA[<img src='icon_note.gif'>&nbsp;2009-06-11 by EM80<br><br />Coin abgelegt und wieder mitgenommen (Nachtrag)<br />]]></LOG>
<LOG><![CDATA[<img src='icon_smile.gif'>&nbsp;2009-06-11 by EM80<br><br />Mein Feiertagsausflug führte mich hierher, um endlich mal einen Wherigo zu machen. Alle Stationen mehr oder weniger schnell gefunden, inkl. dem virtuellen Coin und dem realen Cache. Mein Oregon 300 ist nur einmal beim realen Cachesuchen abstürzt, aber vielleicht hab ich beim bücken nur irgendwas gedrückt. Hat sehr viel Spaß gemacht, vielen Dank! NoTrade.<br />]]></LOG>
<LOG><![CDATA[<img src='icon_smile.gif'>&nbsp;2009-06-08 by Pimmon23<br><br />Das war eine neue Erfahrung mit unserem Oregon, der erste selbst durchgeführte Wherigo. Wir sind sehr schnell und problemlos durchgekommen. TFTC<br />]]></LOG>
<LOG><![CDATA[<img src='icon_smile.gif'>&nbsp;2009-06-05 by crissar<br><br />Dies war mein erster reell erlaufener Where-I-Go, nachdem der Where-I-Go in Apolda ja mehr einer geführten Stadtwanderung glich.<br>Der Anfang gefiel mir leider nicht so gut, da die Strecke der ersten 2-3 Stationen erstmal an einer gut befahrenen Straße entlangführt. Aber um die Möglichkeiten dieser Technik auszuloten ist das durchaus legitim und insgesamt war die Cartridge auch solide angelegt (hab's mit einem Oregon 400t absolviert).<br>Nach gefundem Coin und auch gefundener Dose um 17:40 Uhr ging's nach ca. anderthalb Stunden wieder gen Ausgangspunkt zurück.<br>Danke für die Runde<br />]]></LOG>
<LOG><![CDATA[<img src='icon_smile.gif'>&nbsp;2009-06-01 by the mueschis<br><br />Heute haben wir mal diesen WIG ausprobiert und es hat ganz gut funktioniert. Unterwegs hatten wir auch einen 'Absturz' wegen leeren Batterien <img src='http://www.geocaching.com/images/icons/icon_smile_dead.gif' border=0 align=middle>, doch das Oregon hat sich schnell wieder mit unserer Position synchronisiert! Fazit: Ein richtiger Multi macht aber ob des Suchens doch mehr Spaß! Da ist dann das ganze Team gefordert <img src='http://www.geocaching.com/images/icons/icon_smile_big.gif' border=0 align=middle>! Viele Grüße, Rico!<br />]]></LOG>
<LOG><![CDATA[<img src='icon_smile.gif'>&nbsp;2009-05-23 by gps_pirat<br><br />haben gestern den WIG absolviert und unterwegs auch den virtuellen coin gefunden (obwohl ich den auch gerne mal real gesehen hätte <img src='http://www.geocaching.com/images/icons/icon_smile.gif' border=0 align=middle> ). mit dem colorado kein problem<br>vielen dank für den WIG<br />]]></LOG>
<LOG><![CDATA[<img src='icon_smile.gif'>&nbsp;2009-05-21 by ArtThief<br><br />Nur des wegen des WIG bin ich heute aus Weimar nach Ilmenau gekommen. Es war mein Erster und funktionierende sind ja spährlich gesäht. Die Runde war interessant. Mich würde aber interessieren, ob mit der Technik noch mehr möglich ist. Auf meinem Garmin Oregon 300 funktionierte alles tadellos.<br>Die Runde war schnell absolviert, nur wunderte ich mich, warum der Final nicht am Schluß zu finden war.<p>Nichts desto trotz hat mir die Runde Spass gemacht und meine Liste ist um ein Icon reicher.<p>Vielen Dank dafür und Grüße vom ArtThief.<br />]]></LOG>
<LOG><![CDATA[<img src='icon_smile.gif'>&nbsp;2009-05-13 by Yaws<br><br />Das sollte heute mein erster WhereIGo werden, nachdem ich als Test das Tutorial durchgespielt hatte, das aber einige Male abstürzte. Nichts gutes ahnend ging ich also auf diese Tour, die aber sehr viel besser verlief und durch die mir bisher noch unbekannte schöne Teichlandschaft führte. Auf dem Weg konnten auch gleich noch die anderen zwei dort liegenden Caches gehoben werden. Probleme hatte ich nur an der Cachezone, da mir beim ersten Vorbeilaufen die berühmten Persönlichkeiten nicht angezeigt wurden. Also noch mal den Weg zurück, dann ging es ohne Probleme. Sehr schön gemacht, danke für diesen Cache! Ich finde letztendlich aber "normale" caches auch netter. Mal schauen, ob sich das durchsetzt. Wie kann man als owner eigentlich kontrollieren, dass man einen WhereIGo gemacht hat, wenn nicht wie bei diesem ein echter Cache dabei ist?<br>TFTC Yaws<br>PS. Technik: mein neues Oregon 300  	<img src='http://www.geocaching.com/images/icons/icon_smile_cool.gif' border=0 align=middle><br />]]></LOG>
<LOG><![CDATA[<img src='icon_smile.gif'>&nbsp;2009-05-09 by compiprofi<br><br />Hallo Wellenreiter, das war unser erster Cache dieser Art gemeinsam mit Heiliger Joghurt. Danke dafür. Unser erster Versuch mit dem Loox N560 schlug völlig fehl, was an der VGA Grafik des Gerätes liegt.<br>Diesmal hat alles prima geklappt. Den Hint mit dem tier zum Finale haben wir nicht verstanden. da es auch schon dunkel war, habet wir darauf verzichtet, nochmal zurück zu gehen und den Cache in brut force Manier gesucht und gefunden.<br>Bezüglich dieser Cacheart kommen wir auf alle Fälle nochmal ins Gespräch. Danke auch für das Zeigen der tollen Coins beim Event - morgen haben wir auch einen :-)<br>Viele Grüße bis zum nächsten Mal.<br>T & D<br />]]></LOG>
<LOG><![CDATA[<img src='icon_smile.gif'>&nbsp;2009-05-09 by HeiligerJoghurt<br><br />Nach dem Event  bei dem wir den Wellenreiter persönlich trafen,<br>haben wirs gemeinsam mit compiprofi probiert.<p>Meine Ausrüstung PDA "MDA Vario 1" HDC TYTN1 (Winmobile 5.0)<br>+ Bluetooth Mouse <p>Werigoauf PDA lief - aber ich habe festgestellt dass man nahe den Zielkoordinaten sehr langsam laufen sollte damit sich die neuen Aktionen auslösen -  (Trägheit bzw Nachlauf der Koordinaten wegen Bluetooth-Verbindung )<p>Deshalb hat sich bei mir die "cache zone" auch nicht geöffnet.<br>  bei compiprofis garmins-colorado 300 hats prima geklappt<p>Den Cache haben wir zum Schluss ohne Koordinaten nur per Hint gefunden.<p><br>Tausend Dank an den Wellenreiter  - finde den werigo sehr gut gemacht.<br><br />]]></LOG>
<LOG><![CDATA[<img src='icon_smile.gif'>&nbsp;2009-05-04 by elh<br><br />Mangels kompatibler Hardware (Gibt leider keinen Player für Linux und erst recht nicht für den OpenMoko Freerunner) hab ich den Cache "einfach so" gesucht und gefunden,  <img src='http://www.geocaching.com/images/icons/icon_smile.gif' border=0 align=middle>. Da ich fast jeden Tag zwischen den Teichen mit dem Fahrrad lang fahre, war das auch nicht wirklich schwer.<p>TFTC<br />]]></LOG>
<LOG><![CDATA[<img src='icon_smile.gif'>&nbsp;2009-04-24 by nor67<br><br />#1338 19:37<br>Als wir den Ownernamen lasen, dachten wir "den kennen wir doch" - richtig, in unserer Heimat, der Uckermark, gibt es auch einen Cache vom Wellenreiter.<br>Den Werigo haben wir mit unseren Oregon 300 gemacht und alles brav abgelaufen. Hat alles wunderbar geklappt, auch das mit dem Coin und am Ende wartete die Dose auf uns, die wir aber ein bisschen suchen mussten. Aber Ende gut, alles gut. <img src='http://www.geocaching.com/images/icons/icon_smile_big.gif' border=0 align=middle><br>Danke für den schönen Werigo und Grüße aus Templin.<br>NT<br />]]></LOG>
<LOG><![CDATA[<img src='icon_smile.gif'>&nbsp;2009-04-20 by Seve<br><br />Da ich kein WherIGo-fähiges Gerät besitze, musste ich mir anders helfen, um diese Runde absolvieren zu können. Den Emulator brauchte ich ebenfalls nicht, es geht auch anders <img src='http://www.geocaching.com/images/icons/icon_smile.gif' border=0 align=middle> Das Teichgebiet kenne ich schon recht gut, sodass ich die ganze Tour nicht nochmal abgefahren bin. Nachdem die Spaziergänger vorbei waren, konnte ich mich schließlich auch auf die Suche nach der Dose begeben - erfolgreich. Dankeschön!<br />]]></LOG>
<LOG><![CDATA[<img src='icon_smile.gif'>&nbsp;2009-04-10 by Dutzig<br><br />Mein 3. WherIgo.<br>Auch diesmal wurde ich von einem Programmabsturz im Oregon 400 nicht verschont.<br>Dadurch konnte ich den Coin nicht finden, aber wenigstens mußte ich nicht zum Start zurück...<br>Schöne Runde. Und empfehlenswert: Die Fischkneipe mit der Hausspezialität: Backfich.<p>Have fun...<br>Dutzig <img src='http://www.geocaching.com/images/icons/icon_smile_cool.gif' border=0 align=middle> .<br />]]></LOG>
<LOG><![CDATA[<img src='icon_smile.gif'>&nbsp;2009-04-04 by redoxxa<br><br />Schöne Runde. Hat mich dann doch auf einige Nebenwege geführt die ich bisher nicht besucht hatte. Unterwegs mit Garmin oregon 400t<br />]]></LOG>
<LOG><![CDATA[<img src='icon_smile.gif'>&nbsp;2009-03-21 by 2 awes<br><br />Dieser cache stand schon lange auf unserer Liste.Heute hat es endlich ,mit anasazi MG,geklappt. Das war eine schwere geburt mit der neuen Technick.Den cache haben wir aber schnell gefunden. Grüße 2 awes &alex<br />]]></LOG>
<LOG><![CDATA[<img src='icon_smile.gif'>&nbsp;2009-03-21 by anasaziMG<br><br />Wahr heute mit 2 awes unterwegs.Schöne runde und schnell gefunden<br />]]></LOG>
<LOG><![CDATA[<img src='icon_smile.gif'>&nbsp;2009-03-20 by Sushi_und_Soerbi<br><br />Heute endlich mal unseren ersten WherIGo gemacht, den wir schon lange auf der Liste haben. Wirs sind die Runde sogar eineinhalb mal gelaufen, weil Sushi zwischendurch total verwirrt war und nicht auf seine Frau Soerbi hören wollte. So wurde das wichtigste der ganzen Sache vergessen ^^<p>Trotzdem hat es Spaß gemacht. Unglaublich wie zutraulich bzw. aufdringlich die ganzen Enten und Schwäne am See sind. <p>TFTC sagt Team Sushi_und_Soerbi<p>P.S.: Genutzt haben wir unser Garmin Oregon 300, mit dem es wunderbar geklappt hat(wenn man auf alles hört, was da steht <img src='http://www.geocaching.com/images/icons/icon_smile_sleepy.gif' border=0 align=middle>).<br />]]></LOG>
<LOG><![CDATA[<img src='icon_smile.gif'>&nbsp;2009-03-07 by brauni2008<br><br />Heute meinen ersten WherIGo mitmachen dürfen.<p>Danke für die schöne Runde!<p><br>brauni2008<br>Team-Veste-Coburg<br>Teamfund mit gobygps und hanshans <br />]]></LOG>
<LOG><![CDATA[<img src='icon_smile.gif'>&nbsp;2009-03-07 by HansHans<br><br />Mein erste WhereIGo ;)<br>hat Spaß gemacht auch wenn man sich Technisch erst mal rantasten musste ;)<p>Danke fürs Ausarbeiten!!<p>HansHans<br>Team-Veste-Coburg<br />]]></LOG>
<LOG><![CDATA[<img src='icon_smile.gif'>&nbsp;2009-03-07 by gobygps<br><br />Trotz einiger technischer Probleme haben wir den Cache gelöst und das Ziel + Dose gefunden<p>Danke für den Cache<br> 	<img src='http://www.geocaching.com/images/icons/icon_smile_cool.gif' border=0 align=middle><br>GobyGPS<br> 	<img src='http://www.geocaching.com/images/icons/icon_smile_cool.gif' border=0 align=middle><br>Team-Veste-Coburg<p><br>Ich hatte ein Oregon 400t im Einsatz (Testgerät)<br />]]></LOG>
<LOG><![CDATA[<img src='icon_smile.gif'>&nbsp;2009-02-13 by Snoopynose<br><br />Heute war die Gelegenheit einmal so einen 'neumodschen' wherigo-Cache zu absolvieren.<br>Alles in allem hat die Runde prima geklappt. Auch den berühmten 'Sabotagebalken' durfte ich besuchen - Klasse! <br>out:TB<br>Danke für diesen Spaß sagt<br>Snoopynose<p>P.S.: Logbuch vorn noch 2 frei, notfalls noch die Rückseiten<br />]]></LOG>
<LOG><![CDATA[<img src='icon_smile.gif'>&nbsp;2009-02-10 by fuxma<br><br />Hab mir den Cache heut nach Feierabend mal vorgenommen. War ne interessante Sache. Solche Caches könnte es hier in der Gegend ruhig mehr geben.<br>In/Out: nix<p>TFTC<br />]]></LOG>
<LOG><![CDATA[<img src='icon_smile.gif'>&nbsp;2009-01-04 by hebeda<br><br />Nachdem wir uns ein neues Garmnin Colorado aus USA mitgebracht hatten, wollten wir auch mal eine solche G´schicht "abarbeiten". Der Vorteil des heutigen Tages lag zweifelsohne darin, daß man über die zugefrorenen Teiche abkürzen konnte<img src='http://www.geocaching.com/images/icons/icon_smile_big.gif' border=0 align=middle>. Danke an Wellenreiter für den Cache. Das Final lag etwas offen da, wir haben die Box so gut es ging bei frostigem Boden wieder versteckt, out TB Vikings<br />]]></LOG>
<LOG><![CDATA[<img src='icon_smile.gif'>&nbsp;2008-11-29 by biboleck30<br><br />Interessanter Cache.<br>Vielen Dank<br>biboleck30<br />]]></LOG>
<LOG><![CDATA[<img src='icon_smile.gif'>&nbsp;2008-11-14 by Nilos<br><br />Super Sache, dies war mein allererster WherIGo Cache. Von zuhause aus schon mit dem Builder gelöst, vor Ort dann aber die Runde nochmal mit einem Eten Glofiish M800 abgelaufen. <br>Ein wirklich toller Ort beim Finale, auch wenn wir um 23:00h nicht mehr viel gesehen haben. <br>Ich habe 2 TBs in die kleine Dose gepackt, dafür musste ich die Lupe "raustauschen", es war einfach nicht genügend Platz im Cache.<p>Danke an wellenreiter für den elektronischen Ausflug!<br>Grüße aus Leipzig von <br>Nilos  #666<br />]]></LOG>
<LOG><![CDATA[<img src='icon_smile.gif'>&nbsp;2008-10-28 by Mystler<br><br />Mit meinem Garmin Colorado 300 gefunden. Danke für diese Runde!<br />]]></LOG>
<LOG><![CDATA[<img src='icon_smile.gif'>&nbsp;2008-10-28 by Susi.M<br><br />Auch mich hat Mystler immer mal raufschauen lassen. Das war ein interessanter Rundgang. Hier wären wir als Touris ohne Geocaching nie langgekommen.<br>TFTC<br />]]></LOG>
<LOG><![CDATA[<img src='icon_smile.gif'>&nbsp;2008-10-28 by Frank.F<br><br />Unser erster WherIGo Cache. Dank Mystlers Colorado konnten wir ihn heute ausprobieren. Danke für die Runde.<br />]]></LOG>
<LOG><![CDATA[<img src='icon_smile.gif'>&nbsp;2008-10-23 by Flitzpiepe<br><br />Nach dem Uni-Besuch war dringend noch ein bissel Frischluftschnappen und Beinevertreten nötig. <br>Den Anfang die Straße entlang fand ich weniger einladend, aber dann gings ja recht bald zu den Teichen. Die Gegend war mir allerdings vom angrenzenden Multi noch gut in Erinnerung, hat aber im Herbst auch ihren eigenen Reiz.<br>Alles war gut zu finden (mehr dazu bei Wherigo), virtuelle Coin und Dose kein Problem, obwohl ich die Ziegenböcke nicht begrüßt hatte. Bei der Schranken-Story überkamen mich wilde nostalgische Gefühle, obwohl ich gestehen muß, daß in meiner Diplomarbeit das Wort nicht vorkam <img src='http://www.geocaching.com/images/icons/icon_smile_big.gif' border=0 align=middle>. Übrigens war die Schranke an diesem schönen Herbsttag nicht ein einziges Mal zu, obwohl ich sie fünfmal überquert habe. Nostalgie ist auch nicht mehr das, was es mal war! <img src='http://www.geocaching.com/images/icons/icon_smile_wink.gif' border=0 align=middle><img src='http://www.geocaching.com/images/icons/icon_smile_big.gif' border=0 align=middle><br>Vielen Dank für die gut geführte Runde!<p>no trade<p>#2649<br><br />]]></LOG>
<LOG><![CDATA[<img src='icon_maint.gif'>&nbsp;2008-10-14 by wellenreiter<br><br />Habe heute einen Kontrollgang gemacht. Alles ist noch da. Der letzte Eintrag im Logbuch ist vom 07.10.08. <br>Grüße an alle.<br />]]></LOG>
<LOG><![CDATA[<img src='icon_sad.gif'>&nbsp;2008-09-12 by whiterabbit_LE<br><br />Bis auf die Coinnummer haben wir leider keinen weiteren Hinweis entdecken können. Der Cache blieb uns also verborgen. Schade!<br />]]></LOG>
<LOG><![CDATA[<img src='icon_smile.gif'>&nbsp;2008-08-03 by nartim<br><br />sehr schöne runde, wobei der beginn uns etwas stutzig gemacht hat<br>(colorado)<p>thx<br>nartim<br />]]></LOG>
<LOG><![CDATA[<img src='icon_smile.gif'>&nbsp;2008-07-31 by KRABONK<br><br />Trotz Gewitter und Regen mussten wir unbedingt den WherIGo machen. Benutzt haben wir einen Asus MyPal 636. Er lief oft  nicht stabil (lag am Gerät nicht am Cartridge), sodass Krabonk des öfteren fluchte und die schöne Natur ignorierte. Die Runde liess sich gut meistern und hat viel Spass gemacht. Der virtuelle Coin ist zur großen Trauer von Krabonk nicht erschienen. Wir hoffen, dass es bald mehr Caches dieser Art gibt. <br>Großen Dank an den Owner für den liebevoll erstellten Cache.<p>Gruß Krabonk und Heidi<br />]]></LOG>
<LOG><![CDATA[<img src='icon_smile.gif'>&nbsp;2008-07-01 by zanderneomi<br><br />Dieser Cache hat mich schon lange gestört. Ich finde die Idee von WhereIGo klasse nur leider gibt es die Software nur für PocketPC und dem Garmin Colorado. Da ich aber mit meinem Siemens SXG75 cachen gehe und die schon lang angekündigte Java Version von whereigo auf sich warten lässt habe ich leider den cache im Emulator zerflückem müssen. Damit doch noch ein wenig whereigo feeling aufkommt, bin ich dann heute die gesamte strecke trotzdem abgelaufen.<p>TFTC <br>ZanderNeomi<p>no trade.<br />]]></LOG>
<LOG><![CDATA[<img src='icon_smile.gif'>&nbsp;2008-06-02 by wohnjemein<br><br />Dank technischer und praktischer Unterstützung von westi65 konnten wir diesen Schatz auch mal heben. Können uns bzgl. der diversen technischen Probleme eigentlich nur den diversen Vor"rednern" anschließen - mich hat diese WherIGo-Geschichte nicht überzeugt. Die Runde selber fand ich ebenfalls nicht so toll, aber sollte ja wohl mehr als Test dienen. Auf jeden Fall danke für die Mühe bei der Umsetzung!<p>IN: Donnerkeil<br>OUT: -<br />]]></LOG>
<LOG><![CDATA[<img src='icon_smile.gif'>&nbsp;2008-05-25 by Da7a<br><br />Schade, dass der Player so buggy ist (Am Ende wurde die Abweichung immer größer und dann is das Programm auch noch verreckt, hat nichts gespeichert und meinte, dass wir wieder von vorne anfangen sollten...). Daraufhin wurde die Datei erstmal im Editor untersucht... Ansonsten eine wirklich coole Idee.<br />]]></LOG>
<LOG><![CDATA[<img src='icon_smile.gif'>&nbsp;2008-05-25 by fnick<br><br />Hatten vor ca. zwei Wochen schonmal den Wherigo probiert. Damals war die Software leider kurz nach dem Coin (der uns auch verborgen blieb) abgestuerzt und wir hatten keine Lust, die Runde nochmal neu anzufangen.<p>Nach dem Aufschrauben des Files war die Cachestandortbeschreibung dann relativ schnell gefunden, aber es hat noch 3 Anlaeufe an verschiedentlichsten Stellen gebraucht, bis endlich klar war, welchen Weg wir gehen muessen. Umso gluecklicher bin ich nun, den Cache endlich abhaken zu koennen. Das Gute an der Sache: ich kenne das Teichgebiet nun wie meine Westentasche :)<br />]]></LOG>
<LOG><![CDATA[<img src='icon_smile.gif'>&nbsp;2008-05-22 by xivVerge<br><br />17:30 Uhr<p>Mit Joe_M trotz verbugtem Player gefunden.<br>xivVerge<br />]]></LOG>
<LOG><![CDATA[<img src='icon_smile.gif'>&nbsp;2008-05-22 by Aktuar<br><br />Mein zweiter Wherigo.<p>Diesmal mit dem neuen Handy, einem VPA Compact GPS.<br>Hatte alles an Bord.<p>TFTC<br />]]></LOG>
<LOG><![CDATA[<img src='icon_smile.gif'>&nbsp;2008-05-22 by vikking<br><br />Schatzsuche im Thüringer Wald #16<br>So kann man auch die Gegend kennenlernen!<br>Danke sagt vikking<br />]]></LOG>
<LOG><![CDATA[<img src='icon_smile.gif'>&nbsp;2008-05-22 by Joe_M<br><br />Am 22. Mai 2008 um 17:30Uhr als #101 gefunden.<p>Wir waren zu zweit unterwegs und das war auch gut so, denn das  WherIGo auf meinem Xda neo (gekoppelt mit einem Royaltek RBT 2300 GPS) ist öfter hängen geblieben. Irgendwann hab ich es zu gemacht und neu gestartet allerdings konnte er dann den Spielstand nicht laden.<br>Beim Verge lief es zum Glück weiter (wenn auch nicht immer so wie gedacht) und so haben wir den Cache gefunden, die Coin unterwegs aber leider nicht entdeckt.<p><br>Das Konzept ist an sich nicht schlecht, aber das Programm läuft leider nicht einwandfreid. Mir fehlt auch die Karte im Hintergrund durch die man eine Ahnung bekommt, wo man da eigentlich hinlaufen soll. Es ist zwar sicher einfacher als ein Multi, wenn man einfach ein Cartridge kopieren muß, allerdings nur für den Cacher, nicht den Owner.<p><br>TFTC, Joe<br />]]></LOG>
<LOG><![CDATA[<img src='icon_smile.gif'>&nbsp;2008-05-19 by westi65<br><br />Hatte heute endlich mal die Gelegenheit, diese neue Art von Cache auszuprobieren. Bis zur virtuellen Coin hat auch alles wunderbar funktioniert. Die Coin hab ich aber leider auf Grund plötzlich stark schwankender Koordinaten nicht gefunden. Auch danach haben die Koordinaten ziemlich verrückt gespielt, ob das an einem möglicherweise ziemlich leeren Akku des GPS-Receivers lag oder an anderen Dingen kann ich nicht genau sagen (ich werde die zweite Hälfte sicher noch einmal mit vollen Akkus angehen). Den Cache hab ich aber dennoch gut gefunden, da ich ja den entscheidenenden Hinweis schon vorher bekommen hatte.<p>Insgesamt finde ich, dass das eine interessante neue Variante des Geocachens ist. Welche Möglichkeiten sich daraus ergeben, wird sich zeigen.<p>Danke für den Cache!<p>Ausrüstung: T-Mobile MDA III + Falcom Mambo2 GPS<br />]]></LOG>
<LOG><![CDATA[<img src='icon_smile.gif'>&nbsp;2008-05-18 by precor&#252;l<br><br />Haben diese neue Cacheform heute auch zum ersten Mal getestet und sind begeistert. Hoffentlich gibts in Zukunft mehr von der Sorte hier in der Umgebung.<p>Ausrüstung: Yakumo DeltaX 5 BT<br />]]></LOG>
<LOG><![CDATA[<img src='icon_smile.gif'>&nbsp;2008-05-14 by TheLo<br><br />Heute bei einem gemütlichen Spaziergang gut gefunden. Sind den Weg schon sehr oft gelaufen, dieses Mal sogar mit einem Ziel vor Augen :) Ich finde die WherIGo Caches super interessant. Hoffentlich gibts davon bald jede Menge mehr davon. Allerdings hatte der Client auf meinem MDA so einige Probleme mit dem GPS Update. Bis zum nächsten WherIGo Cache sind diese Probleme sicher behoben. TFTC!<br />]]></LOG>
<LOG><![CDATA[<img src='icon_smile.gif'>&nbsp;2008-05-10 by wieschoa<br><br />wir waren mit einem colorado 300 unterwegs. haben alles real durchgespielt und alles sehr gut gefunden. danke für die schöne runde...<br />]]></LOG>
<LOG><![CDATA[<img src='icon_smile.gif'>&nbsp;2008-05-04 by uhrks<br><br />Ok ok ich hab gecheated<img src='http://www.geocaching.com/images/icons/icon_smile_blush.gif' border=0 align=middle> aber ich hab ihn gefunden<img src='http://www.geocaching.com/images/icons/icon_smile_cool.gif' border=0 align=middle>.<br>In Ermangelung eines GPS-fähigen Pocket-PC oder gar eines Colorado hab ich das mit dem Builder versucht aber irgentwie hat das alles nicht funkioniert. Daraufhin hab ich mich der neuen Technik auf die althergebrachte Methode genähert (erst mal aufschrauben und gucken was so drinne steckt<img src='http://www.geocaching.com/images/icons/icon_smile_wink.gif' border=0 align=middle>) und siehe da mit Ortskenntnis gut gefunden.<br>Generell glaube ich da steckt eine Menge Potential drin, wenn auch die nächste Runde im Wettrüsten eingeläutet wurde. Aber was soll's telefonieren kann auch nur der, der ein Telefon hat.  <br />]]></LOG>
<LOG><![CDATA[<img src='icon_maint.gif'>&nbsp;2008-04-24 by wellenreiter<br><br />Wartung durchgeführt, bitte Cartridge Version 1.5 benutzen.<br />]]></LOG>
<LOG><![CDATA[<img src='icon_enabled.gif'>&nbsp;2008-04-24 by wellenreiter<br><br />Das Cartridge (Version 1.5) funktioniert wieder. Getestet habe ich mit dem Builder der Version 2.0.5018.3550  und einem Colorado mit Firmware 2.51.<br>Vielen Dank an nudenn für den Hinweis.<br>Ich werde nicht versprechen, daß ich in Zukunft Zeit und Lust haben werde, das Cartridge bei jeder neuen Wherigo-Version auf Funktionstüchtigkeit zu überprüfen.<br />]]></LOG>
<LOG><![CDATA[<img src='icon_disabled.gif'>&nbsp;2008-04-23 by wellenreiter<br><br />Nudenn hat leider Recht: Mit der aktuellen Wherigo-Version funktioniert das Cartridge nicht mehr, da die nächste Zone nicht mehr angezeigt wird. Der Cache macht erstmal eine Pause.<br />]]></LOG>
<LOG><![CDATA[<img src='icon_smile.gif'>&nbsp;2008-04-20 by Hondje Amanda<br><br />Ich schließe mich meiner Familie vom Team Fire 6 Ice an. Habe viele Enten gesehen, die Schwäne habe ich allerdings links liegen lassen, die waren mir zu groß und fauchten mich immer an.<p>Vielen Dank sagt <p>Euer Hondje Amanda<br />]]></LOG>
<LOG><![CDATA[<img src='icon_smile.gif'>&nbsp;2008-04-20 by Team Fire &amp; Ice<br><br />Der stand schon lange auf unserer Liste. <br>Heute konnten wir ihn endlich gemeinsam mit SwedenHawk (danke für die hervorragende Vorbereitung), Team BBM und Hondje Amanda lösen. Interessante Cacheart die viele Möglichkeiten offen läßt. Auch auf unserem PDA ASUS 636N war die Datei drauf und wir konnten den Weg sehr gut verfolgen. <p>Danke und Gruß sagt das<br>Team Fire & Ice<br>Steffi und Heiko<br />]]></LOG>
<LOG><![CDATA[<img src='icon_smile.gif'>&nbsp;2008-04-20 by Team BBM<br><br />Heute gemeinsam mit SwedenHawk, Team Fire & Ice und Hondje Amanda im Verband auf Arche Noah Tour gewesen. Auf dem Heimweg noch in Ilmenau halt gemachtum den Wherigo zu finden. Zuerst haben wir die Dose gefunden und geloggt, dann suchten und fanden wir auch noch die Coin. <p>Danke für diesen Wherigo <br>Team BBM<p><br />]]></LOG>
<LOG><![CDATA[<img src='icon_smile.gif'>&nbsp;2008-04-20 by SwedenHawk<br><br />schon vor Wochen haben ich diesen Wherigo im Emulator durchgespielt... nun ging es endlich zusammen mit Team Fire & Ice, Team BBM und Hondje Amanda vor Ort weiter. <br>Zuerst haben wir die Dose gefunden und geloggt, dann suchten und fanden wir auch noch die Coin. <br>Da ich seit Freitag auch noch einen Colorado mein eigen nennen kann, habe ich ein paar Stationen vor Ort auch mit dem Colorado getestet. <br>Danke für meinen ersten Wherigo sagt<br>SwedenHawk<br />]]></LOG>
<LOG><![CDATA[<img src='icon_needsmaint.gif'>&nbsp;2008-04-20 by nudenn<br><br />Ich wollte eigendlich meinen Colorado hier mal ausprobieren - am Parkplatz angekommen wurden aber keine weiteren Lokationen angezeigt. <br><br />]]></LOG>
<LOG><![CDATA[<img src='icon_smile.gif'>&nbsp;2008-03-29 by C/M<br><br />Alle Stationen gut gefunden.  Ursprünglich hatte ich das Ganze aufgrund der örtlichen Nähe mal in einer Mittagspause mit wohnjemein angehen wollen, aber jetzt hat es sich doch anders ergeben. <img src='http://www.geocaching.com/images/icons/icon_smile_clown.gif' border=0 align=middle>  War dann auch etwas länger als erwartet.<p>Die "Abarbeitung" der Cartridge hat in jeder Hinsicht funktioniert.  Reizvoller wird das Ganze bestimmt noch, wenn die virtuelle Seite mit den Möglichkeiten des Systems noch etwas ausgebaut wird, sodass man z.B. wie in der Tutorial-Cartridge auch grafische Elemente verwendet und virtuelle Gegenstände findet, mit denen man dann etwas anstellt.<p>Ansonsten müssen wir Anderen zustimmen: Nur mit dem Richtungspfeil und der Entfernung einen Punkt anlaufen zu müssen, mag in bekanntem Terrain gut funktionieren, aber bei hinreichend großer Distanz kann das in fremdem Gelände schon anspruchsvoll sein (gegenüber der aufgezeichneten Route oder gar einer Geländekarte als Referenz).<p>Verwendet haben wir einen Asus A636N, der sogar WherIGo-Player und BeeLineGPS parallel verkraftet.<p>Danke dafür, das Konzept auch hier in der Gegend testbar gemacht zu haben! <img src='http://www.geocaching.com/images/icons/icon_smile.gif' border=0 align=middle><p>Out: GC Germany 2007 Series 2.<p><br>Team blue/RU<p>[This entry was edited by curio77 on Saturday, March 29, 2008 at 12:46:47 PM.]<br />]]></LOG>
<LOG><![CDATA[<img src='icon_smile.gif'>&nbsp;2008-03-26 by lightmen<br><br />Auch dank der Emulationssoftware den Zielort herausbekommen. Daher sind wir leider nicht die ganze Runde gelaufen, sondern haben uns gleich zum Cache begeben. Ich finde diese neue Art Caches eigentlich ziemlich gut. Mein Problem besteht darin, dass mein GPS-Gerät nicht mit diesen Dateien zurecht kommt. Daher verliert dieses Konzept etwas an Spaß und wird zu fast reiner Homearbeit.<p>Mfg lightmen<br />]]></LOG>
<LOG><![CDATA[<img src='icon_sad.gif'>&nbsp;2008-03-26 by ew742<br><br />Tja, es hätte alles klappen können....aber....<br>Ich war aus dienstlichen Gründen in Ilmenau und hatte mir diesen Cache hier als Ergänzung herausgesucht. Also frisch an den Start und nach zwei, drei Startversuchen hatte der Player auf dem PDA auch das eigentlich schon längst bekannte GPS-Empfangsteil wiedergefunden. Bis zur Station mit den Tieren lief alles glatt, dann stürzte diese komische Software ab und wollte, das ich nochmal komplett von vorn anfange...Mir war die Lust vergangen, habe so leider keinen Cache gefunden, keine virtuelle Coin getroffen und keine reale Coin abgelegt...<br>Wäre schön, wenn der Player ein Speicher der erledigen Stationen zulassen würde oder es gar selbst übernehmen würde...<p>Bin ein bisschen frustriert zur Schatzinsel abgereist.<br>EW742<br />]]></LOG>
<LOG><![CDATA[<img src='icon_smile.gif'>&nbsp;2008-03-26 by mamy1<br><br />Heute die entsprechende Software auf dem PC installiert und im Emulator des Wherigo-Makers den Cache virtuell durchgespielt. Im Anschluss das Ganze in die Realität verlagert und den Cache gut gefunden. <br>Was ich von der neuen Cacheart halten soll, fällt mir im Moment schwer zu beurteilen. Es wird sicherlich vieles möglich sein, wobei aber auch weiterhin die Idee und deren Umsetzung im Mittelpunkt stehen dürfte. Auf jeden Fall haben wir uns über das neue Icon gefreut und wenden uns nun wieder dem "Altbewährten" zu.<p>In: Coin   Out: Coin<p>Viele Grüße von mamy1<br />]]></LOG>
<LOG><![CDATA[<img src='icon_smile.gif'>&nbsp;2008-03-11 by rudi_pd<br><br />Heute bin ich endlich mal dazu gekommen, mir die entsprechende Software zu installieren, nachdem ich gelesen hatte, dass im Wherigo-Maker ein Emulator enthalten ist. Nach einem "Durchspielen" bei vorhandener 100%iger Ortskenntnis entwickelte sich das ganze zu einem lockeren D1/T2-Tradi. <br>Ich denke, dass es wie bei jeder anderen cache-Art auch es hier Begeisterte und Gegner geben wird. Soll jeder machen, wie er will....<br>Ich jedenfalls kann (noch?) nicht entdecken, was das hier mehr sein soll, als ein technisch aufwändigerer Multi. Letztendlich entscheidet doch die gute Idee über einen guten Cache. Wie das dann aber technisch umgesetzt wird, ist eine ganz andere Frage. Aber z.B. NZ48's Kickelhahn: wäre der wirklich besser und interessanter, wenn durch das Abwandern der Wegweiser einzig das kleine "Kästchen" jedesmal "Klick" macht, wenn man ankommt und wenn alle 4 gefunden sind, automatisch die finalen Koordinaten angezeigt werden? Ist es nicht gerade das selbst suchen und entdecken der Stationen das, was Spass macht?<br>Die Technik selbst, so verbesserungswürdig sie auch noch ist, hat Zukunft, aber meiner Meinung nach für GPS-gestützte Wanderungen oder elektronische Stadtführungen usw., die dann sicherlich auch Geld kosten, vorbereitet ist das ja schon <img src='http://www.geocaching.com/images/icons/icon_smile_sad.gif' border=0 align=middle>. Selbst bei dem Beispiel hier findet doch das Finden des caches fast beiläufig nebenher statt. Sollte das aber eigentlich nicht der finale Höhepunkt einer cache-Suche sein?<br>Wie gesagt, es gibt andere Meinungen, die ich akzeptieren aber nicht teilen muss; das hier ist die meine!<p>(Trotzdem) vielen Dank für den Cache, weil der (für mich) schönste Augenblick, die Dose zu heben, auch heute vorhanden war <img src='http://www.geocaching.com/images/icons/icon_smile.gif' border=0 align=middle> und weil ich das ganze mal ausprobieren konnte, sagt<br>D. aus Ilmenau<br />]]></LOG>
<LOG><![CDATA[<img src='icon_note.gif'>&nbsp;2008-03-09 by tetley032<br><br />Habe heute den virtuellen Cache nachgeloggt. Manchmal ist man soooowas von blind...<br />]]></LOG>
<LOG><![CDATA[<img src='icon_note.gif'>&nbsp;2008-03-08 by ArnGeko<br><br />GC in/out<br />]]></LOG>
<LOG><![CDATA[<img src='icon_smile.gif'>&nbsp;2008-03-08 by ArnGeko<br><br />Nun, ich musste nun doch nicht bis Weihnachten warten ... habe die Aufgabe ausschliesslich mit Windows - Bordmitteln bewältigt, ohne Emulator und Telejoker <img src='http://www.geocaching.com/images/icons/icon_smile_big.gif' border=0 align=middle>. Und heute gings punktgenau direkt zum Final.<br>Vielen Dank für diesen schönen Cache und das neue Symbol im Profil <img src='http://www.geocaching.com/images/icons/icon_smile_cool.gif' border=0 align=middle>.<br />]]></LOG>
<LOG><![CDATA[<img src='icon_smile.gif'>&nbsp;2008-03-08 by Cachergirl Tina<br><br />Mit ArnGeko mitgegangen und als Erste entdeckt <img src='http://www.geocaching.com/images/icons/icon_smile_big.gif' border=0 align=middle><br>Auch den virtuellen Coin hab ich zuerst gefunden!<br>IN: GC<br />]]></LOG>
<LOG><![CDATA[<img src='icon_smile.gif'>&nbsp;2008-03-06 by Nuglaz<br><br />Sooo, nachdem ich mich nun selbst überreden konnte, die entsprechende Software einfach mal auszutesten, konnte ich den Rundgang am PC gut machen. Irgendwie kenne ich mich dort ganz gut aus, ist doch gar nicht weit entfernt auch der Tierparkcache......<br>Schöne Runde, eigentlich interessante Sache, aber ob sich das so durchsetzen wird? Es ist schon fast etwas zu viel Spiel dabei und man könnte dabei irgendwann vollbepackt mit PDA und weiterem Equipment durch die Natur laufen und von Selbiger kaum mehr etwas mitbekommen...<br>Gruß an alle von Nuglaz!<br />]]></LOG>
<LOG><![CDATA[<img src='icon_smile.gif'>&nbsp;2008-03-05 by Kuchenmops<br><br />Mangels mobiler Rechentechnik habe ich den Rundgang virtuell am heimischen Rechner nachgespielt. Durch die sehr gute Ortskenntnis hatte ich an jeder Stelle das reale Umfeld vor Augen. Schade daß die Angelegenheit momentan noch so stark verbesserungswürdig ist (Hardwaresupport, Benutzerfreundlichkeit), wenn irgendwann mal ein Gerätekauf ansteht wird es sicher eins was auch hierfür taugt.<br>Den Cache habe ich an seinem Platz trotz perfekter Tarnung schnell ausfindig gemacht.<p>Vielen Dank für den Cache!<br />]]></LOG>
<LOG><![CDATA[<img src='icon_smile.gif'>&nbsp;2008-03-05 by wokelli<br><br />Ganz ohne teure Technik nur mit einem herkömmlichen GPS Gerät gefunden. Dadurch hat sich der Schwierigkeitsgrad für mich auch ein **** Rätzelcache erhöht. Da ich die Gegend hier genau kenne, habe ich mir die Datei am Rechner angesehen und bin die Runde in Gedanken gegangen. Dann natürlich noch schnell zum Realen Cache. Der wirklich sehr gut getarnt ist, aber dank exakter Koordinaten und Hint schnell gefunden. <br>Gruß Wokelli<br />]]></LOG>
<LOG><![CDATA[<img src='icon_note.gif'>&nbsp;2008-03-04 by wellenreiter<br><br />Habe eine neue Cartridge-Version hochgeladen. Alle, die demnächst mit einem PDA diesen Cache angehen wollen: Bitte updaten.<br>Ich bin diese Tour heute mit NZ48 abgelaufen und konnte so auf einige Schwächen in der Bedienbarkeit aufmerksam werden.<br>Die Kopplung GPS-PDA läßt in der Tat zu wünschen übrig. Wären wir dem wirren Richtungspfeil gefolgt, wären wir wohl öfters im Teich gelandet. Ich habe jetzt versucht, dies durch Weganweisungen zu umgehen. <br>Vielen Dank an NZ48, daß er sich als „Versuchskaninchen“ zur Verfügung gestellt hat. Führungen wird es hier erstmal nicht geben, es wäre einfach unfair denjenigen gegenüber, die diesen Cache aus eigener Kraft schaffen wollen.<br />]]></LOG>
<LOG><![CDATA[<img src='icon_note.gif'>&nbsp;2008-03-04 by Nuglaz<br><br />Wenn Wellenreiter hier "Führungen" anbietet, wäre ich ehrlich gesagt auch einmal interessiert - ich meine dies ERNST!Vielleicht ist diese Idee wirklich mal zu prüfen, so könnte man sich einmal von einem in diesem Bereich erfahrenen Cacher anleiten lassen.<p>Gruß Nuglaz<img src='http://www.geocaching.com/images/icons/icon_smile_wink.gif' border=0 align=middle><br />]]></LOG>
<LOG><![CDATA[<img src='icon_smile.gif'>&nbsp;2008-03-04 by NZ48<br><br />Mangels Technik und Erfahrung im Umgang damit fragte ich erfolgreich beim Owner um Unterstützung und so zogen wir heute zusammen los. So war ich "lange" nach den ersten Funden heute Beta-Tester. Es war sehr interessant; die ungewohnte Technik zusammen mit der noch nicht perfekten Software hatte auch noch ein paar kleine Ecken und Kanten, aber es hat mir viel Spaß gemacht und ich habe viele neue Erfahrungen sammeln können. Letztendlich wird die Bereitschaft zum Kauf der technischen Ausrüstung und das Handling beim Erstellen der Caches bei der breiten Masse entscheiden, ob es viele Wherigo-Caches geben wird. Tolle Cacheideen kann ich mir jedenfalls damit vorstellen.<br>Vielen Dank an Wellenreiter für die schöne Tour und an den Vorfinder tetley032 für die perfekte Tarnung der Cachebox!<br />]]></LOG>
<LOG><![CDATA[<img src='icon_smile.gif'>&nbsp;2008-03-04 by tetley032<br><br />11:45 Uhr<br>#283<br>Ich bin am Sonntag nach dem Kickelhahnblick im Netz auf den Cache gestoßen. Habe meinen Loox betankt und bin los. Dann war es aber doch schon etwas zu dunkel und ich hatte außer dem Loox nichts mit. Ich bin die Strecke trotzdem abgelaufen und habe Heute dann bei bestem Wetter den Cache gehoben. Tja was soll ich sagen? Mal sehen wie sich das entwickelt. Ich denke auch, es könnten schöne Storys entstehen. Der erste Eindruck mit der PDA-Software war aber eher ernüchternd. Wenn ich die Gegend nicht wie meine Westentasche gekannt hätte... Im Großen und Ganzen hat es funktioniert. Aber die GPS Einbindung in die Software ist unzumutbar. Ich hatte auf dem zweiten Task noch den GPS Tuner mitlaufen und hatte dadurch ein Gefühl für die Empfangsverhältnisse, die Heute top waren. Trotzdem nur sehr sporatische Anzeige im Programm, oft keine Reaktion auf Standortwechsel etc.<br>Den virtuellen Coin habe ich nicht ergattern.<br>Hat trotzdem Spaß.<br>out: GC<p>[This entry was edited by tetley032 on Tuesday, March 04, 2008 at 11:39:47 AM.]<br />]]></LOG>
<LOG><![CDATA[<img src='icon_greenlight.gif'>&nbsp;2008-03-02 by Don Rocbeer<br><br />Published<br />]]></LOG>
<LOG><![CDATA[<img src='icon_note.gif'>&nbsp;2008-03-02 by wellenreiter<br><br />Unterwegs werdet Ihr jetzt einen Coin finden.<br />]]></LOG>
<LOG><![CDATA[<img src='icon_note.gif'>&nbsp;2008-03-02 by ArnGeko<br><br />Um das neue Icon zu kriegen muss ich wohl bis Weihnachten warten ... und bis dahin ganz brav sein ... damit ich die hierfür benötigte Ausrüstung bekomme <img src='http://www.geocaching.com/images/icons/icon_smile_blackeye.gif' border=0 align=middle>.<br><br />]]></LOG>
<LOG><![CDATA[<img src='icon_smile.gif'>&nbsp;2008-03-02 by puenktchen5<br><br />Da bin ich ja doch noch Erster geworden. Um die richtige Technik dafür zu bekommen muß ich wohl auch wie Arngeko bis Weihnachten warten aber ich habs halt mit dem Emulator gelöst und bin dann abgelaufen um den Coin und den Cache loggen zu können. Danke für die schöne Erstfinderurkunde. Vielleicht bekomme ich ja die nötige Software auch irgendwann auf mein PDA aber wie das geht und was man dazu noch braucht weiß ich noch nicht genau. Aber war mal schön das ganze auszuprobieren. Danke für den Cache<p>In/Out: Nix (außer Erstfinderurkunde)<br />]]></LOG>
<LOG><![CDATA[<img src='icon_smile.gif'>&nbsp;2008-03-02 by Bl&#252;mchenBande<br><br />Ausstattung: Intel QuadCore 3 GHz, 500 GB, 19" TFT; Windows XP Prof. SP2, PDA Emulator, Wherigo Player Version: 2.0.4807.4913  <img src='http://www.geocaching.com/images/icons/icon_smile_wink.gif' border=0 align=middle><p>Aufgrund der Schlepperei <img src='http://www.geocaching.com/images/icons/icon_smile_dead.gif' border=0 align=middle> leider den FTF verpasst <img src='http://www.geocaching.com/images/icons/icon_smile_clown.gif' border=0 align=middle>, trotzdem schöne Runde und alles gut gefunden. Vielen Dank für das neue Icon.<p>Konzept ist vielversprechend, aber die Hardwareanforderungen dürften viele abschrecken. <p>Grüße von der BlümchenBande<p>IN: Coin<br />]]></LOG>
<LOG><![CDATA[<img src='icon_smile.gif'>&nbsp;2008-03-02 by Yalla<br><br />Ein neuer Cache vom Wellenreiter, da müssen wir gleich hin!<br><img src='http://www.geocaching.com/images/icons/icon_smile_approve.gif' border=0 align=middle><br>Für diese neue Cacheart, mit neuem Icon, habe ich mich schon seid ca. 2 Wochen interessiert und jetzt gibt es den 1. in Thüringen!!! Geil<br><img src='http://www.geocaching.com/images/icons/icon_smile_tongue.gif' border=0 align=middle><br>Also heute morgen die Software auf meinem MDA Vario II mit Windows Mobile 6 und Holux Sirf III GPS Bluetooth-Antenne ohne Probleme installiert, kurz eingerichte und los ging´s nach dem Mittagessen.<br>Alle Stationen waren, ohne immer wieder kehrende Eingabe von Koordinaten, zusammen mit Zusatzinfo´s gut zu finden. Den Finale hatten wir um 15:00 Uhr in den Händen. Ohne Emulator! In dieser Cacheart steckt nach meiner Meinung viel Potenzial. Wer sich eine schöne Geschichte einfallen lässt, wird viel Beifall ernten. Auch wird sich das mit der fehlenden Hardware irgendwann ausgleichen. Ich werde mir auf alle Fälle den neuen Colorado zulegen.<p>Holger hat´s prima gemacht !!! Auch konnten die Kinder einen Moment spielen, solange  Pappa sich was notiert hat.<br><img src='http://www.geocaching.com/images/icons/icon_smile_cool.gif' border=0 align=middle><br>Vielen Dank und Viele Grüße von Yalla & Familie<br />]]></LOG>
<LOG><![CDATA[<img src='icon_note.gif'>&nbsp;2008-03-02 by Nuglaz<br><br />Oh oh oh, nun habe ich mich mal schlau gemacht zu dieser neuen Geschichte...da gehen ja die Meinungen hierzu WEIIIIT auseinander. Für die einen ist es eine neue, faszinierende und zukunftsträchtige Sache, viele andere sehen darin den Versuch von Groundspeak und v.a. Garmin, hier auf einfache Weise ein neues kommerzielles Feature anzubieten ("den Leuten "aufzudrücken") und im Gegenzug die Virtual und Locationless-Caches (manche vermuten gar einen Angriff auf die gesamte herkömmliche Cacherei)still und leise abzuschaffen.<p>Ich weiß nicht so recht, was ich darüber denken soll, aber ob ich mir hier noch teure Technik zulegen werde, um "dabei zu sein", weiß ich nicht, vermutlich werde ich es nicht tun. Ich beobachte aber gespannt die nächsten Einträge hier!!<p>Nette Grüße von Nuglaz an Euch alle!<br />]]></LOG>
</LOGS>
<NOTES><![CDATA[]]></NOTES>
<IMAGES>
    <IMG>gc19tzb_0.gif<URL>http://www.geocaching.com/images/icons/icon_smile_wink.gif</URL></IMG>
    <IMGTEXT>GC19TZB_0</IMGTEXT>
</IMAGES>
<TRAVELBUGS>
  <tb guid="cf963fb2-e96f-4670-b13f-649794f56a9b"><name><![CDATA[Wellenreiters Virtual Templar Coin]]></name><![CDATA[Dieser Coin liegt virtuell im Cache "Whereigo Ilmenau#1". Er wird Euch unterwegs begegnen.]]></tb>
</TRAVELBUGS>
<URL><![CDATA[]]></URL>
<SOLVER><![CDATA[]]></SOLVER>
    <CACHE  name = "WherIGo Ilmenau#1" owner = "wellenreiter" lat = "50,689466666667" lon = "10,9255" hidden = "2008-03-01" wayp = "GC19TZB" status = "" ocCacheID = "" lastSyncOC = "20100419235222" num_recommended = "0" num_found = "-1" attributesYes = "4196355" attributesNo = "2199023255552" boolFields="1930" byteFields="56955924" attributesYes1 = "0" attributesNo1 = "0" />
</CACHEDETAILS>
