<?xml version="1.0" encoding="ISO-8859-1"?>
<CACHEDETAILS>
<VERSION value = "3"/>
<DETAILS><![CDATA[<br>Zum Finden des 5 K Events hier eine kleine Dose plaziert.
<p>Also, schnell in eine von den Inneren rein und das Döschen ist
schnell dein.<br />
Da hier immer viel los ist, am besten spät abends oder sehr
früh.</p>
<p>Auf der Rückseite des Logstreifens findet ihr einen Teil<br />
der 5 K Event Koordinaten</p>]]></DETAILS>
<COUNTRY><![CDATA[Germany]]></COUNTRY>
<STATE><![CDATA[Thüringen]]></STATE>
<ATTRIBUTES>
   <ATT>stroller-yes.gif</ATT>
   <ATT>available-yes.gif</ATT>
   <ATT>quads-yes.gif</ATT>
   <ATT>motorcycles-yes.gif</ATT>
   <ATT>bicycles-yes.gif</ATT>
   <ATT>wheelchair-yes.gif</ATT>
   <ATT>parking-yes.gif</ATT>
   <ATT>dogs-yes.gif</ATT>
</ATTRIBUTES>
<HINTS><![CDATA[zntargvfpu]]></HINTS>
<LOGS>
<OWNLOGID></OWNLOGID>
<OWNLOG><![CDATA[]]></OWNLOG>
<LOG><![CDATA[<img src='icon_smile.gif'>&nbsp;2010-03-27 by mausebaer13<br><br />Kurz nach Satchmo77, Fhuti83 und saheimast hier angekommen. Mussten etwas warten, bis die kleine Muggelansammlung wieder verschwunden war, aber dann konnte er sich nicht mehr lang vor uns verbergen.<br>Hier wird man auf jeden Fall nicht schmutzig <img src='http://www.geocaching.com/images/icons/icon_smile_wink.gif' border=0 align=middle><br />]]></LOG>
<LOG><![CDATA[<img src='icon_smile.gif'>&nbsp;2010-03-27 by saheimast<br><br />Einen erfolgreichen Caching-Tag mit Satchmo77 und Fhuti83 in Mühlhausen erlebt. TFTC<br />]]></LOG>
<LOG><![CDATA[<img src='icon_smile.gif'>&nbsp;2010-03-27 by Fhuti83<br><br />Konnten den Cache schnell heben, obwohl viel Muggelei unterwegs war. Klar war ja auch Samstag :) TFTC<br />]]></LOG>
<LOG><![CDATA[<img src='icon_smile.gif'>&nbsp;2010-03-27 by Satchmo77<br><br />Auf Cachingtour mit Saheimast und Fhuti83 auch diesen gut gefunden! TFTC<br />]]></LOG>
<LOG><![CDATA[<img src='icon_smile.gif'>&nbsp;2010-03-13 by segelflieger14<br><br />Beim zweiten Versuch  schnell gefunden <img src='http://www.geocaching.com/images/icons/icon_smile.gif' border=0 align=middle><br>hoffentlich wird der nicht nass? :)<br>TFTC<br />]]></LOG>
<LOG><![CDATA[<img src='icon_smile.gif'>&nbsp;2010-03-13 by garminius<br><br />Bei etwas genauerem Hinschauen kein Problem, allerdings zeigten unsere Koords woandershin. Aber der zweite Versuch war dann erfolgreich. Beim Loggen entdeckten wir noch eine Kamera. Wer da wohl zuschaut? Anschließend waren wir jedenfalls noch Tanken, da wurden wir nicht komisch angeguckt. TFTC<br />]]></LOG>
<LOG><![CDATA[<img src='icon_smile.gif'>&nbsp;2010-03-13 by Garminia<br><br />Beim zweiten Versuch gefunden. K-L hat uns nochmal zurückgeschickt....<br />]]></LOG>
<LOG><![CDATA[<img src='icon_smile.gif'>&nbsp;2010-03-12 by toxic89<br><br />Mieses Versteck! TFTC<br />]]></LOG>
<LOG><![CDATA[<img src='icon_smile.gif'>&nbsp;2010-03-12 by Fox33<br><br />Schnell gefunden. TFTC<br />]]></LOG>
<LOG><![CDATA[<img src='icon_smile.gif'>&nbsp;2010-03-01 by jasper366<br><br />Gefunden, nach etwas suchen<br />]]></LOG>
<LOG><![CDATA[<img src='icon_smile.gif'>&nbsp;2010-02-28 by Carrie88<br><br /><strong>N 51° 11.888 E 010° 28.661</strong><br /><br />um die ecke gedacht und dann gefunden<br />]]></LOG>
<LOG><![CDATA[<img src='icon_smile.gif'>&nbsp;2010-02-28 by Wickeda87<br><br />Nach kurzer Suche gefunden...<br />]]></LOG>
<LOG><![CDATA[<img src='icon_smile.gif'>&nbsp;2010-02-16 by Hubertus87<br><br />Gut gefunden. Danke. <br />]]></LOG>
<LOG><![CDATA[<img src='icon_smile.gif'>&nbsp;2010-02-02 by Nalenia<br><br />nach ein wenig suchen, gefunden.<br>TFTC<br>Nalenia<br />]]></LOG>
<LOG><![CDATA[<img src='icon_smile.gif'>&nbsp;2010-01-31 by heilaender123<br><br /><br>Nachdem ich das Auto wegen Muggelgefahr schon 2 mal Waschen mußte, Heute im 3.Anlauf schnell gefunden.<br>Danke sagt der heilaender123<br />]]></LOG>
<LOG><![CDATA[<img src='icon_smile.gif'>&nbsp;2010-01-16 by Olle+Oller<br><br />Auf dem Heimweg aus dem Eichfeld diese kleine Runde noch gedreht. <p>TFTC<p>#284, Found it with Cachebox!<br />]]></LOG>
<LOG><![CDATA[<img src='icon_smile.gif'>&nbsp;2010-01-07 by beagle67<br><br />Nach kurzer Suche schnell gefunden, aber dann kam das Problem.<br>Wie kriege ich das Logbuch aus der Röhre???<br>Musste ihn für ca. 1 3/4h entführen, kurz aufwärmen (beim Chinesen essen )und weil er immer noch nicht wollte ab in die Werkstatt und mit der Zange entloggt. Für die nachfolgenden Cacher habe ich ihm einen Logbuchzieher verpasst, um das Logbuch zu schonen. <p>--18.50  bis 20.30Uhr---<p>TFTC<p>in---Logbuchzieher---<p>[This entry was edited by beagle67 on Friday, January 08, 2010 at 12:42:59 AM.]<br />]]></LOG>
<LOG><![CDATA[<img src='icon_smile.gif'>&nbsp;2009-12-31 by Reedy90<br><br />auf der Durchreise schnell gemacht!<p>TFTC<br />]]></LOG>
<LOG><![CDATA[<img src='icon_smile.gif'>&nbsp;2009-12-29 by fwsmily<br><br />Mitten am Tag und doch keiner da ! Schnell gefunden<br />]]></LOG>
<LOG><![CDATA[<img src='icon_smile.gif'>&nbsp;2009-12-12 by mediamarkt1990<br><br />Super bei der Durchreise gefunden sehr hohe muggel gefahr<br>TFTC<br />]]></LOG>
<LOG><![CDATA[<img src='icon_smile.gif'>&nbsp;2009-12-06 by DasKnie<br><br />Fix gefunden und dabei das Angenehme mit dem Nützlichen verbunden! :-)<br />]]></LOG>
<LOG><![CDATA[<img src='icon_smile.gif'>&nbsp;2009-11-24 by rageracer<br><br />Nach dem Tanken mal zum Waschplatz gefahren und dank des Sauwetters keine Muggel weit und breit.<br>Also Chance genutzt und gesucht. Nach kurzer Suche auch gefunden.<br>Das Auto ist aber immer noch dreckig, is ja auch Sauwetter.<br>Schöner Drive-In.<p>Ach ja, das Logbuch muss unbedingt getauscht werden.<br>Es wurde schon ein extra Zettel reingelgt, da das Logbuch voll ist!<p>TFTC<p>[This entry was edited by rageracer on Tuesday, November 24, 2009 at 4:19:14 PM.]<br />]]></LOG>
<LOG><![CDATA[<img src='icon_smile.gif'>&nbsp;2009-11-20 by Joe_M<br><br />Am 20. November 2009 um 21:30Uhr als #687 gefunden.<p>Auf dem Weg zu meinem ersten Event "Mueckenfett´s 5 K Event" musste man sich die Eventkoordinaten erst noch zusammen suchen. Diese Dose war damals die einzige, die ich nicht fand. Auch wenn ich den Eventort trotzdem fand so konnte doch heute diese Altlast endlich beseitigt werden <img src='http://www.geocaching.com/images/icons/icon_smile_big.gif' border=0 align=middle><p><br>TFTC,<br>Joe<br />]]></LOG>
<LOG><![CDATA[<img src='icon_smile.gif'>&nbsp;2009-11-11 by k-l<br><br />Im dritten ANlauf endlich gefunden. Manchmal sieht man den Wald vor lauter Bäumen nicht. Hatte bei jedem Besuch dort nachgeschaut aber das Blau passt halt so gut zur Umgebung, dass ich es einfach übersehen habe.<br>Habe einen kleinen Bleistift dagelassen (IKEA lässt grüßen). Das Logbuch könnte mal erneuert werden.<br />]]></LOG>
<LOG><![CDATA[<img src='icon_smile.gif'>&nbsp;2009-11-10 by Rumpel&amp;Schw&#228;rzchen<br><br />Das Cachemobil war zwar dreckig, aber wir haben die Cachesuche vorgezogen.<p>TFTC und viele Grüße vom Rumpel.<p># 767 / 10.11.2009 14:05<br />]]></LOG>
<LOG><![CDATA[<img src='icon_smile.gif'>&nbsp;2009-11-10 by malipa<br><br />Der 2. Cache zusammen mit Rumpel am heutigen Tage. Cache ist definitiv noch da, haben ihn nach kurzer Suche gefunden.<br>TFTC<br>Li vom Team Malipa<br />]]></LOG>
<LOG><![CDATA[<img src='icon_sad.gif'>&nbsp;2009-11-04 by k-l<br><br />Habs trotz intensiver Suche leider nicht gefunden. Manchmal ist man ja blind aber manchmal ist er auch einfach weg. <br />]]></LOG>
<LOG><![CDATA[<img src='icon_smile.gif'>&nbsp;2009-10-30 by Prinzessin_Mimi<br><br />Unser Auto ist zwar immer noch nicht sauber, aber wenigstens haben wir diesen Cache gefunden =)<br />]]></LOG>
<LOG><![CDATA[<img src='icon_smile.gif'>&nbsp;2009-10-30 by Darmsaft<br><br />Also DAS nenn ich mal einen Drive In :P Schöner Ort, aber wird der nicht häufig vermuggelt? TFTC.<br />]]></LOG>
<LOG><![CDATA[<img src='icon_smile.gif'>&nbsp;2009-10-24 by Richie1977<br><br />Ein schöner abschluss,einer kleinen Tour mit Fabio-Otto geloggt.<p>mfg richie1977<br />]]></LOG>
<LOG><![CDATA[<img src='icon_smile.gif'>&nbsp;2009-10-15 by boerdestern<br><br />Zusammen mit pdo fix gefunden und geloggt. <br>dfdc <br>boerdestern<br />]]></LOG>
<LOG><![CDATA[<img src='icon_smile.gif'>&nbsp;2009-10-15 by pdo<br><br />Auf dem Rückweg von Nürnberg hier kurz gestoppt und gut gefunden - bei der 50% Chance mit der inneren Box erstmal die falsche durchsucht... ;-)<br>TFTC<br>pdo<br />]]></LOG>
<LOG><![CDATA[<img src='icon_smile.gif'>&nbsp;2009-10-10 by Rurpot<br><br />Gestern Abend nach dem Geocachertreffen zusammen mit Tini1985 schnell gefunden =)<br>TFTC <br />]]></LOG>
<LOG><![CDATA[<img src='icon_smile.gif'>&nbsp;2009-10-10 by Tini1985<br><br />Ebenfalls auf dem Rückweg vom Event im Dunkeln mit Rurpot geloggt.<br>TFTF Tini1985<p>Ahso, ich glaub, hier war das Logbuch ziemlich voll.<br />]]></LOG>
<LOG><![CDATA[<img src='icon_smile.gif'>&nbsp;2009-09-29 by sissifalke<br><br />Hier trafen wir auf einige Bauarbeitermuggel, welche neue Zwischenwände in der Waschanlage einsetzen. Ein sehr aufmerksamer Muggel fand diese Dose und platzierte sie später wieder an gleicher Stelle - wir bedanken uns natürlich - dafür mußten wir unser geliebtes Hobby genau erläutern.<br>Danke und lieben Gruß aus Bayern<br>Team sissifalke <p><br />]]></LOG>
<LOG><![CDATA[<img src='icon_smile.gif'>&nbsp;2009-09-27 by Karolli<br><br />Nr. 99 <img src='http://www.geocaching.com/images/icons/icon_smile_big.gif' border=0 align=middle><br>Gut und schnell gefunden!<br>Und nun auf zu "Nachts sind alle Katzen grau"<br>TFTC<br />]]></LOG>
<LOG><![CDATA[<img src='icon_smile.gif'>&nbsp;2009-09-27 by Ullina<br><br />Das war ein einfacher von Mückenfett. Zusammen mit Karolli gefunden.<br><img src='http://www.geocaching.com/images/icons/icon_smile_big.gif' border=0 align=middle> Ullina<br />]]></LOG>
<LOG><![CDATA[<img src='icon_smile.gif'>&nbsp;2009-09-20 by darkstar666<br><br />Gut gefunden...nun haben wir HUNGER!<br />]]></LOG>
<LOG><![CDATA[<img src='icon_smile.gif'>&nbsp;2009-09-20 by nise15<br><br />Schnell gefunden mit Darkstar666 auf dem Heimweg vom Baumkronenpfad. TFTC<br />]]></LOG>
<LOG><![CDATA[<img src='icon_smile.gif'>&nbsp;2009-09-15 by hoffe_goe<br><br />Auf unsere kleinen Runde natürlich nicht links liegen gelassen.<br>TFTC!<br />]]></LOG>
<LOG><![CDATA[<img src='icon_smile.gif'>&nbsp;2009-09-07 by Hardcore-UH<br><br />naja hat sich ja gelohnt da am vortag viel los war<br />]]></LOG>
<LOG><![CDATA[<img src='icon_smile.gif'>&nbsp;2009-09-06 by Scout1973<br><br />Da Sonntag war, war nix los. Wir konnten also ungestört suchen, finden und loggen. TFTc und Grüsse! Stephan<br />]]></LOG>
<LOG><![CDATA[<img src='icon_smile.gif'>&nbsp;2009-09-06 by moosrose<br><br />leider war heute geschlossen, unser auto hätte es nötig gehabt. tftc<br />]]></LOG>
<LOG><![CDATA[<img src='icon_smile.gif'>&nbsp;2009-08-23 by compiprofi<br><br />Haben das Auto zwar nicht gewaschen, aber dafür nen cache gefunden. Da sicherlich viele diesen cache besuchen, ist das Logbuch schon übervoll. Danke fürs Zeigen und die Idee mit dem Waschen ist eigentlich gut, aber nicht, wenn man noch 30 caches auf dem Plan hat. <img src='http://www.geocaching.com/images/icons/icon_smile_big.gif' border=0 align=middle> TFTC<br />]]></LOG>
<LOG><![CDATA[<img src='icon_smile.gif'>&nbsp;2009-08-11 by David+Chrissi<br><br />Gefunden!!<br>David+Chrissi<br />]]></LOG>
<LOG><![CDATA[<img src='icon_smile.gif'>&nbsp;2009-07-11 by fox-hunter_I<br><br />Bei schönstem Radlwetter nach ein wenig Sucherei doch noch schnell gefunden (extreme Muggelgefahr)...<br>TFTC<br />]]></LOG>
<LOG><![CDATA[<img src='icon_smile.gif'>&nbsp;2009-07-10 by Theria3<br><br />Danke, bei schlechtem Wetter auch gefunden. Zum Glück.<br>Grüße Theria3<br />]]></LOG>
<LOG><![CDATA[<img src='icon_smile.gif'>&nbsp;2009-07-10 by diainsel.de<br><br />Einer geht noch, nach einem Regentag mit nassen Füssen musste der noch sein,<br>Gruß<br>Eberhard<br />]]></LOG>
<LOG><![CDATA[<img src='icon_smile.gif'>&nbsp;2009-07-02 by HomerSimson<br><br />schnell beim durchfahren gelogt : )<p>TFTC<p>HomerSimson<br />]]></LOG>
<LOG><![CDATA[<img src='icon_smile.gif'>&nbsp;2009-06-07 by the_makis<br><br />TFTC<br />]]></LOG>
<LOG><![CDATA[<img src='icon_smile.gif'>&nbsp;2009-06-01 by GnostiQ<br><br />Ungestört konnten wir nach diesem Kleinen Suchen. Beim Zurücklegen mussten wir uns dann ein wenig Beeilen, da Autowaschmuggels auf dem Gelände auftauchten. DfdC<br />]]></LOG>
<LOG><![CDATA[<img src='icon_smile.gif'>&nbsp;2009-05-31 by Stechfliege<br><br />Uuuups... Bei uns ist Sonntag das Autowaschen verboten. Kurz gewartet bis die Box leer war und geloggt.<p>DfdS<br>#177 @14:15 Uhr<br />]]></LOG>
<LOG><![CDATA[<img src='icon_smile.gif'>&nbsp;2009-05-31 by Horse-Team<br><br />Auf Tour durch Mühlhausen auch diesen Cache gut mit variblue und kpit51 bei schönem Wetter gefunden. <br>TFTC<br>Horse-Team<br />]]></LOG>
<LOG><![CDATA[<img src='icon_smile.gif'>&nbsp;2009-05-31 by variblue<br><br />Auf einer landschaftlich sehr schönen Tour nach Mühlhausen zusammen mit dem<br>Horse-Team und kpit51 haben wir auch diesen Cache gut und schnell gefunden.<br>Die Autowäsche gibt's aber erst wieder nächste Woche!<p>Danke für den Cache.<p>Gruß<br><b><font color="blue">variblue</b></font><br><br />]]></LOG>
<LOG><![CDATA[<img src='icon_smile.gif'>&nbsp;2009-05-24 by fabio-otto<br><br />1,2,3 oder 4!!!!   Danach waren wir sauber und der Cache gehoben!!!<p>thx<br />]]></LOG>
<LOG><![CDATA[<img src='icon_smile.gif'>&nbsp;2009-05-20 by wauzi08<br><br />das auto war sauber und derb cache gefunden<br />]]></LOG>
<LOG><![CDATA[<img src='icon_smile.gif'>&nbsp;2009-05-14 by Der_Doc<br><br />Heute nach einem erfolgreichen Geschäftstermin ein wenig auf Cachingtour gegangen und diesen gut und schnell gefunden.<br>trotz des hervorragenden Wetters war nicht los, so dass ich vollkommen unbeobachtet vorgehen konnte.<br>Gruß aus Dortmund.<br>T4TC<br />]]></LOG>
<LOG><![CDATA[<img src='icon_smile.gif'>&nbsp;2009-05-06 by schatzmaster<br><br />Hier waren wir schon ein paar mal...<br>Da die Koordinaten sehr ungenau sind, haben wir immer falsch gesucht. Heute aber doch gut gefunden :-)<br>T4TC,<br>Schatzmaster<br />]]></LOG>
<LOG><![CDATA[<img src='icon_smile.gif'>&nbsp;2009-05-01 by hetten2001<br><br />heute nacht schnell gefunden.<p>TFTC<p>hetten2001 & Team<br />]]></LOG>
<LOG><![CDATA[<img src='icon_smile.gif'>&nbsp;2009-04-26 by 0-Rgeiz<br><br />Diesmal zügig gefunden.<br>Den Hint von Mueckenfett  vom März hatten wir nicht vergessen.<br># 500<br>DFDC<br />]]></LOG>
<LOG><![CDATA[<img src='icon_smile.gif'>&nbsp;2009-04-25 by itzibitzi<br><br />Den haben wir uns nach einer Überdosis Verwandte als Ausgleich geholt. Ging zügig, da abends keiner mehr sein car washen mußte. <br>Beim letztenmal haben wir hier wegen zu vielen Muggels abgebrochen, war uns zu risikoreich, zumal wir mißtrauisch beäugt wurden. Nun ging's flott.<br />]]></LOG>
<LOG><![CDATA[<img src='icon_smile.gif'>&nbsp;2009-04-19 by Sobo<br><br />Alligateuse und ich haben einen Ausflug nach Muehlhausen und Umgebung gemacht und wollten an diesem Cache nicht achtlos vorueberziehen. <br>Waehrend mein GPSr mich noch an eine andere Ecke lockte, hielt alligateuse das Doeschen bereits in der Hand.<br>Herzlichen Dank fuer den Cache und Gruesse aus der Nordheide,<br>Sobo<br />]]></LOG>
<LOG><![CDATA[<img src='icon_smile.gif'>&nbsp;2009-04-19 by alligateuse<br><br />Große Mühlhausen-Tour mit sobo <img src='http://www.geocaching.com/images/icons/icon_smile_big.gif' border=0 align=middle> Hier war absolut nix los, so dass wir flugs die Dose heben konnten.<p>Danke fürs Verstecken, Grüße aus Hamburg,<br>Annett<br />]]></LOG>
<LOG><![CDATA[<img src='icon_smile.gif'>&nbsp;2009-04-19 by SAM-Hessen<br><br />Gemeinsam mit Guardiano im Rahmen des CITO Event mitgenommen.<p>Ausgerechnet wo wir hin wollten war Muggelalarm, doch den haben wir ausgetrickst:-)<p>Danke dafür sagen SAM-Hessen.<br />]]></LOG>
<LOG><![CDATA[<img src='icon_smile.gif'>&nbsp;2009-04-19 by Guardiano<br><br />Diesen im Anschluß an das Event gemeinsam mit SAM-Hessen gut gefunden. TFTC<br />]]></LOG>
<LOG><![CDATA[<img src='icon_smile.gif'>&nbsp;2009-04-19 by dragon1978<br><br />Nach dem CITO heute schnell mit gefunden. Danke<p>#818<br />]]></LOG>
<LOG><![CDATA[<img src='icon_smile.gif'>&nbsp;2009-04-19 by kallimunkel<br><br />...nach dem Event gemeinsam mit Geoanni muggelfrei gefunden.<br>Danke und Grüße aus NDH sagen die Kallimunkels<br />]]></LOG>
<LOG><![CDATA[<img src='icon_smile.gif'>&nbsp;2009-04-19 by Sharky77<br><br />Heute nach dem CITO nochmal hier gewesen. Und diesmal war auch nicht so ein Andrang hier...TFTC!<br />]]></LOG>
<LOG><![CDATA[<img src='icon_smile.gif'>&nbsp;2009-04-19 by geoanni<br><br />Nach dem CITO hier noch einmal vorbeigeschaut. Zusammen mit den Kallimunkel schnell gefunden.<br><font color="green"> Danke für <b># 137</b> und</font><br><font color="purple"><b>BYE Geoanni.</b></font> <br><br />]]></LOG>
<LOG><![CDATA[<img src='icon_smile.gif'>&nbsp;2009-04-13 by Drea76<br><br />Das Versteck hatten wir schnell ins Visier genommen. Dank Ostermontag war nichts los und wir konnten muggelfrei loggen.<br>Danke Drea76<img src='http://www.geocaching.com/images/icons/icon_smile.gif' border=0 align=middle> (zusammen mit Teorlin & Gini)<br />]]></LOG>
<LOG><![CDATA[<img src='icon_smile.gif'>&nbsp;2009-04-13 by Teorlin &amp; Gini<br><br />Wir wollten unser Auto zwar nicht waschen aber einen Cache haben wir hier gefunden.<br>Danke<br>Thomas & Svenja mit Drea76 und Anke <br />]]></LOG>
<LOG><![CDATA[<img src='icon_smile.gif'>&nbsp;2009-04-10 by biba1981<br><br />gefunden mit FTT und gleich noch ein paar bier am nachtschalter geholt <br />]]></LOG>
<LOG><![CDATA[<img src='icon_smile.gif'>&nbsp;2009-04-05 by FTT<br><br />Nichts los gewesen...schnell geloggt und weg  :-D<br>TFTC<br />]]></LOG>
<LOG><![CDATA[<img src='icon_smile.gif'>&nbsp;2009-04-05 by burnair<br><br />alles frei... war nummer 3 der heutigen tour<br />]]></LOG>
<LOG><![CDATA[<img src='icon_note.gif'>&nbsp;2009-04-05 by Sharky77<br><br />Auch hier an einem Sonntag die Hölle los...auch beim nächsten Mal dann....<br />]]></LOG>
<LOG><![CDATA[<img src='icon_smile.gif'>&nbsp;2009-03-31 by Yalla<br><br />Der Dritte auf unserer heutigen Runde in und um Mühlhausen. Etwas beobachtet fühlte ich mich schon.<br><img src='http://www.geocaching.com/images/icons/icon_smile_cool.gif' border=0 align=middle><br>Vielen Dank und Viele Grüße von Yalla<br />]]></LOG>
<LOG><![CDATA[<img src='icon_smile.gif'>&nbsp;2009-03-24 by MaxThomas<br><br />Trocken geblieben!<br>Grüße,<br>MaxThomas<br />]]></LOG>
<LOG><![CDATA[<img src='icon_smile.gif'>&nbsp;2009-03-09 by Kerny77<br><br />Länger gesucht, mein GPS spinnt wohl echt. Puh, das drehte sich wie blöd... war mir dann zu doof und hab alle möglichen ecken abgeklappert. und da war er...<br />]]></LOG>
<LOG><![CDATA[<img src='icon_smile.gif'>&nbsp;2009-02-22 by ArtThief<br><br />Kurz vorm Bowlingturnier noch etwas Zeit gehabt und diesen Kleinen fix gefunden.<p>in: Rasenmäher, neuwertig<br>out: kleines Frühstück für Zwischendurch<p>TFTC sagt ArtThief<br />]]></LOG>
<LOG><![CDATA[<img src='icon_smile.gif'>&nbsp;2009-02-11 by HeiligerJoghurt<br><br />viele Grüße <br>aus Eisenach an mueckenfett <br />]]></LOG>
<LOG><![CDATA[<img src='icon_smile.gif'>&nbsp;2009-02-07 by michael01<br><br />Heute waren wir unterwegs mit Smeagol, Schnullerbacke77 und Frittenbude70, um Mühlhausen unischer zu machen. In Mühlhausen haben wir noch Hoffi1986 aufgelesen, der uns als Ortskundiger zu allen strategisch günstig gelegenen Caches durch die Stadt gelotst hat.<p>Es war zwar Samstag, aber zum Glück war heute vormittag noch nicht so viel los hier, so dass wir in aller Ruhe loggen konnten.<p>Danke und viele Grüße<br>Michael01<br>#1380<br />]]></LOG>
<LOG><![CDATA[<img src='icon_smile.gif'>&nbsp;2009-02-06 by Kloeschen<br><br />Wir fühlten uns irgentwie beobachtet, trotzdem ist der Zugriff gelungen. TFTC<br />]]></LOG>
<LOG><![CDATA[<img src='icon_smile.gif'>&nbsp;2009-02-06 by nudenn<br><br />Mein Auto hätte es auch nötig gehabt....<br />]]></LOG>
<LOG><![CDATA[<img src='icon_smile.gif'>&nbsp;2009-02-01 by commander-rabb<br><br />ch diesen Cache haben wir schnell gefunden. Doch das neue Fitness-Studio (seit 2.1.) hat einen direkten Ausblick dorthin...<br>Da muss man also echt aufpassen<p>Danke für den Cache<br>commander-rabb<br />]]></LOG>
<LOG><![CDATA[<img src='icon_smile.gif'>&nbsp;2009-01-24 by Schnullerbacke77<br><br />Zusammen mit Frittenbude70 & Smeagol Mühlhausen unsicher gemacht.<br>Da die Waschanlage schon dicht war, konnten wir schnell weiter. <br>Vielen Dank für diesen Cache und Gruss<br>Schnullerbacke77<br />]]></LOG>
<LOG><![CDATA[<img src='icon_smile.gif'>&nbsp;2009-01-24 by Team Fribu70 &amp; Schnuba77<br><br /><b>Die Verrückten - Smeagol, Schnullerbacke77 und ich- waren wieder unterwegs, diesmal musste Mühlhausen dran glauben!</b><br><font color="green"><br>Leider war hier schon alles dicht, so dass wir Smeagol die geplante "Super Deluxe Complete Wash" nicht spendieren konnten.<img src='http://www.geocaching.com/images/icons/icon_smile_clown.gif' border=0 align=middle></font><br><i><br>Vielen Dank für das Verstecken!</i><br />]]></LOG>
<LOG><![CDATA[<img src='icon_smile.gif'>&nbsp;2009-01-24 by smeagol<br><br />1504. Auf Mühlhausen-Tour mit Schnullerbacke77 und Frittenbude70!<p>Hier hätte ich heute wohl nach kleineren "Schlammschlachten" und Rutschpartien eine Wäsche nötiger gehabt, als das Auto ... <img src='http://www.geocaching.com/images/icons/icon_smile_big.gif' border=0 align=middle> Danke und Gruß, Smeagol<br />]]></LOG>
<LOG><![CDATA[<img src='icon_smile.gif'>&nbsp;2009-01-16 by R&#252;ben<br><br />nach dem driten anlauf endlich gefunden man waren wir blind danke für den cach <br />]]></LOG>
<LOG><![CDATA[<img src='icon_smile.gif'>&nbsp;2009-01-16 by Geo-Zwerge<br><br />toll man sollte doch mal zu fielmann gehen wenn man blind is erst nach dem 3. anlauf mit einem krübeln wie blind man sein kann gut loggen können<br />]]></LOG>
<LOG><![CDATA[<img src='icon_smile.gif'>&nbsp;2009-01-16 by monalisa812<br><br />endlich nach dem zweiten versuch :( konnten wir ihn einfach loggen und ich dachte das darf nich wahr sein, denn der rüben hatte die letzten beiden male da auch schon nachgesehen, nur dieses mal war es anders ein griff von mir und ich hatte das brachtstück in der hand! (merkwürdig)<br />]]></LOG>
<LOG><![CDATA[<img src='icon_smile.gif'>&nbsp;2008-12-30 by geofutz<br><br />Im Sommer schon mal hier gewesen, aber keine Chance.<br>Heute, bei minus 6 Grad, mit Schippi38 muggelfrei gefunden.<br><font color="blue"> Danke für <b># 507</b> und</font><br><font color="green"><b><i>BYE Geofutz.</i></b></font><br><br />]]></LOG>
<LOG><![CDATA[<img src='icon_smile.gif'>&nbsp;2008-12-30 by Schippi38<br><br />Zusammen mit Geofutz den Kleinen schnell gefunden.<br>Danke sagt Schippi38!<br />]]></LOG>
<LOG><![CDATA[<img src='icon_smile.gif'>&nbsp;2008-12-28 by Great-Magnus<br><br />Heute als vierten und letzten Cache im Eichsfeld, vor der Heimfahrt ins Vogtland angegangen, schnell gefunden und muggelfrei (dank Sonntag) geloggt.<p># 139  @ 11:10<br><br />]]></LOG>
<LOG><![CDATA[<img src='icon_smile.gif'>&nbsp;2008-12-23 by KaputtesLicht<br><br />Die Box war gerade besetzt, als ich logen wollte, so musste ich einige Minuten warten! Vielen dank<br />]]></LOG>
<LOG><![CDATA[<img src='icon_smile.gif'>&nbsp;2008-12-15 by mamy1<br><br />Oh ja, dass Auto hatte eine Grundreinigung nötig. Vielen Dank, dass dies mit dem Finden eines Caches verbunden werden konnte.<p>Viele Grüße von mamy1<br />]]></LOG>
<LOG><![CDATA[<img src='icon_smile.gif'>&nbsp;2008-11-01 by Steppenwolf6666<br><br />Nach ein wenig warten bis der Reisebus weg ist und der groben Reinigung des Cachesmobil, was schon ein paar Feldwege auf dem Weg nach Mühlhausen hinter sich hatte, denn Cache dann problemlos geloggt.<br />]]></LOG>
<LOG><![CDATA[<img src='icon_smile.gif'>&nbsp;2008-11-01 by Blacky59<br><br />Mit Steppenwolf6666 unterwegs gewesen und auch hier vorbei gekommen.<br />]]></LOG>
<LOG><![CDATA[<img src='icon_smile.gif'>&nbsp;2008-10-31 by Gerstenzwerge<br><br />Weiter gings.<br>Eine kurze Wäsche? Naja, keine Zeit.<br>Aber richtig geparkt.<br>Danke und Gruß aus Leipzig<br>vom Gerstenzwerg<br />]]></LOG>
<LOG><![CDATA[<img src='icon_smile.gif'>&nbsp;2008-10-31 by Portitzer<br><br />Da hatten wir großes Glück, dass die richtige Box gerade noch frei war. Selbst zum Feiertag waren in der Frühe schon etliche Waschmuggels unterwegs. <br>Außerdem sahen wir einen Muggel, der in den umliegenden Abfallbehältern nach verwertbaren Sachen suchte... schlimm, dass es sowas gibt!<p>Danke und viele Grüße<br>Kurt<p>PS: Wir haben das Auto  nicht gewaschen, es wäre bei den noch vor uns liegenden Caches sinnlos gewesen <img src='http://www.geocaching.com/images/icons/icon_smile_wink.gif' border=0 align=middle>...<p>#1207<br />]]></LOG>
<LOG><![CDATA[<img src='icon_smile.gif'>&nbsp;2008-10-30 by das Licht<br><br />Schnell gefunden<p>Danke<br />]]></LOG>
<LOG><![CDATA[<img src='icon_smile.gif'>&nbsp;2008-10-30 by Sonnen Strahl<br><br />Schnell gefunden.<p>Danke<br />]]></LOG>
<LOG><![CDATA[<img src='icon_smile.gif'>&nbsp;2008-10-24 by Kirsche 7a<br><br />Nachts ideal, denn es ist Muggelsicher. TFTC, Kirsche 7a<br />]]></LOG>
<LOG><![CDATA[<img src='icon_smile.gif'>&nbsp;2008-10-24 by two rubsners<br><br />Hier beendeten wir die  Tour mit einem sauberen Auto.<br />]]></LOG>
<LOG><![CDATA[<img src='icon_smile.gif'>&nbsp;2008-10-20 by X-Gang<br><br />Nach dem Tanken gleich die Dose gefunden.<br>Danke und Grüße von der X- Gang.<br />]]></LOG>
<LOG><![CDATA[<img src='icon_smile.gif'>&nbsp;2008-10-16 by sili &amp; tommi<br><br />Na das war ja nicht schlecht ,hier hat man am Tage nicht wirklich eine Chance den Cache zu suchen.<br>Um 21.00 Uhr ist man hier aber so ziemlich Muggelsicher und habe ihn gefunden.<p>TFTC  VG an Mückenfett<p>sili & tommi<br />]]></LOG>
<LOG><![CDATA[<img src='icon_smile.gif'>&nbsp;2008-09-28 by uhri<br><br />Heute einen kleinen Ausflug nach Mühlhausen gemacht und eine paar Döschen gesucht. Das Cachemobil mal abgekärchert und den Kleinen gefunden.<br>Danke sagen Uhri+Braut <br />]]></LOG>
<LOG><![CDATA[<img src='icon_smile.gif'>&nbsp;2008-09-27 by Hoffi1986<br><br />Immer wieder durch erhöhtes Muggelaufkommen nicht zu heben gewesen, doch in der schönen Nachmittagssonne dann endlich gehoben!<br>TFTC<br />]]></LOG>
<LOG><![CDATA[<img src='icon_smile.gif'>&nbsp;2008-09-23 by BastiVW<br><br />beim 2. versuch schnell gefunden<br />]]></LOG>
<LOG><![CDATA[<img src='icon_smile.gif'>&nbsp;2008-09-08 by kalimo<br><br />Das sollte für heute der letzte sein, hier im schönen Mühlhausen. Gut gefunden. TFTC<br />]]></LOG>
<LOG><![CDATA[<img src='icon_smile.gif'>&nbsp;2008-09-02 by Team Kumunst<br><br />Zusammen mit ifindnix waren wir an einem wunderbaren und langen Wochenende gemeinsam in Thüringen unterwegs. Natürlich haben wir auch ein paar Dosen gefunden. <br>Diese war eine davon.<br>Danke und Gruß<br>Team Kumunst<br />]]></LOG>
<LOG><![CDATA[<img src='icon_smile.gif'>&nbsp;2008-09-02 by ifindnix<br><br />Salvete!<br>Wir waren mal wieder gemeinsam mit Team Kumunst auf cache-Tour und konnten dabei auch dieses Döschen im zweiten Anlauf finden! <img src='http://www.geocaching.com/images/icons/icon_smile_big.gif' border=0 align=middle><br>Vobis gratias agimus!<br>ifindnix & crew <br />]]></LOG>
<LOG><![CDATA[<img src='icon_smile.gif'>&nbsp;2008-08-23 by MMau<br><br />Kein Auto da.... Also auch diesen um 11:40 Uhr schnell geloggt.<br>TFTC<b><font color="purple">MMau</font></b><br><br />]]></LOG>
<LOG><![CDATA[<img src='icon_note.gif'>&nbsp;2008-08-23 by Mueckenfett<br><br />Neues Logbuch plaziert.<br><br />]]></LOG>
<LOG><![CDATA[<img src='icon_smile.gif'>&nbsp;2008-08-12 by kleinerMuck77<br><br />Auf Mühlhausener Runde gut und in gänzlicher Muggelabwesenheit gefunden - vielen Dank.<p>#440<br />]]></LOG>
<LOG><![CDATA[<img src='icon_smile.gif'>&nbsp;2008-08-10 by Seve<br><br />War hier um halb 10 und da war schon alles ruhig. Gut gefunden und in Ruhe geloggt. Dankeschön!<br />]]></LOG>
<LOG><![CDATA[<img src='icon_smile.gif'>&nbsp;2008-08-06 by Traumpaar1<br><br />gleich die richtige Box das ist schön<br />]]></LOG>
<LOG><![CDATA[<img src='icon_smile.gif'>&nbsp;2008-08-03 by le_rapunzel<br><br />Danke für diesen superschnellen Drivein! Wäre da kein Bordstein gewesen, hätte ich fast aus dem Auto heraus loggen können. <img src='http://www.geocaching.com/images/icons/icon_smile_wink.gif' border=0 align=middle><br />]]></LOG>
<LOG><![CDATA[<img src='icon_smile.gif'>&nbsp;2008-08-03 by Capone72<br><br />Ein kleiner drive-inn. kurz nach 21 Uhr wollte hier keiner mehr sein Auto waschen, wir waren völlig ungestört.<p>Vielen Dank!<br />]]></LOG>
<LOG><![CDATA[<img src='icon_smile.gif'>&nbsp;2008-08-03 by DerAlte<br><br />Bei unserer heutigen kleinen MHL-Tour auch diesen Cache gefunden.<br>DerAlte & Frau  <br>  <br><br />]]></LOG>
<LOG><![CDATA[<img src='icon_smile.gif'>&nbsp;2008-07-26 by Die Hasenschnitzels<br><br />Zum Glück wollte bei dieser Hitze keiner sein Auto waschen und wir ja auch nicht, wir wollten auch nur loggen <img src='http://www.geocaching.com/images/icons/icon_smile_big.gif' border=0 align=middle>. TFTC<p>Die Hasenschnitzels<br />]]></LOG>
<LOG><![CDATA[<img src='icon_smile.gif'>&nbsp;2008-07-10 by Team BBM<br><br />Dieser Cache wurde schnell und gut gefunden.<p>Danke für diesen Cache<br>Team BBM<br />]]></LOG>
<LOG><![CDATA[<img src='icon_smile.gif'>&nbsp;2008-07-10 by Nuglaz<br><br />Kurzer Boxenstopp auf der Fahrt nach Leinefelde, punktgenauer Zugriff.<br>Vielen Dank sagt Nuglaz!<br />]]></LOG>
<LOG><![CDATA[<img src='icon_smile.gif'>&nbsp;2008-06-14 by Grottenolm87<br><br />Auf einer kleinen nächtlichen Tour gefunden. TFTC<p>Der Grottenolm<br />]]></LOG>
<LOG><![CDATA[<img src='icon_smile.gif'>&nbsp;2008-06-08 by dop3<br><br />gefunden!<br />]]></LOG>
<LOG><![CDATA[<img src='icon_smile.gif'>&nbsp;2008-06-08 by JonnyH&#252;tchen<br><br />Zusammen mit Kruemel 68 gefunden<br />]]></LOG>
<LOG><![CDATA[<img src='icon_smile.gif'>&nbsp;2008-06-08 by DENK<br><br />Diesen Micro mussten wir als einen von 6 Eventvorbereitungsmicros finden, weil wir die Eventadresse "vergessen" hatten - und so ging das auch problemlos...<br>THX - Team DENK<br />]]></LOG>
<LOG><![CDATA[<img src='icon_smile.gif'>&nbsp;2008-06-08 by felixwh<br><br />Auf dem Weg zu Mueckenfetts 5K Event wurde auch dieser Cache entdeckt. Auto ist immer noch dreckig ;-)<br />]]></LOG>
<LOG><![CDATA[<img src='icon_smile.gif'>&nbsp;2008-06-08 by Strauchdieb<br><br />Schnell mit dem Fahrrad in die Waschbox, damit es auch fit für den Event ist, und weiter geht es.<br>Maik und Sabine<br><br />]]></LOG>
<LOG><![CDATA[<img src='icon_smile.gif'>&nbsp;2008-06-08 by SwedenHawk<br><br />Das war Nummer 3 auf dem Weg zum Event. Hier traff ich dann noch ein paar Mitstreiter, die in der Gegenrichtung unterwegs waren. Zusammen fand sich die Dose dann schnell. <br>Mein Auto hab ich nicht gewaschen... die Zeit war einfach zu knapp. <br>Gruß, Axel <br />]]></LOG>
<LOG><![CDATA[<img src='icon_smile.gif'>&nbsp;2008-06-08 by Zuckerpl&#228;tzchen<br><br />Heute mit odink eine kleine Runde in Mühlhausen gedreht auf dem Weg zu Mückenfetts 5k Event und ein paar Dosen gehoben...<br>Und wieder nen Mitstreiter getroffen an Nr.4.<p>Tara,<br>Zuckerplätzchen.<br />]]></LOG>
<LOG><![CDATA[<img src='icon_smile.gif'>&nbsp;2008-06-08 by odink<br><br />Heute zusammen mit Zuckerplätzchen zum 5k-Event von Mückenfett nach MHL gefahren. Aber erst mal einige Caches gehoben...<p>Auch hier haben wir nicht lange alleine gesucht ;)<p>Danke<br>odink<br>#725<br><br />]]></LOG>
<LOG><![CDATA[<img src='icon_sad.gif'>&nbsp;2008-06-08 by Joe_M<br><br />Leider nicht gefunden. Da wir schon spät dran waren und die Koordinate nicht so wichtig war, haben wir den dann weggelassen.<br>Bei Mueckenfett hat uns dann jemand erzählt, daß er auch nicht mehr da war, wo er ursprünglich hingehörte ...<p>Egal,<br>Joe + Uli<br />]]></LOG>
<LOG><![CDATA[<img src='icon_smile.gif'>&nbsp;2008-06-08 by kpit51<br><br />Mit 3/4 Team DENK, die mal wieder Taxi gespielt haben, heute Thüringen besucht. Diese Caches schnell absolviert damit wir das Event besuchen konnten.<br>Auto in die Box gefahren und ohne zu waschen geloggt. <p>Vielen Dank<br>Peter und Brigitte<br />]]></LOG>
<LOG><![CDATA[<img src='icon_smile.gif'>&nbsp;2008-06-07 by Hondje Amanda<br><br />Gemeinsam mit meiner Familie habe ich heut hier ein paar Caches gesucht und zum Schluß habe ich sogar den Eventplatz gefunden. Prima.<p>Danke sagt<br>Euer Hondje Amanda <img src='http://www.geocaching.com/images/icons/icon_smile_kisses.gif' border=0 align=middle><br />]]></LOG>
<LOG><![CDATA[<img src='icon_smile.gif'>&nbsp;2008-06-07 by Team Fire &amp; Ice<br><br />Nummer drei auf der Runde <img src='http://www.geocaching.com/images/icons/icon_smile.gif' border=0 align=middle>.<p>Danke sagt das<br>Team Fire & Ice<br>Heiko und Steffi<br />]]></LOG>
<LOG><![CDATA[<img src='icon_smile.gif'>&nbsp;2008-06-07 by Renault Family<br><br />Ein kleiner für zwischendurch, ganz nach meinem Geschmack. Ich hatte leider keine Ziet für eine Autowäsche, obwohl mein Cachermobil es nötig hatte.<img src='http://www.geocaching.com/images/icons/icon_smile_big.gif' border=0 align=middle><p>Danke sagt Matti<br />]]></LOG>
<LOG><![CDATA[<img src='icon_smile.gif'>&nbsp;2008-06-07 by caprikitty<br><br />Dies sollte vorerst der letzte der Runde sein, nach der Polizeiüberwachung bei der Post hatte ich noch immer ein mulmiges Gefühl im Bauch.<br>Nummer 4<br />]]></LOG>
<LOG><![CDATA[<img src='icon_smile.gif'>&nbsp;2008-06-06 by gloomy<br><br />Im Dritten Anlauf gefunden.<br>Freitagabend: Da musste jemand unbedingt sein Auto putzen - um 21:00 Uhr...<br>Freitagabend die 2te: Es wurde immernoch geputzt und ein Lkw-Fahrer machte es sich auch noch in seiner Kabine bequem und überschaute das Areal, sodass wir auch um 22:00 Uhr nicht zu Zuge kamen...<br>Samstagvormittag: Normalerweise erwartet man jetzt einen Ansturm an Putzwütigen, doch der Zugriff konnte gezielt und schnell erfolgen - endlich :-)<br>VG und Danke, gloomy!<br />]]></LOG>
<LOG><![CDATA[<img src='icon_smile.gif'>&nbsp;2008-06-04 by AT-AT<br><br />Kein Mensch hier um die Zeit. Wusste gar nicht, dass mein Rad so 'ne Farbe hat <img src='http://www.geocaching.com/images/icons/icon_smile.gif' border=0 align=middle><br>TFTC<br />]]></LOG>
<LOG><![CDATA[<img src='icon_smile.gif'>&nbsp;2008-06-04 by Gollum &amp; Galadriel<br><br />Jetzt haben die Fahrräder auch mal Wasser gesehen.<br>TFTC<br />]]></LOG>
<LOG><![CDATA[<img src='icon_smile.gif'>&nbsp;2008-06-01 by Erithacus Rubecula<br><br />Entwurmt!<br>TFTC<br><br />]]></LOG>
<LOG><![CDATA[<img src='icon_smile.gif'>&nbsp;2008-06-01 by Bara68<br><br />Ich wurde heute vom Team Kruemel68 höchst persönlich zur Car Wash gefahren und konnte trotz eines Muggels den Schatz entdecken. Aber mal ehrlich, dort will ich nicht noch mal suchen gehen. Bara68<br />]]></LOG>
<LOG><![CDATA[<img src='icon_smile.gif'>&nbsp;2008-06-01 by Kruemel68<br><br />Da haben wir die Genossen nur knapp verpasst, wir waren gegen 15:00 Uhr auf dem Platz...<br />]]></LOG>
<LOG><![CDATA[<img src='icon_smile.gif'>&nbsp;2008-06-01 by Eichsgenossen<br><br />Gut das Sonntag ist-keine Menschenseele hier sodaß man ohne Hecktik loggen kann.TFTC sagen die Eichsgenossen<br />]]></LOG>
<LOG><![CDATA[<img src='icon_smile.gif'>&nbsp;2008-05-31 by GeoSittiche<br><br />Schnell wie eine Autowäsche.<br>danke      die GeoSittiche<br />]]></LOG>
<LOG><![CDATA[<img src='icon_smile.gif'>&nbsp;2008-05-31 by madd.in<br><br />Auf der kleinen Tour durchs Gewerbegebiet gehoben... Last but not least<br>tftc madd.in<br />]]></LOG>
<LOG><![CDATA[<img src='icon_smile.gif'>&nbsp;2008-05-30 by Traveler77<br><br />Auto gewaschen und den kleinen gehoben. <img src='http://www.geocaching.com/images/icons/icon_smile_wink.gif' border=0 align=middle> TFTC<br />]]></LOG>
<LOG><![CDATA[<img src='icon_smile.gif'>&nbsp;2008-05-29 by LUPO.79<br><br />Erst schnell den "Ich-will-mein-Geld-zurück"-Antrag beim Fiskushaus eingeworfen und dann noch schnell die paar neuen im Gewerbegebiet gehoben...<br>TFTC<br />]]></LOG>
<LOG><![CDATA[<img src='icon_smile.gif'>&nbsp;2008-05-29 by Hor_andy<br><br /><br>Der war ja mal wieder einfach. Also ich weiss noch nicht wohin uns die Suche führt (kann es sein, das hier die gleichen Koordinatenreste wie am Bahndamm vermerkt waren? bin mir nicht sicher, habe noch nicht gegengeprüft)<p>@Chris: hier ist jeder mal dran mit einem FTF, ist doch nur fair, oder <img src='http://www.geocaching.com/images/icons/icon_smile_wink.gif' border=0 align=middle><p>TFTC<br><br />]]></LOG>
<LOG><![CDATA[<img src='icon_smile.gif'>&nbsp;2008-05-28 by Chris601<br><br />Wie? Noch keiner hier gewesen? Wo sind denn die üblichen Verdächtigen? <img src='http://www.geocaching.com/images/icons/icon_smile.gif' border=0 align=middle><p>Achja: FTF (obwohl das Final schon nach den ersten beiden Dosen klar war (glaub ich))<br />]]></LOG>
<LOG><![CDATA[<img src='icon_greenlight.gif'>&nbsp;2008-05-27 by Don Rocbeer<br><br />Published<br />]]></LOG>
</LOGS>
<NOTES><![CDATA[]]></NOTES>
<IMAGES>
</IMAGES>
<TRAVELBUGS>
</TRAVELBUGS>
<URL><![CDATA[]]></URL>
<SOLVER><![CDATA[]]></SOLVER>
    <CACHE  name = "Car Wash" owner = "Mueckenfett" lat = "51,198133333333" lon = "10,477683333333" hidden = "2008-05-26" wayp = "GC1CGR3" status = "" ocCacheID = "" lastSyncOC = "20100419230006" num_recommended = "0" num_found = "-1" attributesYes = "2233521932291" attributesNo = "0" boolFields="1922" byteFields="33688079" attributesYes1 = "0" attributesNo1 = "0" />
</CACHEDETAILS>
