<?xml version="1.0" encoding="ISO-8859-1"?>
<CACHEDETAILS>
<VERSION value = "3"/>
<DETAILS><![CDATA[<br>So das Auto ist geputzt,<br />
aber wie sieht es mit eurer Kleiderordnung aus?<br />
Ohje, da muß noch was her, also mal fix was Tolles aussuchen.
<p>Eine kleine Dose für Eilige.<br />
Am besten am Sonntag oder nach den Öffnungszeiten.</p>
<p>Auf der Rückseite des Logstreifens findet ihr einen Teil<br />
der 5 K Event Koordinaten</p>]]></DETAILS>
<COUNTRY><![CDATA[Germany]]></COUNTRY>
<STATE><![CDATA[Thüringen]]></STATE>
<ATTRIBUTES>
   <ATT>wheelchair-no.gif</ATT>
   <ATT>bicycles-yes.gif</ATT>
   <ATT>stroller-yes.gif</ATT>
   <ATT>parking-yes.gif</ATT>
   <ATT>available-yes.gif</ATT>
   <ATT>dogs-yes.gif</ATT>
   <ATT>motorcycles-yes.gif</ATT>
</ATTRIBUTES>
<HINTS><![CDATA[ovggr ohrpxra]]></HINTS>
<LOGS>
<OWNLOGID></OWNLOGID>
<OWNLOG><![CDATA[]]></OWNLOG>
<LOG><![CDATA[<img src='icon_smile.gif'>&nbsp;2010-04-18 by Die Buhner<br><br />Die Kaffeesahne haben wir in Cachbehälter gelassen, wir hatten gerade Kaffee getrunken, am Sonntag ruhiger Ort.<p>Danke<br>"Die Buhner"<br />]]></LOG>
<LOG><![CDATA[<img src='icon_smile.gif'>&nbsp;2010-04-04 by Sascha75<br><br />Bücken ja aber die Müllberge.....aber na ja...Mann muss halt<br />]]></LOG>
<LOG><![CDATA[<img src='icon_smile.gif'>&nbsp;2010-04-01 by thegorbi<br><br />Nach einem Einkauf im nahegelegenen Feinkosttempel die Lumpensammlung gefunden.<p>thegorbi sagt vielen Dank<br />]]></LOG>
<LOG><![CDATA[<img src='icon_smile.gif'>&nbsp;2010-03-28 by Gispi Hunters<br><br />Gut und schnell gefunden.<br>Der passt gut zu seinen Namen.<p>TFTC Team "Gispi Hunters"<br />]]></LOG>
<LOG><![CDATA[<img src='icon_smile.gif'>&nbsp;2010-03-27 by mausebaer13<br><br />Das ging schnell. Ein Griff und da war er.<br>Kurz vor der Weiterreise noch schnell Satchmo77, Fhuti83 und saheimast begrüßt<br>TFTC<br />]]></LOG>
<LOG><![CDATA[<img src='icon_smile.gif'>&nbsp;2010-03-27 by saheimast<br><br />Einen erfolgreichen Caching-Tag mit Satchmo77 und Fhuti83 in Mühlhausen erlebt. TFTC<br />]]></LOG>
<LOG><![CDATA[<img src='icon_smile.gif'>&nbsp;2010-03-27 by Fhuti83<br><br />Schnell gefunden und gelogt. Unterwegs mit saheimast und satchmo77. TFTC<br />]]></LOG>
<LOG><![CDATA[<img src='icon_smile.gif'>&nbsp;2010-03-27 by Satchmo77<br><br />Auf Cachingtour mit Saheimast und Fhuti83 auch diesen gut gefunden! TFTC<br />]]></LOG>
<LOG><![CDATA[<img src='icon_smile.gif'>&nbsp;2010-03-20 by TcG71<br><br />(17:09:20/fwgb) Heute bei eine kurzen Samstagsrunde schnell gefunden ! TFTC :-) <p>TcG71 & GeoBienchen<br />]]></LOG>
<LOG><![CDATA[<img src='icon_smile.gif'>&nbsp;2010-03-15 by schlafwandler6<br><br />Schnell auf der Durchreise geloggt.<p>TFTC<br />]]></LOG>
<LOG><![CDATA[<img src='icon_smile.gif'>&nbsp;2010-03-13 by segelflieger14<br><br />Ein netter schneller Cache zum mitnehmen <img src='http://www.geocaching.com/images/icons/icon_smile.gif' border=0 align=middle><br>tftc<br />]]></LOG>
<LOG><![CDATA[<img src='icon_smile.gif'>&nbsp;2010-03-13 by garminius<br><br />Ein schneller erster Fund in Mühlhausen! TFTC<br />]]></LOG>
<LOG><![CDATA[<img src='icon_smile.gif'>&nbsp;2010-03-13 by Garminia<br><br />Heute auf unserer Tour schnell gefunden.<br />]]></LOG>
<LOG><![CDATA[<img src='icon_smile.gif'>&nbsp;2010-03-12 by toxic89<br><br />TFTC<br />]]></LOG>
<LOG><![CDATA[<img src='icon_smile.gif'>&nbsp;2010-03-12 by Fox33<br><br />Schnell gefunden. TFTC<br />]]></LOG>
<LOG><![CDATA[<img src='icon_smile.gif'>&nbsp;2010-03-12 by Erfurt-Rockt<br><br />Heute schnell gefunden....<p>TFTC<br />]]></LOG>
<LOG><![CDATA[<img src='icon_smile.gif'>&nbsp;2010-03-02 by jasper366<br><br />Ging echt schnell<br />]]></LOG>
<LOG><![CDATA[<img src='icon_smile.gif'>&nbsp;2010-02-28 by Carrie88<br><br /><strong>N 51° 12.002 E 010° 28.378</strong><br /><br />war ganz leicht und schnell gefunden<br />]]></LOG>
<LOG><![CDATA[<img src='icon_smile.gif'>&nbsp;2010-02-28 by Wickeda87<br><br />Schnell gefunden<br />]]></LOG>
<LOG><![CDATA[<img src='icon_smile.gif'>&nbsp;2010-02-28 by heilaender123<br><br />Jetzt wo der Schnee weg ist gut zu finden .Danke sagt der<br> Heilaender123 <img src='http://www.geocaching.com/images/icons/icon_smile.gif' border=0 align=middle><br />]]></LOG>
<LOG><![CDATA[<img src='icon_smile.gif'>&nbsp;2010-02-27 by Hausmeisterei<br><br />Schnell gefunden, trotz Einkaufsmuggeln gut loggen können. Dank dem Owner, beste Grüße!<br />]]></LOG>
<LOG><![CDATA[<img src='icon_smile.gif'>&nbsp;2010-02-22 by Nalenia<br><br />gut gefunden und den Winter perfekt überlebt.<br>TFTC Nalenia<br />]]></LOG>
<LOG><![CDATA[<img src='icon_smile.gif'>&nbsp;2010-01-16 by Olle+Oller<br><br />Auf dem Heimweg aus dem Eichfeld diese kleine Runde noch gedreht und auch diese Dose aus dem Schnee gewühlt.<p>TFTC<p>#285, Found it with Cachebox!<br />]]></LOG>
<LOG><![CDATA[<img src='icon_smile.gif'>&nbsp;2010-01-07 by beagle67<br><br />Schnell nach Feierabend noch eine Runde gedreht. Fix gefunden, zum Loggen ins Auto ist ja schliesslich kalt. Als ich ihn wieder verstecken wollte hielt erst einmal ein Auto , Fahrer blieb sitzen . So zeigte ich ihm erst einmal wieder seinen "car wash" Kollegen und versteckte ihn eine viertel Stunde später an seinem Platz.<p>Schneller Cash für zwischendurch.<br>--18.45Uhr--<br>TFTC<br />]]></LOG>
<LOG><![CDATA[<img src='icon_smile.gif'>&nbsp;2010-01-07 by rageracer<br><br />Schnell und muggelfrei gefunden und geloggt.<p>rageracer --- 07.01.10 --- 08.45 Uhr<p>TFTC<br />]]></LOG>
<LOG><![CDATA[<img src='icon_smile.gif'>&nbsp;2009-12-31 by Reedy90<br><br />Mit mediamarkt1990 schnell gefunden und geloggt!<br>TFTC<br />]]></LOG>
<LOG><![CDATA[<img src='icon_smile.gif'>&nbsp;2009-12-31 by mediamarkt1990<br><br />Schnell gefunden und geloggt <br>TFTC<p>BUG: OUT<br />]]></LOG>
<LOG><![CDATA[<img src='icon_smile.gif'>&nbsp;2009-12-06 by DasKnie<br><br />Fix gefunden! TFTC<br />]]></LOG>
<LOG><![CDATA[<img src='icon_smile.gif'>&nbsp;2009-12-03 by Karolli<br><br />Unser erster Schatz auf unserer heutigen, kleinen Mühlhausenrunde. Wir konnten ihn ungestört suchen und loggen!<br>TFTC<br>Out: TB Elch<br />]]></LOG>
<LOG><![CDATA[<img src='icon_note.gif'>&nbsp;2009-11-19 by k-l<br><br />Hab den Elch nochmal besucht. Die neue Dose ist jetzt richtig wasserdicht, blinkt aber nicht mehr so schön wie die Alte.<br>Hauptsache der Elch hats schön trocken. Aber eigentlich will er ja weiter...<br />]]></LOG>
<LOG><![CDATA[<img src='icon_enabled.gif'>&nbsp;2009-11-14 by Mueckenfett<br><br />neue Box plaziert<br />]]></LOG>
<LOG><![CDATA[<img src='icon_disabled.gif'>&nbsp;2009-11-14 by Mueckenfett<br><br />besten Dank für die trockene Blätter,<br>aber eine neue Box muß her.<br />]]></LOG>
<LOG><![CDATA[<img src='icon_smile.gif'>&nbsp;2009-11-12 by k-l<br><br />Wenn man im Dunkeln mit dem Auto kommt, blinkt der Cach schon von Weitem. Mal sehn, ob der Elch was zum anziehen findet.<br>Das Logbuch ist total durchnässt, habe trockene Blätter in einer Tüte hinterlassen.<br>in: TB-Elch<br />]]></LOG>
<LOG><![CDATA[<img src='icon_smile.gif'>&nbsp;2009-11-08 by Ullina<br><br />Der Cache war schnell gefunden. Leider konnten wir nichts ins Loggbuch eintragen, weil der Cache völlig durchnässt  und das Loggbuch unbrauchbar ist . 	<img src='http://www.geocaching.com/images/icons/icon_smile_sad.gif' border=0 align=middle><br>Ullina<br />]]></LOG>
<LOG><![CDATA[<img src='icon_smile.gif'>&nbsp;2009-10-30 by Prinzessin_Mimi<br><br />Stimmt, wirklich sehr schnell gefunden!<br>TFTC =)<br />]]></LOG>
<LOG><![CDATA[<img src='icon_smile.gif'>&nbsp;2009-10-30 by Darmsaft<br><br />Das Cachemobil war ja schon sauber durch den vorherigen Cache, da haben die Scheinwerfer gleich doppelt so gut geleuchtet und man konnte ihn schon beim Heranfahren blinken sehen <img src='http://www.geocaching.com/images/icons/icon_smile_tongue.gif' border=0 align=middle> TFTC.<br />]]></LOG>
<LOG><![CDATA[<img src='icon_smile.gif'>&nbsp;2009-10-15 by boerdestern<br><br />Zusammen mit pdo fix gefunden und geloggt. <br>dfdc <br>boerdestern<br />]]></LOG>
<LOG><![CDATA[<img src='icon_smile.gif'>&nbsp;2009-10-15 by pdo<br><br />Auf dem Rückweg von Nürnberg hier kurz gestoppt und die schöne Dose gut gefunden<br>TFTC<br>pdo<br />]]></LOG>
<LOG><![CDATA[<img src='icon_smile.gif'>&nbsp;2009-10-12 by coolbahia<br><br />Der Cache war das Bäh-Erlebnis der<br>kleinen Runde in Mühlhausen.<br>Was haben Müll und Zigaretten<br>in einer Cachedose zu suchen?<br>War einfach widerlich.<br>Habe den meisten Mist entsorgt.<br>TFTC coolbahia<br />]]></LOG>
<LOG><![CDATA[<img src='icon_smile.gif'>&nbsp;2009-10-11 by Richie1977<br><br />Hat gut geklappt gleich beim ersten versuch,sicher gelogt.<p>mfg Richie1977<br />]]></LOG>
<LOG><![CDATA[<img src='icon_smile.gif'>&nbsp;2009-10-11 by Tini1985<br><br />Am Schluss der Cachetour nach dem Event des Nachts zusammen mit Rurpot erfolgreich geloggt! Klappte allerdings erst beim zweiten Anlauf, weil unser GPS-Bediener sich beim ersten Mal etwas in den Koordinaten vertan hatte... ;-)<p>TFTC<br>Tini1985<br />]]></LOG>
<LOG><![CDATA[<img src='icon_smile.gif'>&nbsp;2009-10-10 by Rurpot<br><br />Schnell noch nach dem Geocachertreffen mit Tini1985 geloggt.<br>Die Dose ist ziemlich feucht ;)<br>TFTC =)<br />]]></LOG>
<LOG><![CDATA[<img src='icon_smile.gif'>&nbsp;2009-09-20 by darkstar666<br><br />Zusammen mit Nise15 bei bestem Wetter gut gefunden.<br />]]></LOG>
<LOG><![CDATA[<img src='icon_smile.gif'>&nbsp;2009-09-20 by nise15<br><br />Schnell gefunden mit Darkstar666 auf dem Heimweg vom Baumkronenpfad. TFTC<br />]]></LOG>
<LOG><![CDATA[<img src='icon_smile.gif'>&nbsp;2009-09-15 by hoffe_goe<br><br />Da wir keine Lumpen dabei hatten, haben wir für die Statistik gestoppt!<br>TFTC!<br />]]></LOG>
<LOG><![CDATA[<img src='icon_smile.gif'>&nbsp;2009-09-06 by Scout1973<br><br />Schnell gefunden. Am Sonntag ist hier nix los. Da hatten wir Ruhe. TFTC und Grüsse! Stephan<br />]]></LOG>
<LOG><![CDATA[<img src='icon_smile.gif'>&nbsp;2009-09-06 by moosrose<br><br />hier konnten wir unsere lumpen gut loswerden, tftc<br />]]></LOG>
<LOG><![CDATA[<img src='icon_smile.gif'>&nbsp;2009-09-06 by Hardcore-UH<br><br />cool<br />]]></LOG>
<LOG><![CDATA[<img src='icon_smile.gif'>&nbsp;2009-08-23 by compiprofi<br><br />... die Kleiderordnung war auch ohne "Hilfe" ganz ok. <img src='http://www.geocaching.com/images/icons/icon_smile_big.gif' border=0 align=middle> Allerdings braucht das Logbuch etwas Hilfe, denn es ist sehr naß und ziemlich dreckig. Ob das wohl vorher mit in der Waschanlage war??? <img src='http://www.geocaching.com/images/icons/icon_smile_big.gif' border=0 align=middle><img src='http://www.geocaching.com/images/icons/icon_smile_big.gif' border=0 align=middle><img src='http://www.geocaching.com/images/icons/icon_smile_big.gif' border=0 align=middle><br />]]></LOG>
<LOG><![CDATA[<img src='icon_smile.gif'>&nbsp;2009-08-11 by David+Chrissi<br><br />Gefunden!<br>David+Chrissi<br />]]></LOG>
<LOG><![CDATA[<img src='icon_smile.gif'>&nbsp;2009-08-10 by leoni_1984<br><br />Gefunden mit Schatzi Christian, Kathy und Cachedogs Benni, Jacky!<br />]]></LOG>
<LOG><![CDATA[<img src='icon_smile.gif'>&nbsp;2009-08-04 by Super-Sp&#252;r-Nasen<br><br />Gefunden  :o)      Danke sagen die "Super-Spür-Nasen" Lucas & Vincent.<br />]]></LOG>
<LOG><![CDATA[<img src='icon_smile.gif'>&nbsp;2009-08-04 by SLUBIK-BRANDSCHUTZ<br><br />Endlich haben wir es mal geschafft, nach den "Lumpen" zu schauen, (schon tausend mal dran vorbei gefahren!).<br />]]></LOG>
<LOG><![CDATA[<img src='icon_smile.gif'>&nbsp;2009-08-02 by Hunter_TH<br><br />Beim 2. Besuch und Tipp von befreundetem Cacher sofort gefunden.<br />]]></LOG>
<LOG><![CDATA[<img src='icon_smile.gif'>&nbsp;2009-07-26 by Theria3<br><br />Heute auf unserer Tour schnell gefunden, allerdings der Magnet hats in sich...<br>Danke, Grüße Theria 3<br />]]></LOG>
<LOG><![CDATA[<img src='icon_smile.gif'>&nbsp;2009-07-26 by diainsel.de<br><br />Schnell gefunden, danke fürs zeigen,<br>Gruß<br>Eberhard<br />]]></LOG>
<LOG><![CDATA[<img src='icon_smile.gif'>&nbsp;2009-07-19 by quequec<br><br />gut gefunden - empfiehlt sich echt sonntags oder nachts.<br />]]></LOG>
<LOG><![CDATA[<img src='icon_smile.gif'>&nbsp;2009-07-19 by keythie1<br><br />Sonntags ist ne sehr gute Zeit, um diesen cache zu finden und zu loggen..kein Muggle weit und breit.<br>TFTC<br />]]></LOG>
<LOG><![CDATA[<img src='icon_smile.gif'>&nbsp;2009-07-12 by MeyerBienchen<br><br />im team akg4555 gefunden, jetzt mit eigenem account nachgeloggt...<p>tftc<br />]]></LOG>
<LOG><![CDATA[<img src='icon_smile.gif'>&nbsp;2009-07-12 by akg4555<br><br />gemeinsam mit MeyerBienchen gefunden, tftc<br />]]></LOG>
<LOG><![CDATA[<img src='icon_smile.gif'>&nbsp;2009-07-11 by fox-hunter_I<br><br />TFTC<br />]]></LOG>
<LOG><![CDATA[<img src='icon_smile.gif'>&nbsp;2009-07-03 by HomerSimson<br><br />schönes Versteck<br>schnell gefunden<p>TFTC<br>HomerSimson<br />]]></LOG>
<LOG><![CDATA[<img src='icon_note.gif'>&nbsp;2009-06-12 by Mueckenfett<br><br />in Coin<br />]]></LOG>
<LOG><![CDATA[<img src='icon_smile.gif'>&nbsp;2009-06-07 by the_makis<br><br />TFTC<br />]]></LOG>
<LOG><![CDATA[<img src='icon_smile.gif'>&nbsp;2009-06-01 by fabio-otto<br><br />Sehr gut angebracht!!! Schnell gefunden und geloggt<p>thx<br />]]></LOG>
<LOG><![CDATA[<img src='icon_smile.gif'>&nbsp;2009-06-01 by GnostiQ<br><br />Diese Dose hatten wir schnell in unseren Händen. DfdC!<br />]]></LOG>
<LOG><![CDATA[<img src='icon_smile.gif'>&nbsp;2009-05-31 by Stechfliege<br><br />Schnell gefunden. Danke.<br>Logbuch ist leider nass.<p>#176 @14:00 Uhr<br />]]></LOG>
<LOG><![CDATA[<img src='icon_smile.gif'>&nbsp;2009-05-31 by Horse-Team<br><br />Auf Tour durch Mühlhausen auch diesen Cache gut mit variblue und kpit51 bei schönem Wetter gefunden. <br>TFTC<br>Horse-Team<br />]]></LOG>
<LOG><![CDATA[<img src='icon_smile.gif'>&nbsp;2009-05-31 by variblue<br><br />Auf einer landschaftlich sehr schönen Tour nach Mühlhausen zusammen mit dem<br>Horse-Team und kpit51 haben wir auch diesen Cache gut und schnell gefunden.<p>Danke für den Cache.<p>Gruß<br><b><font color="blue">variblue</b></font><p>PS: Die Dose kenn ich. Konnte ich mir mal bei der Polizei abholen, da sie meinen Cache für eine Bombe hielten!<br />]]></LOG>
<LOG><![CDATA[<img src='icon_smile.gif'>&nbsp;2009-05-27 by buchy<br><br />Als keiner da war, schnell geloggt. Danke für den schönen Cache.<br />]]></LOG>
<LOG><![CDATA[<img src='icon_smile.gif'>&nbsp;2009-05-20 by wauzi08<br><br />gut und schnell beim einkaufen geloggt<br />]]></LOG>
<LOG><![CDATA[<img src='icon_smile.gif'>&nbsp;2009-05-14 by Der_Doc<br><br />Heute nach einem erfolgreichen Geschäftstermin ein wenig auf Cachingtour gegangen und diesen trotz der Tageszeit muggelfrei gefunden und geloggt.<br>Gruß aus Dortmund.<br>T4TC<br />]]></LOG>
<LOG><![CDATA[<img src='icon_smile.gif'>&nbsp;2009-05-05 by tobig7<br><br />geloggt....<br />]]></LOG>
<LOG><![CDATA[<img src='icon_smile.gif'>&nbsp;2009-05-05 by schatzmaster<br><br />Auf After-Work-Tour gefunden.<br>Die Dose habe ich in der Küche hängen :-)<br>No Trade<br>T4TC,<br>Schatzmaster<br />]]></LOG>
<LOG><![CDATA[<img src='icon_smile.gif'>&nbsp;2009-05-01 by Fam.Marsch<br><br />Wir sind mal wieder in Thüringen und da ziehe wir ja immer mit Uhri los zum Cachen.<br>Bei der Runde war dann auch dieser schnell gefunden.<br>Ist auf alle fälle eine schöne stelle für einen Cache.<br>TFTC<br>2/3 Fam.Marsch<br><br />]]></LOG>
<LOG><![CDATA[<img src='icon_smile.gif'>&nbsp;2009-05-01 by hetten2001<br><br />heute nacht schnell gefunden.<p>TFTC<p>hetten2001 & Team<br />]]></LOG>
<LOG><![CDATA[<img src='icon_smile.gif'>&nbsp;2009-04-19 by Sobo<br><br />Alligateuse und ich haben einen Ausflug nach Muehlhausen und Umgebung gemacht und wollten an diesem Cache nicht achtlos vorueberziehen. <br>Das Doeschen konnten wir problemlos finden. Leider waren wir nicht schnell genug, einen kurzen Plausch mit kallimunkel zu halten. So blieb es bei einem kurzen Winkkontakt. Wir gruessen Euch! <br>Vielen Dank fuer den Cache und Gruesse aus der Nordheide,<br>Sobo<br />]]></LOG>
<LOG><![CDATA[<img src='icon_smile.gif'>&nbsp;2009-04-19 by Kuchenmops<br><br />Am Sonntag hatte man das Final für sich allein, und wenn doch jemand gefragt hätte was wir da treiben hätte das Objekt uns die passende Antwort vorgegeben. Ein schöner Cachebehälter, solche warten bei uns auch noch darauf versteckt zu werden <img src='http://www.geocaching.com/images/icons/icon_smile.gif' border=0 align=middle>.<p>Danke für den Cache!<br />]]></LOG>
<LOG><![CDATA[<img src='icon_smile.gif'>&nbsp;2009-04-19 by alligateuse<br><br />Große Mühlhausen-Tour mit sobo <img src='http://www.geocaching.com/images/icons/icon_smile_big.gif' border=0 align=middle> Schon bei der Ankunft sahen wir ein anderes Auto, waren uns aber zunächst nicht sicher, ob Cacher oder nicht. Daher nur freundliches Nicken und auf die Suche gehen. Die Dose war flugs entdeckt und der Eintrag von kallimunkel war direkt vor uns. Also doch Cacher <img src='http://www.geocaching.com/images/icons/icon_smile_big.gif' border=0 align=middle> Grüße an euch an dieser Stelle.<p>Danke fürs Verstecken, Grüße aus Hamburg,<br>Annett<br />]]></LOG>
<LOG><![CDATA[<img src='icon_smile.gif'>&nbsp;2009-04-19 by SAM-Hessen<br><br />Gemeinsam mit Guardiano im Rahmen des CITO Event mitgenommen.<p><p>Danke dafür sagen SAM-Hessen.<br />]]></LOG>
<LOG><![CDATA[<img src='icon_smile.gif'>&nbsp;2009-04-19 by Guardiano<br><br />Diesen im Anschluß an das Event gemeinsam mit SAM-Hessen gut gefunden. TFTC<br />]]></LOG>
<LOG><![CDATA[<img src='icon_smile.gif'>&nbsp;2009-04-19 by LadyOscar<br><br />Die kleine Dose konnte sich nicht lange verstecken und wurde schnell entdeckt. <br>Sonntags ist wirklich eine günstige zeit, konnten absolut in Ruhe loggen. <p>TFTC <br />]]></LOG>
<LOG><![CDATA[<img src='icon_smile.gif'>&nbsp;2009-04-19 by dragon1978<br><br />Nach dem CITO schnell gesucht und gefunden. TFTC<p>#817<br />]]></LOG>
<LOG><![CDATA[<img src='icon_smile.gif'>&nbsp;2009-04-19 by kallimunkel<br><br />...nach dem Cito schnell noch hier vorbei... Der Name ist Programm! Am Cache noch einem freundlich lächelndem Cacherpaar aus WL zugewunken! Grüße an dieser Stelle!<br>Danke sagen die Kallimunkels aus NDH <br />]]></LOG>
<LOG><![CDATA[<img src='icon_smile.gif'>&nbsp;2009-04-19 by mamy1<br><br />Neue Klamotten fanden wir hier keine, dafür aber einen Cache, für den wir uns beim Owner bedanken möchten.<p>Viele Grüße von mamy1<br />]]></LOG>
<LOG><![CDATA[<img src='icon_smile.gif'>&nbsp;2009-04-19 by lightmen<br><br />Nach dem Event gut gefunden. - Wirklich ein treffender Name.<p>TFTC<p><font color="yellow">light</font><font color="green">men</font><br />]]></LOG>
<LOG><![CDATA[<img src='icon_smile.gif'>&nbsp;2009-04-17 by agp<br><br />Bis Sonntag oder nach den Öffnungszeiten wollten wir nicht warten - die Mode gestattet keine Pausen!  <img src='http://www.geocaching.com/images/icons/icon_smile_clown.gif' border=0 align=middle><p>Danke für das Döschen<br>agp<br />]]></LOG>
<LOG><![CDATA[<img src='icon_smile.gif'>&nbsp;2009-04-10 by biba1981<br><br />auch gleich noch mitgenommen mit FTT ging schnell<br />]]></LOG>
<LOG><![CDATA[<img src='icon_smile.gif'>&nbsp;2009-04-05 by FTT<br><br />Der letzte auf der heutigen Biketour mit burnair.<br>TFTC<br />]]></LOG>
<LOG><![CDATA[<img src='icon_smile.gif'>&nbsp;2009-04-05 by burnair<br><br />auf der suche auch noch schnell mitgenommen<br />]]></LOG>
<LOG><![CDATA[<img src='icon_smile.gif'>&nbsp;2009-04-05 by Sharky77<br><br />Nr. 3 auf der heutigen Tour! TFTC!<br />]]></LOG>
<LOG><![CDATA[<img src='icon_smile.gif'>&nbsp;2009-03-31 by Yalla<br><br />Der Vierte auf unserer heutigen Runde in und um Mühlhausen. Was macht man nicht alles für einen Punkt. Auch den Buckel krum?<br><img src='http://www.geocaching.com/images/icons/icon_smile_cool.gif' border=0 align=middle><br>Vielen Dank und Viele Grüße von Yalla<br />]]></LOG>
<LOG><![CDATA[<img src='icon_smile.gif'>&nbsp;2009-03-24 by MaxThomas<br><br />Leider nix zum Entsorgen dabei gehabt!<br>Grüße,<br>MaxThomas<br />]]></LOG>
<LOG><![CDATA[<img src='icon_smile.gif'>&nbsp;2009-03-09 by Kerny77<br><br />einfach schade wenn die trackables nicht mehr da sind, wo sie doch noch geloggt wurden <img src='http://www.geocaching.com/images/icons/icon_smile_sad.gif' border=0 align=middle> aber da muss man sich wohl mit abfinden...<br>cache war schnell gefunden.<br />]]></LOG>
<LOG><![CDATA[<img src='icon_smile.gif'>&nbsp;2009-03-07 by 0-Rgeiz<br><br />Mit itzibitzi on Tour.<br>Ah ja.<br>Eine Anregung für einen Cache-Behälter gefunden.<br>Schweden, mit vier Buchstaben.<br>Ich hatte itzibitzi gleich gesagt, daß mit dem Bleistift könnte Ärger geben.<br>Haben wir hier bereinigt.<br>In = Coin<br>Zum Thema des Coin > ist natürlich nicht nötig !!!<br />]]></LOG>
<LOG><![CDATA[<img src='icon_smile.gif'>&nbsp;2009-03-07 by itzibitzi<br><br />Mit 0-Rgeiz heute auf "Onkel-Heinz-Gedächtnis-Caching-Tour" gewesen.<br>Schneller Fund dieses schönen Behälters.<br>In = Bleistift.<br>(Bei "Beginn der sportlichen Laufbahn" entwendet.)<br />]]></LOG>
<LOG><![CDATA[<img src='icon_smile.gif'>&nbsp;2009-02-11 by HeiligerJoghurt<br><br />viele Grüße <br>aus Eisenach an mueckenfett <br />]]></LOG>
<LOG><![CDATA[<img src='icon_smile.gif'>&nbsp;2009-02-07 by michael01<br><br />Heute waren wir unterwegs mit Smeagol, Schnullerbacke77 und Frittenbude70, um Mühlhausen unischer zu machen. In Mühlhausen haben wir noch Hoffi1986 aufgelesen, der uns als Ortskundiger zu allen strategisch günstig gelegenen Caches durch die Stadt gelotst hat.<p>Der Cache war schnell gefunden. Leider ist das Logbuch ziemlich feucht.<p>Danke und viele Grüße<br>Michael01<br>#1379<br />]]></LOG>
<LOG><![CDATA[<img src='icon_smile.gif'>&nbsp;2009-02-06 by Kloeschen<br><br />Gut das es noch Drive-in`s gibt <img src='http://www.geocaching.com/images/icons/icon_smile_wink.gif' border=0 align=middle><br>TFTC<br />]]></LOG>
<LOG><![CDATA[<img src='icon_smile.gif'>&nbsp;2009-02-06 by nudenn<br><br />Auf dem Heimweg hier noch schnell gehalten . Die Füße wollten nicht mehr. DFDC.<br />]]></LOG>
<LOG><![CDATA[<img src='icon_smile.gif'>&nbsp;2009-01-24 by Schnullerbacke77<br><br />Zusammen mit den Dreckspatzen Frittenbude70 und Smeagol Mühlhausen unsicher gemacht.<br>Frittenbude70 hat Schmiere im Auto gesessen<img src='http://img.groundspeak.com/forums/emoticons/signal/tongue.gif' width=19 height=19 border=0 align=middle> und Smeagol und ich waren "Einkaufen". OK, unser Klamottengeschmack war nicht vertreten, aber dafür eine Dose gefunden. <img src='http://img.groundspeak.com/forums/emoticons/signal/big_smile.gif' width=19 height=19 border=0 align=middle><br>Vielen Dank für diesen Cache und viele Grüsse<img src='http://img.groundspeak.com/forums/emoticons/signal/big_smile.gif' width=19 height=19 border=0 align=middle><br>Schnullerbacke77<br />]]></LOG>
<LOG><![CDATA[<img src='icon_smile.gif'>&nbsp;2009-01-24 by Team Fribu70 &amp; Schnuba77<br><br /><b>Die Verrückten - Smeagol, Schnullerbacke77 und ich- waren wieder unterwegs, diesmal musste Mühlhausen dran glauben!</b><br><font color="blue"><br>Ja, es wurde jetzt dunkel und wir wollten aber ein paar Cache noch heben.<br>Ich muss hier smeagol mal widersprechen, wir sahen noch gut aus und unsere Klamotten auch, na gut die Schuhe waren schon ganz schön eingesaut. Aber das kleine Erdferkel, das neue Klamotten benötigte war doch er, oder?<img src='http://img.groundspeak.com/forums/emoticons/signal/tongue.gif' width=19 height=19 border=0 align=middle><img src='http://img.groundspeak.com/forums/emoticons/signal/tongue.gif' width=19 height=19 border=0 align=middle><img src='http://img.groundspeak.com/forums/emoticons/signal/tongue.gif' width=19 height=19 border=0 align=middle><br>Naja, die Dose schnell im Schutze der Dunkelheit gefunden und auf ging es zur nächsten Dose!</font><p><i>Vielen Dank für den Cache!</i><br />]]></LOG>
<LOG><![CDATA[<img src='icon_smile.gif'>&nbsp;2009-01-24 by smeagol<br><br />1503. Auf Mühlhausen-Tour mit Schnullerbacke77 und Frittenbude70!<p>Gestärkt gings nach dem Döner nun auf zur letzten Runde für heute - nach den Dreckspuren an den Klamotten zu urteilen, wäre ein neues Einkleiden dann vielleicht garnicht das Verkehrteste gewesen ...! Aber dann vielleicht doch lieber nicht hier! <img src='http://www.geocaching.com/images/icons/icon_smile_wink.gif' border=0 align=middle><p>Danke und Gruß, Smeagol<p>in: Coin<br />]]></LOG>
<LOG><![CDATA[<img src='icon_smile.gif'>&nbsp;2009-01-11 by malipa<br><br />Auf dem Heimweg schnell noch gelogged...<p>TFTC<br>Team Malipa<br />]]></LOG>
<LOG><![CDATA[<img src='icon_smile.gif'>&nbsp;2009-01-11 by Rumpel&amp;Schw&#228;rzchen<br><br />Auf dem Heimweg haben wir hier mal schnell angehalten. Das Versteck konnten wir schon von Weitem erahnen. Doch wir mussten noch lange warten, denn einige Muggels wollten einfach nicht gehen. Der Cache war danach schnell gehoben.<p>-no trade-<p>TFTC sagen Rumpel & Schwärzchen.<p># 222 / 11.01.2009 16:45<br />]]></LOG>
<LOG><![CDATA[<img src='icon_smile.gif'>&nbsp;2008-12-29 by Sushi_und_Soerbi<br><br />Heute kurz vor der Heimfahrt hier noch ran getraut. Dank einsetzender Dunkelheit in einem passenden Moment loggen können.<p>Der 15. auf unserer Mühlhausen-Runde...<p>TFTC sagt Team Sushi_und_Soerbi<br />]]></LOG>
<LOG><![CDATA[<img src='icon_smile.gif'>&nbsp;2008-12-28 by Great-Magnus<br><br />Heute als dritten Cache auf der Heimfahrt ins Vogtland angegangen, schnell gefunden und muggelfrei (dank Sonntag) geloggt.<p># 138  @ 11:00<p>no trade<p><br />]]></LOG>
<LOG><![CDATA[<img src='icon_smile.gif'>&nbsp;2008-12-23 by KaputtesLicht<br><br />Schnell gefunden, vielen Dank<br />]]></LOG>
<LOG><![CDATA[<img src='icon_smile.gif'>&nbsp;2008-12-16 by R&#252;ben<br><br />Found<br />]]></LOG>
<LOG><![CDATA[<img src='icon_smile.gif'>&nbsp;2008-12-16 by monalisa812<br><br />found it<br />]]></LOG>
<LOG><![CDATA[<img src='icon_smile.gif'>&nbsp;2008-12-16 by Geo-Zwerge<br><br />Found<br />]]></LOG>
<LOG><![CDATA[<img src='icon_smile.gif'>&nbsp;2008-11-01 by Steppenwolf6666<br><br />Diesen Cache nach dem Car Wash auch gleich angegangen.<br />]]></LOG>
<LOG><![CDATA[<img src='icon_smile.gif'>&nbsp;2008-11-01 by Blacky59<br><br />Mit Steppenwolf6666 unterwegs gewesen und auch hier vorbei gekommen.<br />]]></LOG>
<LOG><![CDATA[<img src='icon_smile.gif'>&nbsp;2008-10-31 by Gerstenzwerge<br><br />Der erste am zweiten Tag auf der gemeinsamen Cachetour mit dem Portitzer durch MHL. <br>Mit einer Lumpensammlung begonnen und dann das Gelände weiter abgegrast.<br>Danke und Gruß aus Leipzig<br>vom Gerstenzwerg<br />]]></LOG>
<LOG><![CDATA[<img src='icon_smile.gif'>&nbsp;2008-10-31 by Portitzer<br><br />Nach einer kurzen Ruhepause und einem leckeren Frühstück in der Pension ging es heute hier weiter. Zum Feiertag waren die Muggels zum Glück noch alle im Bett <img src='http://www.geocaching.com/images/icons/icon_smile_big.gif' border=0 align=middle>.<p>Danke und viele Grüße<br>Kurt<p>#1205<br />]]></LOG>
<LOG><![CDATA[<img src='icon_smile.gif'>&nbsp;2008-10-31 by Schippi38<br><br />Auch dieser Cache konnte sich nicht lange verbergen.<br>Am Feiertag war es dort absolut muggelfrei.<br>Danke sagt Schippi38!<br />]]></LOG>
<LOG><![CDATA[<img src='icon_smile.gif'>&nbsp;2008-10-30 by das Licht<br><br />Schnell gefunden<p>Danke<br />]]></LOG>
<LOG><![CDATA[<img src='icon_smile.gif'>&nbsp;2008-10-30 by Sonnen Strahl<br><br />Schnell gefunden.<p>Danke<br />]]></LOG>
<LOG><![CDATA[<img src='icon_smile.gif'>&nbsp;2008-10-24 by Kirsche 7a<br><br />Gut gefunden. TFTC, Kirsche 7a<br />]]></LOG>
<LOG><![CDATA[<img src='icon_note.gif'>&nbsp;2008-10-16 by sili &amp; tommi<br><br />Also ,nach einer 20 Min. suche habe ich um 21.30 Uhr den Rückzug Richtung LKW an getreten ,hatte sicher was mit den Augen.<br>Meine suche war sehr Intensiev, habe nix gefunden ,aber ich komme wieder und dann .....<p>VG an Mueckenfett<p>sili & tommi<p><br><br />]]></LOG>
<LOG><![CDATA[<img src='icon_smile.gif'>&nbsp;2008-10-12 by Black Hawk73<br><br />Heute mit Gastcacher Manfred auf "Neueinkleidung" gegangen und siehe da er hat ihn entdeckt. Nur war leider nix in unserer Größe verfügbar. Prima Versteck. <p>TFTC sagt Black Hawk73 + Gastcacher <p>In Out: nix<br />]]></LOG>
<LOG><![CDATA[<img src='icon_smile.gif'>&nbsp;2008-09-26 by Hoffi1986<br><br />Gleich noch was neues zum anziehen für die 2 gastcacher mitgenommen <img src='http://www.geocaching.com/images/icons/icon_smile_big.gif' border=0 align=middle><br>Schönes Versteck!<br />]]></LOG>
<LOG><![CDATA[<img src='icon_smile.gif'>&nbsp;2008-09-16 by uhri<br><br />Fix mal angehalten. Leider nicht`s passendes gefunden.<br>TFTC<br />]]></LOG>
<LOG><![CDATA[<img src='icon_smile.gif'>&nbsp;2008-09-13 by two rubsners<br><br />Sonnabend Abend war es gut muggelfrei.<br />]]></LOG>
<LOG><![CDATA[<img src='icon_smile.gif'>&nbsp;2008-09-13 by Grottenolm87<br><br />so den auch noch mitgenommen. TFTC<p>Der Grottenolm<br />]]></LOG>
<LOG><![CDATA[<img src='icon_smile.gif'>&nbsp;2008-09-08 by kalimo<br><br />Schnell gefunden und gehoben. TFTC<br />]]></LOG>
<LOG><![CDATA[<img src='icon_smile.gif'>&nbsp;2008-09-06 by madd.in<br><br />Gut gefunden ... Kirmessamstag war hier nicht wirklich was los.<p>tftc, madd.in<br />]]></LOG>
<LOG><![CDATA[<img src='icon_smile.gif'>&nbsp;2008-09-06 by GeoSittiche<br><br />Eine willkommener Cache zur Mühlhäuser Kirmes.<br>Cache gut gefunden.<br>Danke<br>die GeoSittiche<br />]]></LOG>
<LOG><![CDATA[<img src='icon_smile.gif'>&nbsp;2008-08-31 by geofutz<br><br />Diesen Drive-In zusammen mit Geoanni auf unserer MHL-Tour schnell gefunden.<br>Danke für #172 und<br>BYE GF.<br />]]></LOG>
<LOG><![CDATA[<img src='icon_smile.gif'>&nbsp;2008-08-31 by geoanni<br><br />Am Sonntag Nachmittag Muggelfrei mit Geofutz und Katha geloggt.<br>IN: Anstecker VITA COLA<br>OUT: Anstecker Schwein Bauknecht<br>Danke für #38 an Mueckenfett und<br>BYE Geoanni.<br />]]></LOG>
<LOG><![CDATA[<img src='icon_smile.gif'>&nbsp;2008-08-30 by Erithacus Rubecula<br><br />Abgestaubt!<p>Mit Ifindnix, Team Kumunst und den Eichsgenossen auf Tour gewesen. Schnell gefunden. TFTC<br><br />]]></LOG>
<LOG><![CDATA[<img src='icon_smile.gif'>&nbsp;2008-08-30 by ifindnix<br><br />Salvete!<br>Wir waren mal wieder gemeinsam mit Team Kumunst auf cache-Tour in Thüringen und konnten bei herrlichstem Wetter auch dieses Döschen schnell finden! <img src='http://www.geocaching.com/images/icons/icon_smile_big.gif' border=0 align=middle><br>Die Klamotten haben wir dagelassen, es war nur was mit Querstreifen da und die tragen ja bekanntlich auf! <img src='http://www.geocaching.com/images/icons/icon_smile_wink.gif' border=0 align=middle><br>Vobis gratias agimus!<br>ifindnix & crew <br />]]></LOG>
<LOG><![CDATA[<img src='icon_smile.gif'>&nbsp;2008-08-30 by Team Kumunst<br><br />Mit dem Einkleiden hat das nicht so geklappt. War nichts in unserer Größe da.<br>Danke und Gruß<br>Team Kumunst<br />]]></LOG>
<LOG><![CDATA[<img src='icon_smile.gif'>&nbsp;2008-08-26 by BastiVW<br><br />schnell gefunden<br />]]></LOG>
<LOG><![CDATA[<img src='icon_smile.gif'>&nbsp;2008-08-23 by MMau<br><br />Samstag vormittag 11:30 Uhr, Einkaufszeit...Aber trotzdem als Drive in super schnell gefunden.<br>TFTC<br><b><font color="purple">MMau</font></b><br />]]></LOG>
<LOG><![CDATA[<img src='icon_smile.gif'>&nbsp;2008-08-12 by kleinerMuck77<br><br />Auf einem schönen Spaziergang durch Mühlhausen gut gefunden - vielen Dank.<p>#439<br />]]></LOG>
<LOG><![CDATA[<img src='icon_smile.gif'>&nbsp;2008-08-10 by Seve<br><br />Auf meiner Fahrt nach Ilmenau hier kurz angehalten und den Cache schnell gefunden. Gerade rechtzeitig, bevor noch ein Muggel über den Parkplatz spazierte.<br />]]></LOG>
<LOG><![CDATA[<img src='icon_smile.gif'>&nbsp;2008-08-06 by LUPO.79<br><br />Als ersten auf meiner gaaaanz kleinen Cachenachtrunde gefunden.<br>TFTC<br />]]></LOG>
<LOG><![CDATA[<img src='icon_smile.gif'>&nbsp;2008-08-06 by Traumpaar1<br><br />Natürlich kam der Mann zur Entleerung gerade da wo wir ihn uns holen wollten, ALSO wieder warten<br />]]></LOG>
<LOG><![CDATA[<img src='icon_smile.gif'>&nbsp;2008-08-03 by le_rapunzel<br><br />Danke für diesen kleinen, schnellen Tradi auf unserer Urlaubs-Feierabend-Runde. Haben alles gut gefunden.<br />]]></LOG>
<LOG><![CDATA[<img src='icon_smile.gif'>&nbsp;2008-08-03 by Capone72<br><br />Die Nummer sechs an diesem Abend. Nach 20 min waren wir durch. Vielen Dank für die nette Entspannungstour zum Feierabend.<p>Viele Grüße.<br />]]></LOG>
<LOG><![CDATA[<img src='icon_smile.gif'>&nbsp;2008-08-03 by DerAlte<br><br />Bei unserer heutigen kleinen MHL-Tour auch diesen Cache gefunden.<br>DerAlte & Frau  <br>  <br><br />]]></LOG>
<LOG><![CDATA[<img src='icon_smile.gif'>&nbsp;2008-07-26 by Die Hasenschnitzels<br><br />Ein Griff und da war auch schon die Dose. Danke fürs Verstecken.<p>Die Hasenschnitzels<br />]]></LOG>
<LOG><![CDATA[<img src='icon_smile.gif'>&nbsp;2008-07-25 by Ashracx<br><br />mit tesaabroller, grasnabentaucher, die_sylle und pcdonkel gefunden<p>tftc<br />]]></LOG>
<LOG><![CDATA[<img src='icon_smile.gif'>&nbsp;2008-07-25 by Die_Sylle<br><br />zusammen mit dem tesaabroller, grasnabentaucher, ashracx und pcd onkel unterwegs gewesen.<p>tftc<br />]]></LOG>
<LOG><![CDATA[<img src='icon_smile.gif'>&nbsp;2008-07-25 by Tesaabroller<br><br />Die Nacht eine kleine Tour mit der Sylle, Arschkratz, PCDonkel und dem Grasnabentaucher unternommen.<br>Der hier war schnell gefunden - TFTC!<br />]]></LOG>
<LOG><![CDATA[<img src='icon_smile.gif'>&nbsp;2008-07-20 by Eichsgenossen<br><br />Schön das er wieder da ist-also hin und weg,mist-erst mal griff ich in den Dreck.Hätte auf den -Hint- höhren sollen.<br>TFTC und Gruß an Tom und Silke sagen die Eichsgenossen<p>Out : Coin<br />]]></LOG>
<LOG><![CDATA[<img src='icon_enabled.gif'>&nbsp;2008-07-19 by Mueckenfett<br><br />alles wieder bestens<br />]]></LOG>
<LOG><![CDATA[<img src='icon_disabled.gif'>&nbsp;2008-06-20 by Mueckenfett<br><br />Auf Kontrollgang leider nicht mehr an seinem Platz <img src='http://www.geocaching.com/images/icons/icon_smile_shock.gif' border=0 align=middle><br />]]></LOG>
<LOG><![CDATA[<img src='icon_note.gif'>&nbsp;2008-06-15 by Eichsgenossen<br><br />Zusammen mit Grottenolm 87-am -auf und soweit wie möglich im Container gesucht .Entweder ist es eine geniale Tarnung und wir waren zu blind oder wie im Log des Vorgängers (der auch vergeblich gesucht)ist der,die oder das Ding weg.<br>Die Eichsgenossen<br />]]></LOG>
<LOG><![CDATA[<img src='icon_sad.gif'>&nbsp;2008-06-14 by Grottenolm87<br><br />Den cache leider nicht gefunden. Vermutung: weg oder drin<br />]]></LOG>
<LOG><![CDATA[<img src='icon_note.gif'>&nbsp;2008-06-09 by TriNitroToluol2k6<br><br />Ich hab zwar den Hinweis gesehen, aber konnte die Dose nicht finden. Eventuell gemuggelt ? Ich probier's nochmal, wenn weniger Muggels unterwegs sind.<br />]]></LOG>
<LOG><![CDATA[<img src='icon_smile.gif'>&nbsp;2008-06-08 by JonnyH&#252;tchen<br><br />Zusammen mit Kruemel 68 gefunden.<br />]]></LOG>
<LOG><![CDATA[<img src='icon_smile.gif'>&nbsp;2008-06-08 by DENK<br><br />Diesen Micro mussten wir als einen von 6 Eventvorbereitungsmicros finden, weil wir die Eventadresse "vergessen" hatten - und so ging das auch problemlos...<br>THX - Team DENK<br />]]></LOG>
<LOG><![CDATA[<img src='icon_smile.gif'>&nbsp;2008-06-08 by felixwh<br><br />Auf dem Weg zu Mueckenfetts 5K Event wurde auch dieser Cache entdeckt. Zu Glück bin ich groß genug.<br />]]></LOG>
<LOG><![CDATA[<img src='icon_smile.gif'>&nbsp;2008-06-08 by Strauchdieb<br><br />Wir waren am Sonnteg da, kein Mensch in der Nähe, schnell die Garderobe für den Event gewechselt und weiter ging es mit dem Fahrrad.<br>Maik und Sabine<br />]]></LOG>
<LOG><![CDATA[<img src='icon_smile.gif'>&nbsp;2008-06-08 by Hor_andy<br><br /><br>Der geht wirklich ausserhalb der Öffnungszeiten am besten, meinen ersten Versuch musste ich gestern abrechen, da ich sofort unter Beobachtung stand. Nette Versteckidee. <br>TFTC<br><br />]]></LOG>
<LOG><![CDATA[<img src='icon_smile.gif'>&nbsp;2008-06-08 by SwedenHawk<br><br />Nummer 4 vor dem Event. Eine schöne Idee und meine Körpergröße passte auch perfekt. <br>Gruß, Axel<br />]]></LOG>
<LOG><![CDATA[<img src='icon_smile.gif'>&nbsp;2008-06-08 by Zuckerpl&#228;tzchen<br><br />Heute mit odink eine kleine Runde in Mühlhausen gedreht auf dem Weg zu Mückenfetts 5k Event und ein paar Dosen gehoben...<br>Nr. 1 auf dem Weg zum Event. Juhuu, wir pirschen uns ran.<p>Tara,<br>Zuckerplätzchen.<br />]]></LOG>
<LOG><![CDATA[<img src='icon_smile.gif'>&nbsp;2008-06-08 by Joe_M<br><br />Am 8. Juni 2008 um 16:15Uhr als #116 gefunden.<p>Der letzte auf dem Weg zu Mueckenfett. Ging schnell <img src='http://www.geocaching.com/images/icons/icon_smile.gif' border=0 align=middle><p>TFTC, Joe + Uli<br />]]></LOG>
<LOG><![CDATA[<img src='icon_smile.gif'>&nbsp;2008-06-08 by kpit51<br><br />Mit 3/4 Team DENK, die mal wieder Taxi gespielt haben, heute Thüringen besucht. Diese Caches schnell absolviert damit wir das Event besuchen konnten.<br>Hier trafen wir auch noch einen "Schuldigen" der den Cache schon mal versenkt hat.<p>Vielen Dank<br>Peter und Brigitte<br />]]></LOG>
<LOG><![CDATA[<img src='icon_smile.gif'>&nbsp;2008-06-08 by odink<br><br />Heute zusammen mit Zuckerplätzchen zum 5k-Event von Mückenfett nach MHL gefahren. Aber erst mal einige Caches gehoben...<p>Die Dose dann schnell gefunden, nachdem wir endlich den großen Behälter gefunden hatten ;)<p>Danke<br>odink<br>#722<br><br />]]></LOG>
<LOG><![CDATA[<img src='icon_smile.gif'>&nbsp;2008-06-08 by C.C.Cache<br><br />Diesen als ersten angegangen und schnell gefunden.<br><font color="orange">T</font>FTC <img src='http://www.geocaching.com/images/icons/icon_smile_big.gif' border=0 align=middle> <font face="comic sans ms"> <font><b><i><font color="blue">C.</font><font color="red">C.</font><font color="green">C</font><font color="blue">a</font><font color="red">c</font><font color="green">h</font><font color="blue">e </b></i></font><font size="2"> <img src='http://www.geocaching.com/images/icons/icon_smile_cool.gif' border=0 align=middle> <b><font color="purple"> # 346  </b></font><br />]]></LOG>
<LOG><![CDATA[<img src='icon_smile.gif'>&nbsp;2008-06-08 by dop3<br><br />Meet&greet an der lumpensammlung :)<br>mfg<br />]]></LOG>
<LOG><![CDATA[<img src='icon_smile.gif'>&nbsp;2008-06-08 by Kruemel68<br><br />Na da war ja ganz schön Betrieb heute. Beim Kommen und beim Gehen tafen wir jeweils andere Teams. Bis gleich !<p>Stefan<br />]]></LOG>
<LOG><![CDATA[<img src='icon_smile.gif'>&nbsp;2008-06-07 by Bara68<br><br />Nachtrag: Als Vorbereitung zum morgigen Event haben wir hier angehalten. Bara68<br />]]></LOG>
<LOG><![CDATA[<img src='icon_smile.gif'>&nbsp;2008-06-07 by Hondje Amanda<br><br />Gemeinsam mit meiner Familie habe ich heut hier ein paar Caches gesucht und zum Schluß habe ich sogar den Eventplatz gefunden. Prima.<p>Danke sagt<br>Euer Hondje Amanda <img src='http://www.geocaching.com/images/icons/icon_smile_kisses.gif' border=0 align=middle><br />]]></LOG>
<LOG><![CDATA[<img src='icon_smile.gif'>&nbsp;2008-06-07 by Team Fire &amp; Ice<br><br />Nummer vier auf der Runde <img src='http://www.geocaching.com/images/icons/icon_smile.gif' border=0 align=middle>.<p>Danke sagt das<br>Team Fire & Ice<br>Heiko und Steffi<br />]]></LOG>
<LOG><![CDATA[<img src='icon_smile.gif'>&nbsp;2008-06-07 by Renault Family<br><br />Ein kleiner für zwischendurch, ganz nach meinem Geschmack.<p>Danke sagt Matti<br />]]></LOG>
<LOG><![CDATA[<img src='icon_smile.gif'>&nbsp;2008-06-07 by FroehlicheRadlerin<br><br />Auf dem Weg zum Flachstal sind wir heute Morgen hier vorbeigekommen und haben fix die letzten Koordinaten fürs Event morgen "eingesammelt". Zum Glück ist nichts schief gegangen <img src='http://www.geocaching.com/images/icons/icon_smile_big.gif' border=0 align=middle>  Danke, Grüße und viel Spaß fürs Event morgen! ... sagt Katja<br />]]></LOG>
<LOG><![CDATA[<img src='icon_smile.gif'>&nbsp;2008-06-06 by gloomy<br><br />Originell versteckt! Nach Ladenschluss war der kein Problem. VG und Danke, gloomy!<br />]]></LOG>
<LOG><![CDATA[<img src='icon_smile.gif'>&nbsp;2008-06-04 by Chris601<br><br />beim 2. mal war der erste Griff glei der Richtige.<p>Out: Coin<br />]]></LOG>
<LOG><![CDATA[<img src='icon_smile.gif'>&nbsp;2008-06-04 by AT-AT<br><br />Tolle Versteckidee!<br>TFTC<br>Coin getauscht<br />]]></LOG>
<LOG><![CDATA[<img src='icon_smile.gif'>&nbsp;2008-06-04 by Gollum &amp; Galadriel<br><br />Endlich neue Klamotten im Schrank <img src='http://www.geocaching.com/images/icons/icon_smile_big.gif' border=0 align=middle><br>Mussten nur ganz schön warten, ehe sie endlich alle verschwunden waren.<br>TFTC<br />]]></LOG>
<LOG><![CDATA[<img src='icon_sad.gif'>&nbsp;2008-06-03 by Chris601<br><br />hmm.. hab ich deshalb heute nichts gefunden?<br />]]></LOG>
<LOG><![CDATA[<img src='icon_note.gif'>&nbsp;2008-06-03 by Kruemel68<br><br />Entschuldigung, ich hab am Sonntag die Dose versenkt. Aber ich denke, es geht hier schon wieder weiter ?!?!<p>Bis Sonntag !<p>Stefan<br />]]></LOG>
<LOG><![CDATA[<img src='icon_smile.gif'>&nbsp;2008-06-02 by Traveler77<br><br /><img src='http://www.geocaching.com/images/icons/icon_smile_big.gif' border=0 align=middle><img src='http://www.geocaching.com/images/icons/icon_smile_big.gif' border=0 align=middle><img src='http://www.geocaching.com/images/icons/icon_smile_big.gif' border=0 align=middle> FTF <img src='http://www.geocaching.com/images/icons/icon_smile_big.gif' border=0 align=middle><img src='http://www.geocaching.com/images/icons/icon_smile_big.gif' border=0 align=middle><img src='http://www.geocaching.com/images/icons/icon_smile_big.gif' border=0 align=middle><br>Ein beherzter Griff und die Koordinaten für das Event waren nur eine Frage von Sekunden. Wir freuen uns drauf. <img src='http://www.geocaching.com/images/icons/icon_smile_wink.gif' border=0 align=middle> TFTC<br>Geocoin getauscht.<br />]]></LOG>
<LOG><![CDATA[<img src='icon_greenlight.gif'>&nbsp;2008-06-02 by Kanne und Siki<br><br />Published<br />]]></LOG>
<LOG><![CDATA[<img src='icon_note.gif'>&nbsp;2008-05-30 by Mueckenfett<br><br />Für den Ersten was abgelegt <img src='http://www.geocaching.com/images/icons/icon_smile_big.gif' border=0 align=middle><br />]]></LOG>
</LOGS>
<NOTES><![CDATA[]]></NOTES>
<IMAGES>
</IMAGES>
<TRAVELBUGS>
</TRAVELBUGS>
<URL><![CDATA[]]></URL>
<SOLVER><![CDATA[]]></SOLVER>
    <CACHE  name = "Lumpensammlung" owner = "Mueckenfett" lat = "51,200033333333" lon = "10,472966666667" hidden = "2008-05-30" wayp = "GC1CGR4" status = "" ocCacheID = "" lastSyncOC = "20100419230120" num_recommended = "0" num_found = "-1" attributesYes = "34364459011" attributesNo = "2199023255552" boolFields="1922" byteFields="50465295" attributesYes1 = "0" attributesNo1 = "0" />
</CACHEDETAILS>
