<?xml version="1.0" encoding="ISO-8859-1"?>
<CACHEDETAILS>
<VERSION value = "3"/>
<DETAILS><![CDATA[<br>Der Cache befindet sich in der Nähe des Wildgeheges am Mühlhäuser
Stadtwald. Die Hirsche und Rehe lassen sich mit Brot, Kastanien
u.ä. füttern.<br />
Schlechter GPS-Empfang.]]></DETAILS>
<COUNTRY><![CDATA[Germany]]></COUNTRY>
<STATE><![CDATA[Thüringen]]></STATE>
<ATTRIBUTES>
   <ATT>ticks-yes.gif</ATT>
   <ATT>parking-yes.gif</ATT>
   <ATT>available-yes.gif</ATT>
   <ATT>dogs-yes.gif</ATT>
</ATTRIBUTES>
<HINTS><![CDATA[Onhzjhemry]]></HINTS>
<LOGS>
<OWNLOGID></OWNLOGID>
<OWNLOG><![CDATA[]]></OWNLOG>
<LOG><![CDATA[<img src='icon_smile.gif'>&nbsp;2010-04-08 by rageracer<br><br />Heute im 2. Anlauf mit Gastcacher Jörgi nach kurzer Suche schnell gefunden und auf dem Weg zum Cache komische große Rehe gesehen.  	<img src='http://www.geocaching.com/images/icons/icon_smile_big.gif' border=0 align=middle><p>#127 --- 19.05 Uhr<p>TFTC<br />]]></LOG>
<LOG><![CDATA[<img src='icon_smile.gif'>&nbsp;2010-03-28 by Hunter_TH<br><br />Bei kleiner Tour in der Umgebung schnell gefunden. <br />]]></LOG>
<LOG><![CDATA[<img src='icon_smile.gif'>&nbsp;2010-03-28 by saheimast<br><br />Fix gefunden trotz kurz vorm Hungertod, gemeinsam mit Fhuti und Satchmo hätten wir fast die Hirsche angeknabbert...TFTC<br>:D<br />]]></LOG>
<LOG><![CDATA[<img src='icon_smile.gif'>&nbsp;2010-03-28 by Satchmo77<br><br />Auf einer ausgedehnten Tour durch das Mühlhausener Umland mit Fhuti83 und Saheimast auch diesen geloggt. TFTC<br />]]></LOG>
<LOG><![CDATA[<img src='icon_smile.gif'>&nbsp;2010-03-28 by Fhuti83<br><br />Schöner Cache. Schnell gefunden und gelogt. UNterwegs mit satchmo77 und saheimast. TFTC<br />]]></LOG>
<LOG><![CDATA[<img src='icon_smile.gif'>&nbsp;2010-01-31 by KaFen<br><br />Nummer zwei der Stadtwaldrunde. Man was hier alles von den Leuten gefüttert wird. Das ist auch schon so ne Art Volkssport.<br>Die Rehe gehen garnicht mehr vom Zaun an der Straße weg. ;-)<p>Vielen Dank! :-)<br>                       KaFen<br><br />]]></LOG>
<LOG><![CDATA[<img src='icon_smile.gif'>&nbsp;2010-01-01 by mausebaer13<br><br />Der zweite Cache auf unserer Neujahrs-Tour.<br>Erst den falschen Baum im Visier gehabt, doch dann gings ganz schnell.<br>Danke für # 60 <img src='http://www.geocaching.com/images/icons/icon_smile_big.gif' border=0 align=middle><br />]]></LOG>
<LOG><![CDATA[<img src='icon_smile.gif'>&nbsp;2009-11-11 by mnieft<br><br />Der interessanteste Cache am heutigen Tag. Die Tiere sind gar nicht scheu und kamen gleich an den Zaun. Erkennen sicher die Cacher schon von weiten. :)<p>TFTC<br />]]></LOG>
<LOG><![CDATA[<img src='icon_smile.gif'>&nbsp;2009-10-23 by canislupus1975<br><br />Auf fugu81's Geburtstags-Cachesuchtour gesucht und gefunden.<p>TFTC canislupus1975<br />]]></LOG>
<LOG><![CDATA[<img src='icon_smile.gif'>&nbsp;2009-10-23 by fugu81<br><br />nach einen kleinen klettertour über riesige stämme und durch dornengebüsch doch noch gefunden und geloggt.<p>DFDC fugu81<br />]]></LOG>
<LOG><![CDATA[<img src='icon_smile.gif'>&nbsp;2009-09-20 by Mapuser<br><br />Als Nr.2 auf heutiger Tour gefunden.<p>MfG<br>Mapuser<br><br />]]></LOG>
<LOG><![CDATA[<img src='icon_smile.gif'>&nbsp;2009-09-20 by Hardcore-UH<br><br />bei schönen Wetter in MHL gewesen, gefunden und gelogt<br />]]></LOG>
<LOG><![CDATA[<img src='icon_smile.gif'>&nbsp;2009-09-20 by monalisa812<br><br />schnell gefunden, danke <br />]]></LOG>
<LOG><![CDATA[<img src='icon_smile.gif'>&nbsp;2009-09-20 by R&#252;ben<br><br />schnell gefunden <br>TFTC<br />]]></LOG>
<LOG><![CDATA[<img src='icon_smile.gif'>&nbsp;2009-08-30 by anjume<br><br />… dann hier noch etwas die Beine vertreten, das Wild im Hochsicherheitstrakt besucht und das Döschen in seinem Versteck schnell gefunden.<br>Vielen Dank für den Cache.<br>Kein Tausch<p>#389<br><br />]]></LOG>
<LOG><![CDATA[<img src='icon_smile.gif'>&nbsp;2009-08-22 by David+Chrissi<br><br />Auch der war kein Problem..<br>TFTC<br>David+Chrissi<br />]]></LOG>
<LOG><![CDATA[<img src='icon_smile.gif'>&nbsp;2009-08-22 by Giratina<br><br />Mit FaZind schnell gefunden und geloggt. Gruß Giratina<br />]]></LOG>
<LOG><![CDATA[<img src='icon_smile.gif'>&nbsp;2009-08-22 by fazind<br><br />Auf der Heimfahrt von unserer heutigen Cache-Tour gefunden und gelogt. Vielen Dank, Gruß FaZind.<br />]]></LOG>
<LOG><![CDATA[<img src='icon_smile.gif'>&nbsp;2009-07-21 by cjdh13<br><br />Schöne Gegend. Danke<br />]]></LOG>
<LOG><![CDATA[<img src='icon_smile.gif'>&nbsp;2009-07-21 by MV79<br><br />Zusammen im Ferienlager mit dem Kollegen nach kurzer Suche gefunden und geloggt.<p>IN: TB<br>OUT: nix<p>Hatte leider keine neue Plastetüte dabei, denn die wäre nötig. Die alte ist Total Kaput.<br />]]></LOG>
<LOG><![CDATA[<img src='icon_smile.gif'>&nbsp;2009-07-19 by fox-hunter_I<br><br />Die Hecke clever umgangen ... manchmal ist der direkte Weg eben nicht der schnellste <img src='http://www.geocaching.com/images/icons/icon_smile_wink.gif' border=0 align=middle> ... und der cache ward gefunden.<br>TFTC<br>fox-hunter_I<br />]]></LOG>
<LOG><![CDATA[<img src='icon_smile.gif'>&nbsp;2009-07-12 by burnair<br><br />ab durch die hecke...gell biba<br />]]></LOG>
<LOG><![CDATA[<img src='icon_smile.gif'>&nbsp;2009-07-12 by biba1981<br><br />mit Burnair ab durch die büsche würd ich ma sagen lol aber da war leider kein coin drin<img src='http://www.geocaching.com/images/icons/icon_smile_blackeye.gif' border=0 align=middle> oder der graue star hatte gerade zugeschlagen<br />]]></LOG>
<LOG><![CDATA[<img src='icon_smile.gif'>&nbsp;2009-07-09 by Erithacus Rubecula<br><br />Abgestaubt!<br>Während wir die schönen Tiere bewunderten, haben wir uns auf den Weg zum Cache gemacht, der auch schnell gefunden war. Danke fürs Verstecken.<br><br />]]></LOG>
<LOG><![CDATA[<img src='icon_smile.gif'>&nbsp;2009-07-09 by Team Kumunst<br><br />Hier haben wir zuerst ein paar Rehe bewundert und dann die Dose.<br>Out: Coin<br>Danke und Gruß<br>Team Kumunst<br />]]></LOG>
<LOG><![CDATA[<img src='icon_smile.gif'>&nbsp;2009-06-13 by Renault Family<br><br />Nochmal schnell in den Wald und die Sucherei ging los. Das Döschen dann auch gefunden und auch ein Coin abgelegt.<p>Danke sagt Matti<br />]]></LOG>
<LOG><![CDATA[<img src='icon_smile.gif'>&nbsp;2009-06-01 by fabio-otto<br><br />Nachdem wir erstmal unser Brot an Ali 2 :-) (einen Hirsch) verfüttert haben, auch diesen Cache schnell gefunden und geloggt.<p>Thx<br />]]></LOG>
<LOG><![CDATA[<img src='icon_smile.gif'>&nbsp;2009-06-01 by Karolli<br><br />Was machen die Pferde im Wildgehege?! Sie sollen doch nicht auch noch... <img src='http://www.geocaching.com/images/icons/icon_smile_shock.gif' border=0 align=middle><br>Um den zu finden, mussten wir mal wieder ein bisschen laufen. Schadet ja auch nicht!<img src='http://www.geocaching.com/images/icons/icon_smile.gif' border=0 align=middle><p>No Trade!<br>TFTC<br />]]></LOG>
<LOG><![CDATA[<img src='icon_smile.gif'>&nbsp;2009-05-23 by uhri<br><br />Bei einen kleinen Spaziergang mal einen Abstecher gemacht und die Dose gut gefunden. <br>Mit Langer Hose kein Problem.<br>TFTC Uhri+Braut<br />]]></LOG>
<LOG><![CDATA[<img src='icon_smile.gif'>&nbsp;2009-05-23 by GeoXpedition<br><br />Kurze Hose.<br>War keine gute Idee.Brennnesseln ohne Ende.<img src='http://www.geocaching.com/images/icons/icon_smile_big.gif' border=0 align=middle><br />]]></LOG>
<LOG><![CDATA[<img src='icon_smile.gif'>&nbsp;2009-05-02 by BastiVW<br><br />erst vorbei geflitzt dann zu früh ins buschwerk geschlagen aber dann durch die mitte erfolgreich gewesen <img src='http://www.geocaching.com/images/icons/icon_smile_cool.gif' border=0 align=middle><br />]]></LOG>
<LOG><![CDATA[<img src='icon_smile.gif'>&nbsp;2009-04-15 by agp<br><br />Das Wild hatte sich an anderer Stelle versammelt. Wir sahen es erst auf dem Weg zum nächsten Cache. Hier wurden wir mit etwas Sucherei bald fündig.<p>Vielen Dank für's Herführen<br>agp<br />]]></LOG>
<LOG><![CDATA[<img src='icon_smile.gif'>&nbsp;2009-04-13 by Sascha75<br><br />Tja wenn mann sich nicht rechtzeitig durchs Gebüsch schlägt, hat man ganz schön zu Suchen......aber Doch gefunden <p>LG<p>Sascha75<br />]]></LOG>
<LOG><![CDATA[<img src='icon_smile.gif'>&nbsp;2009-04-06 by FTT<br><br />Heute beim Spaziergang mal schnell mitgenommen.<br>In: -<br>Out: Smilie<p>TFTC<br />]]></LOG>
<LOG><![CDATA[<img src='icon_smile.gif'>&nbsp;2009-03-18 by HeiligerJoghurt<br><br />So nahe kommt man den Tieren normalerweise nicht.<br>Die Gäste des Schullandheimes können mit dem Besitzter des Geheges - Führungen vereinbaren. Haben wir auch schon gemacht .<br>Wildfütterung aus der Hand - ein schönes Erlebnis.<br />]]></LOG>
<LOG><![CDATA[<img src='icon_smile.gif'>&nbsp;2009-03-01 by Brausi<br><br />Tierisch.<br>Axel<br />]]></LOG>
<LOG><![CDATA[<img src='icon_smile.gif'>&nbsp;2009-02-06 by Kloeschen<br><br />Mit Nudenn auf Döschenjagd im Mühlhäuser Umland <img src='http://www.geocaching.com/images/icons/icon_smile_cool.gif' border=0 align=middle><br>Diesen Ort mussten wir zweimal besuchen, denn ohne eigenes GPS macht es auch keinen Spaß. TFTC<br />]]></LOG>
<LOG><![CDATA[<img src='icon_smile.gif'>&nbsp;2009-02-06 by nudenn<br><br />Auf Tour mit Kloeschen in Mühlhausen und Umgebung viele interssante Plätze besucht und schöne Caches gefunden.<br>Dank den fleißigen Schatzmeistern - wir kommen gern wieder.<br><img src='http://www.geocaching.com/images/icons/icon_smile.gif' border=0 align=middle>nudenn<img src='http://www.geocaching.com/images/icons/icon_smile.gif' border=0 align=middle><br />]]></LOG>
<LOG><![CDATA[<img src='icon_smile.gif'>&nbsp;2009-02-01 by Bara68<br><br />Wir haben heute nach dem Schullandheim das Wildgehege besucht. Auch wir sahen, wie sich das Wild in einer großen Gruppe eng aneinander kuschelte. Den Schatz haben wir (im Gegensatz zu unserem Vorgänger) sehr schnell gefunden. Danke für den Cache an einem sehr schönen Ort. Bara68 + Fabian<br />]]></LOG>
<LOG><![CDATA[<img src='icon_note.gif'>&nbsp;2009-02-01 by Hor_andy<br><br />Winterbild in.<br />]]></LOG>
<LOG><![CDATA[<img src='icon_smile.gif'>&nbsp;2009-01-31 by commander-rabb<br><br />Der zweite Cache auf unserer kleinen Runde.<br>Diesmal mussten wir schon länger suchen. Jeder von uns beiden jeweils ca. 15 Minuten. Dann kam die Erleuchtung und führte uns zum Cache.<p>raus: nix<br>rein: auch nix<p>DFDC<br>commander-rabb<br />]]></LOG>
<LOG><![CDATA[<img src='icon_smile.gif'>&nbsp;2008-12-31 by dop3<br><br />Beim Winterspaziergang gefunden. <br />]]></LOG>
<LOG><![CDATA[<img src='icon_smile.gif'>&nbsp;2008-12-14 by pendragon1993<br><br />Sehr schönes Gehege und sehr gut versteckter Cache.<p>Danke und Gruß aus Hessen<p>Team Pendragon1993<br />]]></LOG>
<LOG><![CDATA[<img src='icon_smile.gif'>&nbsp;2008-11-15 by gloomy<br><br />Schöner kleiner Spaziergang entlang der Gehege. Da bekommt man ja richtig Appetit - besonders wenn es auf die Mittagszeit zugeht ;-) VG und Danke, gloomy!<br />]]></LOG>
<LOG><![CDATA[<img src='icon_smile.gif'>&nbsp;2008-10-31 by Gate to Black the Forest<br><br />Heute war hier Massenansturm am Tiergehege! Alle wollten Füttern!<br>Nette Idee!<p> Danke für den Cache!<br />]]></LOG>
<LOG><![CDATA[<img src='icon_smile.gif'>&nbsp;2008-10-26 by Hondje Amanda<br><br />Bin mit Herrchen und Fauchen hier gewesen und hab mein Pfötchen ins Logbuch gedrückt!<p>Liebe Grüße vom<br>Hondje Amanda <img src='http://www.geocaching.com/images/icons/icon_smile_kisses.gif' border=0 align=middle><br />]]></LOG>
<LOG><![CDATA[<img src='icon_smile.gif'>&nbsp;2008-10-26 by Team Fire &amp; Ice<br><br />Schnell gefunden, danke für den schnellen Cache.<p>Grüße vom<br>Team Fire & Ice<br>Heiko und Steffi<br />]]></LOG>
<LOG><![CDATA[<img src='icon_smile.gif'>&nbsp;2008-10-12 by Hartn<br><br />schön versteckt, trotzdem gefunden.<br />]]></LOG>
<LOG><![CDATA[<img src='icon_smile.gif'>&nbsp;2008-10-11 by Hoffi1986<br><br />Bei einer kleinen Runde schnell ausgemacht und gefunden!<br>TFTC<br />]]></LOG>
<LOG><![CDATA[<img src='icon_smile.gif'>&nbsp;2008-10-07 by LUPO.79<br><br />Das Begrüßungskomitee stand Spalier und liess mich zum cache passieren!<br>TFTC<br />]]></LOG>
<LOG><![CDATA[<img src='icon_smile.gif'>&nbsp;2008-09-20 by kallimunkel<br><br />16:30 Uhr Erst die gesammelten Kastanien verfüttert und dann zum Cache spaziert. Alles gut gefunden. Danke sagen die Kallimunkels<br>In: Kapitän Out: Lola Bunny<br />]]></LOG>
<LOG><![CDATA[<img src='icon_smile.gif'>&nbsp;2008-08-17 by GeoSittiche<br><br />Kein Cache für nackte Beine,die garstigen Brennesseln warten schon.Cache trotzdem gut gefunden-schönes Versteck.<br>TFTC<br>die GeoSittiche<br />]]></LOG>
<LOG><![CDATA[<img src='icon_smile.gif'>&nbsp;2008-08-12 by kleinerMuck77<br><br />Ich konnte auch keine Autobahn entdecken und bin einfach Luftlinie reingerannt <img src='http://www.geocaching.com/images/icons/icon_smile_big.gif' border=0 align=middle> - vielen Dank.<p>#421<br />]]></LOG>
<LOG><![CDATA[<img src='icon_smile.gif'>&nbsp;2008-08-06 by DerAlte<br><br />Mit dem Rad heute die Waldlauf-Runde versucht abzuarbeiten und diesen Cache mit geloggt: Ohne Cacheautobahn direkt durchs Gesträuch! Danke<br>DerAlte<br />]]></LOG>
<LOG><![CDATA[<img src='icon_smile.gif'>&nbsp;2008-07-02 by Moor2007<br><br />Heute morgen gelogt.<p>TFTC sagt moor2007<br />]]></LOG>
<LOG><![CDATA[<img src='icon_smile.gif'>&nbsp;2008-07-01 by Gollum &amp; Galadriel<br><br />Auch den schnell gefunden. Die Autobahn ist erstmal dem Mähbalken zum Opfer gefallen. Kleiner Tipp für die nächsten Sucher: Wenn man gleich hinterm Gehege abbiegt, muss man nicht durchs hohe Gras.<br>TFTC<br />]]></LOG>
<LOG><![CDATA[<img src='icon_smile.gif'>&nbsp;2008-06-17 by Hor_andy<br><br /><br>Ui, da habe ich mal wieder meine Mittagspause im Stadtwald verbracht und dabei einen Cache gefunden. Unterwegs zum Cache konnte ich einige Bewohner des Geheges beobachten und nach dem Cache wollten sich noch einige andere nette Tierchen mit mir anfreunden, jedenfalls schien es als wollten sie kuscheln, so wie sie auf mir rumkrochen. Oh was ist das, auf dem Rüchzug über die Cacherautobahn habe ich mein GPS verloren, also wieder zurück und danach (siehe oben) hatten sich wieder einige Ixodida's auf mir versammelt <img src='http://www.geocaching.com/images/icons/icon_smile_sad.gif' border=0 align=middle>. Die machen mich noch alle.<br>TFTC<br><br />]]></LOG>
<LOG><![CDATA[<img src='icon_smile.gif'>&nbsp;2008-06-16 by Chris601<br><br />ja, da entwickelt sich eine Cache-Autobahn <img src='http://www.geocaching.com/images/icons/icon_smile.gif' border=0 align=middle><p>Schöner Spaziergang und würdiges Final. <p>Vielen Dank und viele weitere solche Caches, bitte <img src='http://www.geocaching.com/images/icons/icon_smile.gif' border=0 align=middle><p>Out: Coin<p>#325<br />]]></LOG>
<LOG><![CDATA[<img src='icon_smile.gif'>&nbsp;2008-06-15 by braendys<br><br />Den Cache heute schnell gefunden. Wir mussten auch gar nicht lange suchen, da es schon einen kleinen "Trampelpfad" gab der uns zum Cache hin führte. <p>TFTC Team Braendys<br />]]></LOG>
<LOG><![CDATA[<img src='icon_smile.gif'>&nbsp;2008-06-15 by JonnyH&#252;tchen<br><br />Hier war ich mit Krümel. Den TB hab ich gegen eine Coin getauscht.<p>Es grüßt Jonathan ! <p>[This entry was edited by JonnyHütchen on Sunday, June 15, 2008 at 1:10:36 PM.]<br />]]></LOG>
<LOG><![CDATA[<img src='icon_smile.gif'>&nbsp;2008-06-15 by Kruemel68<br><br />Wenn man beim Eintippen der Koords die Ziffern vertauscht, muss man halt zwei mal los. Heute hats dann auf Anhieb geklappt.<p>Danke für den Cache !<p>Stefan<p>[This entry was edited by Kruemel68 on Sunday, June 15, 2008 at 1:14:30 PM.]<br />]]></LOG>
<LOG><![CDATA[<img src='icon_smile.gif'>&nbsp;2008-06-15 by Grottenolm87<br><br />Auf einer kleinen nächtlichen Tour gefunden. TFTC<p>Der Grottenolm<br />]]></LOG>
<LOG><![CDATA[<img src='icon_smile.gif'>&nbsp;2008-06-15 by Eichsgenossen<br><br />Um 00.10Uhr mit "Grottenolm 87"uns durchs Gebüsch geschlagen.Haben hoffentlich nicht die "Bewohner"des Geheges geweckt-und erschreckt.<br>TFTC sagen die Eichsgenossen<br />]]></LOG>
<LOG><![CDATA[<img src='icon_smile.gif'>&nbsp;2008-06-13 by Traveler77<br><br />Da hegt man Hofnung einen FTF abzustauben. <img src='http://www.geocaching.com/images/icons/icon_smile_evil.gif' border=0 align=middle> Und dann: Ein roter Stift auf der ersten Seite. <img src='http://www.geocaching.com/images/icons/icon_smile_wink.gif' border=0 align=middle> TFTC<br />]]></LOG>
<LOG><![CDATA[<img src='icon_smile.gif'>&nbsp;2008-06-13 by Mueckenfett<br><br />Mann oh Mann <img src='http://www.geocaching.com/images/icons/icon_smile_shock.gif' border=0 align=middle><br>da ist man kaum wieder zu Hause und da entdeckt man im Netz schon wieder 2 neue Schätze <img src='http://www.geocaching.com/images/icons/icon_smile_big.gif' border=0 align=middle><br>Also nix wie aufs Rad und ab zur Location.<br>Hier hatte es noch zum FTF gereicht.<br>TB dagelassen, Coin entnommen<br>Tom<br />]]></LOG>
<LOG><![CDATA[<img src='icon_note.gif'>&nbsp;2008-06-11 by AT-AT<br><br />Coin rein<br />]]></LOG>
<LOG><![CDATA[<img src='icon_greenlight.gif'>&nbsp;2008-06-11 by Kanne und Siki<br><br />Published<br />]]></LOG>
<LOG><![CDATA[<img src='icon_note.gif'>&nbsp;2008-05-25 by JonnyH&#252;tchen<br><br />Coin in<br />]]></LOG>
</LOGS>
<NOTES><![CDATA[]]></NOTES>
<IMAGES>
</IMAGES>
<TRAVELBUGS>
</TRAVELBUGS>
<URL><![CDATA[]]></URL>
<SOLVER><![CDATA[]]></SOLVER>
    <CACHE  name = "Wildgehege" owner = "AT-AT" lat = "51,175133333333" lon = "10,3914" hidden = "2008-06-11" wayp = "GC1D51K" status = "" ocCacheID = "" lastSyncOC = "20100419230750" num_recommended = "0" num_found = "-1" attributesYes = "274882103297" attributesNo = "0" boolFields="1922" byteFields="50467855" attributesYes1 = "0" attributesNo1 = "0" />
</CACHEDETAILS>
