<?xml version="1.0" encoding="ISO-8859-1"?>
<CACHEDETAILS>
<VERSION value = "3"/>
<DETAILS><![CDATA[<br>Waldlauf #04 Bornweg<br />
Dieser Cache gehört zur Serie Waldlauf, bei welcher es sich um
unsere bevorzugte Joggingstrecke durch den Mühlhäuser Stadtwald
handelt. (<a href=
"http://www.gpsies.com/map.do?fileId=bvrbhijeyqlwszpm" target=
"_blank" rel="nofollow">visit link</a>)<br />
Wir wollten einfach mal das eine mit dem anderen Hobby verbinden.
In den Logbüchern stehen Zahlen, die für den Bonus benötigt
werden.<br />
Es gibt nichts außergewöhnliches zu sehen, es sollte einfach nur
eine sportliche Runde werden.<br />
Die Serie führt euch mit 10 Caches überwiegend über geschotterte
Forstwege und kann auch mit dem Rad oder als ausgedehnter
Spaziergang absolviert werden. Vom Steingraben kommend geht es ab
der Rehbuche über die Rodelbahn &bdquo;Hüttschengrund&ldquo; für
ca. 1km mit etwa 10% Steigung bergauf.<br />
Am besten parkt man das Cachemobil bei N 51° 12.468 E 010° 22.759
und absolviert die Caches der Reihe nach.<br />
Wer etappenweise vorgehen möchte, parkt für diesen Cache bei N 51°
10.868 E 010° 24.033. Von da sind es ca. 1,4km.]]></DETAILS>
<COUNTRY><![CDATA[Germany]]></COUNTRY>
<STATE><![CDATA[Thüringen]]></STATE>
<ATTRIBUTES>
   <ATT>quads-no.gif</ATT>
   <ATT>motorcycles-no.gif</ATT>
   <ATT>bicycles-yes.gif</ATT>
   <ATT>ticks-yes.gif</ATT>
   <ATT>hunting-yes.gif</ATT>
   <ATT>dogs-yes.gif</ATT>
</ATTRIBUTES>
<HINTS><![CDATA[3z ibz Fpuvyq, Eüpxfrvgr]]></HINTS>
<LOGS>
<OWNLOGID></OWNLOGID>
<OWNLOG><![CDATA[]]></OWNLOG>
<LOG><![CDATA[<img src='icon_smile.gif'>&nbsp;2010-04-18 by clownkunterbunt<br><br />Auf unserer heutigen Cachtour erfolgreich gefunden und gelogt<br />]]></LOG>
<LOG><![CDATA[<img src='icon_smile.gif'>&nbsp;2010-04-10 by rageracer<br><br />Bei allerbestem Cachewetter mit Gastcacher Jörgi diesen Cache als 15ten von 16 auf unserer 5 stündigen Stadtwald-Tour gefunden.<br>Da der Kleine ja sehr offen liegt, war er auch schnell entdeckt.<p>#145 --- 17.30 Uhr<p>TFTC<br />]]></LOG>
<LOG><![CDATA[<img src='icon_smile.gif'>&nbsp;2010-03-29 by saheimast<br><br />Den letzten Tag unseres Caching-Urlaubs in Mühlhausen erfolgreich abgeschlossen. Danke für die vielen netten caches.<br />]]></LOG>
<LOG><![CDATA[<img src='icon_smile.gif'>&nbsp;2010-03-29 by Satchmo77<br><br />An unserem letzen Tag auf Cacherreise nach Mühlhausen auf den Spuren der "Mühlhauser Verstecker" auch diesen gefunden. Danke für eine tolle Zeit mit vielen, tollen Dosen in eindrucksvoller Umgebung! TFTC<br />]]></LOG>
<LOG><![CDATA[<img src='icon_smile.gif'>&nbsp;2010-03-29 by Fhuti83<br><br />Schnell gefunden und gelogt. Unterwegs mit saheimast und satchmo77. TFTC<br />]]></LOG>
<LOG><![CDATA[<img src='icon_smile.gif'>&nbsp;2009-12-26 by pendragon1993<br><br />Auf unserer heutigen Runde durch den Mühlhäuser Stadtwald gut gefunden.<br>Schön, dass wir den Petling einweihen und als erste im neuen Logbuch stehen dürfen.<br>TFTC<br>Team Pendragon 1993<br />]]></LOG>
<LOG><![CDATA[<img src='icon_smile.gif'>&nbsp;2009-11-23 by biba1981<br><br />der erste auf der runde lag gleich neben dem schild auf dem laub<img src='http://www.geocaching.com/images/icons/icon_smile_blackeye.gif' border=0 align=middle> hab ihn aber so wie im tip beschrieben wieder zurück gelegt hoffe das es richtig so ist<img src='http://www.geocaching.com/images/icons/icon_smile_wink.gif' border=0 align=middle><br />]]></LOG>
<LOG><![CDATA[<img src='icon_enabled.gif'>&nbsp;2009-11-05 by Gollum &amp; Galadriel<br><br />weiter gehts, mit neuem Hint<br />]]></LOG>
<LOG><![CDATA[<img src='icon_disabled.gif'>&nbsp;2009-10-25 by Gollum &amp; Galadriel<br><br />wieder geklaut, muss ein neues Versteck suchen<br />]]></LOG>
<LOG><![CDATA[<img src='icon_smile.gif'>&nbsp;2009-09-25 by Hardcore-UH<br><br />gut gemacht        TFTC<br />]]></LOG>
<LOG><![CDATA[<img src='icon_smile.gif'>&nbsp;2009-09-19 by muckel<br><br />Auf einer (teilweise sehr steilen) Radtour gut und schnell gefunden.<br>Vielen Dank für die nett ausgearbeitete Runde durch den Wald.<p>Grüße aus Hamburg,<br>Muckel<br><br />]]></LOG>
<LOG><![CDATA[<img src='icon_smile.gif'>&nbsp;2009-09-05 by wauzi08<br><br />Mit Hoffi auf Tour gefunden! Der ging mal ganz fix, nur die Spinne war im Weg, <img src='http://www.geocaching.com/images/icons/icon_smile_big.gif' border=0 align=middle><br>TFTC<br />]]></LOG>
<LOG><![CDATA[<img src='icon_smile.gif'>&nbsp;2009-09-05 by Hoffi1986<br><br />Das war der letzte Cache für heute und wir haben das neue Logbuch entjungfert! <img src='http://www.geocaching.com/images/icons/icon_smile_wink.gif' border=0 align=middle><br>TFTC<br />]]></LOG>
<LOG><![CDATA[<img src='icon_smile.gif'>&nbsp;2009-08-26 by Karolli<br><br />Der Cache ist wahrscheinlich gemuggelt worden, aber wir haben vom Owner die Logfreigabe erhalten und tun dies hiermit auch!<br>TFTC und für die tolle Runde durch den Wald!<p>[This entry was edited by Karolli on Wednesday, August 26, 2009 at 11:37:51 AM.]<p>[This entry was edited by Karolli on Wednesday, August 26, 2009 at 12:16:01 PM.]<br />]]></LOG>
<LOG><![CDATA[<img src='icon_enabled.gif'>&nbsp;2009-08-24 by Gollum &amp; Galadriel<br><br />alles wieder im Lot<br />]]></LOG>
<LOG><![CDATA[<img src='icon_disabled.gif'>&nbsp;2009-08-23 by Gollum &amp; Galadriel<br><br />erstmal Pause<br />]]></LOG>
<LOG><![CDATA[<img src='icon_smile.gif'>&nbsp;2009-08-22 by fazind<br><br />Auch diesen haben wir gefunden. TFTC Gruß FaZind<br />]]></LOG>
<LOG><![CDATA[<img src='icon_smile.gif'>&nbsp;2009-08-14 by surfstrand<br><br />Nach unserer Draisinen Fahrt, hier<br>noch eine kleine Runde gedreht.<p>Vielen Dank<p>Team Surfstrand<br />]]></LOG>
<LOG><![CDATA[<img src='icon_smile.gif'>&nbsp;2009-08-12 by Kerny77<br><br />Heute im Team mit Sharky77 gesucht und gefunden! Das der Wald sooooo rießig ist hätten wir nicht gedacht, aber schön war´s trotzdem. Haben und auf dem Weg einfach leckere Gedanken um´s Essen NACH dem Marsch gemacht <br><br />]]></LOG>
<LOG><![CDATA[<img src='icon_smile.gif'>&nbsp;2009-08-12 by Straubi_1<br><br />Puh, und ich hatte auch noch die glorreiche Idee. Hätten wohl besser die Turn- statt die Wanderschuhe geschnürt, naja. Wir kommen wieder für den Rest. Trotzdem schöne Runde und Gegend.  <br />]]></LOG>
<LOG><![CDATA[<img src='icon_smile.gif'>&nbsp;2009-08-12 by Sharky77<br><br />Heute im Team mit Kerny77 gesucht und gefunden. Sehr schönes Gelände, aber gaaaaanz schön weit zu latschen....aber die Anstrengung ht sich im Nachhinein dann doch gelohnt. Jetzt fehlt uns nur noch einer aus der Runde und der Bonus...also wir kommen wieder! TFTC!<br />]]></LOG>
<LOG><![CDATA[<img src='icon_smile.gif'>&nbsp;2009-07-09 by Team Kumunst<br><br />Man sollte sich doch nicht immer auf die Topo-Karte verlassen. Manche Wege führen halt ins nichts. Nach einem kleinen Umweg wurden wir dann doch noch fündig.<br>Danke und Gruß<br>Team Kumunst<br />]]></LOG>
<LOG><![CDATA[<img src='icon_smile.gif'>&nbsp;2009-05-21 by Spider_dd &amp; Sohn<br><br />Auch diesen haben wir gefunden. Danke!<br />]]></LOG>
<LOG><![CDATA[<img src='icon_smile.gif'>&nbsp;2009-05-18 by FTT<br><br />Heute mal mit Hawkeye85 im schlammigen Wald unterwegs gewesen.Schnell gefunden und geloggt...<br>TFTC<br />]]></LOG>
<LOG><![CDATA[<img src='icon_smile.gif'>&nbsp;2009-05-18 by hawkeye85<br><br />kleine tour mit FTT gemacht und so haben wir den kleine cache mal schnell geloggt :-)<br />]]></LOG>
<LOG><![CDATA[<img src='icon_sad.gif'>&nbsp;2009-05-14 by magnema<br><br />Auf dem Rückweg zum Auto waren wir leider schon ziemlich in Eile, das GPS sprang hin und her und der Hint half uns leider auch nicht weiter. So ließen wir diesen hier vorerst aus, beim nächsten Besuch suchen wir hier weiter :-)<p>Danke und Gruß aus Göttingen,<br>magnema<br />]]></LOG>
<LOG><![CDATA[<img src='icon_smile.gif'>&nbsp;2009-05-14 by Team Fire &amp; Ice<br><br />Sehr schöne und stressige Tour mit super Verstecken. Auch diesen Cache habe ich gut gefunden. <p>Vielen Dank für diese Tour.<p>Grüße<p>Team Fire & Ice<br>Heiko<br />]]></LOG>
<LOG><![CDATA[<img src='icon_smile.gif'>&nbsp;2009-05-02 by BastiVW<br><br />hier hab ich den wald vor lauter bäumen nicht gesehen aber die erleuchtung kam dann doch noch<br />]]></LOG>
<LOG><![CDATA[<img src='icon_smile.gif'>&nbsp;2009-04-14 by agp<br><br />Auch dieser bereitete keine Probleme.<p>Gruß und Dank<br>agp<br />]]></LOG>
<LOG><![CDATA[<img src='icon_smile.gif'>&nbsp;2009-03-01 by Brausi<br><br />Bei einer schönen Wanderung gut gefunden.<br>Axel<br />]]></LOG>
<LOG><![CDATA[<img src='icon_smile.gif'>&nbsp;2009-02-18 by Team sahneprinz<br><br />Nummer 4 gut und schnell gefunden.<br>Danke für diesen Cache und schöne Grüsse<br>Marion und Gerhard (<font color="blue"><b>Team sahneprinz</font></b>). <img src='http://www.geocaching.com/images/icons/icon_smile_cool.gif' border=0 align=middle><br />]]></LOG>
<LOG><![CDATA[<img src='coord_update.gif'>&nbsp;2009-01-01 by Gollum &amp; Galadriel<br><br /><strong>N 51° 10.991 E 010° 23.359</strong><br /><br />** Coordinates Changed From **<br>N 51° 10.983 E 010° 23.368<br>Distance From Old: 59.4 feet<br>Cachekontrolle und winterliches Koordinatenupdate.<br />]]></LOG>
<LOG><![CDATA[<img src='icon_smile.gif'>&nbsp;2008-12-29 by Sushi_und_Soerbi<br><br />Der 6. auf unserer Mühlhausen-Runde...<p>Nach kurzer Suche hat Soerbi ihn gefunden, trotz 15 m Abweichung...<p>TFTC sagt Team Sushi_und_Soerbi<br />]]></LOG>
<LOG><![CDATA[<img src='icon_smile.gif'>&nbsp;2008-11-16 by sebse<br><br />Geiles Versteck.<br />]]></LOG>
<LOG><![CDATA[<img src='icon_smile.gif'>&nbsp;2008-11-15 by gloomy<br><br />Informativer Weg, leider hatte ich nicht viel Muße zum Lesen ;-) VG und Danke, gloomy!<br />]]></LOG>
<LOG><![CDATA[<img src='icon_smile.gif'>&nbsp;2008-09-20 by kallimunkel<br><br />15:50 Uhr Heute nur zu einen kurzen Waldlauf aufgebrochen und auch diesen gut gefunden. Danke sagen die Kallimunkels<br />]]></LOG>
<LOG><![CDATA[<img src='icon_smile.gif'>&nbsp;2008-09-06 by Grottenolm87<br><br />Eine schöne Waldrunde die ich mit dem Fahrrad absolviert habe. Alle Caches waren in gutem Zustand und gar nicht so einfach zu finden. TFTC<p>Der Grottenolm<br />]]></LOG>
<LOG><![CDATA[<img src='icon_smile.gif'>&nbsp;2008-09-02 by Renault Family<br><br />Heute nach dem Kater der Kirmes mit geborgten Rädern mal die Waldlauf Runde probiert. Dieser dank des Hint im Wald gefunden.<p>Danke sagen Sandra & Matti<br />]]></LOG>
<LOG><![CDATA[<img src='icon_smile.gif'>&nbsp;2008-08-17 by GeoSittiche<br><br />Dank dem durchdachten Hint gut gefunden.<br>TFTC<br>die GeoSittiche<br />]]></LOG>
<LOG><![CDATA[<img src='icon_smile.gif'>&nbsp;2008-08-12 by kleinerMuck77<br><br />Bei einer schönen Wanderung durch den Stadtwald gut gefunden - vielen Dank.<p>#428<br />]]></LOG>
<LOG><![CDATA[<img src='icon_smile.gif'>&nbsp;2008-07-27 by oldboy2<br><br />Heute mit dem Rad und bei schweißtreibenden Temperaturen ca. 3.5 Std. für die komplette Runde gebraucht. Dabei hat uns der Eine oder Andere Cache doch etwas länger aufgehalten, wie ursprünglich gedacht.<p>... erst einmal mit Blindheit beschlagen ... <br>Und weiter ging es zur Nummer5.<p>Danke für die schöne Runde sagen:<br>Oldboy2 und "Die Frau aus Holland" <img src='http://www.geocaching.com/images/icons/icon_smile_wink.gif' border=0 align=middle><br />]]></LOG>
<LOG><![CDATA[<img src='icon_smile.gif'>&nbsp;2008-07-26 by Die Hasenschnitzels<br><br />Erst mal den Hint falsch interpretiert, aber dann ging es doch ganz fix. Das einzige war die langsam hereinbrechende Dunkelheit. Leider ist die Runde nicht nachtcachetauglich.<br>TFTC<p>Die Hasenschnitzels<br />]]></LOG>
<LOG><![CDATA[<img src='icon_smile.gif'>&nbsp;2008-07-26 by Traveler77<br><br />Nr. 4 der heutigen Stadtwaldrunde. Auf den Drahteseln im Team mit Hor_Andy und Gastcacher Marcus angegangen und erfolgreich absolviert. Weiter geht´s. <img src='http://www.geocaching.com/images/icons/icon_smile_wink.gif' border=0 align=middle> TFTC<br />]]></LOG>
<LOG><![CDATA[<img src='icon_smile.gif'>&nbsp;2008-07-26 by Hor_andy<br><br /><br>Zusammen mit Traveler77 und Gastcacher Marcus diese Serie heute vollbracht, et hat sich sicherlich ausgezahlt, das wir erst auf alle Cache gewartet haben, so ergab sich eine sehr schöne MTB-Tour durch unseren Stadtwald.<br>Der Empfang war auch hier nur mäßig, aber der Hint machte die Sache recht eindeutig. <br>TFTC<br><br />]]></LOG>
<LOG><![CDATA[<img src='icon_smile.gif'>&nbsp;2008-07-22 by LUPO.79<br><br />Noch 72m, noch 53, noch 36m, noch 24m bis zum Cache...<br>Stop! Vollbremsung - da war doch was!<br>Schneller Fund.<p>Hier überholte mich ne Family mit Rädern, welche ich noch ne Weile vor mir hatte. Die haben sich sicher gewundert, warum ich immer bis zu ihnen aufhole und dann abrupt im Wald stehen bleibe und ins Unterholz springe...<br />]]></LOG>
<LOG><![CDATA[<img src='icon_smile.gif'>&nbsp;2008-07-09 by AT-AT<br><br />Heute nun endlich diese Runde mit dem Rad in Angriff genommen.<br>Hier stand ich etwas auf der Leitung, den Hint falsch interpretiert.<br>TFTC<br />]]></LOG>
<LOG><![CDATA[<img src='icon_smile.gif'>&nbsp;2008-07-02 by Moor2007<br><br />Heute mittag gelogt.<p>TFTC sagt moor2007<br />]]></LOG>
<LOG><![CDATA[<img src='icon_smile.gif'>&nbsp;2008-06-29 by Kruemel68<br><br />Das war quasi ein drive in mit dem Rad. Danke dafür.<p>Christel und Stefan<br />]]></LOG>
<LOG><![CDATA[<img src='icon_smile.gif'>&nbsp;2008-06-27 by Erithacus Rubecula<br><br />Abgestaubt!<br>Auf meiner heutigen Fahrradtour schnell mitgenommen!<br>TFTC<br />]]></LOG>
<LOG><![CDATA[<img src='icon_smile.gif'>&nbsp;2008-06-27 by Eichsgenossen<br><br />Da war ich erst am falschen Baum,der sooooo gut aussah,bis man nochmal den Hint liest,dann...<br>TFTC sagen die Eichsgenossen<br />]]></LOG>
<LOG><![CDATA[<img src='icon_smile.gif'>&nbsp;2008-06-27 by Mueckenfett<br><br />Kleines Döschen fast im Vorbeuflug mitgenommen.<br>Tom<br />]]></LOG>
<LOG><![CDATA[<img src='icon_greenlight.gif'>&nbsp;2008-06-24 by Don Rocbeer<br><br />Published<br />]]></LOG>
<LOG><![CDATA[<img src='icon_smile.gif'>&nbsp;2008-06-24 by Chris601<br><br />für einen 1/1er mussten wir bei miesem Empfang zwar ne Weile suchen, aber als der Hint entschlüsselt war, wars klar <img src='http://www.geocaching.com/images/icons/icon_smile.gif' border=0 align=middle><br />]]></LOG>
</LOGS>
<NOTES><![CDATA[]]></NOTES>
<IMAGES>
</IMAGES>
<TRAVELBUGS>
</TRAVELBUGS>
<URL><![CDATA[]]></URL>
<SOLVER><![CDATA[]]></SOLVER>
    <CACHE  name = "Waldlauf #04 Bornweg" owner = "Gollum &amp; Galadriel" lat = "51,183183333333" lon = "10,389316666667" hidden = "2008-06-23" wayp = "GC1DG6X" status = "" ocCacheID = "" lastSyncOC = "20100419231328" num_recommended = "0" num_found = "-1" attributesYes = "274877941762" attributesNo = "134742016" boolFields="1922" byteFields="33688074" attributesYes1 = "0" attributesNo1 = "0" />
</CACHEDETAILS>
