<?xml version="1.0" encoding="ISO-8859-1"?>
<CACHEDETAILS>
<VERSION value = "3"/>
<DETAILS><![CDATA[<br>Das Schullandheim Waldschlösschen gehört zum Verband Deutscher
Schullandheime und ist Träger des Gütesiegels "Anerkanntes
Schullandheim des Landes Thüringen". Es liegt idyllisch etwas
außerhalb südwestlich von Mühlhausen am Rand des Stadtwaldes. Zu
erreichen ist das Waldschlösschen von Mühlhausen kommend in
Richtung Oberdorla / Heyerode.]]></DETAILS>
<COUNTRY><![CDATA[Germany]]></COUNTRY>
<STATE><![CDATA[Thüringen]]></STATE>
<ATTRIBUTES>
   <ATT>stroller-yes.gif</ATT>
   <ATT>quads-yes.gif</ATT>
   <ATT>motorcycles-yes.gif</ATT>
   <ATT>bicycles-yes.gif</ATT>
   <ATT>onehour-yes.gif</ATT>
   <ATT>kids-yes.gif</ATT>
   <ATT>wheelchair-yes.gif</ATT>
   <ATT>parking-yes.gif</ATT>
   <ATT>dogs-yes.gif</ATT>
</ATTRIBUTES>
<HINTS><![CDATA[jb trugf ynat?]]></HINTS>
<LOGS>
<OWNLOGID></OWNLOGID>
<OWNLOG><![CDATA[]]></OWNLOG>
<LOG><![CDATA[<img src='icon_smile.gif'>&nbsp;2010-04-10 by diekuschis<br><br />Auf unserer heutigen Mühlen-/Mühlhausen-Tour gefunden.<br>TFTC<br />]]></LOG>
<LOG><![CDATA[<img src='icon_smile.gif'>&nbsp;2010-04-02 by mondenkind1970<br><br />... wenns läuft, dann läufts. Zack geloggt und ab zum Weißen Haus...<br />]]></LOG>
<LOG><![CDATA[<img src='icon_smile.gif'>&nbsp;2010-03-29 by Beuthaner<br><br />Dieser konte sich nicht lange vor mir verstecken und 16:49 Uhr hatte ich Dich in der Hand.<br>Vielen Dank für den Cache.<br>Der Beuthaner aus den Erzgebirge.<br />]]></LOG>
<LOG><![CDATA[<img src='icon_smile.gif'>&nbsp;2010-03-28 by saheimast<br><br />Fix gefunden trotz kurz vorm Hungertod, gemeinsam mit Fhuti und  Satchmo...TFTC<br />]]></LOG>
<LOG><![CDATA[<img src='icon_smile.gif'>&nbsp;2010-03-28 by Satchmo77<br><br />Auf einer ausgedehnten Tour durch das Mühlhausener Umland mit Fhuti83 und Saheimast auch diesen geloggt. TFTC<br />]]></LOG>
<LOG><![CDATA[<img src='icon_smile.gif'>&nbsp;2010-03-28 by Fhuti83<br><br />Schöner Cache. Schnell gefunden und gelogt. UNterwegs mit satchmo77 und saheimast. TFTC<br />]]></LOG>
<LOG><![CDATA[<img src='icon_smile.gif'>&nbsp;2010-03-12 by Marry1988<br><br />TFTC<p>Marry1988<br />]]></LOG>
<LOG><![CDATA[<img src='icon_smile.gif'>&nbsp;2010-03-12 by judama<br><br />TFTC<br>Team JuDaMa<br />]]></LOG>
<LOG><![CDATA[<img src='icon_smile.gif'>&nbsp;2010-03-05 by hekebe18<br><br /> 	<img src='http://www.geocaching.com/images/icons/icon_smile_big.gif' border=0 align=middle>  Schnell gefunden und geloggt.<br>TFTC  hekebe18<br />]]></LOG>
<LOG><![CDATA[<img src='icon_smile.gif'>&nbsp;2010-02-06 by beagle67<br><br />Heute auf Tour mit Axel und unserem Beagle gewesen. Nach kurzer Sucherei doch noch schnell gefunden.<br>---06.02.2010---14.15Uhr--<br>TFTC<br />]]></LOG>
<LOG><![CDATA[<img src='icon_smile.gif'>&nbsp;2010-02-02 by Nalenia<br><br />der GC Autobahn im Schnee folgend, war erst verkehrt, aber dann fix gefunden.<br>TFTC<br />]]></LOG>
<LOG><![CDATA[<img src='icon_smile.gif'>&nbsp;2010-01-31 by KaFen<br><br />Heute ne kleine Runde im Mühlhäuser Stadtwald gedreht und hier begonnen.<p>Vielen Dank!:-)<br>                   KaFen<br />]]></LOG>
<LOG><![CDATA[<img src='icon_smile.gif'>&nbsp;2010-01-24 by Jon&amp;Liz<br><br />#142<p>Bei absoluter Dunkelheit mit der Taschenlampe gesucht und gefunden.<p>Vielen Dank! Jon & Liz<br />]]></LOG>
<LOG><![CDATA[<img src='icon_smile.gif'>&nbsp;2010-01-07 by rageracer<br><br />Heute auf kleiner abendlicher Cache-Tour mit Gastcacher Jörgi gewesen,<br>und nach kurzer Suche auch diesen gefunden.<p>rageracer --- 07.01.10 --- 19.55 Uhr<p>TFTC<br><br />]]></LOG>
<LOG><![CDATA[<img src='icon_smile.gif'>&nbsp;2010-01-01 by mausebaer13<br><br />Bei unserer Neujahrs-Tour schnell gefunden. Es waren zwar einzelne Muggelgruppen unterwegs, aber dazwischen war genügend Zeit um den ersten Log des Jahres zu machen <img src='http://www.geocaching.com/images/icons/icon_smile_big.gif' border=0 align=middle><br>TFTC<br />]]></LOG>
<LOG><![CDATA[<img src='icon_smile.gif'>&nbsp;2009-12-30 by Filly Prinzessin<br><br />Mit Gate to Black the Forest auf Tour und den Cache gut gefunden.<p>Danke sagt Filly Prinzessin <img src='http://www.geocaching.com/images/icons/icon_smile.gif' border=0 align=middle><br />]]></LOG>
<LOG><![CDATA[<img src='icon_smile.gif'>&nbsp;2009-12-30 by Gate to Black the Forest<br><br />Hier war die Drift noch besser 	<img src='http://www.geocaching.com/images/icons/icon_smile_clown.gif' border=0 align=middle> als beim Wacholder! <p>Schnell gefunden!<p>Danke für den Cache!<p>Ein gutes neues Jahr!<p> <img src='http://www.geocaching.com/images/icons/icon_smile_big.gif' border=0 align=middle> <img src='http://www.geocaching.com/images/icons/icon_smile_big.gif' border=0 align=middle> 	<img src='http://www.geocaching.com/images/icons/icon_smile_big.gif' border=0 align=middle> 	<img src='http://www.geocaching.com/images/icons/icon_smile_big.gif' border=0 align=middle> 	<img src='http://www.geocaching.com/images/icons/icon_smile_big.gif' border=0 align=middle> 	<img src='http://www.geocaching.com/images/icons/icon_smile_big.gif' border=0 align=middle> 	<img src='http://www.geocaching.com/images/icons/icon_smile_big.gif' border=0 align=middle><br><br />]]></LOG>
<LOG><![CDATA[<img src='icon_smile.gif'>&nbsp;2009-12-29 by Schippi38<br><br />Erst noch einige Muggels abgewartet, dann gut gefunden.<p>Danke sagt Schippi38!<br />]]></LOG>
<LOG><![CDATA[<img src='icon_smile.gif'>&nbsp;2009-12-25 by sebse<br><br />Vor dem Gänsebraten noch schnell mitgenommen.<br />]]></LOG>
<LOG><![CDATA[<img src='icon_smile.gif'>&nbsp;2009-11-29 by Rosenquartett<br><br />gut und schnell gefunden. nun weiß ich wo#s lang geht.<br>danke und grüße<br />]]></LOG>
<LOG><![CDATA[<img src='icon_smile.gif'>&nbsp;2009-11-28 by klins<br><br />Heute auf dem Weg nach Mühlhausen hier einen kleinen Zwischenstop eingelegt.<br>Vielen Dank<br>Klins & das Klein-Team<br />]]></LOG>
<LOG><![CDATA[<img src='icon_smile.gif'>&nbsp;2009-11-28 by DasKnie<br><br />Auf der heutigen Regencacherunde schnell gefunden! TFTC<br />]]></LOG>
<LOG><![CDATA[<img src='icon_smile.gif'>&nbsp;2009-11-11 by mnieft<br><br />Danke für den Cache.<br><br />]]></LOG>
<LOG><![CDATA[<img src='icon_smile.gif'>&nbsp;2009-10-23 by canislupus1975<br><br />Auf fugu81's Geburtstags-Cachesuchtour gesucht und gefunden.<p>TFTC canislupus1975<br />]]></LOG>
<LOG><![CDATA[<img src='icon_smile.gif'>&nbsp;2009-10-23 by fugu81<br><br />trotz gps-ungenauigkeiten gut gefunden.<p><br>DFDF fugu81<br />]]></LOG>
<LOG><![CDATA[<img src='icon_smile.gif'>&nbsp;2009-10-22 by Knuellfuchs<br><br />Gut und schnell gefunden. Danke für`s Verstecken. Der Knüllfuchs.<br />]]></LOG>
<LOG><![CDATA[<img src='icon_smile.gif'>&nbsp;2009-10-14 by windsandale<br><br />Der Kleine war schnell gefunden und in gutem Zustand.<br>Danke!<br>windsandale<br />]]></LOG>
<LOG><![CDATA[<img src='icon_smile.gif'>&nbsp;2009-09-22 by Team sahneprinz<br><br />Heute auf unserer Tour nach dem Mühlhäuser Stadtwald gefunden und geloggt.<p>Danke für diesen Cache und schöne Grüsse<br>Marion und Gerhard (<font color="blue"><b>Team sahneprinz</font></b>). <img src='http://www.geocaching.com/images/icons/icon_smile_cool.gif' border=0 align=middle><br><font color="green"><b>["Team Harz"]</font></b><br />]]></LOG>
<LOG><![CDATA[<img src='icon_smile.gif'>&nbsp;2009-09-20 by Mapuser<br><br />Als Nr.3 auf heutiger Tour gefunden.<p>MfG<br>Mapuser<br><br />]]></LOG>
<LOG><![CDATA[<img src='icon_smile.gif'>&nbsp;2009-09-20 by Hardcore-UH<br><br />bei schönen Wetter gelogt <br />]]></LOG>
<LOG><![CDATA[<img src='icon_smile.gif'>&nbsp;2009-09-20 by monalisa812<br><br />schnell gefunden, danke <br />]]></LOG>
<LOG><![CDATA[<img src='icon_smile.gif'>&nbsp;2009-09-20 by R&#252;ben<br><br />schnell gefunden <br>TFTC<br />]]></LOG>
<LOG><![CDATA[<img src='icon_smile.gif'>&nbsp;2009-09-20 by braendys<br><br />Ganz schön was los hier bei diesem schönen Sonntagswetter!!<p>TFTC Team Braendys<br />]]></LOG>
<LOG><![CDATA[<img src='icon_smile.gif'>&nbsp;2009-08-30 by anjume<br><br />Nach einer Tasse Kaffee hier gestoppt, kurz gesucht und dann geloggt.<br>Danke für den Cache.<p>#388<br><br />]]></LOG>
<LOG><![CDATA[<img src='icon_smile.gif'>&nbsp;2009-08-23 by Hunter_TH<br><br />Heute bei schönem Wetter unterwegs gewesen und auch diesen Cache mitgenommen. <br />]]></LOG>
<LOG><![CDATA[<img src='icon_smile.gif'>&nbsp;2009-08-22 by David+Chrissi<br><br />Auch den auf der heutigen Tour mitgenommen.<br>TFTC<br>David+Chrissi<br />]]></LOG>
<LOG><![CDATA[<img src='icon_smile.gif'>&nbsp;2009-08-22 by Giratina<br><br />Mit FaZind schnell gefunden. Gruß Giratina<br />]]></LOG>
<LOG><![CDATA[<img src='icon_smile.gif'>&nbsp;2009-08-22 by fazind<br><br />Auf der Heimfahrt von unserer heutigen Cache-Tour schnell gefunden und gelogt. Vielen Dank, Gruß FaZind.<br />]]></LOG>
<LOG><![CDATA[<img src='icon_smile.gif'>&nbsp;2009-08-20 by Die Maronis<br><br />Da wir mit dem Auto direkt davor geparkt haben, konnte unser Großer im Kriechmodus den Cache ungesehen von den Schullandheimbesuchermuggel bergen. Danke! Die Maronis<br />]]></LOG>
<LOG><![CDATA[<img src='icon_smile.gif'>&nbsp;2009-08-14 by surfstrand<br><br />Nach unserer Draisinen Fahrt, hier<br>noch eine kleine Runde gedreht.<p>Vielen Dank<p>Team Surfstrand<br />]]></LOG>
<LOG><![CDATA[<img src='icon_smile.gif'>&nbsp;2009-07-21 by cjdh13<br><br />Schnell gefunden und schnell gelogt<br />]]></LOG>
<LOG><![CDATA[<img src='icon_smile.gif'>&nbsp;2009-07-21 by MV79<br><br />Im Fereienlager zusammen mit dem Kollegen schnell gefunden und geloggt.<br />]]></LOG>
<LOG><![CDATA[<img src='icon_smile.gif'>&nbsp;2009-07-19 by fox-hunter_I<br><br />So ein ähnliches Versteck kenne ich schon aus dem Reiserschem Tal .... TFTC<br>fox-hunter_I<br />]]></LOG>
<LOG><![CDATA[<img src='icon_smile.gif'>&nbsp;2009-07-12 by burnair<br><br />keine kids da gewesen und gut gefunden...<br />]]></LOG>
<LOG><![CDATA[<img src='icon_smile.gif'>&nbsp;2009-07-09 by Erithacus Rubecula<br><br />Abgestaubt!<br>Nach dem anstrengenden Waldlauf hier noch schnell vorbei geschaut. Gut gefunden. Danke fürs Verstecken.<br />]]></LOG>
<LOG><![CDATA[<img src='icon_smile.gif'>&nbsp;2009-07-09 by Team Kumunst<br><br />Nach dem langen Waldlauf war diese Dose eine schöne schnelle Abwechslung.<br>Danke und Gruß<br>Team Kumunst<br />]]></LOG>
<LOG><![CDATA[<img src='icon_smile.gif'>&nbsp;2009-06-01 by fabio-otto<br><br />Da die Kinder im Schullandheim gerade Bibelstunde hatten, konnten wir ohne Gefahr den Cache loggen.<br>Echt super<br>thx<br />]]></LOG>
<LOG><![CDATA[<img src='icon_smile.gif'>&nbsp;2009-06-01 by Karolli<br><br />Oh, da hab ich doch meinen Freund erst an falscher Stelle in gaaanz viel Brennnesseln suchen lassen <img src='http://www.geocaching.com/images/icons/icon_smile_evil.gif' border=0 align=middle><br>Und ich hab das Döschen dann ganz cool und unproblematisch geloggt<img src='http://www.geocaching.com/images/icons/icon_smile_cool.gif' border=0 align=middle><br>TFTC<br />]]></LOG>
<LOG><![CDATA[<img src='icon_smile.gif'>&nbsp;2009-05-31 by Horse-Team<br><br />Auf Tour durch Mühlhausen auch diesen Cache gut mit variblue und kpit51 bei schönem Wetter gefunden.<br>TFTC<br>Horse-Team<br />]]></LOG>
<LOG><![CDATA[<img src='icon_smile.gif'>&nbsp;2009-05-31 by variblue<br><br />Auf einer landschaftlich sehr schönen Tour nach Mühlhausen zusammen mit dem<br>Horse-Team und kpit51 haben wir auch diesen Cache gut und schnell gefunden.<p>Danke für den Cache.<p>Gruß<br><b><font color="blue">variblue</b></font><br><br />]]></LOG>
<LOG><![CDATA[<img src='icon_smile.gif'>&nbsp;2009-05-31 by kpit51<br><br />Heute mal mit dem Horse-Team und variblue eine Runde in und um Mühlhausen gedreht und den einen und anderen Cache besucht. <br>Ich danke allen Ownern für ihre Mühe mal schöne und mal schnelle Caches zu legen.<p>Vielen Dank<br>Peter<br />]]></LOG>
<LOG><![CDATA[<img src='icon_smile.gif'>&nbsp;2009-05-07 by uhri<br><br />Auf kleiner Stadtwaldrunde auch hier mal angehalten, gefunden und geloggt.<br>TFTC Uhri+Braut<br />]]></LOG>
<LOG><![CDATA[<img src='icon_smile.gif'>&nbsp;2009-05-02 by BastiVW<br><br />schicker kleiner drive in <img src='http://www.geocaching.com/images/icons/icon_smile_big.gif' border=0 align=middle><br />]]></LOG>
<LOG><![CDATA[<img src='icon_smile.gif'>&nbsp;2009-04-19 by SAM-Hessen<br><br />Gemeinsam mit Guardiano im Rahmen des CITO Event mitgenommen.<p><p>Danke dafür sagen SAM-Hessen.<br />]]></LOG>
<LOG><![CDATA[<img src='icon_smile.gif'>&nbsp;2009-04-19 by Guardiano<br><br />Diesen auf dem Weg zum Event gemeinsam mit SAM-Hessen gut gefunden. TFTC<br />]]></LOG>
<LOG><![CDATA[<img src='icon_smile.gif'>&nbsp;2009-04-15 by agp<br><br />...angekommen - angehalten - gefunden - geloggt - weitergefahren...<p>Danke für den schnellen Mitnehmer<br>agp<br />]]></LOG>
<LOG><![CDATA[<img src='icon_smile.gif'>&nbsp;2009-04-13 by Sascha75<br><br />Ein schöner Ausflug und trotz komischer GPS anzeigen gefunden, dank hind :-)<br />]]></LOG>
<LOG><![CDATA[<img src='icon_smile.gif'>&nbsp;2009-04-10 by knuddl53<br><br />Nach längerer Paus mal wieder mit Inge und Dunsi eine Feiertagsrunde gedreht und viele Schöne Caches gefunden. Auch dieser war dabei. Danke<br />]]></LOG>
<LOG><![CDATA[<img src='icon_smile.gif'>&nbsp;2009-04-10 by slentil<br><br />Ein Karfreitagsrunde mit Inge, Dunsi und Knuddl53 in dieser Gegend gemacht und einige schöne Caches gefunden. Danke dafür<br />]]></LOG>
<LOG><![CDATA[<img src='icon_smile.gif'>&nbsp;2009-04-10 by dunsi<br><br />auf großer Karfreitagsrunde zusammen mit Knuddl53 und Slentil gut gefunden. Danke für die Dose sagen Inge+Dunsi<br />]]></LOG>
<LOG><![CDATA[<img src='icon_smile.gif'>&nbsp;2009-04-10 by biba1981<br><br />auch beim biken mit FTT mitgenommen<br />]]></LOG>
<LOG><![CDATA[<img src='icon_smile.gif'>&nbsp;2009-04-09 by geofutz<br><br />Hatte letzte Woche hier schon mal vorbeigeschaut. Zugriff war aber nicht möglich, weil ein Muggel im Auto hier alles blockierte.<br>Heute mit dem Hint schnell gefunden.<br><font color="blue"> Danke für <b># 764</b></font> und<br><font color="green"><b><i>BYE Geofutz.</i></b></font><br><br />]]></LOG>
<LOG><![CDATA[<img src='icon_maint.gif'>&nbsp;2009-04-05 by AT-AT<br><br />Cachewartung, neues Logbuch hinterlegt<br />]]></LOG>
<LOG><![CDATA[<img src='icon_smile.gif'>&nbsp;2009-04-05 by Sharky77<br><br />Und der letzte für heute...<br>TFTC!<br />]]></LOG>
<LOG><![CDATA[<img src='icon_smile.gif'>&nbsp;2009-04-04 by GeoXpedition<br><br />Aha,das war immer meine Pausenecke bei der Arbeit so etwas abseits. 	<img src='http://www.geocaching.com/images/icons/icon_smile_big.gif' border=0 align=middle><br />]]></LOG>
<LOG><![CDATA[<img src='icon_smile.gif'>&nbsp;2009-03-31 by FTT<br><br />Heute das schöne Wetter genutzt.Schnell entdeckt.Logbuch ist aber voll.Hab erstmal so ein Zettel reingepackt...<br />]]></LOG>
<LOG><![CDATA[<img src='icon_smile.gif'>&nbsp;2009-03-18 by HeiligerJoghurt<br><br />Hier war ich auch schon mit kind.<br><br />]]></LOG>
<LOG><![CDATA[<img src='icon_smile.gif'>&nbsp;2009-03-09 by Kerny77<br><br />Hatte da ne Idee beim hinfahren und da war er!<br />]]></LOG>
<LOG><![CDATA[<img src='icon_smile.gif'>&nbsp;2009-03-01 by Brausi<br><br />Trotz hohen Muggelaufkommens (hoffentlich) unauffällig geblieben.<br>Axel<br />]]></LOG>
<LOG><![CDATA[<img src='icon_smile.gif'>&nbsp;2009-02-06 by Kloeschen<br><br />Mit Nudenn auf Döschenjagd im Mühlhäuser Umland <img src='http://www.geocaching.com/images/icons/icon_smile_cool.gif' border=0 align=middle><br>Hier konnten wir schnell zugreifen - TFTC<br />]]></LOG>
<LOG><![CDATA[<img src='icon_smile.gif'>&nbsp;2009-02-06 by nudenn<br><br />Auf Tour mit Kloeschen in Mühlhausen und Umgebung viele interssante Plätze besucht und schöne Caches gefunden.<br>Dank den fleißigen Schatzmeistern - wir kommen gern wieder.<br><img src='http://www.geocaching.com/images/icons/icon_smile.gif' border=0 align=middle>nudenn<img src='http://www.geocaching.com/images/icons/icon_smile.gif' border=0 align=middle><br />]]></LOG>
<LOG><![CDATA[<img src='icon_smile.gif'>&nbsp;2009-01-31 by commander-rabb<br><br />Heute eine kleine Runde durch den Satdtwald gedreht. Und gleich den ersten schnell gefunden. Aber es waren erstaunlich viele Muggel dort.<br />]]></LOG>
<LOG><![CDATA[<img src='icon_smile.gif'>&nbsp;2008-12-29 by Sushi_und_Soerbi<br><br />Der 13. auf unserer Mühlhausen-Runde...<p>Nach kurzer Suche gefunden...gleich die richtige Vermutung gehabt...<p>TFTC sagt Team Sushi_und_Soerbi<br />]]></LOG>
<LOG><![CDATA[<img src='icon_smile.gif'>&nbsp;2008-12-27 by diainsel.de<br><br />Schnell gefunden,<br>Gruß Eberhard<br />]]></LOG>
<LOG><![CDATA[<img src='icon_smile.gif'>&nbsp;2008-12-26 by Die Hasenschnitzels<br><br />Den hatten wir beim letzten MHL-Besuch ganz vergessen zu loggen. Hier hatten wir gleich den richtigen Riecher.<p>Danke für den Cache.<p>Die Hasenschnitzels<br />]]></LOG>
<LOG><![CDATA[<img src='icon_smile.gif'>&nbsp;2008-12-24 by KaputtesLicht<br><br />Auch der hier lag dicht am Heimweg! Danke<br />]]></LOG>
<LOG><![CDATA[<img src='icon_smile.gif'>&nbsp;2008-12-14 by FroehlicheRadlerin<br><br />Letzte Woche vor der Weihnachtsfeier fix gefunden, heute erst geloggt. Gutes Versteck! Vielen Dank und bis bald! Katja<br />]]></LOG>
<LOG><![CDATA[<img src='icon_smile.gif'>&nbsp;2008-12-14 by Bara68<br><br />Wir haben schon bei der Anfahrt das Versteck erspäht, schnell geloggt und weiter ging es zur GC Weihnachtsfeier. Bara68 + Kinder<br />]]></LOG>
<LOG><![CDATA[<img src='icon_smile.gif'>&nbsp;2008-12-14 by pendragon1993<br><br />Kinder im Schullandheim abgeholt und Quasi beim Parken den Cache schnell gehoben.<p>Danke und Gruß aus Hessen<p>Team Pendragon1993<br />]]></LOG>
<LOG><![CDATA[<img src='icon_smile.gif'>&nbsp;2008-12-11 by two rubsners<br><br />Auf dem Weg nach Oberdorla schnell geloggt.<br />]]></LOG>
<LOG><![CDATA[<img src='icon_smile.gif'>&nbsp;2008-11-15 by gloomy<br><br />Kurz gehalten, geloggt und weiter... VG und Danke, gloomy!<br />]]></LOG>
<LOG><![CDATA[<img src='icon_smile.gif'>&nbsp;2008-11-04 by oldboy2<br><br />Schnell gefunden.<p>TFTC<br>Oldboy2 und "Die Frau aus Holland"<br><br />]]></LOG>
<LOG><![CDATA[<img src='icon_smile.gif'>&nbsp;2008-10-26 by Hondje Amanda<br><br />Bin mit Herrchen und Fauchen hier gewesen und hab mein Pfötchen ins Logbuch gedrückt!<p>Liebe Grüße vom<br>Hondje Amanda <img src='http://www.geocaching.com/images/icons/icon_smile_kisses.gif' border=0 align=middle><br />]]></LOG>
<LOG><![CDATA[<img src='icon_smile.gif'>&nbsp;2008-10-26 by Team Fire &amp; Ice<br><br />Schnell gefunden, danke für den schnellen Cache.<p>Grüße vom<br>Team Fire & Ice<br>Heiko und Steffi<br />]]></LOG>
<LOG><![CDATA[<img src='icon_smile.gif'>&nbsp;2008-10-19 by rpaulmann<br><br />Auf der Durchfahrt kurz angenalten und gelogged.<br>Danke und Gruß<br>Reinhard<br />]]></LOG>
<LOG><![CDATA[<img src='icon_smile.gif'>&nbsp;2008-10-11 by Hoffi1986<br><br />Auch dieser blieb nach dem Wildgehege nicht lange verborgen! <br>TFTC<br />]]></LOG>
<LOG><![CDATA[<img src='icon_smile.gif'>&nbsp;2008-10-08 by amsel1<br><br />Vorübergehend schnell gefunden.<br />]]></LOG>
<LOG><![CDATA[<img src='icon_smile.gif'>&nbsp;2008-10-07 by LUPO.79<br><br />Nr.2 der heutigen kleinen Runde.<br>TFTC<br />]]></LOG>
<LOG><![CDATA[<img src='icon_smile.gif'>&nbsp;2008-09-20 by bgchristian<br><br />auf der durch reise mit genohmen<br />]]></LOG>
<LOG><![CDATA[<img src='icon_smile.gif'>&nbsp;2008-09-20 by kallimunkel<br><br />16:16 Uhr Idyllisch gelegen. Vielleicht wird der kleine Kallimunkel irgendwann hier mal ein paar schöne Tage verbringen...? Alles gut gefunden. Danke sagen die Kallimunkels<br />]]></LOG>
<LOG><![CDATA[<img src='icon_smile.gif'>&nbsp;2008-09-02 by Renault Family<br><br />Nach einem Peterhof Besuch noch hier vorbeigekommen.<p>Danke sagen Sandra & Matti<p><br />]]></LOG>
<LOG><![CDATA[<img src='icon_smile.gif'>&nbsp;2008-08-17 by GeoSittiche<br><br />Der war schnell gefunden.<br>Danke<br>die GeoSittiche<br />]]></LOG>
<LOG><![CDATA[<img src='icon_smile.gif'>&nbsp;2008-08-12 by kleinerMuck77<br><br />Hier haben wir geparkt, bevor es auf eine Wanderung durch den Stadtwald ging.. auch der Cache war schnell entdeckt - vielen Dank.<p>#420<br />]]></LOG>
<LOG><![CDATA[<img src='icon_smile.gif'>&nbsp;2008-08-11 by coolbahia<br><br />Am 11.08.08 gefunden.<br>Der war schnell entdeckt.<br>TFTC coolbahia<br />]]></LOG>
<LOG><![CDATA[<img src='icon_smile.gif'>&nbsp;2008-08-06 by DerAlte<br><br />Auf unserer heutigen kleinen Cachetour auch diesen Cache gut gefunden. Danke!<br>DerAlte & Frau<br><br />]]></LOG>
<LOG><![CDATA[<img src='icon_smile.gif'>&nbsp;2008-07-27 by dop3<br><br />schnell gefunden. <br>danach hatten wir noch ein treffen mit der polizei ein paar jägern der tierrettung und 1nem schaf und 1ner ziege die mitten auf der straße standen und diese blockierten :)<p>mfg<br />]]></LOG>
<LOG><![CDATA[<img src='icon_smile.gif'>&nbsp;2008-07-02 by Moor2007<br><br />Heute mittag gelogt.<p>TFTC sagt moor2007<br />]]></LOG>
<LOG><![CDATA[<img src='icon_smile.gif'>&nbsp;2008-07-01 by Gollum &amp; Galadriel<br><br />Ein schneller Fund <img src='http://www.geocaching.com/images/icons/icon_smile_wink.gif' border=0 align=middle><br>TFTC<br />]]></LOG>
<LOG><![CDATA[<img src='icon_smile.gif'>&nbsp;2008-06-16 by Chris601<br><br />Auf dem Nachhauseweg mal schnell einen Umweg gemacht.<p>Danke! <br>#324<br />]]></LOG>
<LOG><![CDATA[<img src='icon_smile.gif'>&nbsp;2008-06-15 by Grottenolm87<br><br />Auf einer kleinen nächtlichen Tour gefunden. TFTC<p>Der Grottenolm<br />]]></LOG>
<LOG><![CDATA[<img src='icon_smile.gif'>&nbsp;2008-06-14 by JonnyH&#252;tchen<br><br />Mit Krümel vor Ort. Danke dafür.<p>Jonathan<br />]]></LOG>
<LOG><![CDATA[<img src='icon_smile.gif'>&nbsp;2008-06-14 by Kruemel68<br><br />Gegen 21:40 Uht mit JonnyHütchen vor Ort gewesen. Danke fürs Verstecken !<p>Christel und Stefan<br />]]></LOG>
<LOG><![CDATA[<img src='icon_smile.gif'>&nbsp;2008-06-13 by Eichsgenossen<br><br />Kurz und schmerzlos- hin und wieder weg(19.00Uhr)<br>TFTC sagen die Eichsgenossen<br />]]></LOG>
<LOG><![CDATA[<img src='icon_smile.gif'>&nbsp;2008-06-13 by Traveler77<br><br />Diese magische Kraft habe ich auch gespürt. <img src='http://www.geocaching.com/images/icons/icon_smile_wink.gif' border=0 align=middle> TFTC<br />]]></LOG>
<LOG><![CDATA[<img src='icon_smile.gif'>&nbsp;2008-06-13 by Mueckenfett<br><br />Auf dem Weg zum Wildgehege mußte ich ja hier daran vorbei,<br>aber eine magische Kraft zog mich in ihren Bann.<br>Tom<br />]]></LOG>
<LOG><![CDATA[<img src='icon_smile.gif'>&nbsp;2008-06-12 by Hor_andy<br><br /><br>FirstHide vom AT-AT und FTF von mir, eigentlich dachte ich das Chris hier Gold holt, aber ich werde mich sicher nicht beschweren.<br>Auch ich habe hier schonmal eine Woche Schullandheim verbracht und daran habe ich noch viele Erinnerungen.<br>TFTC<br><br />]]></LOG>
<LOG><![CDATA[<img src='icon_greenlight.gif'>&nbsp;2008-06-11 by fortwo<br><br />Published<br />]]></LOG>
</LOGS>
<NOTES><![CDATA[]]></NOTES>
<IMAGES>
</IMAGES>
<TRAVELBUGS>
</TRAVELBUGS>
<URL><![CDATA[]]></URL>
<SOLVER><![CDATA[]]></SOLVER>
    <CACHE  name = "Schullandheim" owner = "AT-AT" lat = "51,177566666667" lon = "10,398283333333" hidden = "2008-06-10" wayp = "GC1D4AR" status = "" ocCacheID = "" lastSyncOC = "20100419230353" num_recommended = "0" num_found = "-1" attributesYes = "2233524160514" attributesNo = "0" boolFields="1922" byteFields="33688074" attributesYes1 = "0" attributesNo1 = "0" />
</CACHEDETAILS>
