<?xml version="1.0" encoding="ISO-8859-1"?>
<CACHEDETAILS>
<VERSION value = "3"/>
<DETAILS><![CDATA[<center>
<h2>Trau Dich</h2>
</center>

<br><p align="center">oder lass es sein</p>]]></DETAILS>
<COUNTRY><![CDATA[Germany]]></COUNTRY>
<STATE><![CDATA[Thüringen]]></STATE>
<ATTRIBUTES>
   <ATT>wheelchair-no.gif</ATT>
   <ATT>bicycles-yes.gif</ATT>
   <ATT>stroller-yes.gif</ATT>
   <ATT>public-yes.gif</ATT>
   <ATT>available-yes.gif</ATT>
   <ATT>dogs-yes.gif</ATT>
   <ATT>motorcycles-yes.gif</ATT>
</ATTRIBUTES>
<HINTS><![CDATA[vue fhpug rvara CRG-yvat]]></HINTS>
<LOGS>
<OWNLOGID></OWNLOGID>
<OWNLOG><![CDATA[]]></OWNLOG>
<LOG><![CDATA[<img src='icon_smile.gif'>&nbsp;2010-04-03 by Fam.Marsch<br><br />Schnell rauf und gut gefunden, geloggt und wieder runter auf unserer heutigen Tour mit Uhri.<br>Grüße aus Frankfurt.<br>TFTC<br>3/3 Fam.Marsch<br />]]></LOG>
<LOG><![CDATA[<img src='icon_smile.gif'>&nbsp;2010-03-29 by Kami79<br><br />wir haben uns getraut, leider war mein schatzi zu kurz aber mit langen beinen ist das kein problem...<br>um 20:30 dann in der höhe fix geloggt und alles wieder aufgeräumt...<p>DFDC  Kami+kleinstrolch<br />]]></LOG>
<LOG><![CDATA[<img src='icon_smile.gif'>&nbsp;2010-03-28 by Gispi Hunters<br><br />Schnell und gut gefunden.<br>Unbeobachtet ist man hier sicher nie.<p>TFTC Team "Gispi Hunters"<br />]]></LOG>
<LOG><![CDATA[<img src='icon_smile.gif'>&nbsp;2010-03-27 by UlliSilke<br><br />Schnell gefunden! Danke sagt UlliSilke.<br />]]></LOG>
<LOG><![CDATA[<img src='icon_smile.gif'>&nbsp;2010-03-27 by mausebaer13<br><br />Hoch - Runter - Hoch - Runter - und nix gefunden... das konnte gar nicht sein, also nochmal hoch... und da war er dann doch. <img src='http://www.geocaching.com/images/icons/icon_smile_big.gif' border=0 align=middle><br>TFTC<br />]]></LOG>
<LOG><![CDATA[<img src='icon_smile.gif'>&nbsp;2009-12-31 by Reedy90<br><br />mit mediamarkt1990 schnell gefunden! ich hatte den richtigen riecher, weil mediamarkt war auf der falschen seite hoch! :-P<br />]]></LOG>
<LOG><![CDATA[<img src='icon_smile.gif'>&nbsp;2009-12-31 by mediamarkt1990<br><br />Schnell gefunden und geloggt<br>TFTC<br />]]></LOG>
<LOG><![CDATA[<img src='icon_smile.gif'>&nbsp;2009-12-28 by hblack<br><br />Ein "Trau-Dich-Käsch"!! HURRA! Also hin. Da Mitcacher G Spot bei uns mehr für die Höhen- und Kletteraktionen, ich hingegen mehr für die unterirdischen und engen Locations zuständig bin, war auch schnell klar wer hier hauptsächlich zum Einsatz kommen würde. <img src='http://www.geocaching.com/images/icons/icon_smile_blush.gif' border=0 align=middle> Schöne und willkommende Abwechslung am heutigen Tage. Hat uns gut gefallen!! <img src='http://www.geocaching.com/images/icons/icon_smile_big.gif' border=0 align=middle><img src='http://www.geocaching.com/images/icons/icon_smile_big.gif' border=0 align=middle> Beste Grüße, hblack<br />]]></LOG>
<LOG><![CDATA[<img src='icon_smile.gif'>&nbsp;2009-12-03 by FTT<br><br />Endlich hat´s mal wieder gepasst diesen Cache anzugehen.Im 2. Anlauf zu später Stunde war außer einer Person in Begleitung vom Hundchen keiner weit und breit zu sehen.Also abgewartet, schnell das Döschen geholt und geloggt.Anfang des Jahres schonmal hier gewesen, damals sogar mit Besuch von Grün-weiß Erfurt, die nicht so recht ihren Augen getraut hatten was man Nachts an dieser Stelle so machen kann...geborgen werden konnte das Döschen aber nicht.Heute hats ohne Probleme geklappt und ich konnte einen #200-würdigen Cache loggen.<br>TFTC<br />]]></LOG>
<LOG><![CDATA[<img src='icon_smile.gif'>&nbsp;2009-11-26 by rageracer<br><br />Schöner Drive-In, wo man sich auch mal anstrengen musste.<br>Allerdings sollte man nicht hin wenns regnet, da es dann doch sehr rutschig ist.<br>Naja egal, wo ich schon mal da war wollte ich ihn auch haben!<br>Dank Video im I-Net wusste ich ja wo er liegt...<br>Aber er war etwas tiefer als im Video, da hat sich wohl jemand nich so getraut...<p>TFTC<br>rageracer --- 26.11.09 --- 20.00 Uhr<br />]]></LOG>
<LOG><![CDATA[<img src='icon_smile.gif'>&nbsp;2009-11-20 by Die Doose<br><br />Wieder ein Cache nach meinem geschmack  ;-)  <br />]]></LOG>
<LOG><![CDATA[<img src='icon_smile.gif'>&nbsp;2009-11-20 by Schneekanone<br><br />Nach leichten Verwirrungen gut gefunden!<p>Lg<br>Schneekanone<br />]]></LOG>
<LOG><![CDATA[<img src='icon_smile.gif'>&nbsp;2009-11-20 by Ronja♥R&#228;ubertochter<br><br />Auch diesen Cache im Team erledigt, ich hab ausgeleuchtet  <img src='http://www.geocaching.com/images/icons/icon_smile.gif' border=0 align=middle><br />]]></LOG>
<LOG><![CDATA[<img src='icon_smile.gif'>&nbsp;2009-11-20 by Steppenwolf6666<br><br />Hier auch sportlich gewesen und den kleinen gut gefunden! <br />]]></LOG>
<LOG><![CDATA[<img src='icon_smile.gif'>&nbsp;2009-11-15 by Tini1985<br><br />das war ja doch gar nicht so schlimm (...wie schwesterchen es sagte). als ich dan unten war bin ich mit dem fuß umgeknickt. meistens enden verletzungen bei "Trau Dich's" wohl schlimmer :D<p>TFTC, (Wolfi von Tini1985)<br />]]></LOG>
<LOG><![CDATA[<img src='icon_smile.gif'>&nbsp;2009-11-07 by doppelkk<br><br />Zusammen mit frankenreini habe ich mich in Todesmutigehöhe begeben ......... <br> Auch dabei aber nicht hoch hinaus frankenharry (feigling) <img src='http://www.geocaching.com/images/icons/icon_smile.gif' border=0 align=middle> <p><br> TFTC <p> Grüße Doppelkk<br />]]></LOG>
<LOG><![CDATA[<img src='icon_smile.gif'>&nbsp;2009-11-07 by frankenharry<br><br />14:23h<br>Mit Seil und Schlingen angerückt <img src='http://www.geocaching.com/images/icons/icon_smile_clown.gif' border=0 align=middle> Sven und Reini klettern lassen <img src='http://www.geocaching.com/images/icons/icon_smile_big.gif' border=0 align=middle><br>dann gemeinsam mit Frankenreini und doppelKK geloggt.<br>tftc<br>Gruß aus Franken<br>Harry mit Britta und Anna<br />]]></LOG>
<LOG><![CDATA[<img src='icon_smile.gif'>&nbsp;2009-10-16 by misfit87<br><br />Zusammen mit Rurpot gefunden...beim ersten Anlauf nicht gepackt...dann nochmal wiedergekommen und nen Klettermaxe mit dabei :)<br>TFTC<br />]]></LOG>
<LOG><![CDATA[<img src='icon_smile.gif'>&nbsp;2009-10-11 by Darmsaft<br><br />Weil ich den Trau Dich in Bad Langensalza schon hinter mir hatte, war das Versteck von diesem hier eigentlich offensichtlich. Hab trotzdem erstmal nicht schlecht geschaut, als ich merkte, dass ich noch höher muss :O TFTC<br />]]></LOG>
<LOG><![CDATA[<img src='icon_smile.gif'>&nbsp;2009-10-11 by Prinzessin_Mimi<br><br />Leider zu starker Regen. Deswegen konnte ich mit meinem Schuhwerk nicht GANZ hoch .... Aber "Darmsaft" hat ihn mir dann geholt ;)<br>Danke dafür nochmal :*<br />]]></LOG>
<LOG><![CDATA[<img src='icon_smile.gif'>&nbsp;2009-10-10 by fabio-otto<br><br />Nicht schlecht. Zusammen mit Richie1977 geloggt. <p>thx<br />]]></LOG>
<LOG><![CDATA[<img src='icon_smile.gif'>&nbsp;2009-10-10 by Richie1977<br><br />Schöne sache,am besten ist es nachts.<br />]]></LOG>
<LOG><![CDATA[<img src='icon_smile.gif'>&nbsp;2009-10-10 by schwarzer Drachen<br><br />im vorbeifahren doch jemanden bei einer sportlichen höchtleistung an genau so was an dem ich letzte woche vor bad langensalza ausgetobt habe! also rechts raus, internet an und geschaut> genau, währ ich beinahe vorbeigedüst! eber eben nur beinahe!<br>tftc sagt schwarzer drachen<br />]]></LOG>
<LOG><![CDATA[<img src='icon_smile.gif'>&nbsp;2009-10-04 by Rurpot<br><br />Als wir das letzte Mal da waren, war er angeblich ganz oben drauf. Da hatten wir uns nicht getraut raufzuklettern. Gestern war die Dose allerdings nur auf der Hälfte des Objektes ... war also nicht mehr ganz so gefährlich =)<br>TFTC <br />]]></LOG>
<LOG><![CDATA[<img src='icon_smile.gif'>&nbsp;2009-10-01 by Ferdi Fuchs<br><br />Gemeinsam mit Püsterich bei einer nächtlichen Runde und ein bisschen Einsatz gefunden.<br />]]></LOG>
<LOG><![CDATA[<img src='icon_smile.gif'>&nbsp;2009-10-01 by P&#252;sterich<br><br />Im Schatten der Dunkelheit haben wir uns entschlossen, die Sache anzugehen. Ferdi Fuchs hat sich dann auch getraut.<p>Püsterich<br />]]></LOG>
<LOG><![CDATA[<img src='icon_smile.gif'>&nbsp;2009-09-25 by stechi-lsz<br><br />Neeeee - doch nicht dort. Und dann auch noch da? Hm. Wie war die Bezeichnung? Also doch!<br />]]></LOG>
<LOG><![CDATA[<img src='icon_smile.gif'>&nbsp;2009-09-23 by Gerstenzwerge<br><br />Nachdem mir der Löwe sein Geheimnis nicht preisgab, hat es zumindest hier in der Nacht problemlos geklappt.<br>Eine Altlast unserer letztjährigen Tour abgearbeitet, die einfacher war, als die 3 Sterne vermuten ließen.<br>Danke und Gruß aus Leipzig<br>vom Gerstenzwerg.<br />]]></LOG>
<LOG><![CDATA[<img src='icon_smile.gif'>&nbsp;2009-09-14 by Sonita<br><br />Danke an die nette Nachbarin, die uns gezeigt hat, wo der Cache ist. <br />]]></LOG>
<LOG><![CDATA[<img src='icon_smile.gif'>&nbsp;2009-09-12 by monalisa812<br><br />endlich geschafft! :)<br>nicht wegen angst sondern wegen dem wetter!<br>TFTC<br />]]></LOG>
<LOG><![CDATA[<img src='icon_smile.gif'>&nbsp;2009-09-12 by R&#252;ben<br><br />so nun endlich haben wir es geschaft, beim erstenmal wo wir wollten lag schnee und es war viel zu klatt!<br>aber nun war es kein problem! <br>TFTC<br />]]></LOG>
<LOG><![CDATA[<img src='icon_smile.gif'>&nbsp;2009-09-12 by Hardcore-UH<br><br />cool<br />]]></LOG>
<LOG><![CDATA[<img src='icon_sad.gif'>&nbsp;2009-08-23 by compiprofi<br><br />Eigentlich hätte ich mich getraut, aber da ich mir nicht ganz sicher war, und 90 kg an einer "Ersatzkonstruktion" zu wage waren, habe ich es doch lieber sein gelassen, es zu prüfen............. Ne, das ist dann doch etwas zu wackelig für uns..............<br />]]></LOG>
<LOG><![CDATA[<img src='icon_smile.gif'>&nbsp;2009-08-23 by Cori87<br><br />Zusammen mit Nathus (siehe unten) gefunden.<br>Definitiv der beste Cache unserer Runde durch Mühlhausen, coole Idee!<br>Dankeschön!!<br />]]></LOG>
<LOG><![CDATA[<img src='icon_smile.gif'>&nbsp;2009-08-23 by Nathus<br><br />Mit meiner Band D:PROJEKT weilten wir in Mühlhausen zum evang. Jugendtag. Nach dem Gig blieb Zeit zum (Nacht)Cachen <img src='http://www.geocaching.com/images/icons/icon_smile_cool.gif' border=0 align=middle>.<br>Süß, der Nachbar hat uns beim Klettern erwischt uns aber gleich gesagt, wo wir suchen müssen.<img src='http://www.geocaching.com/images/icons/icon_smile_wink.gif' border=0 align=middle><p><font color="green"><b>*Nathus*</b></font><br />]]></LOG>
<LOG><![CDATA[<img src='icon_smile.gif'>&nbsp;2009-08-11 by klins<br><br />Coole Sache.... 	<img src='http://www.geocaching.com/images/icons/icon_smile.gif' border=0 align=middle> Dienstreise nach Mühlhausen, während in der Mittagspause alle zur Pizzaria gehen, trau ich mich <img src='http://www.geocaching.com/images/icons/icon_smile.gif' border=0 align=middle><p>Vielen Dank und herzliche Grüße<br>Klins<br />]]></LOG>
<LOG><![CDATA[<img src='icon_smile.gif'>&nbsp;2009-08-10 by David+Chrissi<br><br />Haben uns getraut...bei Gewitter!!<br>David+Chrissi<br />]]></LOG>
<LOG><![CDATA[<img src='icon_smile.gif'>&nbsp;2009-08-10 by leoni_1984<br><br />Gefunden mit Schatzi Christian, Kathy und Cachedogs Benni, Jacky! Ich war die Arme Sau die dran glauben mußte!<br />]]></LOG>
<LOG><![CDATA[<img src='icon_smile.gif'>&nbsp;2009-07-07 by nudenn<br><br />Auch ich hab mich getraut.<br><img src='http://www.geocaching.com/images/icons/icon_smile.gif' border=0 align=middle>nudenn<img src='http://www.geocaching.com/images/icons/icon_smile.gif' border=0 align=middle><br />]]></LOG>
<LOG><![CDATA[<img src='icon_smile.gif'>&nbsp;2009-06-08 by biba1981<br><br />auf dem heimweg vom garten nachts mitgenommen mit burnair<br />]]></LOG>
<LOG><![CDATA[<img src='icon_smile.gif'>&nbsp;2009-06-06 by burnair<br><br />gesucht und dann auch gefunden gute idee TFTC<br />]]></LOG>
<LOG><![CDATA[<img src='icon_smile.gif'>&nbsp;2009-05-31 by Horse-Team<br><br />Auf Tour durch Mühlhausen auch diesen Cache gut mit variblue und kpit51 bei schönem Wetter gefunden. <br>TFTC<br>Horse-Team<br />]]></LOG>
<LOG><![CDATA[<img src='icon_smile.gif'>&nbsp;2009-05-31 by variblue<br><br />Auf einer landschaftlich sehr schönen Tour nach Mühlhausen zusammen mit dem<br>Horse-Team und kpit51 haben wir auch an diesen Cache getraut und<br>gut und schnell gefunden.<p>Danke für den Cache.<p>Gruß<br><b><font color="blue">variblue</b></font><br><br />]]></LOG>
<LOG><![CDATA[<img src='icon_smile.gif'>&nbsp;2009-05-31 by kpit51<br><br />Heute mal mit dem Horse-Team und variblue eine Runde in und um Mühlhausen gedreht und den einen und anderen Cache besucht. <br>Ich danke allen Ownern für ihre Mühe mal schöne und mal schnelle Caches zu legen.<p>Vielen Dank<br>Peter<br />]]></LOG>
<LOG><![CDATA[<img src='icon_smile.gif'>&nbsp;2009-04-19 by Sobo<br><br />Alligateuse und ich haben einen Ausflug nach Muehlhausen und Umgebung gemacht und wollten an diesem Cache nicht achtlos vorueberziehen. <br>Na klar, wir haben uns getraut. Den Ausblick haben wir jedoch nicht richtig genossen, die Administration hatte Vorrang.  <br>Herzlichen Dank fuer den Cache und Gruesse aus der Nordheide,<br>Sobo<br />]]></LOG>
<LOG><![CDATA[<img src='icon_smile.gif'>&nbsp;2009-04-19 by Nidolli<br><br />Nidolli hat sich auch getraut. Und wer Nidolli kennt, der weiß, unter welcher Höhenangst sie leidet. Aber ich glaub, ich hab mich ganz wacker geschlagen. Auf Wunsch stelle ich auch gern Fotos dieser Cachesuche ein (insofern das nicht zu viel Spoiler wäre).<br>Liebe Grüße und Danke für den Spaß!<p><b><font color="purple">* 638 *</font></b><br />]]></LOG>
<LOG><![CDATA[<img src='icon_smile.gif'>&nbsp;2009-04-19 by alligateuse<br><br />Große Mühlhausen-Tour mit sobo <img src='http://www.geocaching.com/images/icons/icon_smile_big.gif' border=0 align=middle> Ein Cache in sehr! exponierter Lage, aber das hinderte uns keineswegs daran, das Döschen zu suchen und zu bergen ;-) Lustige Aktion.<p>Danke fürs Verstecken, Grüße aus Hamburg,<br>Annett<br />]]></LOG>
<LOG><![CDATA[<img src='icon_smile.gif'>&nbsp;2009-04-19 by Joe_M<br><br />Am 19. April 2009 um 17:15Uhr als #476 gefunden.<p>Worum es ging war schnell klar. Also auf ging's. Nachdem wir eine Sekunde ratlos waren, gab's noch einen Hinweis von ein paar freundlichen Muggelanwohnern <img src='http://www.geocaching.com/images/icons/icon_smile_approve.gif' border=0 align=middle> und die Dose war geborgen.<br>Können nicht alle Muggel so verständnisvoll sein <img src='http://www.geocaching.com/images/icons/icon_smile_question.gif' border=0 align=middle><p><br>TFTC,<br>Joe<br />]]></LOG>
<LOG><![CDATA[<img src='icon_smile.gif'>&nbsp;2009-04-19 by SAM-Hessen<br><br />Gemeinsam mit Guardiano im Rahmen des CITO Event mitgenommen.<p>Im Halbteam gelogged, hier durften nur die Frauen ran :-)<p>Danke dafür sagen SAM-Hessen.<br />]]></LOG>
<LOG><![CDATA[<img src='icon_smile.gif'>&nbsp;2009-04-19 by Guardiano<br><br />Genau das haben wir getan! Der jeweils weibl. Part von SAM-Hessen und uns hat je eine Seite besetzt und siehe da, er lag uns in den Händen. TFTC<br />]]></LOG>
<LOG><![CDATA[<img src='icon_smile.gif'>&nbsp;2009-04-19 by Dr.A.Colian<br><br />Natürlich haben wir uns getraut! Alle drei... Joe_M, Nidolli und ich! Unsere erste Vermutung war leider falsch! Als wir also grad am untersuchen der Löcher waren, die wir für richtig hielten, da riefen 2 Muggel von unten hoch, dass wir doch lieber da und dort suchen sollten! Joe_M hatte sich dabei das falsche Loch ausgesucht! <img src='http://www.geocaching.com/images/icons/icon_smile_big.gif' border=0 align=middle><p>Nachdem wir die Dose dann geborgen hatten durfte sie Nidolli wieder verstecken! <img src='http://www.geocaching.com/images/icons/icon_smile_big.gif' border=0 align=middle><p>Danke für den Cache und für den lustigen Muggeltreff ("Is da heute was bei euch los? Es waren schon so viele heut hier!" <img src='http://www.geocaching.com/images/icons/icon_smile_big.gif' border=0 align=middle> Geil!), viele liebe Grüße aus Apolda,<br>Dr.A.Colian<p>#611<br />]]></LOG>
<LOG><![CDATA[<img src='icon_smile.gif'>&nbsp;2009-04-19 by geofutz<br><br />Da bis zum CITO noch etwas Zeit war mit Geoanni hier noch mal vorbeigeschaut um das Ding nun endlich mal zu "erledigen".<br>Irgendwie hat man hier das Gefühl unter ständiger Beobachtung zu stehen, wird wohl auch so sein.<br><font color="blue"> Danke für <b># 792</b></font> und<br><font color="green"><b><i>BYE Geofutz.</i></b></font><br><br />]]></LOG>
<LOG><![CDATA[<img src='icon_smile.gif'>&nbsp;2009-04-19 by geoanni<br><br />Auf dem Weg zum CITO mit Geofutz noch eine kleine Kletterpartie eingeschoben.<br><font color="green"> Danke für <b># 133</b> und</font><br><font color="purple"><b>BYE Geoanni.</b></font> <br><br />]]></LOG>
<LOG><![CDATA[<img src='icon_smile.gif'>&nbsp;2009-04-18 by hoffe_goe<br><br />Wir (stmueller80 und ich) haben uns getraut! Witziges Versteck!<br>TFTC<br />]]></LOG>
<LOG><![CDATA[<img src='icon_smile.gif'>&nbsp;2009-04-18 by Thuringian<br><br />Hier gibts nicht viel zu sagen, außer: Wir haben uns getraut. Es war GEIL GEIL GEIL GEIL! TFTC!<br />]]></LOG>
<LOG><![CDATA[<img src='icon_smile.gif'>&nbsp;2009-04-18 by gloomy<br><br />Habe mich getraut und eine kleine Frühsporteinlage unternommen. VG und Danke, gloomy!<p>P.S.: Schade, dass es nach dem Mittagessen wieder ab nach Hause geht. Wäre gern morgen beim CiTo dabei gewesen. Wünsche viel Spaß!<br />]]></LOG>
<LOG><![CDATA[<img src='icon_smile.gif'>&nbsp;2009-04-10 by knuddl53<br><br />Hab mich getraut udn ruck zuck war das Ding geloggt.<p>Danke für den Cache<br />]]></LOG>
<LOG><![CDATA[<img src='icon_smile.gif'>&nbsp;2009-04-10 by slentil<br><br />Wir haben uns getraut ! Mit Erfolg. Er war zwar von unten n icht zu sehen, aber letztlich hat ihn Knuddl herunter geholt.<br />]]></LOG>
<LOG><![CDATA[<img src='icon_smile.gif'>&nbsp;2009-04-10 by dunsi<br><br />wir haben uns getraut (ja, das auch, aber auch das...<img src='http://www.geocaching.com/images/icons/icon_smile_big.gif' border=0 align=middle>). Danke sagen Inge+Dunsi<br />]]></LOG>
<LOG><![CDATA[<img src='icon_note.gif'>&nbsp;2009-04-05 by Sharky77<br><br />Getraut hätte ich mich schon, aber das Muggelaufkommen auch an einem Sonntag ziemlich hoch...ein ander mal...<br />]]></LOG>
<LOG><![CDATA[<img src='icon_smile.gif'>&nbsp;2009-03-31 by Yalla<br><br />Gerade als ich oben war, fuhren die Kollegen vorbei. <br><img src='http://www.geocaching.com/images/icons/icon_smile_big.gif' border=0 align=middle><br>Vielen Dank und Viele Grüße von Yalla<br />]]></LOG>
<LOG><![CDATA[<img src='icon_smile.gif'>&nbsp;2009-03-22 by Kerny77<br><br />Getraut <img src='http://www.geocaching.com/images/icons/icon_smile_tongue.gif' border=0 align=middle><br />]]></LOG>
<LOG><![CDATA[<img src='icon_sad.gif'>&nbsp;2009-03-07 by itzibitzi<br><br />Mit 0-Rgeiz heute auf "Onkel-Heinz-Gedächtnis-Caching-Tour" gewesen.<br>Die Traute hatte mich bei der 4. Strebe verlassen.<br>Ich "ahne" schon wo er liegen kann.<br>Vielleicht ein anderes Mal.<br />]]></LOG>
<LOG><![CDATA[<img src='icon_note.gif'>&nbsp;2009-01-17 by Geo-Zwerge<br><br />haben uns getraut<br>aber leider durch eis nicht möglich gewesen väterchen frost hat uns immer an den füßen gezogen und wollte uns wieder unten sehen<br>wir kommen wieder keine frage <br />]]></LOG>
<LOG><![CDATA[<img src='icon_note.gif'>&nbsp;2008-10-31 by Portitzer<br><br />Wir haben uns nicht getraut <img src='http://www.geocaching.com/images/icons/icon_smile_wink.gif' border=0 align=middle>. Wenn wir die Beschreibung vorher richtig gelesen hätten, hätten wir uns gestern im Schutz der Dunkelheit ans Werk gemacht.<br>Trotz Feiertag waren heute früh aber schon zu viele Muggels mit und ohne Hund unterwegs...<br>Aber so haben wir wenigstens ein Ziel für die Tour im nächsten Jahr <img src='http://www.geocaching.com/images/icons/icon_smile_big.gif' border=0 align=middle>.<p>Viele Grüße<br>Kurt<br><br />]]></LOG>
<LOG><![CDATA[<img src='icon_smile.gif'>&nbsp;2008-10-31 by Schippi38<br><br />Hier habe ich mich schon etwas überwinden müssen, aber was macht man nicht alles. Allerdings half uns auch erst der nette Nachbar, mit einem kleinen Tip, auf die Sprünge bzw. in die Höhe.<br>Danke sagt Schippi38!<br><br />]]></LOG>
<LOG><![CDATA[<img src='icon_smile.gif'>&nbsp;2008-10-31 by JonnyH&#252;tchen<br><br />Mit den Krümels vor Ort.<p>TFTC, JonnyH.<br />]]></LOG>
<LOG><![CDATA[<img src='icon_smile.gif'>&nbsp;2008-10-31 by Kruemel68<br><br />Heute haben wir uns nun endlich getraut <img src='http://www.geocaching.com/images/icons/icon_smile_big.gif' border=0 align=middle>. <br>Und vorher haben wir noch Schippi38 beim loggen zugeschaut <img src='http://www.geocaching.com/images/icons/icon_smile_wink.gif' border=0 align=middle>.<p>Danke fürs Verstecken und fürs Besserverstecken...<p>C + S<p>P.S. Ging auch ohne die Nachbarn <img src='http://www.geocaching.com/images/icons/icon_smile_wink.gif' border=0 align=middle><br />]]></LOG>
<LOG><![CDATA[<img src='icon_smile.gif'>&nbsp;2008-10-25 by S&#246;ckchen<br><br />Zusammen mit steffi und unseren beiden Hunde auf einer Gassirunde hier vorbei gekommen.<br>Mal gut das wir keine Höhenangst haben.<br>Silke<br />]]></LOG>
<LOG><![CDATA[<img src='icon_smile.gif'>&nbsp;2008-10-25 by Hondje Amanda<br><br />Bin mit Fauchen hier gewesen und hab mein Pfötchen ins Logbuch gedrückt!<p>Liebe Grüße vom<br>Hondje Amanda <img src='http://www.geocaching.com/images/icons/icon_smile_kisses.gif' border=0 align=middle><br />]]></LOG>
<LOG><![CDATA[<img src='icon_smile.gif'>&nbsp;2008-10-25 by Team Fire &amp; Ice<br><br />Auf kleiner Abendrunde mit Söckchen, Hondje Amanda und Tami hier ne Klettertour eingelegt und???... nix. Aber wer gucken kann ist klar im Vorteil <img src='http://www.geocaching.com/images/icons/icon_smile_wink.gif' border=0 align=middle>. Dann doch entdeckt, mit Unterstützung der Nachbarn.<p>Grüße vom<br>Team Fire & Ice<br>Steffi<br />]]></LOG>
<LOG><![CDATA[<img src='icon_smile.gif'>&nbsp;2008-10-24 by Kirsche 7a<br><br />Wir sind getraut. TFTC, Kirsche 7a<br />]]></LOG>
<LOG><![CDATA[<img src='icon_smile.gif'>&nbsp;2008-10-24 by two rubsners<br><br />Wir trauten uns.<br />]]></LOG>
<LOG><![CDATA[<img src='icon_smile.gif'>&nbsp;2008-10-19 by KaputtesLicht<br><br />Wir haben uns getraut! Zusammen mit Helmkatz gefunden! Danke<br />]]></LOG>
<LOG><![CDATA[<img src='icon_smile.gif'>&nbsp;2008-10-19 by Helmkatz<br><br />Kurz und Schmerzlos hoch! <br />]]></LOG>
<LOG><![CDATA[<img src='icon_smile.gif'>&nbsp;2008-10-15 by Grottenolm87<br><br />Vor 2 Tagen hatte ich mich noch nicht getraut (mittags + höhenschiss). Aber heute war dunkel und ich wollte die 20 für heute voll machen, also zack hoch und da war er. TFTC<p>Der Grottenolm<br />]]></LOG>
<LOG><![CDATA[<img src='icon_smile.gif'>&nbsp;2008-10-12 by FG1-Team<br><br />Das war ein unerwarteter "Trau Dich"! Der wollte auch im ersten Anlauf nicht gleich sein Geheimnis preisgeben... Da musste man sich schon noch mehr trauen!<br>Für solche Sachen ist immer das G vom Team zuständig <img src='http://www.geocaching.com/images/icons/icon_smile_big.gif' border=0 align=middle><br>Glücklicherweise sind wir im Dunkeln dort angekommen, damit hielt sich der Grad an Erregung von Aufmerksamkeit noch in Grenzen <img src='http://www.geocaching.com/images/icons/icon_smile_wink.gif' border=0 align=middle><br>Danke, FG1-Team<br />]]></LOG>
<LOG><![CDATA[<img src='icon_smile.gif'>&nbsp;2008-10-12 by Sectio aurea<br><br />19:06<br>Nadine hatte instinktiv die richtige Idee schon im Vorbeifahren.<br>Dann standen wir dann erst mal und glotzten nicht schlecht. Schließlich gab sich der starke Part vom FG1-Team einen Ruck und bewies seinen Mut (Respekt!). Nach drei Anläufen konnten wir dann auch loggen.<br>Vielen Dank für diese witzige Idee,<br>Sectio aurea<br />]]></LOG>
<LOG><![CDATA[<img src='icon_smile.gif'>&nbsp;2008-10-11 by dop3<br><br />Den kleinen haben wir schnell gefunden und gleich auf der richtigen seite gewesen. <p>Irgendwie haben wir immer so stimmen aus einem Haus gehört ...."was machen die denn da...... die haben ja langeweile ...... "  <img src='http://www.geocaching.com/images/icons/icon_smile_tongue.gif' border=0 align=middle><br />]]></LOG>
<LOG><![CDATA[<img src='icon_smile.gif'>&nbsp;2008-09-27 by Seve<br><br />Eine nette Idee! <img src='http://www.geocaching.com/images/icons/icon_smile.gif' border=0 align=middle><br>War abends nach 21 Uhr am Platze, da war es dunkel und ruhig genug, so dass ich keinem aufgefallen sein durfte. Den PETling hielt ich allerdings erst im dritten "Anlauf" in den Händen.<br />]]></LOG>
<LOG><![CDATA[<img src='icon_smile.gif'>&nbsp;2008-09-27 by Hoffi1986<br><br />Wahnsinn!!! Es gab auch noch so viele Autofahrer die gehupt haben!!!<br />]]></LOG>
<LOG><![CDATA[<img src='icon_smile.gif'>&nbsp;2008-09-27 by Garmina B<br><br />Zum Überlegen war keine Zeit, der nächste Termin drückte, also ran<img src='http://www.geocaching.com/images/icons/icon_smile_cool.gif' border=0 align=middle>, wenigstens war bei der 50/50 Chance Fortuna auf meiner Seite! Aber dann wurde ich doch erwischt<img src='http://www.geocaching.com/images/icons/icon_smile_blush.gif' border=0 align=middle> und mußte dem Anreiner Rede und Antwort stehen, selbiger war übrigens schon persönlich am Objekt und hat sich über diese nichstsagende Dose und das unheimlich spannende Büchlein gewundert. Ich habe ihm ein Schweigegelübde abgenommen<img src='http://www.geocaching.com/images/icons/icon_smile_evil.gif' border=0 align=middle>!<br>TFTC von den Garmina Bs<br>Cache #505; logged 12:45Uhr<br />]]></LOG>
<LOG><![CDATA[<img src='icon_smile.gif'>&nbsp;2008-09-06 by uhri<br><br />Mit Unterstützung von Kirmesburschen Christoph und Christian bei einsetzender Dunkelheit Döschen gehoben. Die Aktion erinerte ein wenig an einen Auftritt der "Gebrüder Weißheit".<br>TFTC Uhri<br />]]></LOG>
<LOG><![CDATA[<img src='icon_smile.gif'>&nbsp;2008-09-01 by madd.in<br><br />Maddin an der einen Seite hoch, Tina an der anderen...<br>Tina an der richtigen...Schöne Idee<br>tftc, madd.in<br />]]></LOG>
<LOG><![CDATA[<img src='icon_smile.gif'>&nbsp;2008-08-30 by Erithacus Rubecula<br><br />Abgestaubt!<p>Mit Ifindnix, Team Kumunst und den Eichsgenossen auf Tour gewesen. Da zum Glück Stadtfest war, war kein Muggel weit und breit in Sicht. Schnell gefunden. TFTC<p><br />]]></LOG>
<LOG><![CDATA[<img src='icon_smile.gif'>&nbsp;2008-08-30 by ifindnix<br><br />Salvete!<br>Wir waren mal wieder gemeinsam mit Team Kumunst auf cache-Tour in Thüringen und konnten im Schutz der Dunkelheit auch dieses Döschen schnell finden! <img src='http://www.geocaching.com/images/icons/icon_smile_big.gif' border=0 align=middle><br>Vobis gratias agimus!<br>ifindnix & crew <br />]]></LOG>
<LOG><![CDATA[<img src='icon_smile.gif'>&nbsp;2008-08-30 by Team Kumunst<br><br />Da haben wir uns zusammen mit ifindnix erst im Dunkeln dran getraut.<br>Danke und Gruß<br>Team Kumunst<br />]]></LOG>
<LOG><![CDATA[<img src='icon_smile.gif'>&nbsp;2008-08-30 by Renault Family<br><br />Nun wieder mal zur Kirmes in Mühlhausen angekommen, muss auch noch der Trau Dich fallen.<p>Danke sagen Sandra & Matti<br />]]></LOG>
<LOG><![CDATA[<img src='icon_smile.gif'>&nbsp;2008-08-26 by BastiVW<br><br />so muss das sein<br />]]></LOG>
<LOG><![CDATA[<img src='icon_smile.gif'>&nbsp;2008-08-17 by fox-hunter_I<br><br />Nachdem Frauchen (fox-hunter_I-hunter ) leider scheiternder Weise abgestürzt war habe ich dieses klasse Versteck erobern dürfen...danke an den Owner für diese schöne Idee, fahre nun öfters dort entlang aber auf diese Idee war ich auch noch nicht gekommen :-)<p>TFTC, <br>Fox-hunter_I (und sein lädiertes Frauchen)<br />]]></LOG>
<LOG><![CDATA[<img src='icon_smile.gif'>&nbsp;2008-08-12 by kleinerMuck77<br><br />Auf einem schönen Spaziergang durch Mühlhausen gut gefunden. Der war genau nach meinem Geschmack - vielen Dank.<p>#437<br />]]></LOG>
<LOG><![CDATA[<img src='icon_smile.gif'>&nbsp;2008-08-06 by LUPO.79<br><br />Grins!<br>Respekt an alle Tageslichtcacher...<br>Ich habs im Schutze der Dunkelheit gewagt, hab ihn zwar erst nicht gesehen, aber gleich beim ersten Versuch die riichtige Entscheidung getroffen.<br>Klasse!<br>TFTC<br />]]></LOG>
<LOG><![CDATA[<img src='icon_smile.gif'>&nbsp;2008-08-06 by Traumpaar1<br><br />Scheiße! Bin ich verrückt ? Mir zittern jetzt noch die Knie! Aber es war echt geil, wir mussten ersteinmal lachen als wir ihn entdeckten<br />]]></LOG>
<LOG><![CDATA[<img src='icon_smile.gif'>&nbsp;2008-08-03 by AT-AT<br><br />Auch ich hab mich getraut. Na gut, erst nicht so richtig <img src='http://www.geocaching.com/images/icons/icon_smile.gif' border=0 align=middle>, aber dann mit gollumgandalf in Teamarbeit geloggt. Einer hat ihn geholt, einer wieder zurück gebracht.<br>TFTC<br />]]></LOG>
<LOG><![CDATA[<img src='icon_smile.gif'>&nbsp;2008-08-03 by Gollum &amp; Galadriel<br><br />Da kann man den Hasenschnitzels nur zustimmen. Ein schöner Adrenalinschub, herrlich.<br>TFTC<br />]]></LOG>
<LOG><![CDATA[<img src='icon_smile.gif'>&nbsp;2008-08-03 by DerAlte<br><br />Bei unserer heutigen kleinen MHL-Tour auch diesen Cache gefunden, aber es ist schon gewagt, den Cache bei Licht zu  heben!.<br>DerAlte & Frau  <br>  <br><br />]]></LOG>
<LOG><![CDATA[<img src='icon_smile.gif'>&nbsp;2008-07-27 by Eichsgenossen<br><br />Da steht man vor dem "Ding" und kann sich ein Schmunzeln nicht verkneifen.Lass den ,-den kannste jetzt nicht machen-sagte mein Weibchen.Sonntags-14.35.Uhr-gerade Mittagsruhe in den angrenzenden Grundstücken-haben es jedenfalls gehofft und niemanden gesehn.Dann Hut auf,Kragen hoch-und noch einen,und noch einen und noch einen Spatziergänger vorbei gelassen-nach 10 min.-jetzt.---getraut.<br>TFTC sagen die Eichsgenossen<br><br />]]></LOG>
<LOG><![CDATA[<img src='icon_smile.gif'>&nbsp;2008-07-26 by Die Hasenschnitzels<br><br />Adrenalin ist schon geniales Zeug <img src='http://www.geocaching.com/images/icons/icon_smile_big.gif' border=0 align=middle><img src='http://www.geocaching.com/images/icons/icon_smile_big.gif' border=0 align=middle>. Und davon gab es hier reichlich. Danke für die tolle Location und den Cache.<p>Die Hasenschnitzels<br />]]></LOG>
<LOG><![CDATA[<img src='icon_smile.gif'>&nbsp;2008-07-25 by Traveler77<br><br />Der erste Trau Dich in Mühlhausen. Im Team mit Hor_Andy gestartet und die Location besucht. Sofort war es klar worum es ging. Wir haben uns getraut und schließlich auch  die neugierigen Blicke der Anwohner auf uns gezogen. Aber das wird hoffentlich für den kleinen ohne Folgen bleiben. Hat Spaß gemacht. <img src='http://www.geocaching.com/images/icons/icon_smile_wink.gif' border=0 align=middle> TFTC<br />]]></LOG>
<LOG><![CDATA[<img src='icon_smile.gif'>&nbsp;2008-07-25 by Hor_andy<br><br /><br>Hmm, erst dachte ich ja an die TrauDich-Serie in Leipzig, das ist aber eine andere Sorte. <br>Dieser hier fordert aber trotzdem etwas Traute um ihn zu heben, im Team mit Traveler77 wars für jeden nur halbso schwer. Eine nette Aufgabe, die am Freitagabend in der näheren Nachbarschaft sicherlich für einigen Gesprächsstoff gesorgt haben sollte, das ließ sich aber leider nicht vermeiden, immernoch besser als wenn es in der Zeitung steht<img src='http://www.geocaching.com/images/icons/icon_smile_sad.gif' border=0 align=middle>, oder?<br>TFTC, hat Spass gemacht<br><br />]]></LOG>
<LOG><![CDATA[<img src='icon_greenlight.gif'>&nbsp;2008-07-20 by 2<br><br />Published<br />]]></LOG>
<LOG><![CDATA[<img src='icon_smile.gif'>&nbsp;2008-07-20 by Chris601<br><br />Hui! Ein "Trau-Dich" - mitten in der Stadt! veröffentlicht an einem Wochenende - Gute Chancen, dass man dort auf andere Cacher trifft! Zuerst kam nur ein Freund vorbei, der es sich allerdings nicht nehmen ließ, den Cache zu holen. Mir blieb dann "nur" das Zurückbringen.<p>Auf dem Heimweg vom Käffchen dachte ich mir aber: Fahr nochmal dort vorbei, vielleicht klappts ja diesmal! Und siehe da: Es war tatsächlich grade unmissverständlich jemand daran, den Cache zu heben! Schön, auch mal "die Neuen" kennengelernt zu haben, als sie gerade ihren FTF knapp verpasst hatten <img src='http://www.geocaching.com/images/icons/icon_smile.gif' border=0 align=middle><p>Danke für den Cache!<br />]]></LOG>
<LOG><![CDATA[<img src='icon_smile.gif'>&nbsp;2008-07-20 by GeoSittiche<br><br />Wir bekamen einen heißen Tipp,nicht weit von uns ist ein neuer Cache aufgetaucht.Noch`n Paar Minuten Zeit,also hin.<br>Während des "Hebens" kam doch der Chris601 vorbei und machte uns seine Aufwartung und gratulierte zur Nummer zwei.<br>Schön,mal einen Geocacher persönlich kennenzulernen.<br>Wir sind ja noch nicht lange im Geschäft.<br>Ein schöööner Cache und Leute mit langen Beinen sind hier sehr im Vorteil.<br>TFTC<br>die GeoSittiche <br />]]></LOG>
</LOGS>
<NOTES><![CDATA[]]></NOTES>
<IMAGES>
</IMAGES>
<TRAVELBUGS>
</TRAVELBUGS>
<URL><![CDATA[]]></URL>
<SOLVER><![CDATA[]]></SOLVER>
    <CACHE  name = "Trau Dich in M&#252;hlhausen" owner = "Mueckenfett" lat = "51,20185" lon = "10,4632" hidden = "2008-07-18" wayp = "GC1EACF" status = "" ocCacheID = "" lastSyncOC = "20100419230207" num_recommended = "0" num_found = "-1" attributesYes = "34427373571" attributesNo = "2199023255552" boolFields="1922" byteFields="33693204" attributesYes1 = "0" attributesNo1 = "0" />
</CACHEDETAILS>
