<?xml version="1.0" encoding="ISO-8859-1"?>
<CACHEDETAILS>
<VERSION value = "3"/>
<DETAILS><![CDATA[<center>
<h2>Teil Eins</h2>
<br />
<br />
meiner berühmten Mühlhäuser Stadtväter<br />
<br />
<br />
<img src=
"http://img.geocaching.com/cache/4dc276ce-c108-4a72-b39e-60d16e0cf4de.jpg" />
</center>

<br><p align="center">Die oben angegebenen Daten sind frei
erfunden.<br />
Dort werdet ihr den Schatz nicht finden.<br />
<br />
Da mir viel an der Vergangenheit meiner Heimatstadt liegt, hier ein
kleines Rätsel.<br />
<br />
Findet das Geburts-, und Sterbejahr dieser Mühlhäuser Berühmtheit
heraus,<br />
dann noch ein wenig rechnen und ihr habt die Finaldaten.<br />
<br />
N 51°13.491 minus Geburtsjahr (vierstellig)<br />
E 010°28.912 minus Sterbejahr (vierstellig)</p>]]></DETAILS>
<COUNTRY><![CDATA[Germany]]></COUNTRY>
<STATE><![CDATA[Thüringen]]></STATE>
<ATTRIBUTES>
   <ATT>wheelchair-no.gif</ATT>
   <ATT>bicycles-yes.gif</ATT>
   <ATT>stroller-yes.gif</ATT>
   <ATT>available-yes.gif</ATT>
   <ATT>dogs-yes.gif</ATT>
</ATTRIBUTES>
<HINTS><![CDATA[]]></HINTS>
<LOGS>
<OWNLOGID></OWNLOGID>
<OWNLOG><![CDATA[]]></OWNLOG>
<LOG><![CDATA[<img src='icon_smile.gif'>&nbsp;2010-04-02 by thegorbi<br><br />Schöne kleine historische Sucherei in der Vergangenheit von Mühlhausen.<p>thegorbi sagt vielen Dank<br />]]></LOG>
<LOG><![CDATA[<img src='icon_smile.gif'>&nbsp;2010-03-27 by UlliSilke<br><br />Auf kleinem Umweg das Ziel anvisiert, einen Sprung gewagt und nach einigen schritten konnten wir loggen. Danke sagt UlliSilke.<br />]]></LOG>
<LOG><![CDATA[<img src='icon_smile.gif'>&nbsp;2010-03-13 by two rubsners<br><br />Herausgefunden hatte wir den berühmten Mühlhäuser schon vor langer Zeit, heute haben wir ihn endlich in Angriff genommen und geloggt.<br>TFTC<br />]]></LOG>
<LOG><![CDATA[<img src='icon_smile.gif'>&nbsp;2010-02-04 by David+Chrissi<br><br />Heute konnten wir diesen Cache endlich loggen..  <img src='http://www.geocaching.com/images/icons/icon_smile_big.gif' border=0 align=middle><br>Die Lösung hatten wir schon lange, jedoch immer wieder keine Zeit gehabt <img src='http://www.geocaching.com/images/icons/icon_smile_sad.gif' border=0 align=middle><p>TFTC<p>David+Chrissi<br />]]></LOG>
<LOG><![CDATA[<img src='icon_smile.gif'>&nbsp;2010-02-02 by beagle67<br><br />Heute Abend schnell gefunden. Bei dem Schneesturm fühlt man sich wie ein Yeti. <br>---02.02.2010---19.05Uhr---<br>TFTC<br />]]></LOG>
<LOG><![CDATA[<img src='icon_smile.gif'>&nbsp;2010-02-01 by rageracer<br><br />Die Koordinaten waren schon länger ausfindig gemacht und heute hatte ich<br>endlich die Gelegenheit den Cache zu loggen. Das Cacheversteck ist mir schon<br>von weitem ins Auge gesprungen und die Koordinaten stimmen auch 100%ig.<p>#57 --- 01.02.10 --- 8.35 Uhr<p>TFTC<br><br />]]></LOG>
<LOG><![CDATA[<img src='icon_smile.gif'>&nbsp;2010-01-23 by Jon&amp;Liz<br><br />#134<p>Lösung ist schon seit vielen Wochen in unserem „FERTIG-GELÖST-ORDNER“.<p>Heute endlich Zeit gefunden um auch zu loggen.<p>Vielen Dank! Jon & Liz<br><br />]]></LOG>
<LOG><![CDATA[<img src='icon_smile.gif'>&nbsp;2009-12-26 by Kami79<br><br />Beim Weihnachtsabendspaziergang geloggt - das passiert, wenn man bei Mamma vor lauter essen dann mal die Flucht ergreifen muss, um sich die Beine zu vertreten... ;-)<br />]]></LOG>
<LOG><![CDATA[<img src='icon_smile.gif'>&nbsp;2009-12-13 by Tini1985<br><br />Dieses Rätselchen hatten wir schon vor längerer Zeit gelöst und nur auf den richtigen Moment gewartet um zuzuschlagen! Das passierte dann heute auf dem Weg zu einer sehr schönen Weihnachtsfeier :-)<br>Vielen Dank für den schönen Rätselcache und bis bald wieder,<p>Tini und Wolfi (Tini1985)!<p>Huuui, grad bemerkt: 130ter Cache :-D<br />]]></LOG>
<LOG><![CDATA[<img src='icon_smile.gif'>&nbsp;2009-12-05 by Hardcore-UH<br><br />schnell gelöst und gelogt ein großes TFTC von Fips & Basti<br />]]></LOG>
<LOG><![CDATA[<img src='icon_smile.gif'>&nbsp;2009-10-25 by Ullina<br><br />Zusammen mit Karolli auch diesen Schatz auf unserer Sonntagstour gehoben. Dank dem Internet war das Lösen des Rätsels kein Problem. Um an den Schatz zu kommen, gibt es mehrere Wege. Wir haben wahrscheinlich den, mit den meisten Hundetretminen erwischt. Jedenfalls mussten wir unsere Schuhe von den Resten befreien, bevor wir uns wieder ins Auto setzten.<br> 	<img src='http://www.geocaching.com/images/icons/icon_smile_big.gif' border=0 align=middle> Ullina<br />]]></LOG>
<LOG><![CDATA[<img src='icon_smile.gif'>&nbsp;2009-10-25 by Karolli<br><br />Zusammen mit Ullina auf Cachertour gewesen!<br>Die Finaldaten haben wir gestern Abend herausgefunden, während die Männer noch das Essen vom Grill verdauten <img src='http://www.geocaching.com/images/icons/icon_smile_tongue.gif' border=0 align=middle>. Heute haben wir das schöne Wetter genutzt, um den Schatz zu bergen!<br>Der Weg dorthin ist nur voller Tretminen, man kann ihnen fast gar nicht entkommen!<img src='http://www.geocaching.com/images/icons/icon_smile_dead.gif' border=0 align=middle><br>TFTC<br />]]></LOG>
<LOG><![CDATA[<img src='icon_smile.gif'>&nbsp;2009-06-24 by biba1981<br><br />nach der arbeit nochmal los mit FTT bei dem schönen wetter<br />]]></LOG>
<LOG><![CDATA[<img src='icon_smile.gif'>&nbsp;2009-06-24 by FTT<br><br />Die Lösung war schon lange parat.Heute dann mal mit biba1981 losgemacht und das Schätzchen aufgesucht.<br>TFTC<br />]]></LOG>
<LOG><![CDATA[<img src='icon_smile.gif'>&nbsp;2009-04-15 by agp<br><br />Auf der 'Heim'fahrt nach Mühlhausen erschien plötzlich die errechnete Finalposition auf dem Garminchen. Dort <img src='http://www.geocaching.com/images/icons/icon_smile_question.gif' border=0 align=middle> Nun - warum nicht <img src='http://www.geocaching.com/images/icons/icon_smile_shy.gif' border=0 align=middle>. Ja - sieht vielversprechend aus <img src='http://www.geocaching.com/images/icons/icon_smile_big.gif' border=0 align=middle>.<br>Das Fahrrad scheint das geeignetste Cachemobil in dieser Gegend zu sein, jedenfalls wenn's lange nicht geregnet hat... <img src='http://www.geocaching.com/images/icons/icon_smile_wink.gif' border=0 align=middle><p>Danke für diesen berühmten Mühlhäuser (für die anderen hat die Zeit nicht gereicht) sagen<br>agp aus Berlin<br />]]></LOG>
<LOG><![CDATA[<img src='icon_smile.gif'>&nbsp;2009-03-15 by commander-rabb<br><br />Nummer zwei auf unserer heutigen Vormittagscachungtour durch Mühlhausen. Auf der Fahrt zum Cache wurde unser Cachemobil so richtig schön durchgeschüttelt und auch seeeeehr dreckig...<br>Schade dass wir den "Car-Wash" schon geloggt hatten...<p><br>Im Nachhinein haben wir festgestellt, dass der kürzeste Weg nicht immer der beste ist...<p>Danke für den Cache sagt das Team von<br>commander-rabb<br />]]></LOG>
<LOG><![CDATA[<img src='icon_smile.gif'>&nbsp;2009-02-08 by uhri<br><br />Zuhause mal in der Mühlhäuser Historie gestöbert und das Rätsel war gelöst. Dose gut gefunden.<br>TFTC <br><br />]]></LOG>
<LOG><![CDATA[<img src='icon_smile.gif'>&nbsp;2008-12-28 by madd.in<br><br />Wir waren vor Monaten schon mal hier..blöderweise war da ein aufgebrachter Muggel der uns vom Loggen abhielt <img src='http://www.geocaching.com/images/icons/icon_smile_dead.gif' border=0 align=middle> ...aber heute war es ganz ruhig..<br>tftc, madd.in<br />]]></LOG>
<LOG><![CDATA[<img src='icon_smile.gif'>&nbsp;2008-12-27 by gloomy<br><br />Die Lösung lag schon einige Zeit auf dem Schreibtisch. Heute konnte nun der praktische Teil erfolgen und Dank des Dauerfrostes blieben sogar die Schuhe sauber ;-) VG und Danke, gloomy!<br />]]></LOG>
<LOG><![CDATA[<img src='icon_smile.gif'>&nbsp;2008-12-23 by KaputtesLicht<br><br />Mehrere richtige Suchbegriffe bei Google kombiniert, führt schnell zu einem Traumhaften Ergebnis! Schnell gefunden, vielen Dank!<br />]]></LOG>
<LOG><![CDATA[<img src='icon_smile.gif'>&nbsp;2008-12-21 by Seve<br><br />Diesen Cache hielt ich sehr schnell in den Händen, auch wenn mein Weg dorthin bei dem Wetter nicht so schön war.<br />]]></LOG>
<LOG><![CDATA[<img src='icon_smile.gif'>&nbsp;2008-12-16 by geofutz<br><br />Der Final war schnell gefunden.<br>Danke an Henrik, dem alten Mühlhäuser, der den Herrn sofort<br>erkannt hat.<br>In und Out : <i>TB Geofutz Counter</i><br><font color="blue"> Danke für <b># 415</b></font> und<br><font color="green"><b><i>BYE Geofutz.</i></b></font><br><br />]]></LOG>
<LOG><![CDATA[<img src='icon_smile.gif'>&nbsp;2008-11-04 by oldboy2<br><br />Die Finalkoordinaten waren Zuhause schnell ermittelt. Dann Vor-Ort erst einmal großflächig den Cache umkreist <img src='http://www.geocaching.com/images/icons/icon_smile_clown.gif' border=0 align=middle> , war mir dann auf die letzten ca. 200m nicht wirklich sicher, ob ich bei der Berechnung keinen Fehler gemacht habe ... bei weiterer Annäherung war dann klar, dass ich richtig sein muss <img src='http://www.geocaching.com/images/icons/icon_smile.gif' border=0 align=middle><p>TFTC<br>Oldboy2 und "Die Frau aus Holland"<p>Out: Coin<br />]]></LOG>
<LOG><![CDATA[<img src='icon_smile.gif'>&nbsp;2008-10-31 by Schippi38<br><br />Die Koordinaten wurden schon zu Hause errechnet, somit stellte das Finden kein Problem mehr da.<br>Ich habe mal einen Coin reingelegt, der stammt aus dem Cache "Berühmte Inselbewohner" auf Usedom, fand das ganz passend.<br>Schippi38<br />]]></LOG>
<LOG><![CDATA[<img src='icon_smile.gif'>&nbsp;2008-10-25 by Hondje Amanda<br><br />Bin mit Fauchen hier gewesen und hab mein Pfötchen ins Logbuch gedrückt!<p>Liebe Grüße vom<br>Hondje Amanda <img src='http://www.geocaching.com/images/icons/icon_smile_kisses.gif' border=0 align=middle><br />]]></LOG>
<LOG><![CDATA[<img src='icon_smile.gif'>&nbsp;2008-10-25 by Team Fire &amp; Ice<br><br />Auch auf der kleinen Abendrunde mit Söckchen, Hondje Amanda und Tami gefunden.<p>Vielen Dank und liebe Grüße vom<br>Team Fire & Ice<br>Steffi<br />]]></LOG>
<LOG><![CDATA[<img src='icon_smile.gif'>&nbsp;2008-10-24 by X-Gang<br><br />Zu Hause wurden die Daten ermittelt, so dass das Versteck im Vorbeifahren mitgenommen wurden.<br>Danke und Grüße <img src='http://www.geocaching.com/images/icons/icon_smile_wink.gif' border=0 align=middle> von der X- Gang.<br />]]></LOG>
<LOG><![CDATA[<img src='icon_smile.gif'>&nbsp;2008-10-14 by Grottenolm87<br><br />das rätsel war schnell geknackt und der Cache noch schneller gefunden. TFTC<p>Der Grottenolm<br />]]></LOG>
<LOG><![CDATA[<img src='icon_smile.gif'>&nbsp;2008-10-04 by Hoffi1986<br><br />Schöner Cache, aber mitten im Nirgendwo ist es nachts doch am schönsten...<br />]]></LOG>
<LOG><![CDATA[<img src='icon_smile.gif'>&nbsp;2008-09-19 by LUPO.79<br><br />Heut als Drive-In mitgenommen. Danke für die historische Rätselaufgabe...<br>TFTC<p>No Coin inside..<br />]]></LOG>
<LOG><![CDATA[<img src='icon_smile.gif'>&nbsp;2008-09-02 by Team Kumunst<br><br />Zusammen mit ifindnix und den Eichsgenossen waren wir an einem wunderbaren und langen Wochenende gemeinsam in Thüringen unterwegs. Natürlich haben wir auch ein paar Dosen gefunden. <br>Diese war eine davon.<br>Danke und Gruß<br>Team Kumunst<br />]]></LOG>
<LOG><![CDATA[<img src='icon_smile.gif'>&nbsp;2008-09-02 by ifindnix<br><br />Salvete!<br>Wir waren mal wieder gemeinsam mit den Eichsgenossen und Team Kumunst auf cache-Tour und konnten dabei auch dieses Döschen schnell finden! <img src='http://www.geocaching.com/images/icons/icon_smile_big.gif' border=0 align=middle><br>Vobis gratias agimus!<br>ifindnix & crew <br />]]></LOG>
<LOG><![CDATA[<img src='icon_smile.gif'>&nbsp;2008-09-02 by Eichsgenossen<br><br />Heute mit Gastcachern aus Duisburg nach dem Googel zu Hause bei der Mühlhausen-cachetour das Finale angegangen.<br>Nach Toms letzten Log sei eine Coin hier drin- keine vorgefunden.TFTC sagen die Eichsgenossen<br />]]></LOG>
<LOG><![CDATA[<img src='icon_smile.gif'>&nbsp;2008-09-01 by Die Hasenschnitzels<br><br />Nach diesem opulenten Mittagsmahl und entsprechender Ruhe phase musste noch etwas Bewegung her. Bei hochsommerlichen Temperaturen dann mit der Renault Family über die Pampa gelaufen und den Cache gefunden. <br>Danke für den ?-Cache.<p>Die Hasenschnitzels<br />]]></LOG>
<LOG><![CDATA[<img src='icon_smile.gif'>&nbsp;2008-08-31 by Renault Family<br><br />Hier mal schnell meinen Geburtstagscache gelöst.<p>Danke sagt Matti<br />]]></LOG>
<LOG><![CDATA[<img src='icon_note.gif'>&nbsp;2008-08-29 by Mueckenfett<br><br />Wollte hier einen Cointausch vornehmen, aber der Keep on moving war verschwunden <img src='http://www.geocaching.com/images/icons/icon_smile_shock.gif' border=0 align=middle><br>Na dann mal einen anderen da gelassen.<br>Tom<br />]]></LOG>
<LOG><![CDATA[<img src='icon_smile.gif'>&nbsp;2008-08-23 by Hor_andy<br><br /><br>Das Rätsel war schnell gelöst, aber bis wir uns aufraffen konnte diesen Cache anzugehen, dauerte es etwas länger. Ein schöner Spaziergang bis zum Cache, den wir dann unter wachsamen Augen loggten, siehe Pics. Mal sehen wie, wo und wann diese Serie ihre Fortsetzung finden wird.<br>TFTC<p>Coin in/Coin aut<br><br />]]></LOG>
<LOG><![CDATA[<img src='icon_smile.gif'>&nbsp;2008-08-23 by Traveler77<br><br />Im Team mit Hor_Andy angegangen und erfolgreich beendet. <img src='http://www.geocaching.com/images/icons/icon_smile_wink.gif' border=0 align=middle> TFTC<br />]]></LOG>
<LOG><![CDATA[<img src='icon_smile.gif'>&nbsp;2008-08-18 by caprikitty<br><br />Der war auch fix gefunden und wurde von Schnecken bewacht.<br>Danke<br />]]></LOG>
<LOG><![CDATA[<img src='icon_smile.gif'>&nbsp;2008-08-17 by GeoSittiche<br><br />Cache erst im zweiten Anlauf genommen,wegen allzulangem Muggelaufkommen-denkste.Beim zweiten Besuch erkannten wir aus der Logzeit,das wir Krümel68 über den Weg gelaufen waren.Ja ja die Geocacher,man sollte sich unbedingt mal kennenlernen,dass sowas nicht noch mal passiert.<br>Die Coin die Krümel dort gelassen hat natürlich gleich gegriffen.<br>TFTC<br>die GeoSittiche<br>-GC out<br />]]></LOG>
<LOG><![CDATA[<img src='icon_smile.gif'>&nbsp;2008-08-17 by Kruemel68<br><br />Gut, wenn man sich in bzw. mit seiner Stadt auskennt <img src='http://www.geocaching.com/images/icons/icon_smile_wink.gif' border=0 align=middle>. Bei dieser Gelegenheit habe ich gleich mal eins der Mitbringsel aus dem Urlaub dort gelassen. TFTC<p>Stefan<br />]]></LOG>
<LOG><![CDATA[<img src='icon_smile.gif'>&nbsp;2008-08-17 by JonnyH&#252;tchen<br><br />Prima, der Beginn einer neuen Serie. Ich war heut mit Krümel auf zwei Rädern - quasi als drive in - vor Ort. <p>Danke und Grüße<p>Jonathan<br />]]></LOG>
<LOG><![CDATA[<img src='icon_smile.gif'>&nbsp;2008-08-13 by Chris601<br><br />Zuerst wusste ich ja gar nicht, wo ich mit meiner Suche anfangen soll. Dann ging es aber doch ganz fix.<br>Den Cache ansich habe ich vermutlich eine Station zu tief gefunden.<p>#361<br />]]></LOG>
<LOG><![CDATA[<img src='icon_smile.gif'>&nbsp;2008-08-12 by Gollum &amp; Galadriel<br><br />Eine schöne Idee für eine Serie. Das Rätsel war fix gelöst, wir hatten ja erst vor kurzem mit dem Herrn zu tun <img src='http://www.geocaching.com/images/icons/icon_smile.gif' border=0 align=middle> Das Versteck war auch schnell entdeckt.<br>Vielen Dank!<br />]]></LOG>
<LOG><![CDATA[<img src='icon_smile.gif'>&nbsp;2008-08-12 by AT-AT<br><br />Gestern abend wars schon bissel spät. Aber heute gleich mit gollumgandalf losgezogen und immerhin noch Zweiter geworden<img src='http://www.geocaching.com/images/icons/icon_smile_big.gif' border=0 align=middle><br>TFTC<br />]]></LOG>
<LOG><![CDATA[<img src='icon_smile.gif'>&nbsp;2008-08-11 by dop3<br><br />eben nochmal schnell (23:20) im Nieselregen losgefahren und gefunden.<br>unser erster FTF :)<p>mfg dop3+sandra<br><br />]]></LOG>
<LOG><![CDATA[<img src='icon_note.gif'>&nbsp;2008-08-11 by Die Hasenschnitzels<br><br />Die Final-Koordinaten liegen bereit, nur leider sind 400km für einen FTF zu weit. <img src='http://www.geocaching.com/images/icons/icon_smile_big.gif' border=0 align=middle><p>Aber wir kommen ja bald ... <img src='http://www.geocaching.com/images/icons/icon_smile_wink.gif' border=0 align=middle><br />]]></LOG>
<LOG><![CDATA[<img src='icon_greenlight.gif'>&nbsp;2008-08-11 by Don Rocbeer<br><br />Published<br />]]></LOG>
<LOG><![CDATA[<img src='icon_note.gif'>&nbsp;2008-08-10 by Mueckenfett<br><br />in kleiner Coin<br />]]></LOG>
</LOGS>
<NOTES><![CDATA[]]></NOTES>
<IMAGES>
    <IMG>gc1ead8_0.jpg<URL>http://img.geocaching.com/cache/4dc276ce-c108-4a72-b39e-60d16e0cf4de.jpg</URL></IMG>
    <IMG>GC1EAD8_0.jpg<URL>http://img.geocaching.com/cache/4dc276ce-c108-4a72-b39e-60d16e0cf4de.jpg</URL></IMG>
    <IMGTEXT>GC1EAD8_0</IMGTEXT>
    <IMGTEXT>gesuchte Person</IMGTEXT>
</IMAGES>
<TRAVELBUGS>
</TRAVELBUGS>
<URL><![CDATA[]]></URL>
<SOLVER><![CDATA[]]></SOLVER>
    <CACHE  name = "Ber&#252;hmte M&#252;hlh&#228;user #  1" owner = "Mueckenfett" lat = "51,195616666667" lon = "10,434366666667" hidden = "2008-08-10" wayp = "GC1EAD8" status = "" ocCacheID = "" lastSyncOC = "20100419225754" num_recommended = "0" num_found = "-1" attributesYes = "34359740419" attributesNo = "2199023255552" boolFields="1922" byteFields="50861081" attributesYes1 = "0" attributesNo1 = "0" />
</CACHEDETAILS>
