<?xml version="1.0" encoding="ISO-8859-1"?>
<CACHEDETAILS>
<VERSION value = "3"/>
<DETAILS><![CDATA[<center><br />
<h2>Die Mühlhäuser Stadtmauer</h2>
</center>

<br><p align="center"><br />
Sie ist eine der besterhaltenen Stadtmauern in Deutschland und ein
touristisches Kleinod - die 2,8 Kilometer lange Mühlhäuser
Wehranlage mit ihren sanierten Türmen und Pavillons aus dem
13.-15.Jh.<br />
Ein besonders schöner Abschnitt des Wehrgangs ist auf eine Länge
von 370 m für Besucher begehbar.</p>
<br />
<img src=
"http://img.geocaching.com/cache/431eb603-a2e4-45ac-b0b1-00ef1ad9d096.jpg" />
<p align="center"><br />
Begleitet uns auf den Spuren der inneren Stadtmauer. Am besten zu
Fuß, aber auch mit dem Fahrrad sehr gut geeignet.<br />
<br />
Begib dich zu den o.g. Koordinaten und du wirst den Beginn deiner
Erkundung entdecken. Notiere dir alle verdeckten Zahlen!!!</p>
<br />
<h2>Station 1</h2>
<p><img src=
"http://img.geocaching.com/cache/2cd1cb11-fa3b-43f5-91c6-6e0159b6b5d0.jpg" /><br />

A = vierstellig<br />
<br />
hier gehts weiter!</p>
<img src=
"http://img.geocaching.com/cache/7241d0fd-8557-444d-ad1c-3f5030c95848.jpg" /><br />

<br />
<h2>Station 2</h2>
<br />
<p><img src=
"http://img.geocaching.com/cache/b7762761-7f70-4c55-9d94-2969a9444cfd.jpg" />
<img src=
"http://img.geocaching.com/cache/90b6b9e4-6831-4a7f-a683-0668d2be030a.jpg" />
</p>
B = von der vierstelligen die letzte Zahl<br />
<br />
<h2>Station 3</h2>
<br />
<p><img src=
"http://img.geocaching.com/cache/aefb4101-2cfc-4e60-8725-49cf7fe95200.jpg" />
<img src=
"http://img.geocaching.com/cache/95ae5ab5-ed60-481d-9fb3-af5ad1c3caf8.jpg" />
</p>
C = einstellig<br />
<br />
<h2>Station 4</h2>
<br />
<p><img src=
"http://img.geocaching.com/cache/1a8810f4-4313-4c3d-831b-af74c6d0c3e3.jpg" />
<img src=
"http://img.geocaching.com/cache/22abb0cb-1b3b-414e-b3c2-c732585e6bc0.jpg" />
</p>
D = vierstellige Zahl<br />
<br />
<h2>Station 5</h2>
<br />
<p><img src=
"http://img.geocaching.com/cache/9076a66a-c9dc-4535-b93d-4f703d181cce.jpg" /></p>
E = von der vierstelligen Zahl die letzten beiden nur<br />
<br />
<h2>Station 6</h2>
<br />
<p><img src=
"http://img.geocaching.com/cache/c2d90acf-7591-4631-8b0b-f124f831d471.jpg" />
<img src=
"http://img.geocaching.com/cache/0bf186ed-34db-49b9-a622-85f7fdae2f07.jpg" />
</p>
F = vierstellige Zahl<br />
<br />
<h2>Station 7</h2>
<br />
<p><img src=
"http://img.geocaching.com/cache/2900c1b4-9bd2-42a5-9da3-8944ffb2bf8d.jpg" />
<img src=
"http://img.geocaching.com/cache/14535260-be3d-4ed2-99ac-c685ed4ebd0a.jpg" />
</p>
G = einstellige Zahl<br />
<br />
<h2>Station 8</h2>
<br />
<p><img src=
"http://img.geocaching.com/cache/e21e079c-5232-4c34-998d-9a597c5a524b.jpg" /></p>
<br />
H = letzte Zahl von der vierstelligen<br />
<br />
<h2>Peile von hier !!!</h2>
<br />
Auf Grund von Sanierungsarbeiten, ist der Gullydeckel nicht
sichtbar.<br />
Seine Koordinaten sind:<br />
N51°12.690 E 010°27.254<br />
<br />
<img src=
"http://img.geocaching.com/cache/5f63034d-f267-420e-ac72-688a3ba8474a.jpg" />
<br />
<br />
<br />
aus folgender Formel:<br />
A + B + C + D minus 3575 = ? Meter<br />
E + F + G + H minus 1043 = ? Grad]]></DETAILS>
<COUNTRY><![CDATA[Germany]]></COUNTRY>
<STATE><![CDATA[Thüringen]]></STATE>
<ATTRIBUTES>
   <ATT>bicycles-yes.gif</ATT>
   <ATT>stroller-yes.gif</ATT>
   <ATT>onehour-yes.gif</ATT>
   <ATT>restrooms-yes.gif</ATT>
   <ATT>parking-yes.gif</ATT>
   <ATT>available-yes.gif</ATT>
   <ATT>dogs-yes.gif</ATT>
</ATTRIBUTES>
<HINTS><![CDATA[fvrur Fcbvyre, thg trgneag]]></HINTS>
<LOGS>
<OWNLOGID></OWNLOGID>
<OWNLOG><![CDATA[]]></OWNLOG>
<LOG><![CDATA[<img src='icon_smile.gif'>&nbsp;2010-04-11 by klins<br><br />...langsam kenn wir uns aus in Mühlhausen.... 	<img src='http://www.geocaching.com/images/icons/icon_smile.gif' border=0 align=middle> , dieser Ausflug hat unser Verständnis der Stadt nochmal bereichert. Eine schöne Runde. Es gab sogar einen sprechenden Papierkorb!!!  	<img src='http://www.geocaching.com/images/icons/icon_smile_big.gif' border=0 align=middle><br>...und kurz vorm Final hatten wir noch einen kleinen Matschunfall.... 	<img src='http://www.geocaching.com/images/icons/icon_smile_big.gif' border=0 align=middle> die eine Hälfte des Klein-Team war fast verschwunden... 	<img src='http://www.geocaching.com/images/icons/icon_smile_big.gif' border=0 align=middle> 	<img src='http://www.geocaching.com/images/icons/icon_smile_big.gif' border=0 align=middle><p>Vielen Dank!<br>Klins & das Klein-Team<br />]]></LOG>
<LOG><![CDATA[<img src='icon_smile.gif'>&nbsp;2010-04-03 by thegorbi<br><br />Ich muss sagen das es eine schöne Runde um die Stadtmauer von Mühlhausen war. Idealerweise war ich mit dem Rad unterwegs und konnte mir links und rechts der Route einiges anschauen.<br>Aufgrund von Bauarbeiten an der letzten Stage und dem Final war das loggen sehr erschwert. Aber wo ein Wille ist, da ist auch ein Cache 	<img src='http://www.geocaching.com/images/icons/icon_smile_wink.gif' border=0 align=middle><p>thegorbi sagt herzlichen Dank<br />]]></LOG>
<LOG><![CDATA[<img src='icon_smile.gif'>&nbsp;2010-02-06 by KatPunn<br><br />Bei einem kleinen Verdauungsspaziergang alles gut gefunden..<img src='http://www.geocaching.com/images/icons/icon_smile_wink.gif' border=0 align=middle>..<br>Ich hoffe meine Spuren im Schnee sind nicht so auffällig..<img src='http://www.geocaching.com/images/icons/icon_smile_blush.gif' border=0 align=middle>..<p>Danke & Gruß<br>KatPunn<br />]]></LOG>
<LOG><![CDATA[<img src='icon_smile.gif'>&nbsp;2010-01-24 by Straubi_1<br><br />Teamfund mit Kerny77<br>TFTC<br />]]></LOG>
<LOG><![CDATA[<img src='icon_smile.gif'>&nbsp;2010-01-24 by Kerny77<br><br />Heute endlich den Final gefunden, auch wenn wir uns am Zaun vorbeischleichen mussten <img src='http://www.geocaching.com/images/icons/icon_smile_shock.gif' border=0 align=middle>. Den Rundgang selbst liegt schon eine Zeit zurueck ist jedoch echt sehenswert!<p>Gruss an die Owner<p>Kerny77<p>P.S.: Coin ist keiner mehr da!<br />]]></LOG>
<LOG><![CDATA[<img src='icon_smile.gif'>&nbsp;2009-12-28 by hblack<br><br />Auch heute waren noch keine Bauarbeiter am Schaffen... Also schnell hin und fleißig gestempelt! <img src='http://www.geocaching.com/images/icons/icon_smile_big.gif' border=0 align=middle><img src='http://www.geocaching.com/images/icons/icon_smile_big.gif' border=0 align=middle><img src='http://www.geocaching.com/images/icons/icon_smile_big.gif' border=0 align=middle><br>NT T4T$ LG hblack<p>LB-Cache #3<br>Cache #475<br />]]></LOG>
<LOG><![CDATA[<img src='icon_smile.gif'>&nbsp;2009-12-27 by Karolli<br><br />Heute den "Bauarbeiterfreientag" genutzt um die Box zu heben<br>und unseren Stempel in ihr zu verewigen. Die Runde hat uns<br>viel Spaß gemacht und uns ein paar neue Sachen rund um die <br>Stadtmauer gezeigt. <br>TFTC<br />]]></LOG>
<LOG><![CDATA[<img src='icon_smile.gif'>&nbsp;2009-11-14 by Hardcore-UH<br><br />Heute auf unserer MHL Tour nochmal probiert, war ne sehr nette runde, nur am Final hatten wir bischen zu tun, aber trotz dunkelheit und unserer Taschenlampe noch gefunden und dann gelogt.<br>Ja Mückenfett hat sich da schon was gutes ausgedacht und ne sehr schöne Runde daraus gemacht.<br>Wir bedanken uns für den schönen Cache.<p><br>MFG Team Hardcore-UH<br />]]></LOG>
<LOG><![CDATA[<img src='icon_note.gif'>&nbsp;2009-11-10 by Karolli<br><br />Heute haben wir die Runde absolviert und alle Stationen gelöst. Bis zum Final sind wir dann nicht vorgedrungen, da uns die Baustelle und die dazugehörigen Bauarbeiter schon beobachtet haben. Das Betreten verboten - Schild haben wir wohl übersehen<img src='http://www.geocaching.com/images/icons/icon_smile_blush.gif' border=0 align=middle><br>Wir kommen aber wieder! <br />]]></LOG>
<LOG><![CDATA[<img src='icon_smile.gif'>&nbsp;2009-11-05 by Rurpot<br><br />Hätte nicht gedacht das ich den Cache so schnell und ohne Probleme finde. Immerhin war es dunkel und ich hatte nur wenig Zeit. Habe aber die Stationen alle auf Anhieb gefunden. Am Ende musste ich noch durch ein Schlammloch waten und dann bemerken, dass ich meine Taschenlampe vergessen hatte. Mein Handylicht hat mir dann den Weg zum Cache erleuchtet =)<br>Vielen Dank für die schöne Runde!<p>in: GC<br />]]></LOG>
<LOG><![CDATA[<img src='icon_smile.gif'>&nbsp;2009-10-11 by David+Chrissi<br><br />ENDLICH!!<br>Wir waren an diesem Cache schon so lange dran.<br>War eine wirklich schöne Runde durch Mühlhausen, sehr schön gemacht.   <br>Dank des Bildes und eines kleinen Tipps des Owners haben wir ihn heute schnell gefunden.Danke nochmal.<img src='http://www.geocaching.com/images/icons/icon_smile_wink.gif' border=0 align=middle><br>TFTC<br>David+Chrissi<br />]]></LOG>
<LOG><![CDATA[<img src='icon_sad.gif'>&nbsp;2009-08-05 by pebbles1305<br><br />Na toll, da ist das letzte Stück der Stadtmauer gesperrt!<p>Den letzten Brunnen hab ich nicht gefunden, ich denke, er liegt in der Baustelle. Auch die Vorletzte Station lag schon in der Baustelle.  Die Koordinaten vom Gullydeckel standen auf meinem Ausdruck leider noch nicht drauf, sonst hätte ich es irgendwie versucht zu finden.<p>So bin ich, mit Abstechern, gut drei Stunden um Mühlhausen gelatscht ohne Ergebnis! Schön wars trotzdem!!<br />]]></LOG>
<LOG><![CDATA[<img src='icon_smile.gif'>&nbsp;2009-07-25 by yulour<br><br />Hatte beruflich in der Gegend zu tun und nutzte den Tag der Ankunft (21.7.) für diese schöne Entdeckungstour. Alle Stationen waren gut zu finden, allerdings gab's am Ende (Baustellenbedingt  - wie erwartet) Probleme mit dem Gully. Also einfach mal auf Verdacht gepeilt. Da es jedoch schon recht Dunkel wurde hab' ich hier nicht allzu lange gesucht.<br>Auf Umwegen bekam ich vom Owner (Danke und Gruß) doch noch die Koordinaten des vermissten Deckels und hatte glücklicherweise heute nochmals die Gelegenheit das Final zu Suchen. Ich war am Dienstag auch nur noch 2 Meter weit entfernt, glaube aber nicht, dass ich im Dunkeln was hätte sehen können.<p>Vielen Dank für die tolle Runde<br>yulour.<br />]]></LOG>
<LOG><![CDATA[<img src='icon_smile.gif'>&nbsp;2009-07-14 by FTT<br><br />So, heute hats endlich mal geklappt nachdem wir einen Tip vom Owner bekommen haben, da es mit der Peilung nicht so ganz geklappt hat.Dank der momentan vorhandenen Baustelle konnte man auch mal unbeobachtet und in Ruhe suchen.<br>TFTC<br />]]></LOG>
<LOG><![CDATA[<img src='icon_smile.gif'>&nbsp;2009-07-14 by burnair<br><br />sehr ruhig dank baustelle<br />]]></LOG>
<LOG><![CDATA[<img src='icon_smile.gif'>&nbsp;2009-07-14 by biba1981<br><br />gut das gerade bauarbeiten im gange sind da is das minfeld nicht so groß gewesen bzw man konnte in ruhe suchen und loggen<img src='http://www.geocaching.com/images/icons/icon_smile_big.gif' border=0 align=middle><br />]]></LOG>
<LOG><![CDATA[<img src='icon_smile.gif'>&nbsp;2009-07-12 by Erithacus Rubecula<br><br />Abgestaubt!<br>Endlich mal wieder in der Gegend konnten wir uns diese schöne Letterbox natürlich nicht entgehen lassen. <img src='http://www.geocaching.com/images/icons/icon_smile_big.gif' border=0 align=middle> Nur die letzte Station wollte sich uns nicht so recht offenbaren. Gut wenn man sich zu helfen weiß. Der Owner war nach kurzer Zeit auf dem Weg zu uns und mit seiner Hilfe konnten wir das Final dann doch noch finden. <img src='http://www.geocaching.com/images/icons/icon_smile_big.gif' border=0 align=middle><img src='http://www.geocaching.com/images/icons/icon_smile_big.gif' border=0 align=middle><img src='http://www.geocaching.com/images/icons/icon_smile_big.gif' border=0 align=middle> Schön das es noch geklappt hat, bevor wir wieder ein halbes Jahr nicht in die Gegend kommen. Wir danken dem Owner und Söckchen für den schönen Cache und die schnelle Hilfe. Freuen uns schon auf die nächsten Caches von euch. <br />]]></LOG>
<LOG><![CDATA[<img src='icon_note.gif'>&nbsp;2009-07-05 by GeoSittiche<br><br />TB in<br>die GeoSittiche<br />]]></LOG>
<LOG><![CDATA[<img src='icon_smile.gif'>&nbsp;2009-06-16 by kaFFeeTrinKer<br><br />Ein wirklich schöner Rundgang um die Altstadt. Auch die Idee der Stadtplaner die Mauer an den fehlenden Stücken im Pflaster nachzubilden, finde ich echt toll.<p>Unterwegs dann noch das A-Hörnchen getroffen und so sahen 4 Augen .... leider weniger wie 2 <img src='http://www.geocaching.com/images/icons/icon_smile_big.gif' border=0 align=middle><p>Also wieder zurück und wieder nix weil der falsche Kanaldeckel.<p>Nach ausgiebiger Suche den TJ gezogen und das Runde war am Ende eckig. Und dank A-Hörnchen den Final dann schnell gefunden.<br />]]></LOG>
<LOG><![CDATA[<img src='icon_smile.gif'>&nbsp;2009-06-16 by A-H&#246;rnchen &amp; B-H&#246;rnchen<br><br />Noch nicht richtig im Hotel angekommen, schon mich auf die Suche nach der Letterbox begeben.<p>An der Station 7 auf "kaFFeeTrinker" gestoßen und promt wegen erzählern an der Station 8 vorbeigelaufen. Wie wir an Station 1 Waren, stellten wir fest, das wir wohl zuweit gelaufen waren. Also zurück an Station 7 und den Brunnen schnell gefunden.<p>Die Suche nach dem "RUNDEN Kanaldeckel" erweiste sich schwierieger. Das Teilstück der Stadtmauer zwischen Station 7 & Station 1abgelaufen. Sind aber leider nicht fündig geworden. Nun half nur noch ein Telefonjoker.<p>Wenn man von dem nicht "RUNDEN Kanaldeckel" aus peilt, hat man die Box fast gefunden.<p>Sehr schöne Runde und dank "kaFFeeTrinker" doch noch gefunden.<p>A-Hörnchen (heute ohne B-Hörnchen on tour)<br />]]></LOG>
<LOG><![CDATA[<img src='icon_smile.gif'>&nbsp;2009-06-02 by Red Caboose<br><br />Gemeinsam mit Team Irrwitzer waren wir zum Pfingstcachen in Mühlhausen. Dieser Cache hat uns dabei die ganze Zeit begleitet...<br>Vielen Dank für diesen und die vielen anderen Caches in und um Mühlhausen!<br>Gruß Red Caboose.<br />]]></LOG>
<LOG><![CDATA[<img src='icon_smile.gif'>&nbsp;2009-06-02 by Irrwitzer<br><br />Die Runde an der Stadtmauer haben wir schon zu Pfingsten absolviert, aber dann wohl doch nicht den richtigen Gullydeckel erwischt <img src='http://www.geocaching.com/images/icons/icon_smile_blackeye.gif' border=0 align=middle> ... und beim zweiten Anlauf kurz vor'm Versteck von einem Wolkenbruch vertrieben worden <img src='http://www.geocaching.com/images/icons/icon_smile_shock.gif' border=0 align=middle>.<br>Heute - bei strahlendem Sonnenschein - war die Box dann ganz schnell gefunden <img src='http://www.geocaching.com/images/icons/icon_smile_big.gif' border=0 align=middle>!<br>Vielen Dank für die vielen schönen Caches in und um Mühlhausen - wir kommen bestimmt wieder!<br>TFTC Team Irrwitzer<br />]]></LOG>
<LOG><![CDATA[<img src='icon_smile.gif'>&nbsp;2009-04-13 by BriMiPe<br><br />aus österreich zu besuch, jedoch aufgewachsen in mhl.und nun die schöne mühlhäuser stadtmauer besichtigt. cach superschnell gefunden. <br />]]></LOG>
<LOG><![CDATA[<img src='icon_smile.gif'>&nbsp;2009-04-11 by agp<br><br />Mit diesem Cache begannen wir unseren Mühlhausenurlaub. Er bietet sich natürlich auch an, um einen ersten Eindruck von diesem schönen Städtchen zu gewinnen. <img src='http://www.geocaching.com/images/icons/icon_smile_approve.gif' border=0 align=middle><br>Mit dem Fahrrad wurde Station für Station (auf)gesucht, doch das Zielgebiet erwies sich leider als Hundetummelplatz.<img src='http://www.geocaching.com/images/icons/icon_smile_dissapprove.gif' border=0 align=middle><br>Wir entschlossen uns deshalb, eine Stunde abzuwarten. Das war auch gut so, denn nun waren Hunde samt Besitzer weg und wir erhielten Unterstützung von <i>Spider_dd & Sohn</i> (Viele Grüße an dieser Stelle!), die uns viel Arbeit abnahmen...<img src='http://www.geocaching.com/images/icons/icon_smile_big.gif' border=0 align=middle> <p>Danke für die (erste) Stadtführung<br>agp<br />]]></LOG>
<LOG><![CDATA[<img src='icon_smile.gif'>&nbsp;2009-04-11 by Spider_dd &amp; Sohn<br><br />Nach dieser sehr interessanten Runde um die Stadtmauer mit Gastcachern und der Ermittlung der Finalkoordinaten, sahen wir dann schon von Weitem im Zielbereich zwei Leute herumsuchen. So haben wir uns dann auch schnell als Cacher zu erkennen gegeben und gemeinsam mit agp den Cache gesucht und auch gefunden. Danke!<br>out: Coin, Armband<br>in: TB Flaschenoeffner, Haarspangen<br />]]></LOG>
<LOG><![CDATA[<img src='icon_smile.gif'>&nbsp;2009-04-10 by Die Hasenschnitzels<br><br />Jetzt war es endlich soweit. Wir wollten heute die Letterboxrunde, die vom Owner schon so lange geplant war, endlich auch machen. Also raus aus den müffeligen Cacherklamotten und rein in den Stadtfummel. Die Runde kam mir vom Altstadtlauf dann doch schon bekannt vor, aber wenn man da mal gemütlich entlangschlendert, dann entdeckt man auch viele Kuriositäten.<br>Bei dem schönen Wetter haben wir uns auch noch mit nem Eis belohnt und uns beim Final gleich mal verrechnet. Nachdem alles korrigiert war, standen wir an der vermuteten Location und... fanden nix *heul*.<br>Abends beim Owner wurden wir dann aufgeklärt und ich konnte den Cache dann zu später Stunde noch loggen.<br>Danke für die  schöne Runde durch MHL.<p>in:coin<p>Die Hasenschnitzels<br />]]></LOG>
<LOG><![CDATA[<img src='icon_smile.gif'>&nbsp;2009-03-28 by MG71<br><br />im Team mit klöschen auch diese Runde gedreht, trotz Nässe Spaß an der Sache gehabt... wird nicht unser letzter Besuch in Mühlhausen gewesen sein<img src='http://www.geocaching.com/images/icons/icon_smile_big.gif' border=0 align=middle><br>Grüße von der Wipper<br>Team MG71<br />]]></LOG>
<LOG><![CDATA[<img src='icon_smile.gif'>&nbsp;2009-03-28 by Kloeschen<br><br />Zweifelslos der Höhepunkt unser heutigen Tour mit MG71 in und um Mühlhausen.<br>Die Runde ist wirklich sehr zu empfehlen, da die Stadtmauer sehenswert ist und die Aufgaben keine große Schwierigkeit bereiten. <br>Den richtigen Gulideckel haben wir zuerst übersehen, so dass wir eigentlich das Final schon vorher entdeckt hatten. Doch nochmal abgesichert, konnte der Zugriff beherzt erfolgen und unsere erste Letterbox war gefunden.<br>TFTC und Grüße von der Unstrut an die Unstrut sagen die<br><img src='http://www.geocaching.com/images/icons/icon_smile_blush.gif' border=0 align=middle>Kloeschen`s<img src='http://www.geocaching.com/images/icons/icon_smile_blush.gif' border=0 align=middle><br />]]></LOG>
<LOG><![CDATA[<img src='icon_smile.gif'>&nbsp;2009-03-26 by geofutz<br><br />Die Final-KOs habe ich schon länger in der Tasche. Den schönen Rundgang um die Mauer habe ich schon im Winter bei minus 13 Grad gemacht. Da mir damals ein Termin im Rücken saß, mußte ich die Sache seinerzeit abbrechen. Heute konnte ich nun endlich meinen Stempel in das Logbuch drücken.<br>Danke an Tom für diese tolle Idee.<br><i>Kurzbesuch: Geofutz Counter (mein km-Zählwerk)</i><br><font color="blue"> Danke für <b># 722</b> und</font><br><font color="green"><b><i>BYE Geofutz.</i></b></font><br><br />]]></LOG>
<LOG><![CDATA[<img src='icon_smile.gif'>&nbsp;2009-02-06 by GeoRobert11<br><br />Nach aufsuchen aller Stationen haben wir die Box schnell entdeckt und konnten sie muggelfrei bergen.<br>Danke für diesen schönen Cache.<br />]]></LOG>
<LOG><![CDATA[<img src='icon_smile.gif'>&nbsp;2009-02-05 by die Engel vom Dorf<br><br />Zu Beginn einer Stadtbesichtigung bietet sich natürlich an, vorerst die Grenzen zu erkunden. Und so machten wir uns heute auf den langen Weg entlang der Stadtmauer. Dieses historische Bauwerk ist schon imposant und verdient eine volle Cacher-Runde zum Gucken, Lernen und Staunen. Aufmerksam haben wir alle Stationen erarbeitet und sind dabei auf so manch andere Details gestoßen, die sicher auch noch genauso gut in den schönen Multi gepasst hätten. Aber wir Geocacher haben ja immer umfangreiche Tagesprogramme, da sprengen 20 Stationen das Zeitlimit <img src='http://www.geocaching.com/images/icons/icon_smile_clown.gif' border=0 align=middle>. Spaß beiseite, es war eine wirklich tolle und interessante Runde, die uns schließlich zum Final führte. Auf den letzten Metern musste man allerdings weiterhin sehr aufmerksam sein, diesmal mit Blick auf den Boden. Etliche Hundehaufen machten den letzten Streckenabschnitt zum Hindernisparkour und erhöhten die Terrainwertung um mindestens 0,5 Punkte <img src='http://www.geocaching.com/images/icons/icon_smile_wink.gif' border=0 align=middle>. Aber die Letterbox erreichten wir trotzdem und so konnten wir uns als special gift von diesem Schatz einen Stempelabdruck vom Owner mitnehmen. Natürlich hinterließen wir auch unseren Engels-Stempel.<p>Aufgaben erfüllt, viel kennen gelernt, tollen Cache absolviert. Herzlichen Dank sagen die Engel vom Dorf<br># 777<br />]]></LOG>
<LOG><![CDATA[<img src='icon_smile.gif'>&nbsp;2009-01-24 by Schnullerbacke77<br><br /><img src='http://img.groundspeak.com/forums/emoticons/signal/smile.gif' width=19 height=19 border=0 align=middle><img src='http://img.groundspeak.com/forums/emoticons/signal/smile.gif' width=19 height=19 border=0 align=middle>Juchu endlich eine Letterbox und dann noch mein 444 Cache. <img src='http://img.groundspeak.com/forums/emoticons/signal/surprise.gif' width=19 height=19 border=0 align=middle><img src='http://img.groundspeak.com/forums/emoticons/signal/smile.gif' width=19 height=19 border=0 align=middle><br>Zusammen mit Smeagol und Frittenbude70 die einzelnen Stationen gesucht und auch gefunden. Dabei viele interessante Sachen entdeckt. Die Stationen sind ohne Probleme zu finden. Auch habe ich mich diesmal nirgends verrechnet. <img src='http://img.groundspeak.com/forums/emoticons/signal/smile.gif' width=19 height=19 border=0 align=middle><br>Alles lief super bis zum Final. Gesucht und gesucht und Nichts gefunden. <img src='http://img.groundspeak.com/forums/emoticons/signal/ohh.gif' width=19 height=19 border=0 align=middle>Gut dass die Hoffi´s1986 vorbei kamen. Mit viel Spass und Elan weiter gesucht und dank Telefonjoker durch Hoffi1986 gefunden. <img src='http://img.groundspeak.com/forums/emoticons/signal/smile.gif' width=19 height=19 border=0 align=middle><br>Vielen Dank an die Hoffi´s1986 für das lustige Gespräch und die Tips, wo ich mit den Dreckspatzen essen gehen kann.<img src='http://img.groundspeak.com/forums/emoticons/signal/bad_boy_a.gif' width=19 height=19 border=0 align=middle><br>Vielen Dank an Mückenfett für diesen super tollen Cache. Mach weiter so.<img src='http://img.groundspeak.com/forums/emoticons/signal/big_smile.gif' width=19 height=19 border=0 align=middle><img src='http://img.groundspeak.com/forums/emoticons/signal/big_smile.gif' width=19 height=19 border=0 align=middle><p>Viele liebe Grüsse <br>Schnullerbacke77<p>PS:Zwar war Frittenbude70 nicht mit Erde beschmiert, hatte es aber doch geschafft, eine Tretmine mitzunehmen. Fazit, beim Döner wusste man, wo wer gesessen hat.<img src='http://img.groundspeak.com/forums/emoticons/signal/smile.gif' width=19 height=19 border=0 align=middle><img src='http://img.groundspeak.com/forums/emoticons/signal/smile.gif' width=19 height=19 border=0 align=middle><img src='http://img.groundspeak.com/forums/emoticons/signal/smile.gif' width=19 height=19 border=0 align=middle><img src='http://img.groundspeak.com/forums/emoticons/signal/big_smile.gif' width=19 height=19 border=0 align=middle><img src='http://img.groundspeak.com/forums/emoticons/signal/big_smile.gif' width=19 height=19 border=0 align=middle><br />]]></LOG>
<LOG><![CDATA[<img src='icon_note.gif'>&nbsp;2009-01-24 by Team Fribu70 &amp; Schnuba77<br><br />upps vergessen: TB in<br />]]></LOG>
<LOG><![CDATA[<img src='icon_smile.gif'>&nbsp;2009-01-24 by Team Fribu70 &amp; Schnuba77<br><br /><b>Die Verrückten - Smeagol, Schnullerbacke77 und ich- waren wieder unterwegs, diesmal musste Mühlhausen dran glauben!</b><p><font color="green">Liebes Tagebuch:<p>Da ein Letterbox-Hybrid ganz oben auf unserer ToDo-Liste stand, war es natürlich klar, dass der Mühlhausener Letterbox-Cache fallen musste.<br>Am Startpunkt sah alles noch so einfach aus, auch die Stationen machten sehr viel Spass, auch wenn wir manch Umweg in Kauf nahmen, um noch ein Döschen mehr mitzunehmen.<br>Wir liefen dann halt so kreuz und quer und allen war frohen Mutes das Final ohne große Probleme heben zu können.<br>Doch dann kam alles ganz anders, der Horror begann.<br>Matsch, Hundehaufen, Schlamm, Wasser- wir dachten schon, dass wir bei "Ich bin ein Star, holt mich hier raus" gelandet waren.Durch unsere Routenänderungen war ja alles möglich!<img src='http://www.geocaching.com/images/icons/icon_smile_clown.gif' border=0 align=middle> <br>Und dann: Alles abgesucht, fast ratlos, da glotzt doch noch so ein blöder Muggel total auffällig uns an.Unauffällig tun!<br> Plötzlich brüllte der Muggel dann auch noch: "Sucht Ihr was?"<br>Ja, es war gar kein Muggel, es waren Hoffi1986[, die natülich die Gunst der Stunde nutzten und sich ein paar Stationen sparen wollten. <img src='http://img.groundspeak.com/forums/emoticons/signal/tongue.gif' width=19 height=19 border=0 align=middle> <br>Also halfen die Beiden uns bei der Suche nach dem Final.<br>Zuerst die komplette falsche Seite abgesucht, natürlich nix gefunden.<br>Dann kam Smeagol auf die tolle Idee, mal Bulldozer zu spielen und ein bisschen den Hang abzutragen und so eine schöne glatte fläche, die nicht mehr begehbar war, zu hinterlassen.<img src='http://www.geocaching.com/images/icons/icon_smile_clown.gif' border=0 align=middle><img src='http://www.geocaching.com/images/icons/icon_smile_clown.gif' border=0 align=middle><img src='http://www.geocaching.com/images/icons/icon_smile_clown.gif' border=0 align=middle>   <br>Naja, er wollt vielleicht ein bisschen Mühlhausener Erde für seine blumen mitnehmen, genug davon war ja an Jacke und Hose bei ihm vorhanden.<br>Dann war der Telefonjoker fällig, vielen Dank nochmal. Jetzt war es nur noch eine Frage der Zeit und die Dose war gefunden. Hoffi1986 und Smeagol nahmen natürlich den direkten, aber schwierigen Weg, während ich den Pussy-Weg suchte und auch fand, nur leider dadurch zu spät am Ziel war.<br>Ja was soll ich sagen, Ende gut, alles gut.<br>Smeagol sah aus wie ein Schwein, mit Essengehen wars das dann auch, aber wir hatten eine Mordsspass bei der Suche, nette Cacher kennengelernt, also was will man mehr. </font><p><i>Vielen, vielen Dank an Mueckenfett für diesen tollen Cache.</i><br><b><br>P.S:  Ich möchte gerne für den letzten Samstag die Terrainbewertung mindestens 2 Punkte höher angesetzt haben.<img src='http://img.groundspeak.com/forums/emoticons/signal/tongue.gif' width=19 height=19 border=0 align=middle><img src='http://img.groundspeak.com/forums/emoticons/signal/tongue.gif' width=19 height=19 border=0 align=middle><img src='http://img.groundspeak.com/forums/emoticons/signal/tongue.gif' width=19 height=19 border=0 align=middle></b><p>TB in , TB out<br />]]></LOG>
<LOG><![CDATA[<img src='icon_smile.gif'>&nbsp;2009-01-24 by smeagol<br><br /><img src='http://www.geocaching.com/images/icons/icon_smile_big.gif' border=0 align=middle><img src='http://www.geocaching.com/images/icons/icon_smile_big.gif' border=0 align=middle><img src='http://www.geocaching.com/images/icons/icon_smile_big.gif' border=0 align=middle> 1500. <img src='http://www.geocaching.com/images/icons/icon_smile_big.gif' border=0 align=middle><img src='http://www.geocaching.com/images/icons/icon_smile_big.gif' border=0 align=middle><img src='http://www.geocaching.com/images/icons/icon_smile_big.gif' border=0 align=middle> Auf Mühlhausen-Tour mit Schnullerbacke77 und Frittenbude70!<p>Natürlich durfte Mueckenfetts Letterbox nicht fehlen auf unserer Mühlhausenrunde und besonders dieser Cache hat uns dann auch nochmal richtig viel Spaß gemacht! Sehr schöne und interessante Tour, bei der es viel zu sehen und zu entdecken gab - und auf der Suche nach einem Letterbox-Hybrid schaut man sich eben alles gleich nochmal doppelt so genau an!! <img src='http://www.geocaching.com/images/icons/icon_smile.gif' border=0 align=middle> An der Finallocation taten wir uns anfangs recht schwer und suchten zunächst auf der falschen Seite - bald bekamen wir jedoch tatkräftige Unterstützung mit deren Hilfe (und zugegebenermaßen auch Dank des zwischenzeitlich gezogenen Owner-TJ ...) dann die Dose irgendwann doch noch ans Tageslicht befördert werden konnte!!! <img src='http://www.geocaching.com/images/icons/icon_smile_big.gif' border=0 align=middle> Waaahnsinn - was für ein toller Jubiläumscache!! <img src='http://www.geocaching.com/images/icons/icon_smile.gif' border=0 align=middle> Hat mich sehr gefreut, dass der 1500. ausgerechnet ein Mueckenfett-Cache war und dann noch so ein schöner und interessanter!! <img src='http://www.geocaching.com/images/icons/icon_smile_big.gif' border=0 align=middle> Aber irgendwie hatte ich garnichts anderes erwartet ... <img src='http://www.geocaching.com/images/icons/icon_smile_wink.gif' border=0 align=middle> Danke auch an meine Mitstreiter - hat viel Spaß gemacht!! <p>Schöne Grüße, Smeagol<p>P.S.: Übrigens schreiben wir uns für das Terrain heute mal einen zusätzlichen virtuellen Punkt gut - es war tierisch rutschig und ein großes Stück Mühlhausener Erde fand so an meinen Klamotten auch den Weg nach Hessen ... <img src='http://www.geocaching.com/images/icons/icon_smile_wink.gif' border=0 align=middle> <img src='http://www.geocaching.com/images/icons/icon_smile_big.gif' border=0 align=middle><p>in: TB<br>out: TB<br />]]></LOG>
<LOG><![CDATA[<img src='icon_smile.gif'>&nbsp;2009-01-24 by Hoffi1986<br><br />Heute endlich diesen schönen Cache gemacht. Durch dummen Zufall, wie sich dann am Final herausstellte <img src='http://www.geocaching.com/images/icons/icon_smile_big.gif' border=0 align=middle>, noch Frittenbude70, Schnullerbacke77 und Smeagol <img src='http://www.geocaching.com/images/icons/icon_smile_clown.gif' border=0 align=middle> an des Schlüsseln stehen gesehen als wir auf dem Weg zum Mittagessen waren. Wir hatten die anderen Stationen vorher teilweise schon gemacht, sodass nur noch Station 6, 7 und 8 fehlten. Doch ich konnte mich auf dem hohen Graben nicht zurückhalten und fragte ganz frech <img src='http://www.geocaching.com/images/icons/icon_smile_cool.gif' border=0 align=middle> :" Sucht ihr was?" und siehe da, im Team sucht es sich doch gleich viel besser. nach ausgieber Ausnutzung des Telefonjokers madd.in kam uns dann eine erleuchtende Idee. <img src='http://img.groundspeak.com/forums/emoticons/signal/big_smile.gif' width=19 height=19 border=0 align=middle> Aufgrund der Witterung der letzten Tage war der Weg zum Final dann doch schon haarsträubend, aber die gut gefüllte Dose entschädigte für die Rutschpartie. Im nachhinein haben wir noch eine ganze Weile zusammengestanden und erzählt. Hat richtig viel Spaß gemacht und das Wetter hatte auch noch mitgemacht.<br>TFTC<br />]]></LOG>
<LOG><![CDATA[<img src='icon_smile.gif'>&nbsp;2009-01-04 by uhri<br><br />Schöne Runde durch die Stadt gedreht. Die Stationen waren alle prima zu finden. Obwohl wir hier schon oft waren haben wir viel Neues gesehen.  Beim Final mußte dann der TJ ran, besten Dank dafür.<br>Danke auch fürs zeigen und verstecken,<br>Uhri+Braut<br><br />]]></LOG>
<LOG><![CDATA[<img src='icon_smile.gif'>&nbsp;2008-12-30 by Chris601<br><br />Hier habe ich extra gewartet, bis kitty mal wieder im Lande war. Die Runde sind wir dann zusammen gegangen. Die Zeitangabe (weniger als eine Stunde) konnten wir trotz flottem Gang nur knapp einhalten. <p>Vielen Dank für die Runde. Möge der Final lange unentdeckt bleiben!<p>out: Coin<p>#432<br />]]></LOG>
<LOG><![CDATA[<img src='icon_smile.gif'>&nbsp;2008-12-29 by caprikitty<br><br />Fix in der angehenden Dämmerung noch diese nette Runde mit meinem Schatz gegangen. Eine wirklich schöne gemütliche Runde und selbst bei Dunkelheit ist der Schatz noch findbar.<br>Danke<br />]]></LOG>
<LOG><![CDATA[<img src='icon_smile.gif'>&nbsp;2008-12-29 by Sushi_und_Soerbi<br><br />Der 3. auf unserer kleinen Mühlhausen-Runde und unser erster Letterbox überhaupt...<p>Haben alles gut gefunden, nur am Final waren wir erst etwas blind ;-)<p>Wirklich eine sehr schöne und empfehlenswerte Runde.<p>TFTC sagt Team Sushi_und_Soerbi<p>In: Coin<br>Out: Coin<br />]]></LOG>
<LOG><![CDATA[<img src='icon_smile.gif'>&nbsp;2008-12-26 by KaputtesLicht<br><br />Mein 500. Cache! War mit meiner Mutter und ihrem Freund heute in Mühlhausen! Ein kleiner Feiertagsspaziergang tut immer gut nach dem vielen Essen in den letzten Tagen! Wir haben alle Stationen gut gefunden und gleich noch eine Coin getauscht! Tolle Runde, vielen Dank!<br />]]></LOG>
<LOG><![CDATA[<img src='icon_smile.gif'>&nbsp;2008-11-16 by gloomy<br><br />Schöne Runde! Alle Stationen und der Cache ließen sich gut finden. Die Box lag dann an erwarteter Stelle, doch die Ausnüchterungsrunde tat ganz gut ;-)<p>VG und Danke, gloomy!<p>[This entry was edited by gloomy on Sunday, November 16, 2008 at 1:10:19 PM.]<br />]]></LOG>
<LOG><![CDATA[<img src='icon_sad.gif'>&nbsp;2008-10-31 by steffen+sandra<br><br />Tja  alle Stationen erfolgreich bewältigt , und dann die Ernüchterung. Nahe am Ziel  suchen wir einen Gullideckel. Nach ca.45min haben  wir Ihn dann gefunden. unter etwa einem meter Laub versteckt. <br>Ok. dann von hieraus gepeilt und dann in Richtung Final gelaufen. Dort angekommen / gesucht /und nicht gefunden.:(<br>Nach einer Stunde suchen ,dann aufgegeben!<br>Vielleicht haben wir heute einen schlechten Tag gehabt.<p>Wir kommen bestimmt wieder.<br>Danke für die nette Runde um Mhl.<br>Gruß steffen+sandra<br />]]></LOG>
<LOG><![CDATA[<img src='icon_smile.gif'>&nbsp;2008-10-26 by Hondje Amanda<br><br />Bin mit Herrchen und Fauchen hier gewesen und hab mein Pfötchen ins Logbuch gedrückt!<p>Liebe Grüße vom<br>Hondje Amanda <img src='http://www.geocaching.com/images/icons/icon_smile_kisses.gif' border=0 align=middle><br />]]></LOG>
<LOG><![CDATA[<img src='icon_smile.gif'>&nbsp;2008-10-26 by Team Fire &amp; Ice<br><br />Sonntag früh haben wir uns aufgemacht um Mueckenfett´s Letterbox zu finden.<br>Eine wirklich sehr schöne Tour entlang der Mühlhäuser Stadtmauer zeigte uns noch ein Stückchen mehr, wie schön diese Stadt ist. Selbst das rauhe Herbstwetter konnte uns die Freude nicht nehmen. Diese Letterbox war ganz nach unserem Geschmack, nicht nur wegen dem wirklich schönen Stempel! <img src='http://www.geocaching.com/images/icons/icon_smile.gif' border=0 align=middle><p>Danke an Mueckenfett für diese sehr schöne Runde durch die Stadt!<p>Liebe Grüße vom<br>Team Fire & Ice<br>Heiko und Steffi<p>IN/OUT 1 TB<br />]]></LOG>
<LOG><![CDATA[<img src='icon_note.gif'>&nbsp;2008-10-26 by JonnyH&#252;tchen<br><br />Coin hiergelassen.<br />]]></LOG>
<LOG><![CDATA[<img src='icon_smile.gif'>&nbsp;2008-10-26 by JonnyH&#252;tchen<br><br />Sehr schöner Cache. Beim 2. Anlauf schnell gefunden allerdings auch von Muggels beobachtet.<br>TFTC Jonny Hütchen<br />]]></LOG>
<LOG><![CDATA[<img src='icon_smile.gif'>&nbsp;2008-10-26 by Kruemel68<br><br />Vor einigen Wochen war ich schon mal bis kurz vorm Finale und hab dann einfach aufgehört :-) Heute hab ich dann mit Hütchen nochmal Anlauf genommen und siehe da, es war ganz einfach. Dann also nochmal Danke für die erste MHL-LB und Grüße vom Ölgraben <img src='http://www.geocaching.com/images/icons/icon_smile_wink.gif' border=0 align=middle><p>Stefan<p><br />]]></LOG>
<LOG><![CDATA[<img src='icon_smile.gif'>&nbsp;2008-10-23 by X-Gang<br><br />Diese sehr schöne <img src='http://www.geocaching.com/images/icons/icon_smile_cool.gif' border=0 align=middle> Runde hatten wir bereits vor 2 Tagen in Angriff genommen. Wir haben das Versteck jedoch nicht gleich gefunden <img src='http://www.geocaching.com/images/icons/icon_smile_question.gif' border=0 align=middle> und heute die Suche fortgesetzt.<br>Danke für diesen Cache an der Stadtmauer und viele Grüße von der X- Gang.<br />]]></LOG>
<LOG><![CDATA[<img src='icon_smile.gif'>&nbsp;2008-10-18 by Eichsgenossen<br><br />Haste nachher schon was vor,?-tel.Anfrage an "Grottenolm"- Wir sind gerade in Mühlhausen .." ach, dann komme ich auch hin".<br>Heute bei herrlichem Herbstwetter die Stadtmauer mit den sonst so "unsichtbaren" Sehenswürdigkeiten abgeschritten und bis auf die letzte Station alles schnell gefunden.<br>Laut ermittelter Koord"s müsste das Final an dieser Stelle<br>sein,da ist nix.Spoilerbild stimmt auch nicht überein.Nochmal an Vorgängerst.zurück- nochmalgerechnet,Dann laut Berechnung im Umkreis mit Spoiler nochmal gesucht bis der erlösende Ruf kam "Ich hab Ihn"<br>Eine gelungene  Runde mit  der uns "Mückenfett"wieder Stationen und Unbekanntes von Mühlhausen gezeigt hat.<br>TFTC und liebe Grüße an Tom und Silke sagen die Eichsgenossen<br />]]></LOG>
<LOG><![CDATA[<img src='icon_smile.gif'>&nbsp;2008-10-18 by Grottenolm87<br><br />Irgendwie hatten wir den falschen Gullideckel. Naja egal...gepeilt und....auch der ist hier doch nich, rechne nochmal nach. peile nochmal, ach das gibts doch nicht. Doch dann die Frage von den Eichsgenossen: Eh guck mal da, ist da was? Und siehe da, da war er. <br>Wie auch immer: TFTC<p>Der Grottenolm<br />]]></LOG>
<LOG><![CDATA[<img src='icon_smile.gif'>&nbsp;2008-09-27 by Hor_andy<br><br /><br>Das Wetter war schön, eine schöne Runde um die Mauer, am Final wurde es nochmal knifflig aber zu zweit bleibt (fast) nichts unentdeckt. Danke für die Box.<br>TFTC<br><br />]]></LOG>
<LOG><![CDATA[<img src='icon_note.gif'>&nbsp;2008-09-27 by Traveler77<br><br />Coin In, TB out <img src='http://www.geocaching.com/images/icons/icon_smile_wink.gif' border=0 align=middle><br />]]></LOG>
<LOG><![CDATA[<img src='icon_smile.gif'>&nbsp;2008-09-27 by Traveler77<br><br />Die erste Letterbox in MHL im Team mit Hor_Andy bei herlichem Sonnenschein angegangen und am Final mit dem Cache belohnt worden. Lob und Anerkennung. <img src='http://www.geocaching.com/images/icons/icon_smile_wink.gif' border=0 align=middle> TFTC<br />]]></LOG>
<LOG><![CDATA[<img src='icon_smile.gif'>&nbsp;2008-09-25 by GeoSittiche<br><br />Im zweiten Anlauf endlich der Stadtmauer entrissen.Beim ersten Mal lagen dummerweise die Kopflampen zu Hause.<br>Schönes Versteck und markante Box.<br>TFTC<br>die GeroSittiche<br>TB in<br>GC out<br />]]></LOG>
<LOG><![CDATA[<img src='icon_smile.gif'>&nbsp;2008-09-08 by AT-AT<br><br />mit gollumgandalf entdeckt<br>TFTC<br />]]></LOG>
<LOG><![CDATA[<img src='icon_smile.gif'>&nbsp;2008-09-08 by dop3<br><br />Nach dem Feierabend den Stadtrundgang absolviert und dann, beim Final Gollumgandalf getroffen und zusammen den Cache enttarnt <img src='http://www.geocaching.com/images/icons/icon_smile_wink.gif' border=0 align=middle>.<p>mfg&VG dop3<br />]]></LOG>
<LOG><![CDATA[<img src='icon_smile.gif'>&nbsp;2008-09-08 by Gollum &amp; Galadriel<br><br />Da waren wir wohl zeitversetzt mit Bara auf Tour. Am Sonntagnachmittag diesen schönen Stadtmauerrundgang absolviert. Die Stationen waren uns fast alle bekannt, die benötigten Zahlen natürlich nicht. Bis Station 6 lief alles rund. An Stage 7 stockte es, weil ja Tamy nicht da war <img src='http://www.geocaching.com/images/icons/icon_smile_wink.gif' border=0 align=middle>. Station 8 haben wir dann völlig übersehen und uns erstmal mit nem Fischbrötchen gestärkt. Am vermeintlichen Final fanden wir dann ne Filmdose mit weiteren Koords mitten in der Stadt. Nachdem wir dort vergebens gesucht haben schnallten wir, dass das wohl ein Teil eines anderen Caches ist. <br>Heute Nachmittag nun nochmal zum Final, aber nix zu finden. Erstmal schnell zum Elternabend und dann noch mal hin. Da waren mittlerweile 2 verdächtige Personen zu Gange, die sich als dop3 entpuppten<img src='http://www.geocaching.com/images/icons/icon_smile.gif' border=0 align=middle> Gemeinsam haben wir dann ne Weile gesucht, bis dop3 dann auch den richtigen Riecher hatte. <br>TFTC und VG<br>Heiko & Kerstin<br>out: coin<br>in: coin<br />]]></LOG>
<LOG><![CDATA[<img src='icon_smile.gif'>&nbsp;2008-09-07 by FroehlicheRadlerin<br><br />Komme leider erst eine knappe Woche später zum Loggen, möchte mich aber noch artig für diesen wunderbaren Cache bedanken! Der Vorschlag zu dieser Mauer-Umrundung kam von mir und hat uns einen schönen, wenn auch etwas langen Sonntagnachmittags-Spaziergang beschert. Der Final hat dann für alle Strapazen unterwegs entschädigt, auch wenn ich nicht das richtige Schuhwerk anhatte <img src='http://www.geocaching.com/images/icons/icon_smile_blackeye.gif' border=0 align=middle> Prima Idee und aufwändige, schöne Umsetzung. So macht mir Cachen Spaß! Grüße von Katja<br />]]></LOG>
<LOG><![CDATA[<img src='icon_smile.gif'>&nbsp;2008-09-07 by Bara68<br><br />Wir haben heute einen sehr schönen Stadtmauerrundgang gemacht. Dabei haben wir einmal eine Station übersehen - sonst waren alle Stationen gut zu finden. Am Final mussten wir etwas länger suchen - wurden dann aber doch noch fündig. Eine sehr schön gestaltete Cachebox wartete auf uns. Vielen Dank an Mueckenfett für diesen gelungenen Cache. <p>Im Gegensatz zu unseren Vorgänger haben wir folgende Regel beachtet: Wenn ein Besucher eine Letterbox findet, stempelt und unterschreibt er das Gästebuch. Mancher hat sein eigenes "Letterbox Book", in das er alle Stempel einträgt, die er findet. <p>Bara68<p>In: Geocaching Aufkleber <br>Out. TB little elephant<br />]]></LOG>
<LOG><![CDATA[<img src='icon_greenlight.gif'>&nbsp;2008-09-02 by Don Rocbeer<br><br />Published<br />]]></LOG>
<LOG><![CDATA[<img src='icon_note.gif'>&nbsp;2008-09-02 by Mueckenfett<br><br />Dank des Betatesters die Beschreibung verbessert.<br>Tom & Silke<br />]]></LOG>
<LOG><![CDATA[<img src='icon_note.gif'>&nbsp;2008-09-02 by Renault Family<br><br />Betatester Coin abgelegt.<br />]]></LOG>
<LOG><![CDATA[<img src='icon_smile.gif'>&nbsp;2008-09-02 by madd.in<br><br />Heute Abend nach einer Kirmesabend musste der FTF (00:30Uhr) hier noch sein <img src='http://www.geocaching.com/images/icons/icon_smile_big.gif' border=0 align=middle>. An vielen Stationen waren wir heute schonmal für Stationen unseres kommenden Mysteries <img src='http://www.geocaching.com/images/icons/icon_smile.gif' border=0 align=middle>. Das Final war bei Dunkelheit doch recht haarig - trotzdem gut gefunden - Danke für die schönen Abendrundfahrt durch unserer Heimatstadt...<p>-tb/coin<br>+tb/coin<p>tftc, madd.in<br />]]></LOG>
<LOG><![CDATA[<img src='icon_smile.gif'>&nbsp;2008-09-02 by Renault Family<br><br />Hier durften wir einen Betatest durchführen, da diese Letterbox lange nicht frei geschaltet wurde. Die Tour durch Mühlhausen hat uns gut gefallen und am Final mussten wir schon ein Weilchen suchen.<p>Danke sagen Sandra & Matti <br />]]></LOG>
</LOGS>
<NOTES><![CDATA[]]></NOTES>
<IMAGES>
    <IMG>gc1fgvx_0.jpg<URL>http://img.geocaching.com/cache/431eb603-a2e4-45ac-b0b1-00ef1ad9d096.jpg</URL></IMG>
    <IMG>gc1fgvx_1.jpg<URL>http://img.geocaching.com/cache/2cd1cb11-fa3b-43f5-91c6-6e0159b6b5d0.jpg</URL></IMG>
    <IMG>gc1fgvx_2.jpg<URL>http://img.geocaching.com/cache/7241d0fd-8557-444d-ad1c-3f5030c95848.jpg</URL></IMG>
    <IMG>gc1fgvx_3.jpg<URL>http://img.geocaching.com/cache/b7762761-7f70-4c55-9d94-2969a9444cfd.jpg</URL></IMG>
    <IMG>gc1fgvx_4.jpg<URL>http://img.geocaching.com/cache/90b6b9e4-6831-4a7f-a683-0668d2be030a.jpg</URL></IMG>
    <IMG>gc1fgvx_5.jpg<URL>http://img.geocaching.com/cache/aefb4101-2cfc-4e60-8725-49cf7fe95200.jpg</URL></IMG>
    <IMG>gc1fgvx_6.jpg<URL>http://img.geocaching.com/cache/95ae5ab5-ed60-481d-9fb3-af5ad1c3caf8.jpg</URL></IMG>
    <IMG>gc1fgvx_7.jpg<URL>http://img.geocaching.com/cache/1a8810f4-4313-4c3d-831b-af74c6d0c3e3.jpg</URL></IMG>
    <IMG>gc1fgvx_8.jpg<URL>http://img.geocaching.com/cache/22abb0cb-1b3b-414e-b3c2-c732585e6bc0.jpg</URL></IMG>
    <IMG>gc1fgvx_9.jpg<URL>http://img.geocaching.com/cache/9076a66a-c9dc-4535-b93d-4f703d181cce.jpg</URL></IMG>
    <IMG>gc1fgvx_10.jpg<URL>http://img.geocaching.com/cache/c2d90acf-7591-4631-8b0b-f124f831d471.jpg</URL></IMG>
    <IMG>gc1fgvx_11.jpg<URL>http://img.geocaching.com/cache/0bf186ed-34db-49b9-a622-85f7fdae2f07.jpg</URL></IMG>
    <IMG>gc1fgvx_12.jpg<URL>http://img.geocaching.com/cache/2900c1b4-9bd2-42a5-9da3-8944ffb2bf8d.jpg</URL></IMG>
    <IMG>gc1fgvx_13.jpg<URL>http://img.geocaching.com/cache/14535260-be3d-4ed2-99ac-c685ed4ebd0a.jpg</URL></IMG>
    <IMG>gc1fgvx_14.jpg<URL>http://img.geocaching.com/cache/e21e079c-5232-4c34-998d-9a597c5a524b.jpg</URL></IMG>
    <IMG>gc1fgvx_15.jpg<URL>http://img.geocaching.com/cache/5f63034d-f267-420e-ac72-688a3ba8474a.jpg</URL></IMG>
    <IMG>GC1FGVX_15.jpg<URL>http://img.geocaching.com/cache/5f63034d-f267-420e-ac72-688a3ba8474a.jpg</URL></IMG>
    <IMG>GC1FGVX_16.jpg<URL>http://img.geocaching.com/cache/74210b55-1b67-446d-98d2-d1122b01b55b.jpg</URL></IMG>
    <IMG>GC1FGVX_0.jpg<URL>http://img.geocaching.com/cache/431eb603-a2e4-45ac-b0b1-00ef1ad9d096.jpg</URL></IMG>
    <IMG>GC1FGVX_1.jpg<URL>http://img.geocaching.com/cache/2cd1cb11-fa3b-43f5-91c6-6e0159b6b5d0.jpg</URL></IMG>
    <IMG>GC1FGVX_2.jpg<URL>http://img.geocaching.com/cache/7241d0fd-8557-444d-ad1c-3f5030c95848.jpg</URL></IMG>
    <IMG>GC1FGVX_3.jpg<URL>http://img.geocaching.com/cache/b7762761-7f70-4c55-9d94-2969a9444cfd.jpg</URL></IMG>
    <IMG>GC1FGVX_4.jpg<URL>http://img.geocaching.com/cache/90b6b9e4-6831-4a7f-a683-0668d2be030a.jpg</URL></IMG>
    <IMG>GC1FGVX_5.jpg<URL>http://img.geocaching.com/cache/aefb4101-2cfc-4e60-8725-49cf7fe95200.jpg</URL></IMG>
    <IMG>GC1FGVX_6.jpg<URL>http://img.geocaching.com/cache/95ae5ab5-ed60-481d-9fb3-af5ad1c3caf8.jpg</URL></IMG>
    <IMG>GC1FGVX_7.jpg<URL>http://img.geocaching.com/cache/1a8810f4-4313-4c3d-831b-af74c6d0c3e3.jpg</URL></IMG>
    <IMG>GC1FGVX_8.jpg<URL>http://img.geocaching.com/cache/22abb0cb-1b3b-414e-b3c2-c732585e6bc0.jpg</URL></IMG>
    <IMG>GC1FGVX_9.jpg<URL>http://img.geocaching.com/cache/9076a66a-c9dc-4535-b93d-4f703d181cce.jpg</URL></IMG>
    <IMG>GC1FGVX_10.jpg<URL>http://img.geocaching.com/cache/c2d90acf-7591-4631-8b0b-f124f831d471.jpg</URL></IMG>
    <IMG>GC1FGVX_11.jpg<URL>http://img.geocaching.com/cache/0bf186ed-34db-49b9-a622-85f7fdae2f07.jpg</URL></IMG>
    <IMG>GC1FGVX_12.jpg<URL>http://img.geocaching.com/cache/2900c1b4-9bd2-42a5-9da3-8944ffb2bf8d.jpg</URL></IMG>
    <IMG>GC1FGVX_13.jpg<URL>http://img.geocaching.com/cache/14535260-be3d-4ed2-99ac-c685ed4ebd0a.jpg</URL></IMG>
    <IMG>GC1FGVX_14.jpg<URL>http://img.geocaching.com/cache/e21e079c-5232-4c34-998d-9a597c5a524b.jpg</URL></IMG>
    <IMGTEXT>GC1FGVX_0</IMGTEXT>
    <IMGTEXT>GC1FGVX_1</IMGTEXT>
    <IMGTEXT>GC1FGVX_2</IMGTEXT>
    <IMGTEXT>GC1FGVX_3</IMGTEXT>
    <IMGTEXT>GC1FGVX_4</IMGTEXT>
    <IMGTEXT>GC1FGVX_5</IMGTEXT>
    <IMGTEXT>GC1FGVX_6</IMGTEXT>
    <IMGTEXT>GC1FGVX_7</IMGTEXT>
    <IMGTEXT>GC1FGVX_8</IMGTEXT>
    <IMGTEXT>GC1FGVX_9</IMGTEXT>
    <IMGTEXT>GC1FGVX_10</IMGTEXT>
    <IMGTEXT>GC1FGVX_11</IMGTEXT>
    <IMGTEXT>GC1FGVX_12</IMGTEXT>
    <IMGTEXT>GC1FGVX_13</IMGTEXT>
    <IMGTEXT>GC1FGVX_14</IMGTEXT>
    <IMGTEXT>GC1FGVX_15</IMGTEXT>
    <IMGTEXT>Peile von hier !</IMGTEXT>
    <IMGTEXT>Spoiler</IMGTEXT>
    <IMGTEXT>Stadtplan</IMGTEXT>
    <IMGTEXT>Station 1-1</IMGTEXT>
    <IMGTEXT>Station 1-2</IMGTEXT>
    <IMGTEXT>Station 2-1</IMGTEXT>
    <IMGTEXT>Station 2-2</IMGTEXT>
    <IMGTEXT>Station 3-1</IMGTEXT>
    <IMGTEXT>Station 3-2</IMGTEXT>
    <IMGTEXT>Station 4-1</IMGTEXT>
    <IMGTEXT>Station 4-2</IMGTEXT>
    <IMGTEXT>Station 5</IMGTEXT>
    <IMGTEXT>Station 6-1</IMGTEXT>
    <IMGTEXT>Station 6-2</IMGTEXT>
    <IMGTEXT>Station 7-1</IMGTEXT>
    <IMGTEXT>Station 7-2</IMGTEXT>
    <IMGTEXT>Station 8</IMGTEXT>
</IMAGES>
<TRAVELBUGS>
  <tb guid="70f72e16-29ef-4cc3-8678-5eae6ad9c6e9"><name><![CDATA[NoobNaders Germany Geocoin]]></name><![CDATA[Bring mich von Cache zu Cache quer durch Deutschland...<br> Aber bitte nicht nicht ins Ausland
<p>
Nicht behalten!
<p align="center">
<img src="http://www.geocaching.com/map/gen_travelbugmap.asp?TID=529967"">
</p>]]></tb>
</TRAVELBUGS>
<URL><![CDATA[]]></URL>
<SOLVER><![CDATA[]]></SOLVER>
    <CACHE  name = "Mueckenfett&#180;s Letterbox" owner = "Mueckenfett" lat = "51,209533333333" lon = "10,44845" hidden = "2008-08-29" wayp = "GC1FGVX" status = "" ocCacheID = "" lastSyncOC = "20100419231315" num_recommended = "0" num_found = "-1" attributesYes = "34902902787" attributesNo = "0" boolFields="1930" byteFields="67441684" attributesYes1 = "0" attributesNo1 = "0" />
</CACHEDETAILS>
