<?xml version="1.0" encoding="ISO-8859-1"?>
<CACHEDETAILS>
<VERSION value = "3"/>
<DETAILS><![CDATA[<center><br />
<h2>Teil Zwei</h2>
<br />
<br />
meiner berühmten Mühlhäuser Stadtväter<br />
<br />
<p><img src=
"http://img.geocaching.com/cache/69982ff9-2c54-4515-a1e4-a439a3d23e58.jpg" /></p>
</center>

<br><p align="center">Die oben angegebenen Daten sind frei
erfunden.<br />
Dort werdet ihr den Schatz nicht finden.<br />
<br />
Da mir viel an der Vergangenheit meiner Heimatstadt liegt,<br />
hier ein kleines Rätsel.<br />
<br />
Die gesuchte Person war kein Seefahrer,<br />
aber lange Zeit mit einem Segelschiff vor über 200 Jahren
unterwegs.<br />
<br />
Nach ihm wurde in Japan an der Nordküste von Honshu<br />
ein 1625 m hoher Berg benannt. Der den japanischen Namen Iwaki-san
trägt.<br />
<br />
Findet nun noch das Wohnhaus in Mühlhausen,<br />
in welchen er bis zu seinem Tode lebte.<br />
<br />
peilt von dem Haus<br />
<br />
<b><font color="#8B0000" size="2">138m in 246°</font><br />
<br />
und ihr werdet fündig</b></p>]]></DETAILS>
<COUNTRY><![CDATA[Germany]]></COUNTRY>
<STATE><![CDATA[Thüringen]]></STATE>
<ATTRIBUTES>
   <ATT>bicycles-yes.gif</ATT>
   <ATT>stroller-yes.gif</ATT>
   <ATT>public-yes.gif</ATT>
   <ATT>wheelchair-yes.gif</ATT>
   <ATT>parking-yes.gif</ATT>
   <ATT>available-yes.gif</ATT>
   <ATT>dogs-yes.gif</ATT>
</ATTRIBUTES>
<HINTS><![CDATA[]]></HINTS>
<LOGS>
<OWNLOGID></OWNLOGID>
<OWNLOG><![CDATA[]]></OWNLOG>
<LOG><![CDATA[<img src='icon_smile.gif'>&nbsp;2010-03-28 by UlliSilke<br><br />Zu Hause recherchiert und gelöst. Heute nun schnell und gut gefunden. danke sagt UlliSilke.<br />]]></LOG>
<LOG><![CDATA[<img src='icon_smile.gif'>&nbsp;2010-02-28 by Team Kumunst<br><br />Auf unserer heutigen Mysteryrunde durch Mühlhausen wurden wir hier fündig.<br>Die Vorbereitungen waren schon etwas länger erledigt, heute erfolgte der Outdoorteil.<br>Danke und Gruß<br>Team Kumunst<br />]]></LOG>
<LOG><![CDATA[<img src='icon_smile.gif'>&nbsp;2010-02-21 by Karolli<br><br />Das Rätsel ist schon lange gelöst, aber zum Heben der Dose gab es bis heute keine Gelegenheit. Wir haben den muggelarmen Sonntag genutzt und die Dose konnte sich nicht lange vor uns verstecken.<br>TFTC <br />]]></LOG>
<LOG><![CDATA[<img src='icon_smile.gif'>&nbsp;2009-12-27 by Ullina<br><br />Das schöne Rätsel hatten wir schon vor längerer Zeit gelöst und heute haben wir dann bei einer kleinen Cacherunde in Mühlhausen die kleine Dose trotz Muggelaufkommen heben können.<br>TFTC Ullina<br />]]></LOG>
<LOG><![CDATA[<img src='icon_smile.gif'>&nbsp;2009-12-25 by two rubsners<br><br />Nachdem ich schon als Mann vom Ordnungsamt gehalten wurde (beim Peilen durch denn Hausbesitzer) konnten wir dann noch in aller Ruhe denn Final finden. TFTC<br />]]></LOG>
<LOG><![CDATA[<img src='icon_smile.gif'>&nbsp;2009-12-12 by DasKnie<br><br />Fix gefunden und dabei noch was gelernt! TFTC<br />]]></LOG>
<LOG><![CDATA[<img src='icon_smile.gif'>&nbsp;2009-12-05 by Hardcore-UH<br><br />schnell gelöst und gefunden TFTC<br />]]></LOG>
<LOG><![CDATA[<img src='icon_smile.gif'>&nbsp;2009-11-22 by Hawkbounce<br><br />Nach LP Tour und 2 Brunnen sowie einer Stadtmauer,  dann noch etwas in Sachen Bildung getan und diesen Cache gefunden. Hier hatte sixpack ks die Vorarbeit geleistet.<p>TFTC<br>Hawkbounce<p>[This entry was edited by Hawkbounce on Friday, December 04, 2009 at 5:20:42 AM.]<br />]]></LOG>
<LOG><![CDATA[<img src='icon_smile.gif'>&nbsp;2009-11-22 by Querfahrer<br><br />Wieder was dazu gelernt! Sixpack KS hat den grössten Teil des Rätsels gelöst!<p>Danke für den Cache<p>Grüße<br>Susi und Uwe<p><br />]]></LOG>
<LOG><![CDATA[<img src='icon_smile.gif'>&nbsp;2009-11-22 by sixpack KS<br><br />Auf den Spuren der berühmten Anwohner gewesen.<p>TFTC sixpack ks<br />]]></LOG>
<LOG><![CDATA[<img src='icon_smile.gif'>&nbsp;2009-11-21 by Geo-Zwerge<br><br />schöner cache rüben und monalisa812 haben ja schon alles gesagt<br>TFTC<br />]]></LOG>
<LOG><![CDATA[<img src='icon_smile.gif'>&nbsp;2009-11-21 by monalisa812<br><br />das rätzel war für mich nicht schwer schein ein händchen dafür zu haben :)<br>schöner cach!<br>TFTC<br />]]></LOG>
<LOG><![CDATA[<img src='icon_smile.gif'>&nbsp;2009-11-21 by R&#252;ben<br><br />ein sehr schönes rätzel, was uns eigentlich nicht lange beschäftigt hat! war anfang der woche gelöst<br>und heute dann endlich mit der geo-zwergin und monalisa812 geloggt!<br>da der geo-zwerg leider auf arbeit ist (war)<br>TFTC<br />]]></LOG>
<LOG><![CDATA[<img src='icon_smile.gif'>&nbsp;2009-10-11 by David+Chrissi<br><br />Heute endlich gefunden.<br>Hatten am Anfang auf der anderen Seite immer gesucht, aber dann doch noch gefunden.Danke für das schöne Rätsel, hat echt Spaß gemacht.<br>TFTC<br>David+Chrissi<br />]]></LOG>
<LOG><![CDATA[<img src='icon_smile.gif'>&nbsp;2009-09-20 by biba1981<br><br />endlich mit FTT gefunden juhuuuu<br />]]></LOG>
<LOG><![CDATA[<img src='icon_smile.gif'>&nbsp;2009-09-20 by FTT<br><br />Um so gegen 02.30 Uhr die Nacht hats endlich mal geklappt.Vorher  lecker Grillen gewesen und dann aufm Heimweg in aller Ruhe loggen können.Schon oft gesucht den Kleinen, aber irgendwie immer die falsche Stelle angepeilt.Aber jetzt...<br>TFTC<br />]]></LOG>
<LOG><![CDATA[<img src='icon_smile.gif'>&nbsp;2009-06-13 by Renault Family<br><br />Ein sehr anspruchvolles Rätsel. <p>Danke sagt Matti<br />]]></LOG>
<LOG><![CDATA[<img src='icon_smile.gif'>&nbsp;2009-04-06 by AT-AT<br><br />Mit gollumgandalf zusammen gelöst, heute nun endlich gelogt.<br>Zum Glück saß der Cachewächter nicht da.<br>TFTC<br />]]></LOG>
<LOG><![CDATA[<img src='icon_smile.gif'>&nbsp;2009-04-05 by uhri<br><br />Den Mühlhäuser Stadtvater zu finden war nicht ganz so schwer. Die eigentliche Nuss, ist das System nach dem die Hausnummern vergeben wurden. Dieses scheint aus der Zeit zu sein als der Gesuchte lebte. <br>Schöne informative Serie die hoffentlich weitergeht.<br>Danke sagen Uhri+Braut<br><br />]]></LOG>
<LOG><![CDATA[<img src='icon_smile.gif'>&nbsp;2009-03-08 by 0-Rgeiz<br><br />Der eine oder andere Muggel fragte sich wohl, was wir hier so machen.<br>Das Interesse war aber nur kurzfristig.<br>DFDC<br />]]></LOG>
<LOG><![CDATA[<img src='icon_smile.gif'>&nbsp;2009-03-08 by itzibitzi<br><br />Diesen bereits zu Hause am PC gelöst und der sollte auf jeden Fall noch vor der Heimreise als "Found" zu Buche stehen. Gespornt und gestiefelt und gen Heimat gerichtet, wurde er schnell geortet.<br>Dank an das Team "Mückenfett": Mühlhausen wäre ohne euch cachemäßig trostlos.<br />]]></LOG>
<LOG><![CDATA[<img src='icon_smile.gif'>&nbsp;2009-03-08 by Schippi38<br><br />Das Rätsel war zu Hause schnell gelöst und der Cache selber konnte sich dann auch nicht lange verstecken.<br>Danke sagt Schippi38!<br />]]></LOG>
<LOG><![CDATA[<img src='icon_smile.gif'>&nbsp;2009-03-04 by geofutz<br><br />Zu Hause das Rätsel schon mal gelöst. Vor Ort gepeilt und der Kleine war schnell gefunden.<br><font color="blue"> Danke für <b># 710</b> und</font><br><font color="green"><b><i>BYE Geofutz.</i></b></font><br><br />]]></LOG>
<LOG><![CDATA[<img src='icon_smile.gif'>&nbsp;2009-02-05 by die Engel vom Dorf<br><br />Wir haben den berühmten Mühlhauser wohl gefunden, aber mit der Hausnummer taten wir uns anfangs schwer. Die Logik der Nummerierung leuchtet nämlich nicht ganz ein und so sind wir zunächst einmal in die falsche Richtung gelaufen <img src='http://www.geocaching.com/images/icons/icon_smile_question.gif' border=0 align=middle>. Aber als wir dem Geheimnis auf die Spur gekommen waren, konnte sich das Wohnhaus nicht länger verstecken und wir endlich Peilung aufnehmen. An den Finalkoords galt es besonders auf Muggels zu achten. Das konnten wir meistern und nach wenigen Augenblicken schon war unsere Cache-Hebe-Aktion beendet <img src='http://www.geocaching.com/images/icons/icon_smile_approve.gif' border=0 align=middle>. <p>Vielen Dank für den Kleinen sagen die Engel vom Dorf<br># 779<br />]]></LOG>
<LOG><![CDATA[<img src='icon_smile.gif'>&nbsp;2009-01-06 by Grottenolm87<br><br />schnell gefunden. TFTC<p>Der Grottenolm<br />]]></LOG>
<LOG><![CDATA[<img src='icon_smile.gif'>&nbsp;2008-12-31 by Chris601<br><br />Das Rätsel war dank meiner Kitty schnell gelöst und der Cache direkt vor meiner Haustür auch schnell gefunden.<br><br />]]></LOG>
<LOG><![CDATA[<img src='icon_smile.gif'>&nbsp;2008-12-31 by caprikitty<br><br />Schnell noch im Nebel gefunden, liegt ja praktisch vor der Haustür.<br>Danke<br />]]></LOG>
<LOG><![CDATA[<img src='icon_smile.gif'>&nbsp;2008-12-28 by gloomy<br><br />Habe gestern kurz im Netz gestöbert und heute Morgen gegen 8:00 Uhr ungestört suchen können. VG und Danke, gloomy!<br />]]></LOG>
<LOG><![CDATA[<img src='icon_smile.gif'>&nbsp;2008-12-28 by JonnyH&#252;tchen<br><br />Im 2. Anlauf mit Krümel 68 gefunden <br />]]></LOG>
<LOG><![CDATA[<img src='icon_smile.gif'>&nbsp;2008-12-28 by Kruemel68<br><br />Im zweiten Anlauf gefunden. Evtl. sollte die Gradzahl nochmal überprüft werden. Danke für Nr. 2 der Serie.<p>Stefan <br />]]></LOG>
<LOG><![CDATA[<img src='icon_smile.gif'>&nbsp;2008-12-23 by Die Hasenschnitzels<br><br />Was soll man schon machen, wenn man zu spät beim Owner ankommen soll?? Richtig, man geht cachen.<br>Die Aufgabe war zu Hause fix gelöst, Map Source hat brav gepeilt nur wir standen zuerst an der falschen Stelle und haben Dachrinnen abgefingert.<br>Dann aber hatten wir den richtigen Einfall.<br>Danke für den 2.Mühlhäuser. Wir sind gespannt, wie es weitergeht.<p>Die Hasenschnitzels<br />]]></LOG>
<LOG><![CDATA[<img src='icon_smile.gif'>&nbsp;2008-12-23 by KaputtesLicht<br><br />Hab alles richtig gemacht, nur das GPS falsch bedient! Edelste Technik in Händen von Indianern! Das kann ja nichts werden! Naja, vielleicht lerne ich es auch noch! Vielen Dank<br />]]></LOG>
<LOG><![CDATA[<img src='icon_smile.gif'>&nbsp;2008-12-22 by LUPO.79<br><br />Minibollide ab in die werkstatt ganz in der Nähe und die Infos vom Vorabend gleich Gewinnbringend umgesetzt.<br>Danke fürs Näherbringen der Mühlhäuser Persönlichkeiten.<br />]]></LOG>
<LOG><![CDATA[<img src='icon_smile.gif'>&nbsp;2008-12-21 by Erithacus Rubecula<br><br />Abgestaubt!<br>Wieder mal in Mühlhausen unterwegs, diesen schönen kleinen Mystery gleich mitgenommen. TFTC<br />]]></LOG>
<LOG><![CDATA[<img src='icon_smile.gif'>&nbsp;2008-12-21 by Eichsgenossen<br><br />Nachdem die Lösung schon fertig ein paar Tage in der Ablage <br>war , heute zum Final. Wie erwartet - ein Cache der uns Namen von Personen vermittelt,von deren Existenz wir nie erfahren hätten.<br>TFTC sagen die Eichsgenossen<br />]]></LOG>
<LOG><![CDATA[<img src='icon_smile.gif'>&nbsp;2008-12-20 by GeoSittiche<br><br />Im Team haben wir uns erstmal ganz schön schwer getan,dass Final zu finden.Vielleicht differieren die Geräte doch ein wenig.Schön,die alten Mühlhäuser wieder aufleben zu lassen.<br>Wir möchten als Hint allerdings sagen,es müssen keine abgegrenzten Bereiche betreten  werden.<br>TFTC<br>die GeoSittiche<br />]]></LOG>
<LOG><![CDATA[<img src='icon_smile.gif'>&nbsp;2008-12-20 by madd.in<br><br />Das Rätsel wurde noch in Sachsen gelöst, sodass wir heute  direkt zur Lösung und anschließend zum Final konnten. Dort haben wir aber ein wenig länger gebraucht, weil das GPS nicht so wollte <img src='http://www.geocaching.com/images/icons/icon_smile.gif' border=0 align=middle><p>tftc, madd.in<br />]]></LOG>
<LOG><![CDATA[<img src='icon_smile.gif'>&nbsp;2008-12-20 by Hoffi1986<br><br />Schönes Versteck, aber das Rätsel hat noch viel mehr Spaß gemacht. Ist ja mal ganz interessant, warum dieser Mühlhäuser so berühmt geworden ist. Danke für die schöne Rätselaufgabe!<br />]]></LOG>
<LOG><![CDATA[<img src='icon_greenlight.gif'>&nbsp;2008-12-15 by Don Rocbeer<br><br />Published<br />]]></LOG>
<LOG><![CDATA[<img src='icon_smile.gif'>&nbsp;2008-12-15 by Traveler77<br><br /><img src='http://www.geocaching.com/images/icons/icon_smile_big.gif' border=0 align=middle><img src='http://www.geocaching.com/images/icons/icon_smile_big.gif' border=0 align=middle><img src='http://www.geocaching.com/images/icons/icon_smile_big.gif' border=0 align=middle> FTF <img src='http://www.geocaching.com/images/icons/icon_smile_big.gif' border=0 align=middle><img src='http://www.geocaching.com/images/icons/icon_smile_big.gif' border=0 align=middle><img src='http://www.geocaching.com/images/icons/icon_smile_big.gif' border=0 align=middle><br>in hervorragender Teamarbeit mit Hor_andy das Rätsel gelöst, gepeilt und schließlich mit der Dose belohnt worden. <img src='http://www.geocaching.com/images/icons/icon_smile_wink.gif' border=0 align=middle> TFTC<br />]]></LOG>
<LOG><![CDATA[<img src='icon_smile.gif'>&nbsp;2008-12-15 by dop3<br><br />nur 10 minuten nach Travelers und Horandys Log haben wir zugegriffern :)<br />]]></LOG>
<LOG><![CDATA[<img src='icon_smile.gif'>&nbsp;2008-12-15 by Gollum &amp; Galadriel<br><br />Ui, hier ist ja was los. Da muss man ja hetzen, um noch unter die ersten 5 zu kommen.<br>Heute abend bei Dunkelheit losgesockt und das Döschen ganz schön lange suchen müssen und dann war der Logzettel auch schon halb voll <img src='http://www.geocaching.com/images/icons/icon_smile_big.gif' border=0 align=middle>.<br />]]></LOG>
<LOG><![CDATA[<img src='icon_smile.gif'>&nbsp;2008-12-15 by Hor_andy<br><br /><br>Um wen es ging, war mir gleich klar, aber wo hat der bloß gewohnt. Kein schlechtes Rätsel mit einem Versteck nach Tom Art.<br>TFTC<br><br />]]></LOG>
</LOGS>
<NOTES><![CDATA[]]></NOTES>
<IMAGES>
    <IMG>gc1jw04_0.jpg<URL>http://img.geocaching.com/cache/69982ff9-2c54-4515-a1e4-a439a3d23e58.jpg</URL></IMG>
    <IMG>GC1JW04_0.jpg<URL>http://img.geocaching.com/cache/69982ff9-2c54-4515-a1e4-a439a3d23e58.jpg</URL></IMG>
    <IMGTEXT>GC1JW04_0</IMGTEXT>
    <IMGTEXT>Segelschiff</IMGTEXT>
</IMAGES>
<TRAVELBUGS>
</TRAVELBUGS>
<URL><![CDATA[]]></URL>
<SOLVER><![CDATA[]]></SOLVER>
    <CACHE  name = "Ber&#252;hmte M&#252;hlh&#228;user # 2" owner = "mueckenfett" lat = "51,20615" lon = "10,450116666667" hidden = "2008-12-13" wayp = "GC1JW04" status = "" ocCacheID = "" lastSyncOC = "20100419230741" num_recommended = "0" num_found = "-1" attributesYes = "2233454299139" attributesNo = "0" boolFields="1922" byteFields="34082585" attributesYes1 = "0" attributesNo1 = "0" />
</CACHEDETAILS>
