<?xml version="1.0" encoding="ISO-8859-1"?>
<CACHEDETAILS>
<VERSION value = "3"/>
<DETAILS><![CDATA[Ein weiterer Cache der Quellen-Serie.
<br>Danke an dop3 für die folgenden Informationen:
<p>Die Salzquelle befindet sich innerhalb eines Grundstückes (Die
Quelle in Sanders Garten). Sie ist an die Küllstedter Störungszone
gebunden. Die Wasseranalyse weist auf eine Verbindung des Wassers
mit der Anhydritgruppe hin. Das Wasser ist chlorhaltig und nicht
als Trinkwasser geeignet. Die Schüttung beträgt 58 l/s. Die
Popperöder Quelle und die Salzquelle liegt in unmittelbarer
Nachbarschaft und zeigen anhand ihrer unterschiedlichen
Wasserbeschaffenheit, dass sie aus verschiedenen Parallelklüften
stammen, die verschieden tief herabreichen.</p>
<p>Die Quelle wurde also irgendwann in den letzten Jahren
eingesperrt, wahrscheinlich um sie vor allzu neugierigen Muggels
und Cachern zu schützen...</p>
<p>Zu gloomys Frage: Die Nachbarn sind nicht eingeweiht,,
jedenfalls nicht durch uns...</p>]]></DETAILS>
<COUNTRY><![CDATA[Germany]]></COUNTRY>
<STATE><![CDATA[Thüringen]]></STATE>
<ATTRIBUTES>
   <ATT>camping-no.gif</ATT>
   <ATT>scenic-no.gif</ATT>
   <ATT>wheelchair-no.gif</ATT>
   <ATT>bicycles-yes.gif</ATT>
   <ATT>stroller-yes.gif</ATT>
   <ATT>dogs-yes.gif</ATT>
   <ATT>motorcycles-yes.gif</ATT>
</ATTRIBUTES>
<HINTS><![CDATA[zntargvfpu]]></HINTS>
<LOGS>
<OWNLOGID></OWNLOGID>
<OWNLOG><![CDATA[]]></OWNLOG>
<LOG><![CDATA[<img src='icon_smile.gif'>&nbsp;2010-04-11 by biba1981<br><br />schnell und gut gefunden<img src='http://www.geocaching.com/images/icons/icon_smile_big.gif' border=0 align=middle><br />]]></LOG>
<LOG><![CDATA[<img src='icon_smile.gif'>&nbsp;2010-04-08 by erwinlottemann<br><br />Danke für die Informationen sagen die Lottemanns.<br />]]></LOG>
<LOG><![CDATA[<img src='icon_smile.gif'>&nbsp;2010-04-07 by MV79<br><br />Zusammen auf Tour mit mkay90 schnell gefunden und geloggt.<br>TFTC<br />]]></LOG>
<LOG><![CDATA[<img src='icon_smile.gif'>&nbsp;2010-04-07 by mkay90<br><br />Auf kleiner Cachetour heute mit MV79 schnell gefunden und geloggt!<p>TFTC<br />]]></LOG>
<LOG><![CDATA[<img src='icon_smile.gif'>&nbsp;2010-04-03 by becksoriginal<br><br />Gut und Schnell mit Gastcacherin Susan gefunden<br>TFTC<br />]]></LOG>
<LOG><![CDATA[<img src='icon_smile.gif'>&nbsp;2010-03-29 by Kami79<br><br />vor lauter guggn dran vorbei gefahren... dann dreimal im kreis drumherum und bissl geguggt bis ein einfall uns den weg zeigte...<br>um 19:10 fix geloggt, wieder alles ordentlich aufgeräumt und weiter...<p>DFDC  Kami+kleinstrolch<br />]]></LOG>
<LOG><![CDATA[<img src='icon_smile.gif'>&nbsp;2010-03-04 by jasper366<br><br />Schnell mal mitgenommen<br />]]></LOG>
<LOG><![CDATA[<img src='icon_smile.gif'>&nbsp;2010-02-28 by mausebaer13<br><br />Unser letzter für heute. Der Wind nimmt immer mehr zu, deshalb ist jetzt schluss. TFTC<br />]]></LOG>
<LOG><![CDATA[<img src='icon_sad.gif'>&nbsp;2010-02-23 by Nalenia<br><br />oh diese vielen Möglichkeiten.....<br>leide nicht gefunden.<br>TFTC<br>Nalenia<br />]]></LOG>
<LOG><![CDATA[<img src='icon_smile.gif'>&nbsp;2010-02-09 by rageracer<br><br />Im Nachbarhaus schien alles ruhig zu sein und wir konnten in Ruhe suchen. Ich hatte schon aufgegeben,<br>als Gastcacher Jörgi dann die rettenden Idee hatte und nach 2 Fehlversuchen fündig würde.<p>#65 --- 09.10.2010 --- 14.40 Uhr<p>TFTC<br />]]></LOG>
<LOG><![CDATA[<img src='icon_smile.gif'>&nbsp;2010-01-24 by Ausche<br><br />Gut gefunden. <br>TFTC<br />]]></LOG>
<LOG><![CDATA[<img src='icon_smile.gif'>&nbsp;2009-12-26 by pendragon1993<br><br />Im Dunkeln noch kurz hier angehalten, alles still, keine Muggles weit und breit :-). Da konnte sich die Dose natürlich auch nicht mehr lange verbergen.<br>TFTC <br>Team Pendragon1993<br />]]></LOG>
<LOG><![CDATA[<img src='icon_smile.gif'>&nbsp;2009-11-30 by Rosenquartett<br><br />gut und schnell gefunden.<br>danke fürs zeigen und grüße<br />]]></LOG>
<LOG><![CDATA[<img src='icon_smile.gif'>&nbsp;2009-09-25 by Hardcore-UH<br><br />schones verstek<p>TFTC<br />]]></LOG>
<LOG><![CDATA[<img src='icon_smile.gif'>&nbsp;2009-09-13 by armsoeh<br><br />kleiner Umweg auf unserer Radtour, schnell gefunden und geloggt, das Zurücklegen musste etwas warten wegen aufkreuzendem Hundemuggel mit Herrchen.<br>Nachbarn waren keine zu sehen.<p>TFTC sagt das Armsoeh-Team<br />]]></LOG>
<LOG><![CDATA[<img src='icon_smile.gif'>&nbsp;2009-09-05 by MeyerBienchen<br><br />wer lesen kann ist klar im vorteil, diese weisheit mussten akg4555 und hatti schnell feststellen, wärend sie noch suchten hatte ich das döschen schon in der hand und geloggt....<br>tftc<br />]]></LOG>
<LOG><![CDATA[<img src='icon_smile.gif'>&nbsp;2009-09-05 by akg4555<br><br />hatti und ich suchten nen augenblick,  da stieg meyerbienchen aus und bewies mal wieder ihr gutes näschen, hatte sie doch einige logeinträge noch studiert, die ihr es ermöglichten schnellstens das gesuchte zu finden, tftc<br><br />]]></LOG>
<LOG><![CDATA[<img src='icon_smile.gif'>&nbsp;2009-09-05 by Hatti1971<br><br />Zusammen heute mit MeyerBienchen und akg4555<br>diesen Cache angegangen.<p>TFTC<p>*** Hatti1971 ***<br />]]></LOG>
<LOG><![CDATA[<img src='icon_smile.gif'>&nbsp;2009-09-04 by Hawkbounce<br><br />Mit dem Team meines Vertrauens, mal wieder auf Tour gewesen.<p>TFTC Hawkbounce<br />]]></LOG>
<LOG><![CDATA[<img src='icon_smile.gif'>&nbsp;2009-09-04 by sixpack KS<br><br />Hier hätten wir gerne mal am Salz geschleckt.<p>TFTC sixpack ks<br />]]></LOG>
<LOG><![CDATA[<img src='icon_smile.gif'>&nbsp;2009-09-04 by michael3005<br><br />Heute im bewährten Team mit Yanthana, Sixpack KS und Hawkbounce gut und sicher gefunden.<p>TFTC<p>Michael3005<br />]]></LOG>
<LOG><![CDATA[<img src='icon_smile.gif'>&nbsp;2009-09-04 by yanthana<br><br />Auf Tour mit Michael3005, Sixpack KS und Hawkbounce. Diesen Cache dabei gut und sicher gefunden.<p>TFTC<p>Yanthana<br />]]></LOG>
<LOG><![CDATA[<img src='icon_smile.gif'>&nbsp;2009-08-14 by David+Chrissi<br><br />Schnell gefunden.Danke<br>David+Chrissi<br />]]></LOG>
<LOG><![CDATA[<img src='icon_smile.gif'>&nbsp;2009-07-26 by Theria3<br><br />Heute mit diainsel.de schnell gefunden.<br>Danke, Grüße Theria 3<br />]]></LOG>
<LOG><![CDATA[<img src='icon_smile.gif'>&nbsp;2009-07-26 by diainsel.de<br><br />Schnell gefunden, danke fürs zeigen,<br>Gruß<br>Eberhard<br />]]></LOG>
<LOG><![CDATA[<img src='icon_smile.gif'>&nbsp;2009-07-15 by Steve_owl<br><br />fix gefunden...<br>T4TC Steve OWL<br />]]></LOG>
<LOG><![CDATA[<img src='icon_smile.gif'>&nbsp;2009-07-08 by Team Kumunst<br><br />Hier haben wir heute ein wenig länger gesucht, aber trotzdem wurden wir fündig.<br>Danke und Gruß<br>Team Kumunst<br />]]></LOG>
<LOG><![CDATA[<img src='icon_smile.gif'>&nbsp;2009-06-13 by Renault Family<br><br />Der musste nun auch am Tag des Brunnenfestes gesucht werden.<p>Danke sagt Matti<br />]]></LOG>
<LOG><![CDATA[<img src='icon_smile.gif'>&nbsp;2009-06-01 by Red Caboose<br><br />Beinah wären wir dran vorbeigelaufen, aber unser GPS machte zum Glück noch *piep*.<br>TFTC Gruß Red Caboose.<br />]]></LOG>
<LOG><![CDATA[<img src='icon_smile.gif'>&nbsp;2009-06-01 by Irrwitzer<br><br />Auf dem Weg in den Stadtwald war dies unser erster heute <img src='http://www.geocaching.com/images/icons/icon_smile_wink.gif' border=0 align=middle>.<br>TFTC Team Irrwitzer<br />]]></LOG>
<LOG><![CDATA[<img src='icon_smile.gif'>&nbsp;2009-05-31 by Horse-Team<br><br />Auf Tour durch Mühlhausen auch diesen Cache gut mit variblue und kpit51 bei schönem Wetter gefunden. <br>TFTC<br>Horse-Team<br />]]></LOG>
<LOG><![CDATA[<img src='icon_smile.gif'>&nbsp;2009-05-31 by variblue<br><br />Auf einer landschaftlich sehr schönen Tour nach Mühlhausen zusammen mit dem<br>Horse-Team und kpit51 haben wir auch diesen Cache gut und schnell gefunden.<br>Jaja die Nachbarn gackerten gleich los, als sie uns sahen!<p>Danke für den Cache.<p>Gruß<br><b><font color="blue">variblue</b></font><br><br />]]></LOG>
<LOG><![CDATA[<img src='icon_smile.gif'>&nbsp;2009-05-31 by kpit51<br><br />Heute mal mit dem Horse-Team und variblue eine Runde in und um Mühlhausen gedreht und den einen und anderen Cache besucht. <br>Ich danke allen Ownern für ihre Mühe mal schöne und mal schnelle Caches zu legen.<p>Vielen Dank<br>Peter<br />]]></LOG>
<LOG><![CDATA[<img src='icon_smile.gif'>&nbsp;2009-05-30 by womo-driver<br><br />Nach etwas suchen bei einer Fahrradtour gefunden.<br>Wir sind hier zu einem Womo-treffen und es gefällt uns hier gut Schöne Landschaft.<p>Liebe Grüße aus GE<br>Brigitte und Andreas<br />]]></LOG>
<LOG><![CDATA[<img src='icon_smile.gif'>&nbsp;2009-05-23 by BastiVW<br><br />ein schneller kleiner für zwischendurch aber schön<br />]]></LOG>
<LOG><![CDATA[<img src='icon_smile.gif'>&nbsp;2009-05-14 by Team Fire &amp; Ice<br><br />Auf dem Weg zur Waldlauf-Runde konnte sich der Kleine nicht lange vor mir verstecken. Die Nachbarmuggels waren heute nicht aktiv. Denke auch die Zeit war günstig.<p>Danke und Grüße an Krümel & Familie<p>Team Fire & Ice<br>Heiko<br />]]></LOG>
<LOG><![CDATA[<img src='icon_smile.gif'>&nbsp;2009-05-03 by Geo-Zwerge<br><br />schnell gefunden aber sehr neugierige nachbarn hat der cache 	<img src='http://www.geocaching.com/images/icons/icon_smile.gif' border=0 align=middle><br />]]></LOG>
<LOG><![CDATA[<img src='icon_smile.gif'>&nbsp;2009-05-01 by littlesoldier<br><br />Heute still und heimlich angenähert, geloggt und alle Spuren verwischt!<p>No enemy contact! Mission complete! <img src='http://www.geocaching.com/images/icons/icon_smile_evil.gif' border=0 align=middle><br />]]></LOG>
<LOG><![CDATA[<img src='icon_sad.gif'>&nbsp;2009-04-19 by Sobo<br><br />Eine nette Tour durch Nordhausen und Umgebung fuehrte alligateuse und mich zu diesem Cache, den wir leider nicht finden konnten, da eine Nachbarin uns ins Auge genommen, aber nicht ins Herz geschlossen hatte.<br>Gruesse aus der Nordheide,<br>Sobo<br />]]></LOG>
<LOG><![CDATA[<img src='icon_sad.gif'>&nbsp;2009-04-19 by alligateuse<br><br />Große Mühlhausen-Tour mit sobo <img src='http://www.geocaching.com/images/icons/icon_smile_big.gif' border=0 align=middle> Kaum waren wir an der Lokation angekommen, preschte Frau Nachbarin hervor und machte uns an. Wir sollten mit einer Strafe der Wasserwerke rechnen, wenn wir dort etwas zerstören, etc. pp. Sie ging die ganze Zeit nicht vom Fenster weg, so dass wir unverrichteter Dinge wieder abzogen, um den Cache nicht zu verbrennen.<p>Beim nächsten Mal, Grüße aus Hamburg,<br>Annett<br />]]></LOG>
<LOG><![CDATA[<img src='icon_smile.gif'>&nbsp;2009-04-10 by Die Hasenschnitzels<br><br />Nach der Waldlaufrunde sind wir hier auch noch fix vorbeigeradelt. Danke für den Cache<p>Die Hasenschnitzels<br />]]></LOG>
<LOG><![CDATA[<img src='icon_smile.gif'>&nbsp;2009-04-05 by Sharky77<br><br />Auch ich hätte gerne das Wasser sprudeln sehen...schade!<br>Trotzdem TFTC!<br><br />]]></LOG>
<LOG><![CDATA[<img src='icon_smile.gif'>&nbsp;2009-02-26 by caprikitty<br><br />schade, ich dachte es sieht n bissel mehr nach ner altertümlichen Quelle aus. aber gefunden. danke<br />]]></LOG>
<LOG><![CDATA[<img src='icon_smile.gif'>&nbsp;2009-01-04 by uhri<br><br />Weit und breit kein Mensch. Auch im Haus nebenan schien keiner da zu sein. Also ideal um ungestört zu suchen und dann zu loggen. <br>TFTC Uhri+Braut<br />]]></LOG>
<LOG><![CDATA[<img src='icon_smile.gif'>&nbsp;2008-12-29 by madd.in<br><br />Heute nachmittag noch hier vorbei gekommen. Obwohl wir uns doch sehr von Nachbarn beobachtet fühlten, konnten wir schnell loggen <img src='http://www.geocaching.com/images/icons/icon_smile_big.gif' border=0 align=middle> <p><br>tftf,madd.in<br>#481<br />]]></LOG>
<LOG><![CDATA[<img src='icon_smile.gif'>&nbsp;2008-12-28 by Grottenolm87<br><br />Heute zusammen mit den two rubsners gefunden. TFTC<p>Der Grottenolm<br />]]></LOG>
<LOG><![CDATA[<img src='icon_smile.gif'>&nbsp;2008-12-28 by two rubsners<br><br />Schnell gefunden. TFTC<br />]]></LOG>
<LOG><![CDATA[<img src='icon_smile.gif'>&nbsp;2008-12-27 by gloomy<br><br />Sind die Nachbarn eingeweiht? Wir hatten zumindest Glück und konnten ungestört suchen und finden. VG und Danke, gloomy!<br />]]></LOG>
<LOG><![CDATA[<img src='icon_smile.gif'>&nbsp;2008-12-23 by KaputtesLicht<br><br />Schnell gefunden, vielen dank!<br />]]></LOG>
<LOG><![CDATA[<img src='icon_smile.gif'>&nbsp;2008-12-22 by LUPO.79<br><br />Auch diesen Kleinen heut schnell mitgenommen. Schade das manche Quellen so unspektakulär sind!<br>TFTC<br />]]></LOG>
<LOG><![CDATA[<img src='icon_smile.gif'>&nbsp;2008-12-16 by Gapsappa<br><br />An dieser versteckten Quelle sind wir erst vorbeigelaufen und wurden mit wildem Gekläffe begrüßt.<p>Danke, Gapsappa<br />]]></LOG>
<LOG><![CDATA[<img src='icon_smile.gif'>&nbsp;2008-12-14 by dop3<br><br />fix gefunden!<br />]]></LOG>
<LOG><![CDATA[<img src='icon_smile.gif'>&nbsp;2008-12-07 by Chris601<br><br />Hoffentlich ohne Anwohnerblicke gefunden und geloggt.<p>#426<br />]]></LOG>
<LOG><![CDATA[<img src='icon_smile.gif'>&nbsp;2008-11-30 by GeoSittiche<br><br />Bei der Suche nach dem Cache wurde ich durch ein Auto gestört,welches sich als Cachemobil von Krümel und Mückenfett herausstellte.Ja Sonntag ist eben Hauptcache-Zeit.<br>TFTC<br>die GeoSittiche<br />]]></LOG>
<LOG><![CDATA[<img src='icon_smile.gif'>&nbsp;2008-11-30 by Mueckenfett<br><br />Vor der Sonntäglichen Laufrunde im Stadtwald hier auf den Geosittich gestoßen. Zusammen dann das Versteck schnell entdeckt.<br>Tom<br />]]></LOG>
<LOG><![CDATA[<img src='icon_smile.gif'>&nbsp;2008-11-29 by Traveler77<br><br />Lange konnte sich hier der Kleine nicht verbergen. <img src='http://www.geocaching.com/images/icons/icon_smile_wink.gif' border=0 align=middle> TFTC<br />]]></LOG>
<LOG><![CDATA[<img src='icon_smile.gif'>&nbsp;2008-11-29 by Erithacus Rubecula<br><br />Abgestaubt!<br>Endlich mal wieder in Thüringen cachen gewesen. Schnell gefunden. TFTC<br />]]></LOG>
<LOG><![CDATA[<img src='icon_smile.gif'>&nbsp;2008-11-29 by Eichsgenossen<br><br />Diesen Tradi zwar schnell gefunden und uns eingetragen, hatten jedoch anschließend Bedenken ,das wir vom angrenzenden Wohnhaus unter Beobachtung standen- hoffentlich nicht.<br>TFTC sagen die Eichsgenossen<br />]]></LOG>
<LOG><![CDATA[<img src='icon_smile.gif'>&nbsp;2008-11-28 by Hoffi1986<br><br />Der musste auf der abendlichen Runde dran glauben, meine Frau hat ihn erstmal übersehen und ich hab ihn dann aufgrund meiner Größe dann doch entdeckt. Sehr ausgeklügeltes Versteck!<br>TFTC<br />]]></LOG>
<LOG><![CDATA[<img src='icon_smile.gif'>&nbsp;2008-11-26 by Hor_andy<br><br /><br>Nachdem Gestern nachmittag in der Nähe der Quelle "Muggels" zugange waren, brach ich die Suche vorzeitig ab, heute vormittag dann schnell gefunden und wenn ich die Logs von gestern lese, glaube ich auch zu wissen, wer die Muggels waren <img src='http://www.geocaching.com/images/icons/icon_smile_wink.gif' border=0 align=middle><br><br />]]></LOG>
<LOG><![CDATA[<img src='icon_smile.gif'>&nbsp;2008-11-25 by JonnyH&#252;tchen<br><br />Auch hier durfte ich der Betatester sein. Danke sagt<p>Jonathan<br />]]></LOG>
<LOG><![CDATA[<img src='icon_smile.gif'>&nbsp;2008-11-25 by AT-AT<br><br />Mit gollumgandalf auf kleinem Abendspaziergang gefunden.<br>Danke fürs Zeigen.<br />]]></LOG>
<LOG><![CDATA[<img src='icon_smile.gif'>&nbsp;2008-11-25 by Gollum &amp; Galadriel<br><br />Vom Schwanenteich einen kleinen Spaziergang hierher gemacht und obwohl das GPSr einfach keinen Empfang hatte, war das Döschen schnell gefunden. <br>TFTC<br />]]></LOG>
<LOG><![CDATA[<img src='icon_greenlight.gif'>&nbsp;2008-11-24 by fortwo<br><br />Published<br />]]></LOG>
</LOGS>
<NOTES><![CDATA[]]></NOTES>
<IMAGES>
</IMAGES>
<TRAVELBUGS>
</TRAVELBUGS>
<URL><![CDATA[]]></URL>
<SOLVER><![CDATA[]]></SOLVER>
    <CACHE  name = "M&#252;hlh&#228;user Quellen Salzquelle" owner = "Kr&#252;mel" lat = "51,203666666667" lon = "10,4195" hidden = "2008-11-22" wayp = "GC1JBAD" status = "" ocCacheID = "" lastSyncOC = "20100419231203" num_recommended = "0" num_found = "-1" attributesYes = "34360264706" attributesNo = "2200096997408" boolFields="1922" byteFields="33688079" attributesYes1 = "0" attributesNo1 = "0" />
</CACHEDETAILS>
