<?xml version="1.0" encoding="ISO-8859-1"?>
<CACHEDETAILS>
<VERSION value = "3"/>
<DETAILS><![CDATA[<div style="text-align: center; font-family: Tahoma;"><big>Der
Hainich ist auf Grund des geologischen Untergrunds ein Karstgebiet.
Die häufigste Karstbildung sind Erdfälle. Sie entstehen durch die
unterirdische Auslaugung von Gips und Anhydrit des Mittleren
Muschelkalkes und den Einsturz der darauf lagernden
Gesteine.</big></div>

<br><div style="text-align: center; font-family: Arial;"><big>Der Große
und der Kleine Kainspring sind Erdfallquellen westlich von
Oberdorla bei <big><small>Mühlhausen. Der "Große Kainspring" hat
einen Durchmesser von ca. 30m, eine Tiefe von 8-12m
und</small></big> schüttet 100 l/s aus, der "Kleine Kainspring" ist
nur eine versumpfte Einmuldung mit einem geringen Wasserabfluß. In
der nähe befindet sich der Melchiorbrunnen. Er ist auch eine
Erdfallquelle mit einem Durchmesser von 17m bei einer Tiefe von
23,5m. Die Schüttung beträgt 20 l/s. Die ermittelte Wasserhärte ist
Beweis für den Karstursprung beider Quellen. Großer Kainspring 28°
dH, Melchiorbrunnen 31° dH.<br />
<br />
<img style="width: 276px; height: 198px;" alt="" src=
"http://img.geocaching.com/cache/63aeca28-5485-498d-a793-958be8ba636b.jpg" />
    <img style="width: 276px; height: 198px;" alt="" src=
"http://img.geocaching.com/cache/916d06c4-7710-497b-b01a-8f7b9ca89250.jpg" /><br />
</big>
<div style="text-align: center;">     
           
          </div>
<big>Nun zum Cache:<br />
<br />
1.Wieviel °</big><big>C</big> <big>beträgt die
durchschnittliche Wassertemperatur des Kainspring?<br />
A=?<br />
2.In der nähe findet ihr die Dorfstelle Kogen. Wie viel Ar
beträgt die Fläche?<br />
B=?<br />
<br />
Jetzt gehts Weiter bei N51° 09.693   E010° 24. [
B/A-23*A</big> <big>]</big><br />
<br />
<big>3.Wieviel mg/l Chlorit enthält der Melchiorbrunnen?<br />
C=?</big><br />
<big>4. Wann wurde die Melchior Brunnen Hütte erbaut?<br />
D=?<br />
Alle Daten gesammelt? Nochmal schnell ein Bad genommen?<br />
Dann gehts ab zum Final, der liegt bei:<br />
<br />
<big>N 51° 09.((B-D)/A)+(C*(A+4)+6)   E010°
24.((B-84*A)/D)*A²+(D-(3*C+1))/C²-2*A</big></big><br />
<br />
<big>Viel Spaß beim Finden!<br />
<br /></big></div>
<br />
<table style="font-size: 12pt; font-family: arial;" align="center"
border="0" cellpadding="2" cellspacing="0" width="80%">
<tr>
<td align="center"><img src=
"http://www.9key.com/images/cache_icons/handicap0.gif" alt=
"No Wheelchair Access" align="middle" border="1" /> <img src=
"http://www.9key.com/images/cache_icons/dog2.gif" alt=
"Dogs Allowed" align="middle" border="1" /><img src=
"http://www.9key.com/images/cache_icons/date.gif" alt=
"Available year-round" align="middle" border="1" /><img src=
"http://www.9key.com/images/cache_icons/noshorts.gif" alt=
"Long pants suggested" align="middle" border="1" /> <img src=
"http://www.9key.com/images/cache_icons/supervise.gif" alt=
"Dangerous area - use caution" align="middle" border=
"1" /><img src="http://www.9key.com/images/cache_icons/drink.gif"
alt="Water" align="middle" border="1" /><img src=
"http://www.9key.com/images/cache_icons/swim_icon.gif" alt=
"swimming" align="middle" border="1" /> <img src=
"http://www.9key.com/images/cache_icons/snow_icon.gif" alt=
"Available in Winter" align="middle" border="1" /><img src=
"http://www.9key.com/images/cache_icons/sight.gif" alt=
"Scenic View" align="middle" border="1" /><img src=
"http://www.9key.com/images/cache_icons/pw.gif" alt="Muggles"
align="middle" border="1" /> <img src=
"http://www.9key.com/images/cache_icons/tick2.gif" alt="ticks"
align="middle" border="1" /></td>
</tr>
<tr>
<td>
<div align="center"><small>Generated by <a href=
"http://www.9key.com/selector.asp">The Selector</a></small></div>
</td>
</tr>
</table>
<br />]]></DETAILS>
<COUNTRY><![CDATA[Germany]]></COUNTRY>
<STATE><![CDATA[Thüringen]]></STATE>
<ATTRIBUTES>
   <ATT>wheelchair-no.gif</ATT>
   <ATT>ticks-yes.gif</ATT>
   <ATT>winter-yes.gif</ATT>
   <ATT>available-yes.gif</ATT>
   <ATT>quads-yes.gif</ATT>
   <ATT>bicycles-yes.gif</ATT>
   <ATT>scenic-yes.gif</ATT>
   <ATT>picnic-yes.gif</ATT>
   <ATT>parking-yes.gif</ATT>
   <ATT>dogs-yes.gif</ATT>
</ATTRIBUTES>
<HINTS><![CDATA[tranh yrfra :) haq avpug ireerpuara]]></HINTS>
<LOGS>
<OWNLOGID></OWNLOGID>
<OWNLOG><![CDATA[]]></OWNLOG>
<LOG><![CDATA[<img src='icon_disabled.gif'>&nbsp;2010-03-30 by dop3<br><br />Hier ist erstmal Wartung angesagt!! die Cacheverpackung war komplett überflutet, aber innen war alles trocken :)<br />]]></LOG>
<LOG><![CDATA[<img src='icon_smile.gif'>&nbsp;2009-10-03 by Kammerf&#246;rster<br><br />Lange lange gesucht, einen Moment lang an sich selbst gezweifelt ... aber dann kurz vorm Aufgeben doch noch erfolgreich gewesen!<p>Super Versteck<p>Danke <br>Kammerförster <br />]]></LOG>
<LOG><![CDATA[<img src='icon_smile.gif'>&nbsp;2009-09-20 by thonibo<br><br />super versteck, beim zweiten Anlauf gefunden, danke<br />]]></LOG>
<LOG><![CDATA[<img src='icon_sad.gif'>&nbsp;2009-08-27 by fox-hunter_I<br><br />Da muß ich mich wohl verrechnet haben ... nach einer kurzen Ruhepause zu Haus hatte ich den Fehler dann auch schon gefunden.<br>Also werd ich noch einmal die Ehre haben <img src='http://www.geocaching.com/images/icons/icon_smile_wink.gif' border=0 align=middle><br>Bis dann also ...<br><br />]]></LOG>
<LOG><![CDATA[<img src='icon_smile.gif'>&nbsp;2009-08-03 by Hoffi1986<br><br /><b><font color="red">Heute habe ich diesen Cache endlich im x-ten Anlauf gefunden!!! (wobei x>5)</font><br><font color="green">Ich wollte schon wieder voller Frust von Dannen gehen, da bin ich doch tatsächlich drübergestolpert. <img src='http://www.geocaching.com/images/icons/icon_smile_tongue.gif' border=0 align=middle></font><br><font color="orange">Ein toller Cache, der mich Nerven und noch mehr Zeit gekostet hat. <img src='http://www.geocaching.com/images/icons/icon_smile_wink.gif' border=0 align=middle></font><br><font color="blue">Dankeschön für dieses tolle Erlebnis!</font><br><font color="yellow">TFTC</font></b><br />]]></LOG>
<LOG><![CDATA[<img src='icon_smile.gif'>&nbsp;2009-05-30 by gloomy<br><br />Auch wenn mir das Jonglieren mit den Zahlen nicht gefallen hat, kam doch eine richtige Lösung heraus. Die Gegend ist toll und die Dose klasse versteckt :-) VG und Danke, gloomy!<br />]]></LOG>
<LOG><![CDATA[<img src='icon_enabled.gif'>&nbsp;2009-04-26 by dop3<br><br />Alles wieder OK, nur die Cache Location und die Berechung <img src='http://www.geocaching.com/images/icons/icon_smile_big.gif' border=0 align=middle> der Final Koordinaten hat sich ein wenig verändert. <br />]]></LOG>
<LOG><![CDATA[<img src='icon_disabled.gif'>&nbsp;2009-04-01 by dop3<br><br />Da haben wohl die in der nähe Spielenden Kinder Muggles die Dose gemuggelt :( und warscheinlich die Tarnung in ihre selbstgebaute Hütte mit ein gearbeitet.<img src='http://www.geocaching.com/images/icons/icon_smile_angry.gif' border=0 align=middle><p><br />]]></LOG>
<LOG><![CDATA[<img src='icon_smile.gif'>&nbsp;2009-03-25 by AT-AT<br><br />Bei Mistwetter mit Hilfe von gollumgandalf das Döschen heute gefunden.<br>TFTC<br>out: TB<br />]]></LOG>
<LOG><![CDATA[<img src='icon_smile.gif'>&nbsp;2009-03-22 by JonnyH&#252;tchen<br><br />Zusammen mit den Krümels an diesem schönen Ort gewesen.<p>Danke fürs Verstecken sagt<p>Jonathan<p><br />]]></LOG>
<LOG><![CDATA[<img src='icon_smile.gif'>&nbsp;2009-03-22 by Kruemel68<br><br />Heute machten wir uns nun auf in die schöne Vogtei auf die Suche nach diesem schönen kleinen Multi. An den Quellen waren wir zuletzt vor einigen Jahren, schön, dass es nun wieder einen Grund gab...<p>Die Lösungen waren schnell gefunden, bei der Rechnerei hatten auch wir zunächst Zweifel. Aber nach einiger Sucherei hielten wir auch dieses Döschen in den Händen. Vielen Dank fürs Verstecken.<p>In: TB<br />]]></LOG>
<LOG><![CDATA[<img src='icon_smile.gif'>&nbsp;2009-03-01 by GeoSittiche<br><br />Im Team diese Rechenhürde genommen<img src='http://www.geocaching.com/images/icons/icon_smile_question.gif' border=0 align=middle>und faszinierende Naturschönheit enddeckt.Leider bremste uns eine nicht eindeutige Aufgabenstellung aus.<br>Doch das Final lies dann nicht lange auf sich warten.<br>Danke fürs Zeigen.<br>TFTC<br>die GeoSittiche<br />]]></LOG>
<LOG><![CDATA[<img src='icon_smile.gif'>&nbsp;2009-01-18 by Mueckenfett<br><br />Zusammen mit Söckchen und Hund Tamy die Location besucht.<br>Nachdem wir alle Stationen gefunden hatten <img src='http://www.geocaching.com/images/icons/icon_smile_big.gif' border=0 align=middle><br>gings ans große Rechnen <img src='http://www.geocaching.com/images/icons/icon_smile_shock.gif' border=0 align=middle><br>und der Final wurde gefunden.<br>Tom<br />]]></LOG>
<LOG><![CDATA[<img src='icon_smile.gif'>&nbsp;2009-01-11 by LUPO.79<br><br />Heute zum sonnigen Nachmittag diesen neuen Cache mit Junior angegangen. Mann oh Mann, pfiff hier der eisige Wind und der war wohl auch Schuld an meinen geistigen Aussetzern bei der Errechnung der Final-Koordinaten...<br>Nach TJ-Hilfe, den Cache gefunden und heut abend zu Hause in der warmen Stube den simplen Denkfehler erkannt!<br>Danke fürs Herführen und Zeigen.<p>OUT: TB<br>IN: TS<br />]]></LOG>
<LOG><![CDATA[<img src='icon_smile.gif'>&nbsp;2009-01-06 by Eichsgenossen<br><br />Heute "Eiskalter" Beutezug  um Oberdorla...Ein schöner Multi, mit beeindruckender Wasserwelt.An der "Gewaltigen" Rechenaufgabe gabs etwas Bedenken, doch nach 3-4maliger "Rechnungsprüfung" stand das Final fest und die Sache mit dem Bad nehmen verschieben wir auf sommerlichere Temp....<br>TFTC sagen die Eichsgenossen<br />]]></LOG>
<LOG><![CDATA[<img src='icon_smile.gif'>&nbsp;2009-01-06 by Grottenolm87<br><br />Auf Tour mit den Eichsgenossen diesen Cache ohne große Probleme gefunden. TFTC<p>Der Grottenolm<br><br />]]></LOG>
<LOG><![CDATA[<img src='icon_smile.gif'>&nbsp;2008-12-31 by Hor_andy<br><br /><br>Ja kalt war es ordentlich heute früh, die Aufgaben aber trotzdem schnell gelöst, aber dann: Was ist denn das für eine riesen Formel? Hoffentlich geht das gut, und siehe es ging auch direkt gut und so war die Dose schnell unser. Danke für diesen eisigen Cache und guten Rutsch.<br>TFTC<br><br />]]></LOG>
<LOG><![CDATA[<img src='icon_smile.gif'>&nbsp;2008-12-31 by Traveler77<br><br />Heute Früh bei gefühlten -30°C (real -11°C) den Cache im Team mit Hor_andy angegangen.Da ist es doch angenehm, wenn man die Aufgaben von zu Hause lösen kann.  Durch die Windschutzscheibe des Cachermobils war das Wetter ja herlich anzuschauen, blauer Himmel  und Sonnenschein. Also die Stationen und Rechenaufgaben ein bischen schneller absolviert als gewöhnlich. Der Final konnte sich  schließlich nicht lange verbergen. Die Location werde ich auf alle Fälle im Sommer nochmals besuchen. Danke fürs zeigen. <img src='http://www.geocaching.com/images/icons/icon_smile_wink.gif' border=0 align=middle> TFTC<br />]]></LOG>
<LOG><![CDATA[<img src='icon_note.gif'>&nbsp;2008-12-30 by dop3<br><br />TB: in<br />]]></LOG>
<LOG><![CDATA[<img src='icon_greenlight.gif'>&nbsp;2008-12-30 by Don Rocbeer<br><br />Published<br />]]></LOG>
<LOG><![CDATA[<img src='icon_smile.gif'>&nbsp;2008-12-30 by Gollum &amp; Galadriel<br><br />Tja, auch beim Verstecken muss man schnell sein. Mein Listing kann jetzt jedenfalls in die Tonne. Aber so waren die Aufgaben auch von daheim aus ruckzuck gelöst. Um 21:05 konnte der FTF geloggt werden <img src='http://www.geocaching.com/images/icons/icon_smile_big.gif' border=0 align=middle>. Nicht so ganz ohne, wenn man die düsteren Geschichten kennt: (<a href="http://www.literadies.de/damals2.htm" target="_blank" rel="nofollow">visit link</a>) <br>Es ist aber Ortsunkundigen nicht zu empfehlen, dort ebenfalls im Dunkeln zu suchen!<br>Ein schön gemachter Multi. Die Formel sieht schlimmer aus, als sie ist. Das Döschen ist gut getarnt. Tolle Location. Das Wasser des Kainsprunges wechselt durch unterschiedliche Lichtverhälnisse zu unterschiedlichen Jahreszeiten seine Farbe.<br>TFTC<br>out: TB<br><br />]]></LOG>
</LOGS>
<NOTES><![CDATA[]]></NOTES>
<IMAGES>
    <IMG>gc1k5jx_0.jpg<URL>http://img.geocaching.com/cache/63aeca28-5485-498d-a793-958be8ba636b.jpg</URL></IMG>
    <IMG>gc1k5jx_1.jpg<URL>http://img.geocaching.com/cache/916d06c4-7710-497b-b01a-8f7b9ca89250.jpg</URL></IMG>
    <IMG>gc1k5jx_2.gif<URL>http://www.9key.com/images/cache_icons/handicap0.gif</URL></IMG>
    <IMG>gc1k5jx_3.gif<URL>http://www.9key.com/images/cache_icons/dog2.gif</URL></IMG>
    <IMG>gc1k5jx_4.gif<URL>http://www.9key.com/images/cache_icons/date.gif</URL></IMG>
    <IMG>gc1k5jx_5.gif<URL>http://www.9key.com/images/cache_icons/noshorts.gif</URL></IMG>
    <IMG>gc1k5jx_6.gif<URL>http://www.9key.com/images/cache_icons/supervise.gif</URL></IMG>
    <IMG>gc1k5jx_7.gif<URL>http://www.9key.com/images/cache_icons/drink.gif</URL></IMG>
    <IMG>gc1k5jx_8.gif<URL>http://www.9key.com/images/cache_icons/swim_icon.gif</URL></IMG>
    <IMG>gc1k5jx_9.gif<URL>http://www.9key.com/images/cache_icons/snow_icon.gif</URL></IMG>
    <IMG>gc1k5jx_10.gif<URL>http://www.9key.com/images/cache_icons/sight.gif</URL></IMG>
    <IMG>gc1k5jx_11.gif<URL>http://www.9key.com/images/cache_icons/pw.gif</URL></IMG>
    <IMG>gc1k5jx_12.gif<URL>http://www.9key.com/images/cache_icons/tick2.gif</URL></IMG>
    <IMG>GC1K5JX_0.jpg<URL>http://img.geocaching.com/cache/63aeca28-5485-498d-a793-958be8ba636b.jpg</URL></IMG>
    <IMG>GC1K5JX_1.jpg<URL>http://img.geocaching.com/cache/916d06c4-7710-497b-b01a-8f7b9ca89250.jpg</URL></IMG>
    <IMGTEXT>GC1K5JX_0</IMGTEXT>
    <IMGTEXT>GC1K5JX_1</IMGTEXT>
    <IMGTEXT>GC1K5JX_2</IMGTEXT>
    <IMGTEXT>GC1K5JX_3</IMGTEXT>
    <IMGTEXT>GC1K5JX_4</IMGTEXT>
    <IMGTEXT>GC1K5JX_5</IMGTEXT>
    <IMGTEXT>GC1K5JX_6</IMGTEXT>
    <IMGTEXT>GC1K5JX_7</IMGTEXT>
    <IMGTEXT>GC1K5JX_8</IMGTEXT>
    <IMGTEXT>GC1K5JX_9</IMGTEXT>
    <IMGTEXT>GC1K5JX_10</IMGTEXT>
    <IMGTEXT>GC1K5JX_11</IMGTEXT>
    <IMGTEXT>GC1K5JX_12</IMGTEXT>
    <IMGTEXT>Kainspring/Kainsprung</IMGTEXT>
    <IMGTEXT>Melchiorbrunnen</IMGTEXT>
</IMAGES>
<TRAVELBUGS>
</TRAVELBUGS>
<URL><![CDATA[]]></URL>
<SOLVER><![CDATA[]]></SOLVER>
    <CACHE  name = "Erdfallquellen - Kainspring/Melchiorbrunnen" owner = "dop3&amp;sandra" lat = "51,159916666667" lon = "10,4043" hidden = "2008-12-30" wayp = "GC1K5JX" status = "" ocCacheID = "" lastSyncOC = "20100419225730" num_recommended = "0" num_found = "-1" attributesYes = "4674153351171" attributesNo = "2199023255552" boolFields="1920" byteFields="50534681" attributesYes1 = "0" attributesNo1 = "0" />
</CACHEDETAILS>
