<?xml version="1.0" encoding="ISO-8859-1"?>
<CACHEDETAILS>
<VERSION value = "3"/>
<DETAILS><![CDATA[<br>Ein kleiner Drive-in am Gedenkstein für die gefallenen
Sangesbrüder.
<p>Die Caches Taternkreuz, Lehdeborn, Habichtstal,
Förster-Biehl-Gedenkstein, Dornschildchen, Struppeiche, Rondel und
Männerchor-Gedenkstein können gut als 11km-Jogging-Runde mit ein
paar schönen Höhenmetern oder mit dem Rad absolviert werden.
(<a href="http://www.gpsies.com/map.do?fileId=bgbcitysmaqeoqei"
target="_blank" rel="nofollow">visit link</a>)<br />
Der Lehdeborn ist allerdings nur durch einen zu-Fuß-Abstecher über
steile Treppen zu erreichen.</p>]]></DETAILS>
<COUNTRY><![CDATA[Germany]]></COUNTRY>
<STATE><![CDATA[Thüringen]]></STATE>
<ATTRIBUTES>
   <ATT>bicycles-yes.gif</ATT>
   <ATT>stroller-yes.gif</ATT>
   <ATT>parking-yes.gif</ATT>
   <ATT>dogs-yes.gif</ATT>
</ATTRIBUTES>
<HINTS><![CDATA[zntargvfpu, fpuvrs]]></HINTS>
<LOGS>
<OWNLOGID></OWNLOGID>
<OWNLOG><![CDATA[]]></OWNLOG>
<LOG><![CDATA[<img src='icon_smile.gif'>&nbsp;2010-04-11 by mamy1<br><br />Auf dem Heimweg vom Geburtstag hier noch einen kurzen Stopp eingelegt und schnell fündig geworden.<p>Danke fürs Verstecken und viele Grüße von <b>mamy1</b><p>PS: Coin <font color="green"> 2000+ </font> in/out<br />]]></LOG>
<LOG><![CDATA[<img src='icon_smile.gif'>&nbsp;2010-04-04 by Die_Unstrut-Hainis<br><br />Gemeinsam mit Magi007 geloggt.<br>TFTC<br>Die_Unstrut-Hainis<br />]]></LOG>
<LOG><![CDATA[<img src='icon_smile.gif'>&nbsp;2010-04-04 by Sebi2010<br><br />Schöne Runde mit Pferden, Kutsche und Familie...<br />]]></LOG>
<LOG><![CDATA[<img src='icon_smile.gif'>&nbsp;2010-04-04 by Magi007<br><br />Sehr schnell mit den unstrut-hainis auf dem heimweg gefunden<br>TFTC<br />]]></LOG>
<LOG><![CDATA[<img src='icon_smile.gif'>&nbsp;2010-04-02 by thegorbi<br><br />Bei herrlichem Sonnenschein und noch kalten Temperaturen heute morgen diese schöne Stelle gefunden.<p>thegorbi sagt vielen Dank<br />]]></LOG>
<LOG><![CDATA[<img src='icon_smile.gif'>&nbsp;2010-03-31 by GeoTigergirl<br><br />Auch dieser hat sich mir geradezu aufgezwungen.<p>TFTC<p>GeoTigergirl/31.03.2010/07:30 Uhr<br />]]></LOG>
<LOG><![CDATA[<img src='icon_smile.gif'>&nbsp;2010-03-27 by RLCROSS<br><br />Auf der Durchreise schnell gelogt! TFTC RLCROSS<br />]]></LOG>
<LOG><![CDATA[<img src='icon_smile.gif'>&nbsp;2010-03-24 by Hunter_TH<br><br />Schnell gefunden und geloggt. Viel Spaß noch für ALLE<br />]]></LOG>
<LOG><![CDATA[<img src='icon_smile.gif'>&nbsp;2010-03-21 by Wickeda87<br><br />Zusammen mit Carrie 88 schnell gefunden...
<br />]]></LOG>
<LOG><![CDATA[<img src='icon_smile.gif'>&nbsp;2010-03-07 by hekebe18<br><br />Cache schnell gefunden. Danke in: nix  out: Eisbonbon  <img src='http://www.geocaching.com/images/icons/icon_smile.gif' border=0 align=middle><br />]]></LOG>
<LOG><![CDATA[<img src='icon_smile.gif'>&nbsp;2010-02-17 by Cendh<br><br />Trotz Schnee und vielen Passanten.... schnell gefunden und sicher wieder versteckt !<p>IN : Eisbonbon für den nächsten Finder <img src='http://www.geocaching.com/images/icons/icon_smile_big.gif' border=0 align=middle><p>TFTC sagen cendh und Mirko<br />]]></LOG>
<LOG><![CDATA[<img src='icon_smile.gif'>&nbsp;2010-01-26 by Nalenia<br><br />fix gefunden.<br>TFTC<br />]]></LOG>
<LOG><![CDATA[<img src='icon_smile.gif'>&nbsp;2010-01-24 by Jon&amp;Liz<br><br />#145<p>Der letzte Cache für heute – ab nach Hause.<p>Vielen Dank! Jon & Liz<br />]]></LOG>
<LOG><![CDATA[<img src='icon_smile.gif'>&nbsp;2010-01-06 by Frank2705<br><br />heute gehoben,<p>tftc Mauz und Hoppel<br />]]></LOG>
<LOG><![CDATA[<img src='icon_smile.gif'>&nbsp;2009-12-29 by Schippi38<br><br />Auf der gemeinsamen Jahresabschlußtour mit Geofutz<br>gut und schnell gefunden.<p>Danke sagt Schippi38!<br />]]></LOG>
<LOG><![CDATA[<img src='icon_smile.gif'>&nbsp;2009-12-27 by biba1981<br><br />mal schnell mitgenommen lag ja auf dem weg<br />]]></LOG>
<LOG><![CDATA[<img src='icon_smile.gif'>&nbsp;2009-12-26 by Jan-Ivi<br><br />Jahrelang nur 2 Meter davon entfernt gezeltet - aber nun erst dem Mysterium auf die Spur gekommen <img src='http://www.geocaching.com/images/icons/icon_smile_cool.gif' border=0 align=middle> Vielen Dank!<br />]]></LOG>
<LOG><![CDATA[<img src='icon_smile.gif'>&nbsp;2009-12-18 by caspar79<br><br />Auf dem weg nach Hause hier vorbei gekommen. Und weil so nah an der Straße konnte ich ihn ja nicht liegen lassen <img src='http://www.geocaching.com/images/icons/icon_smile_wink.gif' border=0 align=middle><p>TFTC<br>caspar79<br />]]></LOG>
<LOG><![CDATA[<img src='icon_smile.gif'>&nbsp;2009-11-30 by Rosenquartett<br><br />gut und schnell gefunden.<br>danke fürs zeigen und grüße<br />]]></LOG>
<LOG><![CDATA[<img src='icon_smile.gif'>&nbsp;2009-11-26 by rageracer<br><br />Nachdem ich heute früh an der falschen Stelle gesucht hab,<br>hab ich mir nachmal den Hinweis angesehn und heute abend<br>auf dem Heimweg nachmal angehalten und gleich gefunden und geloggt.<p>TFTC<br>rageracer --- 26.11.09 --- 22:45 Uhr<br />]]></LOG>
<LOG><![CDATA[<img src='icon_smile.gif'>&nbsp;2009-11-21 by David+Chrissi<br><br />Während der Hinfahrt zum Event nach Bad Hersfeld schnell geloggt. Danke fürs zeigen. TFTC<br>David+Chrissi :-)<br />]]></LOG>
<LOG><![CDATA[<img src='icon_smile.gif'>&nbsp;2009-11-21 by Bara68<br><br />Ich habe heute diesen Schatz im 2. Anlauf sofort gefunden. Beim ersten Versuch fehlte der Hint. Bara68<br />]]></LOG>
<LOG><![CDATA[<img src='icon_smile.gif'>&nbsp;2009-11-14 by ISI69<br><br />TFTC - Heute auf Thüringen Tour mit Brabus74 gut gefunden und schnell geloggt<br />]]></LOG>
<LOG><![CDATA[<img src='icon_smile.gif'>&nbsp;2009-11-14 by Brabus74<br><br />TFTC - Heute auf Thüringen Tour mit ISI69 gut gefunden und gelogged. Brabus74<br />]]></LOG>
<LOG><![CDATA[<img src='icon_smile.gif'>&nbsp;2009-11-10 by Rumpel&amp;Schw&#228;rzchen<br><br />Der ging wirklich schnell. Auf der Durchreise mal schnell angehalten, geloggt und weiter ging's.<p>TFTC sagt der Rumpel (vom R&S Team).<p># 764 / 10.11.2009 12:05<br />]]></LOG>
<LOG><![CDATA[<img src='icon_smile.gif'>&nbsp;2009-10-31 by DerkleineKallimunkel<br><br />...unterwegs mit den Kallimunkels...<br>Danke sagt DkK<br />]]></LOG>
<LOG><![CDATA[<img src='icon_smile.gif'>&nbsp;2009-10-31 by kallimunkel<br><br />...den Kleinen als Drive in erledigt...<br>Vielen Dank und Grüße aus NDH senden die Kallimunkels<br />]]></LOG>
<LOG><![CDATA[<img src='icon_smile.gif'>&nbsp;2009-10-18 by imme56<br><br />Heute auf der Durchreise geloggt. TFTC<br><br />]]></LOG>
<LOG><![CDATA[<img src='icon_smile.gif'>&nbsp;2009-10-11 by KaputtesLicht<br><br />Meinem kleinen Großcousin gezeigt, was geocachen ist! Hat Spaß gemacht! Vielen Dank<br />]]></LOG>
<LOG><![CDATA[<img src='icon_smile.gif'>&nbsp;2009-10-10 by schwarzer Drachen<br><br />heute um 16,35 uhr gut gefunden.<br>tftc sagt schwarzer drachen<br />]]></LOG>
<LOG><![CDATA[<img src='icon_smile.gif'>&nbsp;2009-09-28 by Kammerf&#246;rster<br><br />Kurz mal angehalten... und schnell das Versteck gefunden!<p>Danke<br />]]></LOG>
<LOG><![CDATA[<img src='icon_smile.gif'>&nbsp;2009-09-05 by haitron<br><br />Der war fix geloggt!<p><p>Danke sagt DER HAITRON<br />]]></LOG>
<LOG><![CDATA[<img src='icon_smile.gif'>&nbsp;2009-08-30 by anjume<br><br />Der Erste auf der Runde war an dem beschaulichen Platz schnell gefunden.<br>Danke für den Cache.<p>#380<br><br />]]></LOG>
<LOG><![CDATA[<img src='icon_smile.gif'>&nbsp;2009-08-25 by befree68<br><br />Schöner Drive In - schnell gefunden!<br>Und weiter geht die Cache-Jagd durch's schöne Thüringen...<br>TFTC!!!<br />]]></LOG>
<LOG><![CDATA[<img src='icon_smile.gif'>&nbsp;2009-08-25 by Quatermain82<br><br />Im zweiten Anlauf geloggt...<br>Wegen nicht endenden Muggelandrang an diesem Tag erst am nächsten Morgen wieder versteckt...warum müssen sich die Muggel nach der Radtour auch genau dort ausruhen...aber jetzt wieder an seinem wohlbehüteten Platz.<p>TFTC<br>Quatermain82<br><br />]]></LOG>
<LOG><![CDATA[<img src='icon_smile.gif'>&nbsp;2009-08-23 by dop3<br><br />Heute hier  kurz ne Pause gemacht und fix geloggt. Kein Schwein weit und breit<br>TFTC dop3&Sandra<br />]]></LOG>
<LOG><![CDATA[<img src='icon_smile.gif'>&nbsp;2009-08-23 by qt10709<br><br />Auf dem Hinweg schon erspäht, aber ein älteres Muggelpaar kam just im Moment des Zugriffes um die Ecke und bereitete sich auf eine längere Ruhepause auf der Bank nebenan vor. Also auf dem Rückweg noch mal kurz angehalten und den Punkt gemacht. T4TC!<br />]]></LOG>
<LOG><![CDATA[<img src='icon_smile.gif'>&nbsp;2009-08-20 by Die Maronis<br><br />Schnell und ohne Probleme gefunden, TFTC Die Maronis<br />]]></LOG>
<LOG><![CDATA[<img src='icon_smile.gif'>&nbsp;2009-08-16 by fox-hunter_I<br><br />Auf dem Weg zum Rondel noch schnell (wieder)gefunden.<br>TFTC <br>FxH<br />]]></LOG>
<LOG><![CDATA[<img src='icon_smile.gif'>&nbsp;2009-08-16 by Ullina<br><br />Schon sehr oft vorbeigefahren und heute auch mal angehalten.<br>Den Cache schnell gefunden und geloggt.<br><img src='http://www.geocaching.com/images/icons/icon_smile_cool.gif' border=0 align=middle> Ullina<br><br />]]></LOG>
<LOG><![CDATA[<img src='icon_smile.gif'>&nbsp;2009-08-11 by klins<br><br />...der "Guten Morgen Cache" meiner Dienstreise nach Mühlhausen....<p>Viele Grüße<br>Klins<br />]]></LOG>
<LOG><![CDATA[<img src='icon_smile.gif'>&nbsp;2009-08-09 by nitschie<br><br />Schnell gefunden auf dem nach-Hause-Weg im Team mit der guten Spürnase von meinem süßen Abendstern <img src='http://www.geocaching.com/images/icons/icon_smile_kisses.gif' border=0 align=middle> und unserer Gastcacherin Isabell...<br />]]></LOG>
<LOG><![CDATA[<img src='icon_smile.gif'>&nbsp;2009-08-09 by Abendstern<br><br />Auf dem Weg nach Hause schnell den Cache mitgenommen..<br>Unterwegs mit meinem Schatz Nitschie und Gastcacherin Isabel..<br />]]></LOG>
<LOG><![CDATA[<img src='icon_smile.gif'>&nbsp;2009-07-26 by Theria3<br><br />Heute mit diainsel.de schnell gefunden.<br>Danke, Grüße Theria 3<br />]]></LOG>
<LOG><![CDATA[<img src='icon_smile.gif'>&nbsp;2009-07-26 by diainsel.de<br><br />Schnell gefunden, danke fürs zeigen,<br>Gruß<br>Eberhard<br />]]></LOG>
<LOG><![CDATA[<img src='icon_smile.gif'>&nbsp;2009-07-26 by oldboy2<br><br />9 / 9<br>Haben die angegebene Runde (ca. 11,5 km) nicht als Joggingrunde (sicher ganz schön anstrengend), sondern als Cacherrunde (ca. 5 gemütliche Stunden) gemacht und können sie nur empfehlen!<p>Schon oft vorbeigefahren und nie wahrgenommen - der Abschluss einer schönen Runde. <p>TFTC<br>Oldboy2 und "Die Frau aus Holland"<br />]]></LOG>
<LOG><![CDATA[<img src='icon_smile.gif'>&nbsp;2009-07-26 by uniqueray<br><br /># 148<p>da habe ich mal ein wenig länger gebraucht. mein cacher-auge wird eben alt <img src='http://www.geocaching.com/images/icons/icon_smile_big.gif' border=0 align=middle><br><br />]]></LOG>
<LOG><![CDATA[<img src='icon_smile.gif'>&nbsp;2009-07-18 by quequec<br><br />schöner drive in und gut gefunden - tftc!<br />]]></LOG>
<LOG><![CDATA[<img src='icon_smile.gif'>&nbsp;2009-07-18 by keythie1<br><br />gemeinsam mit Quequec auf dem Weg in meine alte Heimat(-stadt) Mühlhausen schnell gefunden und geloggt.<br>TFTC<br />]]></LOG>
<LOG><![CDATA[<img src='icon_smile.gif'>&nbsp;2009-07-07 by Team Kumunst<br><br />Nach dem langen Marsch haben wir uns diese Dose als Drive-in gegönnt.<br>Danke und Gruß<br>Team Kumunst<br />]]></LOG>
<LOG><![CDATA[<img src='icon_smile.gif'>&nbsp;2009-06-13 by rippschn<br><br />wie eben erwähnt auf dem weg zum "abenteuer-cache" in mühlhausen schnell noch eingepackt das teilchen.<br />]]></LOG>
<LOG><![CDATA[<img src='icon_smile.gif'>&nbsp;2009-06-13 by sufferright<br><br />Auf dem weg nach mühlhausen lag er ja direkt auf dem weg....mussten erst ne weile suchen...aber schliesslich doch gut gefunden.<br />]]></LOG>
<LOG><![CDATA[<img src='icon_smile.gif'>&nbsp;2009-06-13 by smoery<br><br />Erstmal ein bisschen gesucht ... aber dann doch ganz gut gefunden<br />]]></LOG>
<LOG><![CDATA[<img src='icon_smile.gif'>&nbsp;2009-06-02 by double out<br><br />Dem Männerchor ist damit sicher auch Ehre erwiesen.<br>TFTC double out<br />]]></LOG>
<LOG><![CDATA[<img src='icon_smile.gif'>&nbsp;2009-06-01 by team-noris<br><br />[kcAm] 20:01 #781 (2 Sternchen bei <a href="http://gc-vote.notlong.com/" target="_blank" rel="nofollow">GCVote</a>)<p>Nachdem 2 Muggel auf der Bank nebenan sehr argwöhnisch schauten, hat es eine ganze Weile gedauert, bis wir hier fündig werden konnten.<p><br>Danke für den Cache und beste Grüsse,<br>Carmen, Klaus, Adrian und Marius vom <a href="http://www.team-noris.de/" target="_blank" rel="nofollow">Team-Noris</a> aus Nürnberg!<br />]]></LOG>
<LOG><![CDATA[<img src='icon_smile.gif'>&nbsp;2009-05-28 by Karolli<br><br />Auf dem Weg zum Spargel holen, suchte ich nach Caches auf der Strecke. Da kam mir dieser Drive-In gerade recht.<br>Viele Muggel mit Hunden unterwegs!<br>TFTC<br />]]></LOG>
<LOG><![CDATA[<img src='icon_smile.gif'>&nbsp;2009-05-22 by Filly Prinzessin<br><br />Nach kurzer Suche fündig geworden.<p>Danke sagt Filly Prinzessin<br />]]></LOG>
<LOG><![CDATA[<img src='icon_smile.gif'>&nbsp;2009-05-22 by Gate to Black the Forest<br><br />Nach kurzer Suche anvisiert und gehoben!<p> Danke für den Cache! <br />]]></LOG>
<LOG><![CDATA[<img src='icon_smile.gif'>&nbsp;2009-05-22 by scheinwiderstand<br><br />Dem Hint entsprechend suchte ich an der falschen Stelle, aber ich war mit zwei erfahrenen Cachern Gate... und Fillyprinzessin unterwegs. Gemeinsam hoben wir den Kleinen.<br />]]></LOG>
<LOG><![CDATA[<img src='icon_smile.gif'>&nbsp;2009-05-22 by bugatti step<br><br />Gut und schnell gefunden. Vielen Dank.<br />]]></LOG>
<LOG><![CDATA[<img src='icon_smile.gif'>&nbsp;2009-05-16 by uhri<br><br />Auf unserer Runde durch die Vogtei diese Dose gesucht und gut gefunden.<br>TFTC Uhri+Braut<br />]]></LOG>
<LOG><![CDATA[<img src='icon_smile.gif'>&nbsp;2009-05-03 by Fam.Marsch<br><br />Heute auf dem Heimweg nach Hessen schnell und gut gefunden.<br>Grüße aus Frankfurt.<br>TFTC<br>3/3 Fam.Marsch<br />]]></LOG>
<LOG><![CDATA[<img src='icon_smile.gif'>&nbsp;2009-04-26 by Maeckschu<br><br />Den Gedenkstein schnell gefunden. Dann haben da aber 2 Fahrrad-Muggels gesessen und getrunken und geredet, getrunken und geredet, getrunken und geredet. Dann waren anscheinend die Getränke und die zu erzählenden Geschichten zu Ende und sie fuhren weiter. Dann schnelles Log.<p>Danke und Gruß<br>MAECKSCHU<br />]]></LOG>
<LOG><![CDATA[<img src='icon_smile.gif'>&nbsp;2009-04-19 by ArnGeko<br><br />Auf der Fahrt zum CITO - Event gut gefunden, TFTC<br />]]></LOG>
<LOG><![CDATA[<img src='icon_smile.gif'>&nbsp;2009-04-19 by Sharky77<br><br />Auf dem Heimweg noch schnell mitgenommen!<br>TFTC!<br />]]></LOG>
<LOG><![CDATA[<img src='icon_smile.gif'>&nbsp;2009-04-18 by rootpeter<br><br />gefunden<br />]]></LOG>
<LOG><![CDATA[<img src='icon_smile.gif'>&nbsp;2009-04-15 by agp<br><br />Hierher läßt es sich gemütlich radeln und auf einer nahen Bank gemütlich loggen - was will man mehr. <img src='http://www.geocaching.com/images/icons/icon_smile_approve.gif' border=0 align=middle><p>Danke für den Cache<br>agp<br />]]></LOG>
<LOG><![CDATA[<img src='icon_smile.gif'>&nbsp;2009-04-12 by littlesoldier<br><br />Schon 1000x vorbei gefahren und heute aufn Weg Richtung Eisenach schnell gehalten und sofort gefunden!<br />]]></LOG>
<LOG><![CDATA[<img src='icon_smile.gif'>&nbsp;2009-04-09 by geofutz<br><br />Auch Hier mal kurz gehalten und mit dem Hint schnell gefunden.<br><i>Kurzbesuch: Geofutz Counter</i><br><font color="blue"> Danke für <b># 763</b></font> und<br><font color="green"><b><i>BYE Geofutz.</i></b></font><br><br />]]></LOG>
<LOG><![CDATA[<img src='icon_smile.gif'>&nbsp;2009-04-04 by GeoXpedition<br><br />Ebenfalls bei meiner heutigen Cacherunde gefunden.<img src='http://www.geocaching.com/images/icons/icon_smile_big.gif' border=0 align=middle><br />]]></LOG>
<LOG><![CDATA[<img src='icon_smile.gif'>&nbsp;2009-03-23 by AT-AT<br><br />Ein schneller Fund <img src='http://www.geocaching.com/images/icons/icon_smile_big.gif' border=0 align=middle><br>TFTC<br />]]></LOG>
<LOG><![CDATA[<img src='icon_smile.gif'>&nbsp;2009-03-22 by FTT<br><br />Im Vorbeifahren mal schnell mitgenommen :)<br />]]></LOG>
<LOG><![CDATA[<img src='icon_smile.gif'>&nbsp;2009-03-19 by coolbahia<br><br />Heute auf dem Weg zu einem Geschäftstermin <br>flott gefunden.<br>TFTC coolbahia<br />]]></LOG>
<LOG><![CDATA[<img src='icon_smile.gif'>&nbsp;2009-03-17 by HeiligerJoghurt<br><br />Ich glaube ich bin nicht der einzige der auf dem Bänkchen weilte und die Muggels zählte in all ihren Variationen.<br>Zweibeinig, per Rad mit und ohne Motor,<br>Vierbeinig an der Leine, teilweise ohne <br>und auch gesehen 6-Beinig (2 in der Luft - 4 auf dem Boden)= Reiter.<p><br><br />]]></LOG>
<LOG><![CDATA[<img src='icon_smile.gif'>&nbsp;2009-03-17 by LUPO.79<br><br />Nach der Körper-Stech-Malerei in MHL brauchte ich noch bissl frische Luft und hab auf die "letzten Tage " noch ein paar Caches eingesammelt.. Der gehörte dazu!<br>TFTC<br />]]></LOG>
<LOG><![CDATA[<img src='icon_smile.gif'>&nbsp;2009-03-09 by Kerny77<br><br />Schnell gefunden, und weiter ging´s<br />]]></LOG>
<LOG><![CDATA[<img src='icon_smile.gif'>&nbsp;2009-02-28 by gloomy<br><br />Die Dose war fix gehoben. VG und Danke, gloomy!<br />]]></LOG>
<LOG><![CDATA[<img src='icon_smile.gif'>&nbsp;2009-02-28 by madd.in<br><br />Was auch immer hier mit dem Männerchor los war <img src='http://www.geocaching.com/images/icons/icon_smile_big.gif' border=0 align=middle><br>tftc, madd.in<br />]]></LOG>
<LOG><![CDATA[<img src='icon_smile.gif'>&nbsp;2009-02-22 by GeoSittiche<br><br />Heute war Schlange stehen bei den gut zugänglichen Caches angesagt.Per Rad den Cache von Krümel in Empfang genommen und wieder abgelegt.Was macht man Sonntagnachmittag ??? --Cachen.<br>TFTC<br>die GeoSittiche<br />]]></LOG>
<LOG><![CDATA[<img src='icon_smile.gif'>&nbsp;2009-02-22 by Kruemel68<br><br />Danke an Heiko, dass er mir die "Arbeit" des Versteckens und Wartens abgenommen hat <img src='http://www.geocaching.com/images/icons/icon_smile_wink.gif' border=0 align=middle><img src='http://www.geocaching.com/images/icons/icon_smile_wink.gif' border=0 align=middle><img src='http://www.geocaching.com/images/icons/icon_smile_wink.gif' border=0 align=middle>. Schnell gefunden und dann gleich in der Schlange an die Geosittiche weitergereicht.<p>Grüße von Christel und Stefan<br />]]></LOG>
<LOG><![CDATA[<img src='icon_smile.gif'>&nbsp;2009-02-22 by JonnyH&#252;tchen<br><br />Schneller Fund, heute allerdings per Renault und nicht joggender Weise hier angereist. Direkt nach dem log haben wir noch gewartet, bis die Geosittiche mit ihren Rädern angekommen waren.<p>V.G. Jonny<br />]]></LOG>
<LOG><![CDATA[<img src='icon_smile.gif'>&nbsp;2009-02-21 by Hor_andy<br><br /><br>Der erste Fund für heute, schwierig machte er es uns in seinem Versteck nicht.<br>TFTC<br><br />]]></LOG>
<LOG><![CDATA[<img src='icon_smile.gif'>&nbsp;2009-02-21 by Traveler77<br><br />Heute im Team mit Hor_andy den Gedenkstein besichtigt. Danke fürs zeigen. <img src='http://www.geocaching.com/images/icons/icon_smile_wink.gif' border=0 align=middle> TFTC<br />]]></LOG>
<LOG><![CDATA[<img src='icon_smile.gif'>&nbsp;2009-02-21 by Eichsgenossen<br><br />Heute leider nur begrenzte Zeit,sodas die anderen Caches in der Umgebung noch etwas warten müssen. <br>TFTC und herzliche Grüße sagen die Eichsgenossen<br />]]></LOG>
<LOG><![CDATA[<img src='icon_smile.gif'>&nbsp;2009-02-07 by Team Fribu70 &amp; Schnuba77<br><br /><font color="green"><i><b>Die Verrückten zogen wieder los, um nochmal Mühlhausen zu erobern. Diesmal dabei: Schnullerbacke77, Michael01, Steiff-Teddy, äh nein Plüschbär alias Smeagol, Hoffi1986 (nicht immer, aber immer öfter!) und die Frau mit den Haaren auf der Brust.<img src='http://img.groundspeak.com/forums/emoticons/signal/big_smile.gif' width=19 height=19 border=0 align=middle></b></i></font><p>Auf dem Hinweg schnell zum Aufwärmen mitgenommen, war auch gut so, da das Colorado von Michael01 ja einige Zeit zum Aufwärmen brauchte!<img src='http://www.geocaching.com/images/icons/icon_smile_clown.gif' border=0 align=middle><p><b>Vielen Dank für den Cache!</b><br />]]></LOG>
<LOG><![CDATA[<img src='icon_smile.gif'>&nbsp;2009-02-07 by smeagol<br><br /><font color="red">1548.</font> Rudelcachen in und um Mühlhausen mit Schnullerbacke77, Frittenbude 70, michael01 und (die meiste Zeit) Hoffi1986! <p>Auf dem Hinweg hier mal schnell angehalten.<p>Danke und Gruß, Smeagol<br />]]></LOG>
<LOG><![CDATA[<img src='icon_smile.gif'>&nbsp;2009-02-07 by Schnullerbacke77<br><br />Auf Mühlhausen-Tour mit Smeagol, Frittenbude70 und Michael01. <img src='http://img.groundspeak.com/forums/emoticons/signal/big_smile.gif' width=19 height=19 border=0 align=middle><br>Bevor wir Mühlhausen gestürmt haben, schnell diesen Kleinen mitgenommen.<img src='http://img.groundspeak.com/forums/emoticons/signal/big_smile.gif' width=19 height=19 border=0 align=middle><br>Vielen Dank für diesen Cache und viele Grüsse<br>Schnullerbacke77<br />]]></LOG>
<LOG><![CDATA[<img src='icon_smile.gif'>&nbsp;2009-02-07 by michael01<br><br />Heute waren wir unterwegs mit Smeagol, Schnullerbacke77 und Frittenbude70, um Mühlhausen unischer zu machen. <p>Auf dem Weg nach Mühlhausen haben wir hier einen kurzen Stopp eingelegt. Nachdem das GPS sich endlich für die richtige Richtung entschieden hat, war auch der Cache schnell gefunden.<p>Danke und viele Grüße<br>Michael01<br>#1377<br />]]></LOG>
<LOG><![CDATA[<img src='icon_smile.gif'>&nbsp;2009-02-06 by Kloeschen<br><br />Mit Nudenn auf Döschenjagd im Mühlhäuser Umland <img src='http://www.geocaching.com/images/icons/icon_smile_cool.gif' border=0 align=middle><br>Dieses Döschen war schnell entdeckt. TFTC<br />]]></LOG>
<LOG><![CDATA[<img src='icon_smile.gif'>&nbsp;2009-02-06 by nudenn<br><br />Auf Tour mit Kloeschen in Mühlhausen und Umgebung viele interssante Plätze besucht und schöne Caches gefunden.<br>Dank den fleißigen Schatzmeistern - wir kommen gern wieder.<br><img src='http://www.geocaching.com/images/icons/icon_smile.gif' border=0 align=middle>nudenn<img src='http://www.geocaching.com/images/icons/icon_smile.gif' border=0 align=middle><br />]]></LOG>
<LOG><![CDATA[<img src='icon_smile.gif'>&nbsp;2009-01-31 by Mueckenfett<br><br />Auf dem Weg zum Stammtisch, mußte ich hier unbedingt anhalten <img src='http://www.geocaching.com/images/icons/icon_smile_big.gif' border=0 align=middle><br>Tom<br />]]></LOG>
<LOG><![CDATA[<img src='icon_smile.gif'>&nbsp;2009-01-28 by Hoffi1986<br><br /><img src='http://www.geocaching.com/images/icons/icon_smile_big.gif' border=0 align=middle><img src='http://www.geocaching.com/images/icons/icon_smile_big.gif' border=0 align=middle><img src='http://www.geocaching.com/images/icons/icon_smile_big.gif' border=0 align=middle> <font color="red">FTF</font> <img src='http://www.geocaching.com/images/icons/icon_smile_big.gif' border=0 align=middle><img src='http://www.geocaching.com/images/icons/icon_smile_big.gif' border=0 align=middle><img src='http://www.geocaching.com/images/icons/icon_smile_big.gif' border=0 align=middle><p>Heute mal früher als sonst aufgestanden um nen FTF zu machen, doch als ich vor Ort dann angekommen war Batterien vom GPS leer und die Taschenlampe war auch nirgendwo auszumachen. Also Handy raus und gesucht. Soweit so gut, doch beinahe hätte mich die Glätte meinen Kopf gekostet. Nichts desto Trotz habe ich ihn gut und schnell gefunden. Danke für meinen 86. Cache und den 3. FTF an gollumgandalf. Macht weiter so! <br><img src='http://img.groundspeak.com/forums/emoticons/signal/big_smile.gif' width=19 height=19 border=0 align=middle><img src='http://img.groundspeak.com/forums/emoticons/signal/big_smile.gif' width=19 height=19 border=0 align=middle><img src='http://img.groundspeak.com/forums/emoticons/signal/big_smile.gif' width=19 height=19 border=0 align=middle><br><font color="red">TFTC</font><br />]]></LOG>
<LOG><![CDATA[<img src='icon_greenlight.gif'>&nbsp;2009-01-26 by Kanne und Siki<br><br />Published<br />]]></LOG>
</LOGS>
<NOTES><![CDATA[]]></NOTES>
<IMAGES>
</IMAGES>
<TRAVELBUGS>
</TRAVELBUGS>
<URL><![CDATA[]]></URL>
<SOLVER><![CDATA[]]></SOLVER>
    <CACHE  name = "M&#228;nnerchor-Gedenkstein" owner = "Gollum &amp; Galadriel" lat = "51,14655" lon = "10,409383333333" hidden = "2009-01-22" wayp = "GC1KYY7" status = "" ocCacheID = "" lastSyncOC = "20100419225805" num_recommended = "0" num_found = "-1" attributesYes = "34363934722" attributesNo = "0" boolFields="1922" byteFields="33688074" attributesYes1 = "0" attributesNo1 = "0" />
</CACHEDETAILS>
