<?xml version="1.0" encoding="ISO-8859-1"?>
<CACHEDETAILS>
<VERSION value = "3"/>
<DETAILS><![CDATA[<br>Nun ist auch Andy dran. Die 2 geht und die 3 kommt. Hor_andy ist
jetzt 30!<br />
Mit diesem Cache wünschen wir ihm alles Gute,<br />
viel Gesundheit und Glück in allen Lebenslagen.
<p>Die Stationen dieses Caches sollen wichtige Abschnitte in Andy´s
Leben präsentieren. Da 30 Jahre nicht in einer engen Fläche zu
konzentrieren sind, ist der Cache nicht zu Fuß zu absolvieren. Es
empfiehlt sich das Auto zu nehmen, aber für Trainierte geht auch
das Fahrrad.<br />
Vergesst Zettel und Stift nicht, denn ihr müsst euch einiges
merken.</p>
<p>Aber nun zum Cache:<br />
Die angegeben Koordinaten haben mit dem Cache nichts zu tun. Um die
Startkoordinaten zu ermitteln, müsst ihr erst etwas über Andy
recherchieren.</p>
<p>1. Seit wann ist Hor_andy Mitglied bei geocaching.com?<br />
Ermittelt den Monat und ihr erhaltet A und B<br />
(Bsp.: September A=0; B=9).<br />
2. Wann hat Hor_andy seinen 100. Cache gefunden?<br />
Ermittelt hier den Tag und den Monat und ihr bekommt<br />
C D E F (Bsp.: 23. Oktober C=2; D=3; E=1; F=0).</p>
<p>Begebt euch nun zu<br />
N 51° C (D-C) . (F+C) (B+C) (D+F+C) E 010° B (F+F) . (D) (D+F-C)
(E+A)</p>
<p>Viel Erfolg wünscht Team Traveler77</p>]]></DETAILS>
<COUNTRY><![CDATA[Germany]]></COUNTRY>
<STATE><![CDATA[Thüringen]]></STATE>
<ATTRIBUTES>
   <ATT>hiking-no.gif</ATT>
   <ATT>bicycles-yes.gif</ATT>
   <ATT>onehour-yes.gif</ATT>
   <ATT>available-yes.gif</ATT>
   <ATT>quads-yes.gif</ATT>
   <ATT>motorcycles-yes.gif</ATT>
</ATTRIBUTES>
<HINTS><![CDATA[Fgneg: U 150<br>Fgngvba 2: Thgr Snueg<br>Fgngvba 3: Avpug nhs qre Fgenßr naunygra, zntargvfpu!<br>Fgngvba 5: Jvr nyg jveq Naql?? Iba qbeg 130z 169°]]></HINTS>
<LOGS>
<OWNLOGID></OWNLOGID>
<OWNLOG><![CDATA[]]></OWNLOG>
<LOG><![CDATA[<img src='icon_smile.gif'>&nbsp;2010-04-19 by rageracer<br><br />Do. 15.04.10<br>Station 1 mit Gastcacher Jörgi auf Anhieb gefunden, da die Dose schutzlos auf dem Boden lag.<br>Habe sie dann wieder bei H150 versteckt. Bei Station 2 haben wir schon kläglich versagt und für diesen Tag abgebrochen.<p>Sa. 17.04.10<br>Nun endlich, nach genauerem Hinsehen und nach lesen des Hints auch Station 2 gefunden.<br>Die 3. war dann auch ohne Probleme zu finden, aber dann hatte ich keine Zeit mehr...<p>Mo. 19.04.10<br>Jetzt aber schnell bei Station 4 vorbeigefahren und die Koordinaten für Nr. 5 errechnet.<br>Da ich in der Mittagspause sowieso was in der Nähe zu tun hatte passte das ganz gut und so habe ich den Cache heute endlich gefunden.<p>Schöne Idee, schöner Cache, hat echt viel Spaß gemacht durch MHL zu düsen.  	<img src='http://www.geocaching.com/images/icons/icon_smile_big.gif' border=0 align=middle><img src='http://www.geocaching.com/images/icons/icon_smile_evil.gif' border=0 align=middle><img src='http://www.geocaching.com/images/icons/icon_smile_big.gif' border=0 align=middle><p>#153 --- 14.25 Uhr<p>TFTC<br />]]></LOG>
<LOG><![CDATA[<img src='icon_smile.gif'>&nbsp;2010-04-09 by monalisa812<br><br />nach dem zweiten anlauf endlich gefunden! danke........<br />]]></LOG>
<LOG><![CDATA[<img src='icon_smile.gif'>&nbsp;2009-12-16 by David+Chrissi<br><br />Nach dem wir durch den Owner endlich die Peilungsdaten erhielten, konnten auch wir das Kästchen finden. Viele interessante Stationen durch Andy´s Leben, deswegen sagen wir: "Bis zum 40ten..." <img src='http://www.geocaching.com/images/icons/icon_smile_tongue.gif' border=0 align=middle><p>Liebe Weihnachtsgrüße senden<br>David+Chrissi <br />]]></LOG>
<LOG><![CDATA[<img src='icon_smile.gif'>&nbsp;2009-11-14 by Hardcore-UH<br><br />schöner Cache<br />]]></LOG>
<LOG><![CDATA[<img src='icon_smile.gif'>&nbsp;2009-06-13 by Renault Family<br><br />Sehr schön gemachter Multi...<br>Wir haben alle Stationen gut gefunden, an der letzten Station brauchte aber schon eine Brille um etwas zu lesen. Der Final war dan ganz nach unserem Geschmack.<p>Danke sagen Max & Matti<br />]]></LOG>
<LOG><![CDATA[<img src='icon_note.gif'>&nbsp;2009-06-07 by Hor_andy<br><br /><br>Da muß ich mich mal einmischen, alle meine Lebensstationen sind hier nicht mit Stages versehen, nur ein paar einzelne wichtige. Etwas weiter bin ich nun doch schon gekommen mit meinen dreißig Lenzen.<br><img src='http://www.geocaching.com/images/icons/icon_smile_big.gif' border=0 align=middle><br><br />]]></LOG>
<LOG><![CDATA[<img src='icon_smile.gif'>&nbsp;2009-06-07 by uhri<br><br />Auch wir haben heute diesen 30. nachgefeiert. Vor einiger Zeit mit St 1 angefangen und heut vollendet.<br>Alle Lebensstationen von Andy besichtigt und die Hinweise gut gefunden. Schön das es diesen Cache gibt. <br>Danke sagen Uhri+Braut<br />]]></LOG>
<LOG><![CDATA[<img src='icon_smile.gif'>&nbsp;2009-04-19 by JonnyH&#252;tchen<br><br />Zusammen mit Kruemel im zweiten Anlauf nun endlich gefunden.<br>Sehr schöner Multi.<br> <br>TFTC Jonny<br />]]></LOG>
<LOG><![CDATA[<img src='icon_note.gif'>&nbsp;2009-04-19 by Kruemel68<br><br />zweiter Versuch :-(((<br />]]></LOG>
<LOG><![CDATA[<img src='icon_smile.gif'>&nbsp;2009-04-19 by Kruemel68<br><br />Im x-ten Anlauf ( x > 2 ) nun endlich am Final fündig geworden. Vorher sind wir wahrscheinlich immer im Kreis drumherum gelaufen.....wie es manchmal so ist.<p>Aber noch immer "quält" uns die Frage, welche Station seines Lebens Andy an dieser (Final)location wohl verbracht hat <img src='http://www.geocaching.com/images/icons/icon_smile_shock.gif' border=0 align=middle>. Danke für die andauernde Beschäftigung...und leibe Grüße von<p>Christel und Stefan<p>GC Tausch durchgeführt un BastiVW getroffen<br />]]></LOG>
<LOG><![CDATA[<img src='icon_smile.gif'>&nbsp;2009-04-19 by BastiVW<br><br />schöne tur durch ganz MHL und am finale dann krümel getroffen und gelogt<br />]]></LOG>
<LOG><![CDATA[<img src='icon_smile.gif'>&nbsp;2009-03-14 by Eichsgenossen<br><br />Wärend eines dritten Aufenthaltes in Mhl.<br>heute auch noch die letzte Station und das Finale aufgesucht.Am Final --nach 20min.auf und ab und rechts und links wurde dann der TJ bemüht,denn Tarnung ist eben Alles.<br>Danke an den Owner für den quasi- Lebenslauf von "Andy" und für den  hart erkämpften Multi + TJ. <br>TFTC sagen die Eichsgenossen<br />]]></LOG>
<LOG><![CDATA[<img src='icon_note.gif'>&nbsp;2009-03-09 by madd.in<br><br />Achso, für die nächsten Finder haben wir die EasyCache-GeoCoin reingelegt, damit wird auch das Finden des Finals zu einem 1/1'er <img src='http://www.geocaching.com/images/icons/icon_smile_wink.gif' border=0 align=middle><br />]]></LOG>
<LOG><![CDATA[<img src='icon_smile.gif'>&nbsp;2009-03-09 by madd.in<br><br />Hui - mal wieder ein Mystery in Mühlhausen. <br>Unser größter Gegner heute war die Bahn, die uns <b>mehrfach</b> auf der Suche ausgebremst hat! Es wird Zeit für einen Tunnel <img src='http://www.geocaching.com/images/icons/icon_smile_wink.gif' border=0 align=middle><p>Die einzelnen Stationen waren gut gefunden, teilweise als absoluter Drive-In <img src='http://img.groundspeak.com/forums/emoticons/signal/tongue.gif' width=19 height=19 border=0 align=middle> <br>An Station5 sind wir fast gescheitert weil die Straßenbeleuchtung noch nicht gebrannt hat und wir im Dunkeln tappen mussten. Nachdem wir Rechenfehler ausgeschlossen hatten brannte die Beleuchtung und schwupps war der Weg zum Final frei. Dort angekommen konnten wir schnell fündig werden - danke an die Vorfinder, die das Final bekreuzt haben <img src='http://img.groundspeak.com/forums/emoticons/signal/big_smile.gif' width=19 height=19 border=0 align=middle><p>tftc, <a href="http://madd.in" target="_blank" rel="nofollow"><b>madd.in</b></a> <img src='http://img.groundspeak.com/forums/emoticons/signal/big_smile.gif' width=19 height=19 border=0 align=middle><br />]]></LOG>
<LOG><![CDATA[<img src='icon_smile.gif'>&nbsp;2009-03-05 by LUPO.79<br><br />Heute mal auf nen Kurztrip in der Keisstadt gewesen und dabei auch diesen Cache gehoben! Tja Andy, da haben wir nun beide die nächste Hürde Richtung Rente übersprungen...<p>TFTC<p>NO TRADE<br />]]></LOG>
<LOG><![CDATA[<img src='icon_smile.gif'>&nbsp;2009-02-28 by gloomy<br><br />Da habe ich am Final doch glatt zwei Anläufe benötigt. Weil der TJ gerade nicht erreichbar war, hatte ich einen anderen Cache eingeschoben. Als die Bestätigung meiner Vermutung kam, hab' ich es dann gleich nochmal probiert und siehe da, ich wurde sofort fündig. Warum kann das nicht gleich so gehen ;-) VG und Danke, gloomy!<br />]]></LOG>
<LOG><![CDATA[<img src='icon_sad.gif'>&nbsp;2009-02-22 by Kruemel68<br><br />Hier wurden wir heute leider nicht fündig. Ob`s an den Temperaturen lag ? Wohl eher nicht, da vor 3 Tagen dop3 erfolgreich war. Also eher an uns ? Optiker aufsuchen ?<br />]]></LOG>
<LOG><![CDATA[<img src='icon_smile.gif'>&nbsp;2009-02-19 by dop3<br><br />Vorgestern Abend noch losgefahren und alle Stationen gut gefunden ausser das Final. Irgendwie war alles mit Schnee bedeckt und wir haben nichts gefunden.. nach nem Tipp von Hoffi1986 sind wir heute nochmal hin und habens dann doch gefunden.<p>TFTC<br>in: TB<br />]]></LOG>
<LOG><![CDATA[<img src='icon_smile.gif'>&nbsp;2009-02-07 by Schnullerbacke77<br><br />Auf lustiger Mühlhausen-Tour mit Frittenbude70, Smeagol, Michael01 und die Hoffi´s1986.<img src='http://img.groundspeak.com/forums/emoticons/signal/big_smile.gif' width=19 height=19 border=0 align=middle><br>Dank der Vorarbeit von Hoffi1986 mussten wir uns nur noch mit vereinten Kräften auf das Final konzentrieren.<img src='http://img.groundspeak.com/forums/emoticons/signal/cute.gif' width=19 height=19 border=0 align=middle> Das nennt man Teamarbeit.<img src='http://img.groundspeak.com/forums/emoticons/signal/big_smile.gif' width=19 height=19 border=0 align=middle><br>Tolles Versteck und schöne grosse Dose.<p>Danke für diesen Cache und viele Grüss<br>Schnullerbacke77<br />]]></LOG>
<LOG><![CDATA[<img src='icon_smile.gif'>&nbsp;2009-02-07 by Team Fribu70 &amp; Schnuba77<br><br /><font color="green"><i><b>Die Verrückten zogen wieder los, um nochmal Mühlhausen zu erobern. Diesmal dabei: Schnullerbacke77, Michael01, Steiff-Teddy, äh nein Plüschbär alias Smeagol, Hoffi1986 (nicht immer, aber immer öfter!) und die Frau mit den Haaren auf der Brust.<img src='http://img.groundspeak.com/forums/emoticons/signal/big_smile.gif' width=19 height=19 border=0 align=middle></b></i></font><p>Hier war Teamarbeit angesagt und nach kurzer Sucherei die nicht gerade kleine Dose gefunden.<p><b>Vielen Dank für den Cache!</b><br />]]></LOG>
<LOG><![CDATA[<img src='icon_smile.gif'>&nbsp;2009-02-07 by smeagol<br><br /><font color="red">1549.</font> Rudelcachen in und um Mühlhausen mit Schnullerbacke77, Frittenbude 70, michael01 und (die meiste Zeit) Hoffi1986! <p>In Mühlhausen angekommen stieß Hoffi1986 als Ortskundiger zu uns und unsere Tour führte uns alsbald auch hierher. Schön gemachtes Versteck! <img src='http://www.geocaching.com/images/icons/icon_smile.gif' border=0 align=middle><p>Danke und Gruß, Smeagol<br />]]></LOG>
<LOG><![CDATA[<img src='icon_smile.gif'>&nbsp;2009-02-07 by michael01<br><br />Heute waren wir unterwegs mit Smeagol, Schnullerbacke77 und Frittenbude70, um Mühlhausen unischer zu machen. In Mühlhausen haben wir noch Hoffi1986 aufgelesen, der uns als Ortskundiger zu allen strategisch günstig gelegenen Caches durch die Stadt gelotst hat.<p>Diesen Cache haben wir in Teamarbeit vollendet, und wurden mit einem sehr schönen Finale belohnt.<p>In: Schildkröte<br>Out: Nix<p>Danke und viele Grüße<br>Michael01<br>#1381<br />]]></LOG>
<LOG><![CDATA[<img src='icon_smile.gif'>&nbsp;2009-02-07 by Hoffi1986<br><br />Dies war der Auftakt der heutigen Cache-Tour. <img src='http://www.geocaching.com/images/icons/icon_smile_cool.gif' border=0 align=middle> Die Vorarbeit habe ich an den 2 vorherigen Tagen gemacht, aber noch nicht abschließen können. Heute dann endlich im großen Rudel relativ schnell gefunden. <img src='http://www.geocaching.com/images/icons/icon_smile_big.gif' border=0 align=middle><br>TFTC<br />]]></LOG>
<LOG><![CDATA[<img src='icon_smile.gif'>&nbsp;2009-02-06 by die Engel vom Dorf<br><br />Den Hinweis auf's Cachemobil beherzigend, machten wir uns auf die Mega-Tour durch Mühlhausen. Aber wer wie Herr Andy <img src='http://www.geocaching.com/images/icons/icon_smile_big.gif' border=0 align=middle> viel erlebt hat, kam natürlich auch viel rum. Und so lernten wir einige Fleckchen dieser Stadt kennen, zu denen man nur durchs Cachen kommt. Nach einer schönen Rundreise landeten wir am Final. Und obwohl die gesamte Tour gut zu bewältigen war, machte uns gerade die überschaubare Finallocation <img src='http://www.geocaching.com/images/icons/icon_smile_wink.gif' border=0 align=middle> etwas Mühe. Wir suchten ziemlich lange und waren schon fast so weit, die Flinte ins Korn zu werfen. Bis uns das Korn sprichwörtlich ins Auge sprang <img src='http://www.geocaching.com/images/icons/icon_smile_shy.gif' border=0 align=middle>, das bisher den Cache verdeckt hatte <img src='http://www.geocaching.com/images/icons/icon_smile_clown.gif' border=0 align=middle>. Na was für eine Freude ...<p>Vielen Dank sagen die Engel vom Dorf<br># 785<br />]]></LOG>
<LOG><![CDATA[<img src='icon_smile.gif'>&nbsp;2009-02-02 by Mueckenfett<br><br />Da ist Mann und Frau mal übers Wochenende in anderen Landstrichen unterwegs, da gibts gleich wieder einen NEUEN Schatz in der Homezone <img src='http://www.geocaching.com/images/icons/icon_smile_shock.gif' border=0 align=middle><br>Den freien Montag mit Frauchen genutzt, die Geburtstagsbox zu finden.<br>Stationen wurden gut gefunden, aber mit dem zählen, das müssen wir noch üben <img src='http://www.geocaching.com/images/icons/icon_smile_wink.gif' border=0 align=middle><br>naja so waren wir eben zweimal an einer Station.<br>Danach lief alles wie am schnürchen und die Box war unser.<br>Tom & Silke<br />]]></LOG>
<LOG><![CDATA[<img src='icon_smile.gif'>&nbsp;2009-02-01 by AT-AT<br><br />Mit gollumgandalf heute quer durch Mühlhausen gekutscht. Zum Glück kam keiner auf die Idee mit dem Rad zu fahren. Am Final haben sie mich aber dann doch hin und her gescheucht, um alles noch mal zu prüfen. Tolles Versteck!<br />]]></LOG>
<LOG><![CDATA[<img src='icon_smile.gif'>&nbsp;2009-02-01 by Gollum &amp; Galadriel<br><br />Eine gute Idee, schön umgesetzt. Ein wirklich schöner Cache. Absolut würdig für einen 30. Geburtstag, einen 600. Found und den ersten Boxenstopp eines Ferrari FXX.<br>Wir haben alle Stationen gut gefunden, nur am Final hat's etwas länger gedauert. Kurz vorm Erfrieren sind wir aber doch noch fündig geworden.<br>Vielen Dank.<br>out: TB<br>in: coin<br />]]></LOG>
<LOG><![CDATA[<img src='icon_smile.gif'>&nbsp;2009-02-01 by GeoSittiche<br><br />Bei sibierischem Wetter auf die Suche nach dem blechernen ftf gemacht.Das war ja ein Strickmuster quer durch Mühlhausen.Alle Stationen gut gefunden.Das Final ist wieder mustergültig gelöst.<br>TFTC<br>die GeoSittiche<br>TB in<br>GC out<br>Spider in<br />]]></LOG>
<LOG><![CDATA[<img src='icon_greenlight.gif'>&nbsp;2009-01-31 by GC-Knecht<br><br />Published<br />]]></LOG>
<LOG><![CDATA[<img src='icon_smile.gif'>&nbsp;2009-01-24 by Hor_andy<br><br /><br>So es war wirklich soweit, das 30. Juhubiläum stand an und es ging nicht um den 30. Cache oder so.<br>Zum Geburtstag bereits die Cachebeschreibung geschenkt bekommen, ließ ich es mir nicht nehmen,den Rausch während einer Cachesucher auszuschwitzen.<br>Schön das es so ein netter Cache geworden ist, der mich an verschiedene Orte meines Lebens geführt hat, Dankeschön Team Traveler77.<br>Der Cache ist nicht allzuschwierig, ansonsten gibt es ja die Hints und für die Stationen 4 bis 30 braucht man keinen Hint <img src='http://www.geocaching.com/images/icons/icon_smile_wink.gif' border=0 align=middle><br>Viel Spass beim Suchen und Danke fürs Legen (und Schenken)<br>TFTC<p>Coin in/Coin out<br />]]></LOG>
</LOGS>
<NOTES><![CDATA[]]></NOTES>
<IMAGES>
</IMAGES>
<TRAVELBUGS>
  <tb guid="0a3eef06-007d-4c45-8207-936a78b2dff3"><name><![CDATA[Happy Caching - Chimney Sweeper Geocoin]]></name><![CDATA[There is currently no goal for this item.]]></tb>
</TRAVELBUGS>
<URL><![CDATA[]]></URL>
<SOLVER><![CDATA[]]></SOLVER>
    <CACHE  name = "Andy&#180;s 30." owner = "Team Traveler77" lat = "51,195" lon = "10,495833333333" hidden = "2009-01-22" wayp = "GC1KWJC" status = "" ocCacheID = "" lastSyncOC = "20100419230631" num_recommended = "0" num_found = "-1" attributesYes = "136839171" attributesNo = "8192" boolFields="1930" byteFields="67637012" attributesYes1 = "0" attributesNo1 = "0" />
</CACHEDETAILS>
