<?xml version="1.0" encoding="ISO-8859-1"?>
<CACHEDETAILS>
<VERSION value = "3"/>
<DETAILS><![CDATA[<br>Dorfstelle Germerode,<br />
auch Germenrode, Germarode, Görmarode oder Germererode<br />
Wüstung südwestlich von Oberdorla, im Germeröder Felde.<br />
Besiedlung: 960-1300<br />
Fläche: 48 ha
<p>Rechnet damit, dass eure Schuhe und/oder euer Cachemobil dreckig
werden! Bleibt am besten immer auf dem Weg.<br />
Von den Parkplatz-Koordinaten dem Unstrut-Werra-Radweg, später dem
Marktweg und dann dem Wüstungen-Wanderweg (gelbes W) folgen.</p>]]></DETAILS>
<COUNTRY><![CDATA[Germany]]></COUNTRY>
<STATE><![CDATA[Thüringen]]></STATE>
<ATTRIBUTES>
   <ATT>wheelchair-no.gif</ATT>
   <ATT>bicycles-yes.gif</ATT>
   <ATT>onehour-yes.gif</ATT>
   <ATT>available-yes.gif</ATT>
   <ATT>dogs-yes.gif</ATT>
</ATTRIBUTES>
<HINTS><![CDATA[ivryfgäzzvtre Onhz, vaara, 50pz]]></HINTS>
<LOGS>
<OWNLOGID></OWNLOGID>
<OWNLOG><![CDATA[]]></OWNLOG>
<LOG><![CDATA[<img src='icon_smile.gif'>&nbsp;2010-04-04 by Die_Unstrut-Hainis<br><br />Gemeinsam mit Magi007 geloggt.<br>TFTC<br>Die_Unstrut-Hainis<br />]]></LOG>
<LOG><![CDATA[<img src='icon_smile.gif'>&nbsp;2010-04-04 by Magi007<br><br />Nach langem suchen doch noch mit den unstrut hainis gefunden<br>TFTC<br />]]></LOG>
<LOG><![CDATA[<img src='icon_smile.gif'>&nbsp;2010-04-02 by klins<br><br />Meine ganz private Ostersuche.... 	<img src='http://www.geocaching.com/images/icons/icon_smile_wink.gif' border=0 align=middle><br>Es gibt einen Weg zum Cache  	<img src='http://www.geocaching.com/images/icons/icon_smile.gif' border=0 align=middle><br>...auf dem Rückweg hab ich ihn dann benutzt  	<img src='http://www.geocaching.com/images/icons/icon_smile.gif' border=0 align=middle><br>Vielen Dank<br>Klins<br />]]></LOG>
<LOG><![CDATA[<img src='icon_smile.gif'>&nbsp;2010-03-07 by Karolli<br><br />Der Schimmel war noch nicht zu sehen, also schnell über den Zaun und geloggt.<br>Danke für den Cache. Olli<br />]]></LOG>
<LOG><![CDATA[<img src='icon_sad.gif'>&nbsp;2009-11-29 by Rosenquartett<br><br />Leider auch nicht gefunden.<br>Danke fürs zeigen und Grüße<br />]]></LOG>
<LOG><![CDATA[<img src='icon_smile.gif'>&nbsp;2009-10-03 by Kammerf&#246;rster<br><br />Bei einem Kurzen Spaziergang nochmal schnell auf die suche gegangen und genauso schnell gefunden!<p>Danke<br>Kammerförster<br />]]></LOG>
<LOG><![CDATA[<img src='icon_smile.gif'>&nbsp;2009-09-27 by GeoXpedition<br><br />Pferde weg Zaun steht noch,aber der ist kein Hinternis.<p>TFTC<br />]]></LOG>
<LOG><![CDATA[<img src='icon_enabled.gif'>&nbsp;2009-09-07 by Gollum &amp; Galadriel<br><br />Die Pferde sind weg, der Zaun ist offen.<br>Weiter geht's.<br />]]></LOG>
<LOG><![CDATA[<img src='icon_smile.gif'>&nbsp;2009-08-31 by Hoffi1986<br><br /><font color="green"><b>Obwohl mir dieser Cache schon ein Dorn im Auge war <img src='http://www.geocaching.com/images/icons/icon_smile_big.gif' border=0 align=middle> , habe ich ihn heute nach einiger Suche dann doch gefunden. Es waren keine Tiere da und ich denke der Zaun wird auch bald abgebaut! <img src='http://www.geocaching.com/images/icons/icon_smile.gif' border=0 align=middle></font><br><font color="red">Danke für's zeigen!<br>TFTC</b></font><p>[This entry was edited by Hoffi1986 on Wednesday, September 02, 2009 at 3:36:34 PM.]<br />]]></LOG>
<LOG><![CDATA[<img src='icon_note.gif'>&nbsp;2009-08-31 by Gollum &amp; Galadriel<br><br />Sobald die Tierchen wieder in ihrem Stall sind, kann es hier weitergehen. Da es jetzt nachts schon merklich kühler wird, kann es nicht mehr lang dauern.<br>Wie gesagt die Dose ist noch findbar, wie Foxhunter bewiesen hat. Wir wollten nur Beschwerden wegen des Elektrozaunes vermeiden.<br>VG<br />]]></LOG>
<LOG><![CDATA[<img src='big_smile.gif'>&nbsp;2009-08-30 by ApproV<br><br />Hallo! Mir ist aufgefallen, dass dieser Cache schon deutlich länger deaktiviert ist als nur "ein paar Wochen", die die Guidelines von Geocaching.com vorsehen. Auch wenn ich denke, dass Geocaching.com den Platz eine Weile für dich reservieren und damit andere Caches in der näheren Umgebung fernhalten sollte, so kann dies letztlich nicht auf Dauer geschehen. Bitte repariere/ersetze diesen Cache oder archiviere ihn (mittels <i>archive listing</i> rechts oben im Menü), so dass hier jemand anderes einen Cache auslegen kann und Geocacher sich wieder an diesem Ort erfreuen können.<p>Wenn du vor hast den Cache zu reparieren, <b>schreibe bitte ein Log vom Typ "Note" zu diesem Cache</b> (keine E-Mail), damit ich das Listing nicht mangels Rückmeldung archiviere.<br />]]></LOG>
<LOG><![CDATA[<img src='icon_smile.gif'>&nbsp;2009-08-27 by fox-hunter_I<br><br />Na und ob ich da rein bin ... der Bewacherschimmel war wohl auf Dienstreise (zwei von der Art standen eine Koppel weiter vorn beschaulich beisammen)<br>Die Dose wurde auch schnell gefunden ... und wie nett, jetzt weiß ich auch wo die Ahnen meines Kollegen früher "gehaust" habe <img src='http://www.geocaching.com/images/icons/icon_smile_wink.gif' border=0 align=middle><br>TFTC<br>fox-hunter_I<br />]]></LOG>
<LOG><![CDATA[<img src='icon_disabled.gif'>&nbsp;2009-06-07 by Gollum &amp; Galadriel<br><br />Sommerpause!<br>Die Dose ist mit einem Elektrozaun eingeweidet und wird von Schimmeln bewacht <img src='http://www.geocaching.com/images/icons/icon_smile_big.gif' border=0 align=middle><br>Die Dose bleibt aber in ihrem Versteck. Wer also trotzdem suchen will...<br />]]></LOG>
<LOG><![CDATA[<img src='icon_smile.gif'>&nbsp;2009-05-30 by gloomy<br><br />Kleiner Abstecher auf die Pferdekoppel. Die Schimmel haben nur komisch geschaut, als ich den Cache geloggt habe. VG und Danke, gloomy!<br />]]></LOG>
<LOG><![CDATA[<img src='icon_smile.gif'>&nbsp;2009-04-15 by agp<br><br />...und noch eine Dorfstelle. Gut, daß wir die Topo-Karte haben. Sonst hätten wir vermutlich einen anderen Weg gewählt. <img src='http://www.geocaching.com/images/icons/icon_smile_wink.gif' border=0 align=middle><br>Trockenen Fußes geloggt. Wieso ist hier ein (Elektro)zaun um den Stein? Privatbesitz?<p>Gruß und Dank<br>agp<br><br />]]></LOG>
<LOG><![CDATA[<img src='icon_smile.gif'>&nbsp;2009-04-10 by AT-AT<br><br />ein schneller Fund<br>TFTC<br />]]></LOG>
<LOG><![CDATA[<img src='icon_smile.gif'>&nbsp;2009-03-31 by FTT<br><br />Trotz schönem Wetter war es verdammt schlammig.Aber naja...muss auch mal sein.Schön noch ne Runde relaxed und dann zurück...<br />]]></LOG>
<LOG><![CDATA[<img src='icon_smile.gif'>&nbsp;2009-03-01 by GeoSittiche<br><br />Auf der Sonntagscachetour diesen Cache mitgenommen.<br>Es sieht jedoch so aus,als gäbe es bald vierbeinige Konkurrenz, die den Cache bewacht.Der Zaun um den Cache sieht elektrisch aus.<br>Schöne Location.<br>TFTC<br>die GeoSittiche<br />]]></LOG>
<LOG><![CDATA[<img src='icon_smile.gif'>&nbsp;2009-03-01 by pendragon1993<br><br />Netter Cache an schöner Stelle! Die gut getarnte Dose konnte sich nicht lang vor uns verstecken. <br>Vielen Dank fürs Zeigen  <img src='http://www.geocaching.com/images/icons/icon_smile.gif' border=0 align=middle>  <br>Team Pendragon 1993 incl. Omi <br />]]></LOG>
<LOG><![CDATA[<img src='icon_maint.gif'>&nbsp;2009-02-10 by Gollum &amp; Galadriel<br><br />Cachekontrolle<br>Alles in bester Ordnung. Er war nur etwas tiefergelegt.<br />]]></LOG>
<LOG><![CDATA[<img src='icon_sad.gif'>&nbsp;2009-02-06 by Kloeschen<br><br />Schade, sah doch gar nicht so schwer aus <img src='http://www.geocaching.com/images/icons/icon_smile_sad.gif' border=0 align=middle><br />]]></LOG>
<LOG><![CDATA[<img src='icon_sad.gif'>&nbsp;2009-02-06 by nudenn<br><br />Hier hatten wir kein Glück....<br />]]></LOG>
<LOG><![CDATA[<img src='icon_smile.gif'>&nbsp;2009-01-06 by Eichsgenossen<br><br />Heute "Eiskalter" Beutezug durch und um Oberdorla...<br>TFTC sagen die Eichsgenossen<br />]]></LOG>
<LOG><![CDATA[<img src='icon_smile.gif'>&nbsp;2009-01-06 by Grottenolm87<br><br />Auf Tour mit den Eichsgenossen diesen Cache ohne große Probleme gefunden. TFTC<p>Der Grottenolm<br><br />]]></LOG>
<LOG><![CDATA[<img src='icon_smile.gif'>&nbsp;2008-12-31 by dop3<br><br />Schnell beim WInterspaziergang gefunden!<br />]]></LOG>
<LOG><![CDATA[<img src='coord_update.gif'>&nbsp;2008-12-30 by Don Rocbeer<br><br /><strong>N 51° 09.260 E 010° 23.855</strong><br /><br />** Coordinates Changed From **<br>N 51° 09.367 E 010° 23.722<br>Distance From Old: 824.5 feet<br>Updating coordinates.<br />]]></LOG>
<LOG><![CDATA[<img src='icon_smile.gif'>&nbsp;2008-12-29 by Hor_andy<br><br /><br>Zusammen mit Traveler77 eine Runde in der Vogtei gedreht und dabei die neuen Caches abgegrast. Die Dose versteckte sich erstmal hartnäckig aber letztendlich erfolglos vor uns.<br>TFTC<br><br />]]></LOG>
<LOG><![CDATA[<img src='icon_smile.gif'>&nbsp;2008-12-29 by Traveler77<br><br />Im Team mit Hor_andy und richtigen Koordinaten konnte sich das Döslein nicht lange verstecken. Danke fürs zeigen. <img src='http://www.geocaching.com/images/icons/icon_smile_wink.gif' border=0 align=middle> TFTC<br />]]></LOG>
<LOG><![CDATA[<img src='icon_note.gif'>&nbsp;2008-12-28 by Gollum &amp; Galadriel<br><br />Achtung!!!<br>Bei der Eingabe der Koordinaten ist mir ein Fehler unterlaufen.<br>Den Cache findet ihr bei N51° 09.260   E010° 23.855<br>Der Reviewer ist informiert.<br>Zum Glück gibts Tom, der die Sachen auch mit falschen Koords findet und auch gleich noch die späteren Sucher einweist <img src='http://www.geocaching.com/images/icons/icon_smile_big.gif' border=0 align=middle><br />]]></LOG>
<LOG><![CDATA[<img src='icon_smile.gif'>&nbsp;2008-12-28 by Mueckenfett<br><br />Radtourteil 2<br>Nachdem ich nun mehr Klamotten an hatte, ab in Richtung neuer Dorfstelle. Da ich genau wußte wo die lag ohne Peilung los gedüst, aber wo war das Versteck? Äh 250m entfernt, ne hier ist sie doch.<br>Weiter gings fix zum Taternkreuz.<br>Besten Dank für den FTF.<br>Tom<br />]]></LOG>
<LOG><![CDATA[<img src='icon_smile.gif'>&nbsp;2008-12-28 by LUPO.79<br><br />Auf dem empfohlenem Parkplatz angekommen, kam schon ein freudiges Hallo eines durchgefrorenen Bikers an mein Ohr geschmettert - es war, wie nicht anders zu erwarten: Mückenfett! Schade, wäre ich statt 10 Uhr, wie geplant 8 Uhr aufgestanden, dann wären die FTF´s nach langer Zeit mal wieder mir gewesen...<br>Nach kurzem Plausch und Austausch der letzten News aus dem Landkreis, konnte ich mich mit Junior auf die Suche begeben. Bei gefühlten -35° ging das recht reibungslos und auch Junior war begeistert bei der Sache!<br>Danke für die 3 Neuen!<br>TFTC<br />]]></LOG>
<LOG><![CDATA[<img src='icon_greenlight.gif'>&nbsp;2008-12-27 by Don Rocbeer<br><br />Published<br />]]></LOG>
</LOGS>
<NOTES><![CDATA[]]></NOTES>
<IMAGES>
</IMAGES>
<TRAVELBUGS>
</TRAVELBUGS>
<URL><![CDATA[]]></URL>
<SOLVER><![CDATA[]]></SOLVER>
    <CACHE  name = "Dorfstelle Germerode" owner = "Gollum &amp; Galadriel" lat = "51,154333333333" lon = "10,397583333333" hidden = "2008-12-27" wayp = "GC1K4M4" status = "" ocCacheID = "" lastSyncOC = "20100419230328" num_recommended = "0" num_found = "-1" attributesYes = "2099203" attributesNo = "2199023255552" boolFields="1922" byteFields="33689354" attributesYes1 = "0" attributesNo1 = "0" />
</CACHEDETAILS>
