<?xml version="1.0" encoding="ISO-8859-1"?>
<CACHEDETAILS>
<VERSION value = "3"/>
<DETAILS><![CDATA[<br>An dem steinernen Tisch des Rastplätzchens Rondel kann man an
heißen Sommertagen <img src=
'http://www.geocaching.com/images/icons/icon_smile_big.gif' border=
"0" align="middle" /> die angenehme Kühle genießen. Es liegt
versteckt in einem schattigen Wäldchen an der "Landwehr", dem
einstigen Grenzrain gegen Kursachsen. Es ist ein kleiner, von
Menschenhand aufgeworfener Hügel. Wahrscheinlich stand hier ein
kleiner Wartturm für die Grenzwächter. Der Wallgraben ist noch
deutlich zu erkennen. Einzelne Oberflächenfunde weisen in das
15./16. Jh.<br />
<br />
Vorsicht an der morschen Brücke!
<p>Parken bei N51° 08.664 E010° 24.125 oder direkt vor Ort.</p>
<p>Die Caches Taternkreuz, Lehdeborn, Habichtstal,
Förster-Biehl-Gedenkstein, Dornschildchen, Struppeiche, Rondel und
Männerchor-Gedenkstein können gut als 11km-Jogging-Runde mit ein
paar schönen Höhenmetern oder mit dem Rad absolviert werden.
(<a href="http://www.gpsies.com/map.do?fileId=bgbcitysmaqeoqei"
target="_blank" rel="nofollow">visit link</a>)<br />
Der Lehdeborn ist allerdings nur durch einen zu-Fuß-Abstecher über
steile Treppen zu erreichen.</p>]]></DETAILS>
<COUNTRY><![CDATA[Germany]]></COUNTRY>
<STATE><![CDATA[Thüringen]]></STATE>
<ATTRIBUTES>
   <ATT>wheelchair-no.gif</ATT>
   <ATT>bicycles-yes.gif</ATT>
   <ATT>picnic-yes.gif</ATT>
   <ATT>dogs-yes.gif</ATT>
</ATTRIBUTES>
<HINTS><![CDATA[]]></HINTS>
<LOGS>
<OWNLOGID></OWNLOGID>
<OWNLOG><![CDATA[]]></OWNLOG>
<LOG><![CDATA[<img src='icon_smile.gif'>&nbsp;2010-04-11 by Brausi<br><br />Mystisch... Ein Ort mit Vergangenheit.<br>Axel<br />]]></LOG>
<LOG><![CDATA[<img src='icon_smile.gif'>&nbsp;2010-04-04 by Die_Unstrut-Hainis<br><br />Gemeinsam mit Magi007 geloggt.<br>TFTC<br>Die_Unstrut-Hainis<br />]]></LOG>
<LOG><![CDATA[<img src='icon_smile.gif'>&nbsp;2010-04-04 by Magi007<br><br />Sehr schöner cache mit den unstrut-hainis gefunden<br>TFTC<br />]]></LOG>
<LOG><![CDATA[<img src='icon_smile.gif'>&nbsp;2010-04-04 by Sascha75<br><br />Mit unpassenden Schuhen am Ostersonntag abenteuerlich gefunden die Ehefrau!<br />]]></LOG>
<LOG><![CDATA[<img src='icon_smile.gif'>&nbsp;2010-04-02 by thegorbi<br><br />Heute morgen auf einem kleinen Spaziergang das kleine Stonehenge besucht.<br>Out: TB<p>thegorbi sagt vielen Dank<br />]]></LOG>
<LOG><![CDATA[<img src='icon_smile.gif'>&nbsp;2010-03-11 by FTT<br><br />Heute mal das schöne Wetter für einen kurzen Ausflug genutzt.Eigentlich wollte ich in Mihla aktiv sein, aber da sich mein GPS geweigert hat, auf dem Rückweg dieses Döschen aufgesucht.Ein schönes Plätzchen hier.Und immernoch schön weiss...<br>In: TB<br>Out: -<br>T4T$<br />]]></LOG>
<LOG><![CDATA[<img src='icon_smile.gif'>&nbsp;2010-03-05 by klins<br><br />Was man so mitten im Wald entdecken kann....das ist aber ein besonderer Platz! Wenn´s heute nicht so kalt gewesen wäre, hier wär ein schöner Pausenplatz gewesen.<br>Vielen Dank für´s herlocken.<br>Klins & das Klein-Team + Samuel<br />]]></LOG>
<LOG><![CDATA[<img src='icon_smile.gif'>&nbsp;2010-02-26 by rageracer<br><br />Heute früh nach einem kleinen Spaziergang schnell gefunden.<p>#76 --- 26.02.2010 --- 8.10 Uhr<p>TFTC<br />]]></LOG>
<LOG><![CDATA[<img src='icon_smile.gif'>&nbsp;2010-02-18 by Cendh<br><br />So, den auch gefunden, zwar mit abgefrorenen, nassen Füßen ( zwecks ca. 50 cm Schnee <img src='http://www.geocaching.com/images/icons/icon_smile_dissapprove.gif' border=0 align=middle> )! Erstmal ewig drumherumgelaufen aber letztendlich konnte er sich net lange verstecken ! Geloggt, und wieder gut getarnt ^^ !<p>TFTC <br>cendh<p><br />]]></LOG>
<LOG><![CDATA[<img src='icon_smile.gif'>&nbsp;2009-12-26 by Jan-Ivi<br><br />Wie oft bin ich da schon gewesen, um auf Wanderungen dort zu rasten <img src='http://www.geocaching.com/images/icons/icon_smile_cool.gif' border=0 align=middle> nun haben wir gesucht - und gefunden (hat aber ne ganze Weile gedauert) - niedliche Idee, gutes Versteck! Vielen Dank<br>in: Würfel<br>out: Sterne-Männchen<br />]]></LOG>
<LOG><![CDATA[<img src='icon_smile.gif'>&nbsp;2009-11-30 by Rosenquartett<br><br />gut und schnell gefunden. was es nicht alles gibt.<br>danke fürs zeigen und grüße<br />]]></LOG>
<LOG><![CDATA[<img src='icon_smile.gif'>&nbsp;2009-08-30 by anjume<br><br />Der Zweite auf der Runde machte uns an dem historischen Ort etwas Kummer. Wir wollten schon weiter, da entdeckten wir doch noch ein mögliches Versteck.<br>Vielen Dank für den Cache.<br>Kein Tausch.<p>#381<br><br />]]></LOG>
<LOG><![CDATA[<img src='icon_smile.gif'>&nbsp;2009-08-23 by qt10709<br><br />Interessanter Platz, hätten wir hier nicht vermutet! Danke fürs Zeigen und den Cache!<br />]]></LOG>
<LOG><![CDATA[<img src='icon_smile.gif'>&nbsp;2009-08-16 by fox-hunter_I<br><br />Im zweiten Anlauf nun endlich gefunden...auch wenn die Frühlingssonne schon recht tief stand und das Tauwasser des Winters noch so manche Abkürzung zum Ziel verhinderte <img src='http://www.geocaching.com/images/icons/icon_smile_big.gif' border=0 align=middle><br>jetzt hab ich ihn und vielen Dank an Euch Beide !<br>TFTC und weiter gehts <br>FxH<br />]]></LOG>
<LOG><![CDATA[<img src='icon_smile.gif'>&nbsp;2009-08-16 by Ullina<br><br />Heute auf unserer Cache-Wanderrunde gefunden.<br>Den Ort kannten wir schon von einer früheren Wanderung, damals noch ohne Cache.<br><img src='http://www.geocaching.com/images/icons/icon_smile_cool.gif' border=0 align=middle> Ullina<br />]]></LOG>
<LOG><![CDATA[<img src='icon_smile.gif'>&nbsp;2009-07-26 by Theria3<br><br />Schöner versteckter Platz , haben ihn durch Kornfeld erklommen. Nach einigem Suchen fündig geworden.<br>Danke, Grüße Theria 3<p><img src='http://www.geocaching.com/images/icons/icon_smile_big.gif' border=0 align=middle>Übrigens, nett das du jetzt meinen Ferrari fährst....danke !<br />]]></LOG>
<LOG><![CDATA[<img src='icon_smile.gif'>&nbsp;2009-07-26 by diainsel.de<br><br />Schnell gefunden, danke fürs zeigen dieser müstischen Stelle,<br>Gruß<br>Eberhard<br />]]></LOG>
<LOG><![CDATA[<img src='icon_smile.gif'>&nbsp;2009-07-26 by oldboy2<br><br />8 / 9<br>Haben die angegebene Runde (ca. 11,5 km) nicht als Joggingrunde (sicher ganz schön anstrengend), sondern als Cacherrunde (ca. 5 gemütliche Stunden) gemacht und können sie nur empfehlen!<p>Wieder eine interessante Stelle, die wir ohne Cache NIE entdeckt hätten.<p>TFTC<br>Oldboy2 und "Die Frau aus Holland"<br />]]></LOG>
<LOG><![CDATA[<img src='icon_smile.gif'>&nbsp;2009-05-28 by Karolli<br><br />Super schöner Platz wo man es gerne länger aushalten möchte. Aber dank der Wächter die durch das T-Shirt attackieren,  muss man sich spurten.<br>TFTC<br />]]></LOG>
<LOG><![CDATA[<img src='icon_smile.gif'>&nbsp;2009-05-22 by Filly Prinzessin<br><br />Zusammen mit Gate und Scheinwiderstand auf Tour und sind troz Mücken schnell fündig geworden.<p>Danke sagt Filly Prinzessin<br />]]></LOG>
<LOG><![CDATA[<img src='icon_smile.gif'>&nbsp;2009-05-22 by Gate to Black the Forest<br><br />Nettes Tischle wer das wohl im Wald vergessen hat <img src='http://www.geocaching.com/images/icons/icon_smile_question.gif' border=0 align=middle><p> Danke für den Cache!<br />]]></LOG>
<LOG><![CDATA[<img src='icon_smile.gif'>&nbsp;2009-05-22 by scheinwiderstand<br><br />Der zweite auf unserer Tour zusammen mit Gate... und Fillyprinzessin. Ich dachte fast, das Gebiet ist älter. Die stechenden Wächter des Rondels vertrieben uns schnell. Mit Autan eine schöne Stelle zum Rasten.<br />]]></LOG>
<LOG><![CDATA[<img src='icon_smile.gif'>&nbsp;2009-04-18 by rootpeter<br><br />gefunden<br />]]></LOG>
<LOG><![CDATA[<img src='icon_smile.gif'>&nbsp;2009-04-15 by agp<br><br />Noch so ein Ort, den wir ohne unser Hobby nie entdeckt hätten - absolut sehenswert! 	<img src='http://www.geocaching.com/images/icons/icon_smile_approve.gif' border=0 align=middle><br>Wir waren allerdings froh, daß es relativ trocken war. Hier muß man an schwül-warmen Tagen bestimmt mit taubengroßen Mücken rechnen.<p>Vielen Dank für's Zeigen dieses mystischen Ortes sagen<br>agp<br />]]></LOG>
<LOG><![CDATA[<img src='icon_smile.gif'>&nbsp;2009-04-04 by GeoXpedition<br><br />Gefunden,man kann bequem bis ran fahren.<br>Warum macht ihr Tüten um eine wasserdichte Dose?<br><br />]]></LOG>
<LOG><![CDATA[<img src='icon_smile.gif'>&nbsp;2009-03-23 by AT-AT<br><br />Bei diesem Sch...wetter lieber bis hin kutschen lassen und dann das Döschen schnell gefunden.<br>TFTC<br />]]></LOG>
<LOG><![CDATA[<img src='icon_smile.gif'>&nbsp;2009-03-17 by HeiligerJoghurt<br><br />Kurzer Abstecher mit Waldlauf<br>wirklich idyllisches Plätzchen. <br>Wer nicht übers Brückchen möchte sollte sich 10m später vom Feld her anpirschen - vollig trocken und Angstfrei.<p>Dank an gollumgandalf für meinen 150ten<p>[This entry was edited by HeiligerJoghurt on Monday, March 23, 2009 at 12:26:43 PM.]<br />]]></LOG>
<LOG><![CDATA[<img src='icon_smile.gif'>&nbsp;2009-03-17 by LUPO.79<br><br />Auch dieses schöne Stückchen Erde musste auf der heutigen Runde besucht werden!<br>TFTC<br />]]></LOG>
<LOG><![CDATA[<img src='icon_smile.gif'>&nbsp;2009-03-14 by Eichsgenossen<br><br />Heute mal wieder in dieser Region unterwegs,aber wie so oft ,mit Zeitbegrenzung im Nacken.Also fast bis ran gefahren und dann ein schneller Zugriff.<br>Im Sommer ist es bestimmt ein idealer Platz zum Verweilen,es sei denn da gibt es Mücken....<br>TFTC sagen die Eichsgenossen<br />]]></LOG>
<LOG><![CDATA[<img src='icon_smile.gif'>&nbsp;2009-03-01 by GeoSittiche<br><br />Cache in schöner Location gefunden.Dort schreit es nach einem Grillevent.Wer weiß wie viele Cacher diese Brücke noch aushält,echt haarig.<br>TFTC<br>die GeoSittiche<br />]]></LOG>
<LOG><![CDATA[<img src='icon_smile.gif'>&nbsp;2009-02-28 by gloomy<br><br />Hier sind wir mal schnell hingefahren. Bei solchen Wegen macht das doch immer so viel Spaß ;-) VG und Danke, gloomy!<br />]]></LOG>
<LOG><![CDATA[<img src='icon_smile.gif'>&nbsp;2009-02-22 by Kruemel68<br><br />Danke für die Nachhilfe in der Geschichte der näheren Umgebung. 1000 Mal Struppeiche gefahren und nie was davon gewusst.<p>Grüße<p>Christel und Stefan<br />]]></LOG>
<LOG><![CDATA[<img src='icon_smile.gif'>&nbsp;2009-02-22 by JonnyH&#252;tchen<br><br />Den Reifenspuren der Vorfinder gefolgt und siehe da, es klappte. Danke fürs Herführen, unbekannter Ort.<p>Out: Coin<p>V.G. Jonny<br />]]></LOG>
<LOG><![CDATA[<img src='icon_smile.gif'>&nbsp;2009-02-21 by Hor_andy<br><br /><br>Trotz Schnee haben wir uns mit unserem Cachermobil bis heran gewagt und dann (ohne Mobil über die morsche Brücke. Die Location ist ne schöne runde Sache<img src='http://www.geocaching.com/images/icons/icon_smile_wink.gif' border=0 align=middle>. Das Versteck war schnell entdeckt und damit auch der zweite für heute.<br>TFTC<p>TBout<br>Coinin<br />]]></LOG>
<LOG><![CDATA[<img src='icon_smile.gif'>&nbsp;2009-02-21 by Traveler77<br><br />Im Team mit Hor_andy diesen Ort besucht und den Schatz gehoben. danke fürs zeigen. <img src='http://www.geocaching.com/images/icons/icon_smile_wink.gif' border=0 align=middle> TFTC<br />]]></LOG>
<LOG><![CDATA[<img src='icon_smile.gif'>&nbsp;2009-02-06 by Kloeschen<br><br />Mit Nudenn auf Döschenjagd im Mühlhäuser Umland <img src='http://www.geocaching.com/images/icons/icon_smile_cool.gif' border=0 align=middle><br>Der Ort hat uns gut gefallen. TFTC<br>In/out: TB<br><br />]]></LOG>
<LOG><![CDATA[<img src='icon_smile.gif'>&nbsp;2009-02-06 by nudenn<br><br />Auf Tour mit Kloeschen in Mühlhausen und Umgebung viele interessante Plätze besucht und schöne Caches gefunden.<br>Dank den fleißigen Schatzmeistern - wir kommen gern wieder.<br><img src='http://www.geocaching.com/images/icons/icon_smile.gif' border=0 align=middle>nudenn<img src='http://www.geocaching.com/images/icons/icon_smile.gif' border=0 align=middle><br />]]></LOG>
<LOG><![CDATA[<img src='icon_smile.gif'>&nbsp;2009-01-31 by Mueckenfett<br><br />Auf dem Wege und dann schon einmal angehalten, dann sollte dieser Ort auch besucht werden.<br>Diesen Ort kannte ich noch nicht.<br>Tom<br />]]></LOG>
<LOG><![CDATA[<img src='icon_smile.gif'>&nbsp;2009-01-30 by Hoffi1986<br><br /><img src='http://www.geocaching.com/images/icons/icon_smile_big.gif' border=0 align=middle><img src='http://www.geocaching.com/images/icons/icon_smile_big.gif' border=0 align=middle><img src='http://www.geocaching.com/images/icons/icon_smile_big.gif' border=0 align=middle> <font color="red">FTF</font> <img src='http://www.geocaching.com/images/icons/icon_smile_big.gif' border=0 align=middle><img src='http://www.geocaching.com/images/icons/icon_smile_big.gif' border=0 align=middle><img src='http://www.geocaching.com/images/icons/icon_smile_big.gif' border=0 align=middle><p>Dieses kleine Döschen hab ich am Mittwoch leider liegen lassen müssen, weil mir die Taschenlampe fehlte und das GPS leer war. Heute gleich nach der Schule nochmal losgefahren und gehofft, dass das Logbuch noch jungfäulich ist, und ich wurde belohnt! <img src='http://www.geocaching.com/images/icons/icon_smile_cool.gif' border=0 align=middle> Der kleine Fußmarsch hat nach <font color="red">6 harten Stunden Steuerlehre</font> mal echt gut getan. <img src='http://img.groundspeak.com/forums/emoticons/signal/tired.gif' width=19 height=19 border=0 align=middle> Nochmals vielen Dank an gollumgandalf für den Zweiten FTF in Folge und macht weiter so! <img src='http://img.groundspeak.com/forums/emoticons/signal/big_smile.gif' width=19 height=19 border=0 align=middle><img src='http://img.groundspeak.com/forums/emoticons/signal/big_smile.gif' width=19 height=19 border=0 align=middle><img src='http://img.groundspeak.com/forums/emoticons/signal/big_smile.gif' width=19 height=19 border=0 align=middle><br><font color="red">TFTC</font><br />]]></LOG>
<LOG><![CDATA[<img src='icon_greenlight.gif'>&nbsp;2009-01-26 by Kanne und Siki<br><br />Published<br />]]></LOG>
</LOGS>
<NOTES><![CDATA[]]></NOTES>
<IMAGES>
    <IMG>gc1kkqx_0.gif<URL>http://www.geocaching.com/images/icons/icon_smile_big.gif</URL></IMG>
    <IMGTEXT>GC1KKQX_0</IMGTEXT>
</IMAGES>
<TRAVELBUGS>
</TRAVELBUGS>
<URL><![CDATA[]]></URL>
<SOLVER><![CDATA[]]></SOLVER>
    <CACHE  name = "Rondel" owner = "Gollum &amp; Galadriel" lat = "51,136833333333" lon = "10,400833333333" hidden = "2009-01-22" wayp = "GC1KKQX" status = "" ocCacheID = "" lastSyncOC = "20100419231026" num_recommended = "0" num_found = "-1" attributesYes = "16779266" attributesNo = "2199023255552" boolFields="1922" byteFields="50466570" attributesYes1 = "0" attributesNo1 = "0" />
</CACHEDETAILS>
