<?xml version="1.0" encoding="ISO-8859-1"?>
<CACHEDETAILS>
<VERSION value = "3"/>
<DETAILS><![CDATA[<br><p style="text-align: center;" align="center"><b><i><u><span style=
"font-size: 22pt; color: red;">Das Erdbegräbnis zu Weinbergen
Seebach</span></u></i></b></p>
<p> </p>
<p style="text-align: center;" align="center"><i><span style=
"font-size: 14pt;">Das Erdbegräbnis am Rande der Ortschaft
Weinbergen Seebach ist allemal eine Erkundung wert.</span></i></p>
<p style="text-align: center;" align="center"><i><span style=
"font-size: 14pt;">Ihr findet hier Reliquien aus alten Zeiten, die
auf die damals hier lebende Familie Berlepsch
hinweist.</span></i></p>
<p style="text-align: center;" align="center"><i><span style=
"font-size: 14pt;">Diese steinernen Zeugen enthalten Hinweise die
Ihr zur Bergung des Caches braucht.</span></i></p>
<p style="text-align: center;" align="center"><i><span style=
"font-size: 14pt;">Also nehmt Euch an den Stationen etwas mehr Zeit
und schaut euch selbige und die Umgebung gut an.</span></i></p>
<p style="text-align: center;" align="center"><i><span style=
"font-size: 14pt;">Gebt gut acht wohin Ihr Eure Schritte lenkt,
weil der direkte Weg nicht auf festen Wegen verläuft. Wer will kann
diesen Cache auch als Nachtcache machen.</span></i></p>
<p><i><span style="font-size: 14pt;"> </span></i></p>
<p style="text-align: center;" align="center"><span style=
"font-size: 14pt; color: blue;">Aber nun los.</span></p>
<p><span style="font-size: 14pt;"> </span></p>
<p><u><span style=
"font-size: 18pt; color: red;">Parken:</span></u></p>
<p><span style="font-size: 14pt;"> </span></p>
<p style="text-align: center;" align="center"><span style=
"font-size: 14pt;">Euer Cachermobil könnt ihr hier eigentlich
überall parken, aber hier trotzdem noch mal die
Koordinaten.</span></p>
<p><span style="font-size: 14pt;"> </span></p>
<p><span style="font-size: 14pt;">N<span style=
"">  </span> 51° 09.849</span></p>
<p><span style="font-size: 14pt;">O 010° 30.290</span></p>
<p><span style="font-size: 14pt;"> </span></p>
<p style="text-align: center;" align="center"><span style=
"font-size: 14pt;">Nun füttert Euer GPS Gerät mit den Koordinaten
der 1. Station.</span></p>
<p><span style="font-size: 14pt;"> </span></p>
<p><u><span style="font-size: 18pt; color: red;">Station 1
Tor:</span></u></p>
<p><span style="font-size: 14pt;"> </span></p>
<p><span style="font-size: 14pt;">N<span style=
"">  </span> 51° 09.816</span></p>
<p><span style="font-size: 14pt;">O 010° 30.284</span></p>
<p><span style="font-size: 14pt;"> </span></p>
<p style="text-align: center;" align="center"><span style=
"font-size: 14pt;">Hier findet Ihr ein Steintor mit Säulen vor. Und
nun geht es los.</span></p>
<p style="text-align: center;" align="center"><span style=
"font-size: 14pt;">Wie viele Vögel (Sittiche) sieht man in der
Mitte oben am Torbogen? Notiert diese Zahl als A</span></p>
<p style="text-align: center;" align="center"><span style=
"font-size: 14pt;">Multipliziert A mit 2 und notiert Euch das
Ergebnis als BC.</span></p>
<p style="text-align: center;" align="center"><span style=
"font-size: 14pt;"> </span></p>
<p style="text-align: center;" align="center"><span style=
"font-size: 14pt;">Gebt nun die Werte für die nächste Station
ein.</span></p>
<p><span style="font-size: 14pt;"> </span></p>
<p><u><span style="font-size: 18pt; color: red;">Station 2
Kreuz:</span></u></p>
<p><span style="font-size: 14pt;"> </span></p>
<p><span style="font-size: 14pt;">N<span style=
"">  </span> 51° 09.8BC</span></p>
<p><span style="font-size: 14pt;">O 010° 30.20A</span></p>
<p><span style="font-size: 14pt;"> </span></p>
<p style="text-align: center;" align="center"><span style=
"font-size: 14pt;">Wenn das GPS richtig gerechnet hat, müsstet Ihr
jetzt an einem etwas größeren religiösen Bauwerk aus Stein stehen.
Hier gibt es Säulen, 2 kleinere Steine, 1 großen Stein und ein oben
besagtes Bauwerk.</span></p>
<p style="text-align: center;" align="center"><span style=
"font-size: 14pt;"> </span></p>
<p style="text-align: center;" align="center"><span style=
"font-size: 14pt;">Widmet Euch nun dem einzelnen Großen Stein. Ihr
findet hier den Namen &bdquo;Franziska&ldquo;.</span></p>
<p style="text-align: center;" align="center"><span style=
"font-size: 14pt;"> </span></p>
<p style="text-align: center;" align="center"><span style=
"font-size: 14pt;">Wann wurde sie geboren (Jahr)?</span></p>
<p style="text-align: center;" align="center"><span style=
"font-size: 14pt;">Subtrahiert davon 1061 und notiert Euch diese
Zahl als DEF.</span></p>
<p style="text-align: center;" align="center"><span style=
"font-size: 14pt;"> </span></p>
<p style="text-align: center;" align="center"><span style=
"font-size: 14pt;">Wann ist sie gestorben (Jahr)?</span></p>
<p style="text-align: center;" align="center"><span style=
"font-size: 14pt;">Subtrahiert davon 1807 und notiert Euch diese
Zahl als GHI.</span></p>
<p style="text-align: center;" align="center"><span style=
"font-size: 14pt;"> </span></p>
<p style="text-align: center;" align="center"><span style=
"font-size: 14pt;">Bemüht nun das GPS ein letztes Mal.</span></p>
<p><span style="font-size: 14pt;"> </span></p>
<p><u><span style="font-size: 18pt; color: red;">Station 3
Stein:</span></u></p>
<p><span style="font-size: 14pt;"> </span></p>
<p><span style="font-size: 14pt;">N<span style=
"">  </span> 51° 09.DEF</span></p>
<p><span style="font-size: 14pt;">O 010° 30.GHI</span></p>
<p><span style="font-size: 14pt;"> </span></p>
<p style="text-align: center;" align="center"><span style=
"font-size: 14pt;">Nachdem ihr Euch durch stacheliges Gestrüpp
gekämpft habt, lacht Euch ein steinerner Zeitzeuge an. Ihr seid
fast da. Macht nun noch 2 Schritte Richtung Westen vom Stein aus
und ihr stößt mit dem Kopf gegen einen Baum an dessen Fuß ihr das
Objekt der Begierde finden müsstet.</span></p>
<p style="text-align: center;" align="center"><span style=
"font-size: 14pt;">Auf der Rückseite des Steins erkennt man noch
eine Vogeltränke.</span></p>
<p style="text-align: center;" align="center"><span style=
"font-size: 14pt;"> </span></p>
<p style="text-align: center;" align="center"><span style=
"font-size: 14pt; color: blue;">Nachdem ihr euch im Logbuch
verewigt habt, verpackt wieder alles so gut Ihr könnt und habt
diesen Cache in bester Erinnerung.</span></p>
<p style="text-align: center;" align="center"><span style=
"font-size: 14pt; color: blue;"> </span></p>
<p style="text-align: center;" align="center"><span style=
"font-size: 14pt; color: blue;">PS.: Wenn Ihr noch ein paar Blumen
oder ähnliches braucht, ein Blumenladen ist direkt neben dem
Parkplatz.</span></p>
<p style="text-align: center;" align="center"><span style=
"font-size: 14pt;"> </span></p>
<p style="text-align: center;" align="center"><b><i><u><span style=
"font-size: 14pt;">In diesem Sinne &bdquo;Bis bald im
Wald&ldquo;</span></u></i></b></p>
<p> </p>
<p> </p>
<p> </p>
<p> </p>
<p> </p>
<p> </p>
<p> </p>
<p> </p>]]></DETAILS>
<COUNTRY><![CDATA[Germany]]></COUNTRY>
<STATE><![CDATA[Thüringen]]></STATE>
<ATTRIBUTES>
   <ATT>thorn-yes.gif</ATT>
   <ATT>night-yes.gif</ATT>
   <ATT>available-yes.gif</ATT>
   <ATT>quads-yes.gif</ATT>
   <ATT>motorcycles-yes.gif</ATT>
   <ATT>bicycles-yes.gif</ATT>
   <ATT>onehour-yes.gif</ATT>
   <ATT>kids-yes.gif</ATT>
   <ATT>dogs-yes.gif</ATT>
</ATTRIBUTES>
<HINTS><![CDATA[Fgngvba 2: yvaxf]]></HINTS>
<LOGS>
<OWNLOGID></OWNLOGID>
<OWNLOG><![CDATA[]]></OWNLOG>
<LOG><![CDATA[<img src='icon_smile.gif'>&nbsp;2010-04-10 by Geo-Zwerge<br><br />und wieder ne ecke die ich nie und nienich gesehen hätte aber geocache machts möglich <img src='http://www.geocaching.com/images/icons/icon_smile_big.gif' border=0 align=middle><br>so um mitternacht macht der cache noch mehr spaß vorallem wenn man bedenkt das der cache ja erdbegräbnis <img src='http://www.geocaching.com/images/icons/icon_smile_shock.gif' border=0 align=middle> heist<p>TFTC<br />]]></LOG>
<LOG><![CDATA[<img src='icon_smile.gif'>&nbsp;2010-04-09 by mediamarkt1990<br><br />schöner cache mitten in der nacht gut gefunden TFTC<br />]]></LOG>
<LOG><![CDATA[<img src='icon_smile.gif'>&nbsp;2010-02-27 by Stedolili<br><br />Super Cache, prima für unsere Kinder. In der Ecke war ich noch nie.<p>TFTC<br />]]></LOG>
<LOG><![CDATA[<img src='icon_smile.gif'>&nbsp;2010-02-21 by JFK2.0<br><br />Tftc<br />]]></LOG>
<LOG><![CDATA[<img src='icon_smile.gif'>&nbsp;2010-01-03 by heilaender123<br><br />Heute auf Sonntagstour das Döschen schnell gehoben.<br>Danke für die tolle Tour sagt der<br>                                                 Heilaender123<br>                                                                                <img src='http://www.geocaching.com/images/icons/icon_smile_big.gif' border=0 align=middle>   <img src='http://www.geocaching.com/images/icons/icon_smile_big.gif' border=0 align=middle>   <img src='http://www.geocaching.com/images/icons/icon_smile_big.gif' border=0 align=middle><br />]]></LOG>
<LOG><![CDATA[<img src='icon_smile.gif'>&nbsp;2010-01-02 by Erithacus Rubecula<br><br />Abgestaubt!<br>Heute waren wir mal wieder auf thüringischen Boden auf Tour. Zusammen mit den Eichsgenossen haben wir die Stationen des kleinen Multis schnell absolviert und auch der Final konnte sich trotz Schnee nicht lange verstecken. Gut gefunden. Danke fürs Verstecken.<br />]]></LOG>
<LOG><![CDATA[<img src='icon_smile.gif'>&nbsp;2010-01-02 by Eichsgenossen<br><br />Gemeinsam mit Erith.Rub. in winterlicher Landschaft heute durch den Schnee gestapft und alle Stationen gut gefunden.<br>DFDC --Herzliche Grüße und noch ein gesundes neues Jahr sagt Winfried/Eichsgenossen<br />]]></LOG>
<LOG><![CDATA[<img src='icon_smile.gif'>&nbsp;2009-12-29 by qt10709<br><br />Hier war ja schon lange niemand mehr! Also haben wir uns gedacht, wir schaun mal nach dem Rechten <img src='http://www.geocaching.com/images/icons/icon_smile_wink.gif' border=0 align=middle> Gut gefunden! T4TC!<br />]]></LOG>
<LOG><![CDATA[<img src='icon_smile.gif'>&nbsp;2009-09-19 by David+Chrissi<br><br />Bei einem "gemütlichen" Spaziergang durch das Gestrüpp gefunden.<br>TFTC<br>David+Chrissi<br />]]></LOG>
<LOG><![CDATA[<img src='icon_smile.gif'>&nbsp;2009-09-05 by R&#252;ben<br><br />danke für die schöne runde.<br>TFTC<br />]]></LOG>
<LOG><![CDATA[<img src='icon_smile.gif'>&nbsp;2009-09-05 by monalisa812<br><br />das ist ein sehr schöner cach da wir vor ein paar tagen den anderen cach gemacht hatten und die umgebung angesehen haben, so wussten wir schon wo zwei stationen waren.<br>daher war er sehr leicht für uns.....aber sehr schön<br />]]></LOG>
<LOG><![CDATA[<img src='icon_smile.gif'>&nbsp;2009-09-05 by Hardcore-UH<br><br />schönes versteck<br />]]></LOG>
<LOG><![CDATA[<img src='icon_smile.gif'>&nbsp;2009-08-31 by biba1981<br><br />mit FTT unterwegs gewesn nur gut das es keinen platftuß gab<img src='http://www.geocaching.com/images/icons/icon_smile.gif' border=0 align=middle><br />]]></LOG>
<LOG><![CDATA[<img src='icon_smile.gif'>&nbsp;2009-08-31 by FTT<br><br />Heute mit biba1981 vor Ort gewesen.Schnell und in aller Ruhe geloggt.<br>TFTC  <p>Out:Coin<br />]]></LOG>
<LOG><![CDATA[<img src='icon_smile.gif'>&nbsp;2009-07-23 by Super-Sp&#252;r-Nasen<br><br />Gefunden! Danke an den Owner.<br />]]></LOG>
<LOG><![CDATA[<img src='icon_smile.gif'>&nbsp;2009-07-23 by SLUBIK-BRANDSCHUTZ<br><br />Es ist immer wieder interessant, welche Orte man selbst als Ortskundiger NICHT kennt. Danke!<br />]]></LOG>
<LOG><![CDATA[<img src='icon_note.gif'>&nbsp;2009-06-02 by Black Hawk73<br><br />Heute mit der Familie bei bestem Wetter einen schönen Spaziergang gemacht und den Cache besucht. Dabei einen schönen Coin gesehen. Ansonsten alles in bester Ordnung und er kann von euch weiter besucht werden.<br>Der Owner Black Hawk73<br />]]></LOG>
<LOG><![CDATA[<img src='icon_note.gif'>&nbsp;2009-05-03 by Gapsappa<br><br />Der Geocoin "Reindeer Emotion" ist zunächst mal in der Mitte Deutschlands gelandet, wo es auch sehr nette Menschen gibt. <br>Von hier aus muss er sich nun Richtung Norden durchschlagen.<br />]]></LOG>
<LOG><![CDATA[<img src='icon_smile.gif'>&nbsp;2009-05-03 by Gapsappa<br><br />Der Besuch dieses Schatzes war mir nach einem traurigen Ereignis vor sechs Tagen und der Lektüre insbesondere der Station 2 ein besonderes Bedürfnis. Es ist schön, dass es solche Orte gibt, und ohne Geocaching würden sie vermutlich noch weniger beachtet werden.<p>Geländeschwierigkeit 1 passt allerdings nicht ganz: Mit Rollstuhl kann dieser Cache kaum gefunden werden.<p>Vielen Dank, Gapsappa<br><br />]]></LOG>
<LOG><![CDATA[<img src='icon_smile.gif'>&nbsp;2009-04-18 by wauzi08<br><br />hmm nach einer kleinen nachtrunde gefunden <br />]]></LOG>
<LOG><![CDATA[<img src='icon_smile.gif'>&nbsp;2009-04-06 by BastiVW<br><br />schicker kleine multi:-)<br />]]></LOG>
<LOG><![CDATA[<img src='icon_smile.gif'>&nbsp;2009-04-02 by mnieft<br><br />Heute auf meiner Tour mitgenommen.<br>Schon etwas grusellig hier. Auch bei Sonnenschein.  :-)<p>Out:  TB<br />]]></LOG>
<LOG><![CDATA[<img src='icon_smile.gif'>&nbsp;2009-03-24 by Traumpaar1<br><br />schöne gegend und sehr unheimlich, war leichter als gedacht <br />]]></LOG>
<LOG><![CDATA[<img src='icon_note.gif'>&nbsp;2009-03-21 by Black Hawk73<br><br />Bei super Frühlingswetter heute mal nach dem Rechten gesehen. Es duftete nach Frühling und der Cache ist noch da wo er sein soll, in bestem Zustand. Kann also weiterhin von euch besucht werden. <br />]]></LOG>
<LOG><![CDATA[<img src='icon_smile.gif'>&nbsp;2009-03-11 by madd.in<br><br />Die Stationen und das Final gut gefunden nach einer Einkaufstour. Nur die Wetterverhältnisse haben der Verpackung des Caches zugesetzt <img src='http://img.groundspeak.com/forums/emoticons/signal/ohh.gif' width=19 height=19 border=0 align=middle><br>tftc, madd.in<br />]]></LOG>
<LOG><![CDATA[<img src='icon_smile.gif'>&nbsp;2009-03-07 by GeoSittiche<br><br />Das war doch ein Cache für unseren Geschmack wo Sittiche drin vor kommen wenn auch nur aus Stein.<img src='http://www.geocaching.com/images/icons/icon_smile_big.gif' border=0 align=middle><br>Schöne Runde in der Natur.<br>TFTC<br>die GeoSittiche<br />]]></LOG>
<LOG><![CDATA[<img src='icon_smile.gif'>&nbsp;2009-02-28 by gloomy<br><br />Das war ein schöner kleiner Spaziergang. VG und Danke, gloomy!<br />]]></LOG>
<LOG><![CDATA[<img src='icon_smile.gif'>&nbsp;2009-02-22 by Kruemel68<br><br />Mir kam der Ort doch gleich irgendwie bekannt vor, an stage2 fiel es mir dann auch sofort ein. In meiner Schulzeit erlebte ich in diesem Wäldchen meine erste Nachtwanderung und genau beim religiösen Bauwerk erschrak es uns damals, das Nachtgepenst ! Wer also diesen als Nachtcache heben möchte, sollte immer mit dem Erscheinen des Geistes rechnen !<p>Danke fürs Herführen....<p>Stefan <p>IN: Maxi TB<br />]]></LOG>
<LOG><![CDATA[<img src='icon_smile.gif'>&nbsp;2009-02-22 by JonnyH&#252;tchen<br><br />So, nun auch mal wieder in Seebach gewesen, allerdings zum ersten Mal zum Cachen. Netter kleiner Multi, alle Stationen haben wir schnell gelöst. Danke dafür, <p>Jonny aus MHL<br />]]></LOG>
<LOG><![CDATA[<img src='icon_smile.gif'>&nbsp;2009-02-03 by littlesoldier<br><br />Zusammen mit Frau Conny gesucht <img src='http://www.geocaching.com/images/icons/icon_smile_tongue.gif' border=0 align=middle> & gefunden!<br>Schöne Runde in idylischer Umgebung!<br>Alles leicht gefunden!<br><br />]]></LOG>
<LOG><![CDATA[<img src='icon_smile.gif'>&nbsp;2009-01-18 by Mueckenfett<br><br />Schöner kleiner Multi,<br>alle Stationen bestens gefunden.<br>Tom & Silke<br />]]></LOG>
<LOG><![CDATA[<img src='icon_smile.gif'>&nbsp;2009-01-11 by dop3<br><br />Heute einen kleinen Winterspaziergang gemacht und alles gut Gefunden.<p><br>[This entry was edited by dop3 on Tuesday, January 20, 2009 at 1:03:33 PM.]<br />]]></LOG>
<LOG><![CDATA[<img src='icon_smile.gif'>&nbsp;2009-01-08 by Hoffi1986<br><br />Heute endlich den Heimat-Cache gefunden! Als Einheimischer kennt man den Ort und ich konnte sofort den Final heben, ohne die vorherigen Stationen gemacht zu haben. Es hat viele Kindheitserinnerungen in mir wieder geweckt, weil ich als kleiner Junge dort oft mit den anderen Kindern dort gespielt hatte. Das Gelände war damals aber noch viel gepflegter und dichter bewachsen. Die Zeit hinterlässt ihre Spuren. So nun ist Seebach nicht mehr cachefreie zone und ich sage Danke für die tolle Idee an diesem Ort.<br>TFTC<br />]]></LOG>
<LOG><![CDATA[<img src='icon_note.gif'>&nbsp;2009-01-05 by LUPO.79<br><br />...und noch einen abgelegt!<br />]]></LOG>
<LOG><![CDATA[<img src='icon_smile.gif'>&nbsp;2009-01-05 by LUPO.79<br><br />Heut nachmittag nochmal mit Junior auf den weg gemacht und diesen cache gehoben! Eindeutige Stationen und genaue koords am final sicherten den Fund. <br>TFTC<p>OUT: Coin <br>IN: 2xTB<br />]]></LOG>
<LOG><![CDATA[<img src='icon_smile.gif'>&nbsp;2009-01-04 by Bara68<br><br />Wir haben heute Seebach besucht und aufgrund der schönen und detailreichen Beschreibung den Cache ohne Probleme finden können. Auch wir sahen Fußspuren und wir waren als 4. Team vor Ort. Die Handschuhe auf dem Foto hat mein Jüngster vergessen und wurden später in der Dunkelheit abgeholt.<p>Rein: legefertigen Cache<br>Raus: Portemonnaie <br><br />]]></LOG>
<LOG><![CDATA[<img src='icon_smile.gif'>&nbsp;2009-01-04 by AT-AT<br><br />Mit gollumgandalf und Schwesterherz diesen kleinen Multi schnell gelöst. Nur gut, dass ich noch so gute Augen habe <img src='http://www.geocaching.com/images/icons/icon_smile_big.gif' border=0 align=middle>.<br>TFTC<br>PS: Die Handschuhe gehören mir nicht.<br />]]></LOG>
<LOG><![CDATA[<img src='icon_smile.gif'>&nbsp;2009-01-04 by Gollum &amp; Galadriel<br><br /><img src='http://www.geocaching.com/images/icons/icon_smile_big.gif' border=0 align=middle><img src='http://www.geocaching.com/images/icons/icon_smile_big.gif' border=0 align=middle><img src='http://www.geocaching.com/images/icons/icon_smile_big.gif' border=0 align=middle>FTF<img src='http://www.geocaching.com/images/icons/icon_smile_big.gif' border=0 align=middle><img src='http://www.geocaching.com/images/icons/icon_smile_big.gif' border=0 align=middle><img src='http://www.geocaching.com/images/icons/icon_smile_big.gif' border=0 align=middle><br>Kurz vorm Aufbruch zu LSZ's Gedenksteinen lieber noch mal schnell ins Netz geschaut und tatsächlich, da liegt ein Neuling, praktisch auch noch am Wegesrand und mit ner schönen Coin drin. Also nichts wie hin. An den FTF haben wir nicht geglaubt und im Auto orakelt, wer wohl alles schneller war. Doch je näher wir dem Final kamen, desto höher ging der Puls. Keine Fußspuren! Und tatsächlich das LB war noch jungfräulich. Wir haben dann, ob der Spuren die man hinterlässt, etwas gezögert. Dann aber auf den versprochenen Schnee gebaut, der hoffentlich die Spuren der ersten großen Welle wieder verdeckt.<br>Vielen Dank für den kleinen Multi. Die Aufgaben waren alle fix zu lösen.<br />]]></LOG>
<LOG><![CDATA[<img src='icon_smile.gif'>&nbsp;2009-01-04 by Hor_andy<br><br /><br>Wartet man nicht eigentlich bis der Erstfinder geloggt hat? Naja egal, dann reihe ich mich hier nun auch ein.<br>Diesen schönen kleinen Multi haben wir uns heute zum Sontag mal vorgenommen, das der FTF bereits weg ist konnte ich mir schon denken und die vielen Spuren im Schnee bestätigten das dann auch. Die gestellten Aufgaben sind einfach zu lösen und die Stationen sind leicht zu erreichen. Schöner Cache.<p>In der erwähnten Vogeltränke liegen noch ein Paar schwarze Winterhandschuhe (siehe Foto), die entweder dem AT-AT oder einem Buben aus Bara68's Anhang gehören sollten, falls also jemandwas vermisst...<p>TFTC<br><br />]]></LOG>
<LOG><![CDATA[<img src='icon_smile.gif'>&nbsp;2009-01-04 by FroehlicheRadlerin<br><br />Das war eine kurze, aber schöne Tour! Leider waren wir nicht die ersten, wie wir gehofft hatten, Trotzdem: vielen Dank!<br />]]></LOG>
<LOG><![CDATA[<img src='icon_smile.gif'>&nbsp;2009-01-04 by Traveler77<br><br />Hier ist ja ganz schön was los. Kaum erschienen und doch nur den sechsten Platz erreicht. Im Team mit Hor_andy die Stationen angegangen und mit dem Final belohnt worden. Danke für den kleinen Multi. <img src='http://www.geocaching.com/images/icons/icon_smile_wink.gif' border=0 align=middle> TFTC<br />]]></LOG>
<LOG><![CDATA[<img src='icon_greenlight.gif'>&nbsp;2009-01-04 by Don Rocbeer<br><br />Published<br />]]></LOG>
<LOG><![CDATA[<img src='icon_note.gif'>&nbsp;2009-01-02 by Black Hawk73<br><br />gleich mit rein<br />]]></LOG>
</LOGS>
<NOTES><![CDATA[]]></NOTES>
<IMAGES>
</IMAGES>
<TRAVELBUGS>
  <tb guid="8c105031-2e33-4a0b-aa82-a65f7fb490f6"><name><![CDATA[Cacher's Best Friend]]></name><![CDATA[Der Travelbug ist mit einer Filmdose ausgestattet. Wie bei jedem Cache üblich soll sich darin eingetragen werden. Wenn das Logbuch voll ist bitte wieder auf die Heimreise oder ich werde versuchen ihn einzusammeln. Bitte nicht "ewig" behalten.]]></tb>
</TRAVELBUGS>
<URL><![CDATA[]]></URL>
<SOLVER><![CDATA[]]></SOLVER>
    <CACHE  name = "Das Erdbegr&#228;bnis zu Weinbergen Seebach" owner = "Black Hawk73" lat = "51,1636" lon = "10,504733333333" hidden = "2008-12-31" wayp = "GC1K9V0" status = "" ocCacheID = "" lastSyncOC = "20100419225542" num_recommended = "0" num_found = "-1" attributesYes = "137576974339" attributesNo = "0" boolFields="1930" byteFields="67309327" attributesYes1 = "0" attributesNo1 = "0" />
</CACHEDETAILS>
