<?xml version="1.0" encoding="ISO-8859-1"?>
<CACHEDETAILS>
<VERSION value = "3"/>
<DETAILS><![CDATA[Ein Brückencache mit Raffinessen.
<br>Wir möchten euch einen vergessenen Teil der Vogteier Bimmelbahn
zeigen. Welche von 1911 bis 02.09.1969 in Betrieb war. Schienen
sind dort nicht mehr vorhanden, aber das Eisenbahnfeeling ist doch
noch spürbar. Weitere Infos unter<br />
(<a href=
"http://de.wikipedia.org/wiki/Bahnstrecke_M%C3%BChlhausen%E2%80%93Treffurt"
target="_blank" rel="nofollow">visit link</a>)<br />
Bei diesem Cache ist einige Gelenkigkeit gefragt um
Höhenunterschiede zu überwinden und auch die Rätselfreunde kommen
nicht zu kurz.
<p>Startkoordinaten/Parken<br />
Start: Bei obengenannten Koordinaten findet ihr ein blaues
Schild<br />
Wie heißt Herr Walter mit vollständigem Vornamen. Die Summe der
Buchstaben der Vornamen x 65 = X<br />
Koordinaten für:<br />
Station A: N 51° 11.(XXX)<br />
E 010° 29.023<br />
Station D: N 51° 12.(XXX)<br />
E 010° 28.993<br />
Final: N 51° 12.(XXX)<br />
E 010° 28.932</p>]]></DETAILS>
<COUNTRY><![CDATA[Germany]]></COUNTRY>
<STATE><![CDATA[Thüringen]]></STATE>
<ATTRIBUTES>
   <ATT>bicycles-no.gif</ATT>
   <ATT>stroller-no.gif</ATT>
   <ATT>kids-no.gif</ATT>
   <ATT>night-no.gif</ATT>
   <ATT>wheelchair-no.gif</ATT>
   <ATT>parking-yes.gif</ATT>
   <ATT>dogs-yes.gif</ATT>
</ATTRIBUTES>
<HINTS><![CDATA[Fgngvba N: Oyrpu<br>Fgngvba O: ab Uvagf<br>Fgngvba P: Fuvg<br>Fgngvba Q: Zvggr jrfgyvpu<br>Svany : Jrvqr  bora]]></HINTS>
<LOGS>
<OWNLOGID></OWNLOGID>
<OWNLOG><![CDATA[]]></OWNLOG>
<LOG><![CDATA[<img src='icon_note.gif'>&nbsp;2010-04-11 by GeoSittiche<br><br />Cachekontrolle.Liebe Cachergemeinde,die Dose bitte wieder so platzieren,wie Ihr sie vorgefunden habt.<img src='http://www.geocaching.com/images/icons/icon_smile_angry.gif' border=0 align=middle><br>Grüße,die GeoSittiche<br />]]></LOG>
<LOG><![CDATA[<img src='icon_smile.gif'>&nbsp;2010-04-05 by dop3<br><br />Seit der veröffentlichung haperte es bei uns an der shit station. Heute endlich haben wir mal dort weiter gemacht und sind auch bis zum final gekommen. Eigentlich eine schöne runde bis auf das Final was sehr vermüllt ist. P.s Wieso liegt da ein Motorroller mit Kennzeichen und eine Crossmaschine so einfach rum <img src='http://www.geocaching.com/images/icons/icon_smile_question.gif' border=0 align=middle>. Der Final lag ausserdem einfach so auf der erde wir haben ihn wieder angebracht.<p>TFTC dop3&sandra<br />]]></LOG>
<LOG><![CDATA[<img src='icon_smile.gif'>&nbsp;2010-03-14 by David+Chrissi<br><br />Auch dieser Cache stand heute auf unserer To-Do-Liste.Brauchten allerdings ein bisschen Hilfe..<br>TFTC<p>David+Chrissi<br />]]></LOG>
<LOG><![CDATA[<img src='icon_smile.gif'>&nbsp;2009-12-22 by Chris601<br><br />Kitty überredete mich trotz des miesen Wetters zu diesem Schatz, den ich mir ja extra wegen ihr aufgehoben hatte.<p>Es war ein guter Durchmarsch. Keine Stage konnte sich vor uns verstecken.<p>Danke für die Schöne Runde!<p>#550<br />]]></LOG>
<LOG><![CDATA[<img src='icon_smile.gif'>&nbsp;2009-12-22 by caprikitty<br><br />Heute zusammen mit meinem Schatz los gezogen und alle Stationen gut und auf Anhieb gefunden.<br>vielen Dank<br />]]></LOG>
<LOG><![CDATA[<img src='icon_smile.gif'>&nbsp;2009-12-09 by Hardcore-UH<br><br />heute früh mal mit dem moped nach MHL und alles gut und schnell gefunden das final war ser schön gemacht und war schnell gefunden danke sagt Fips Team Hardcore-UH<p>TFTC<br />]]></LOG>
<LOG><![CDATA[<img src='icon_smile.gif'>&nbsp;2009-11-30 by mediamarkt1990<br><br />super cache nur zu empfehlen beim 2. anlauf geklapt<br />]]></LOG>
<LOG><![CDATA[<img src='icon_smile.gif'>&nbsp;2009-11-28 by Darmsaft<br><br />War vor einigen Tagen schon einmal mit Rüben, Mona, Mimi und den Zwergen dort, haben aber leider die eine Stage nicht gefunden. Als wir dann den Hint bekommen haben, ging alles ganz schnell. Auf dem Rest des Weges ist mir aufgefallen, dass ich den gesamten Weg beim letzten Mal schon zurückgelegt habe und 5m neben dem Final stand :/ Ärgerlich ...<br>Aber auf jeden Fall ein sehr schöner Cache, nur zu empfehlen ;)<br>TFTC<br />]]></LOG>
<LOG><![CDATA[<img src='icon_smile.gif'>&nbsp;2009-11-28 by Geo-Zwerge<br><br />aua aua aua mein kopf der tut immer noch weh wenn ich dran kömme <img src='http://www.geocaching.com/images/icons/icon_smile_sad.gif' border=0 align=middle><br>aber viel sagen muß ich ja nicht haben die anderen schon gemacht <img src='http://www.geocaching.com/images/icons/icon_smile_big.gif' border=0 align=middle><p>TFTC<br />]]></LOG>
<LOG><![CDATA[<img src='icon_smile.gif'>&nbsp;2009-11-28 by R&#252;ben<br><br />so wie die anderen schon gesagt haben, war der rest kein problem mehr!<br>der geo-zwerg hat auch ein schönes pfeilchen bekommen, also ein super andenken <img src='http://www.geocaching.com/images/icons/icon_smile_big.gif' border=0 align=middle><br>mensch, aber mal im ernst an der stelle wo shit ist haben wir alles abgesucht so blind kann man gar nicht sein, <br>nun ja der rest war dann leicht zu finden da wir ja das letzte mal fast an final waren!<br>TFTC<br />]]></LOG>
<LOG><![CDATA[<img src='icon_smile.gif'>&nbsp;2009-11-28 by monalisa812<br><br />juhu heute endlich gefunden, dank einem tipp! wir haben ganz schön tomaten auf den augen!<br>nur gut das der rest dann kein problem mehr war, denn wir haben ja das letzte mal die lange schon<br>gepeilt! also ging der rest heute sehr sehr schnell!<br>aber eine sehr schöne idee!<br>hoffe die geo-zwerge tun dann noch ein paar lustige bilder rein, von unserem amüsanten abend!<br>Danke für den cach...............<br />]]></LOG>
<LOG><![CDATA[<img src='icon_smile.gif'>&nbsp;2009-11-28 by Prinzessin_Mimi<br><br />Heute hat es uns keine Ruhe mehr gelassen: wir mussten diesen Cache beenden :D<br>Also schnell Mückenfett angebimmelt und der hat uns bei "Shit" weiter geholfen.<br>Natürlich mussten wir feststellen, dass wir die letzten 2 Stationen und das Final schon "unbewusst" gemacht haben beim suchen nach der einen Station :D<br>Deswegen ging es schnell und wir hatten noch genug Zeit um uns den Müll anzugucken.<br>TFTC =)<br />]]></LOG>
<LOG><![CDATA[<img src='icon_note.gif'>&nbsp;2009-11-28 by GeoSittiche<br><br />Haben heute Cachekontrolle gemacht,war alles so wie es sein soll.<br>Noch mal der Hinweis,nicht unbedingt als Nachtcache zu empfehlen.<br>die GeoSittiche<br />]]></LOG>
<LOG><![CDATA[<img src='icon_smile.gif'>&nbsp;2009-07-14 by FTT<br><br />An die Finalkoords zu gelangen gestaltete sich ein wenig schwierig auf Grund der vorherrschenden Vegetation, was Burnair aber nicht weiter störte.Nach einigen entfernten Dornen war der Weg zum Final dann endlich frei.<br>TFTC<br />]]></LOG>
<LOG><![CDATA[<img src='icon_smile.gif'>&nbsp;2009-07-14 by burnair<br><br />ab durch die hecken....hehe<br />]]></LOG>
<LOG><![CDATA[<img src='icon_smile.gif'>&nbsp;2009-07-14 by biba1981<br><br />heute endlich schon x mal da gewesen gut das burnair mit war und sich wieder wie die axt im walde benahm und den letzten hinweis fand danach gings ganz fix<img src='http://www.geocaching.com/images/icons/icon_smile.gif' border=0 align=middle><br />]]></LOG>
<LOG><![CDATA[<img src='icon_smile.gif'>&nbsp;2009-04-28 by BastiVW<br><br />So nun entlich beim 3. Anlauf gefunden und mit nem kleinen tipp an der 2 Brücke, danke noch mal. Ein schöner multi sag ich dazu. <br />]]></LOG>
<LOG><![CDATA[<img src='icon_smile.gif'>&nbsp;2009-04-12 by KaputtesLicht<br><br />Bei tollem Wetter einen kleinen Ausflug mit Henry unternommen und diesen tollen Cache gefunden! Vielen Dank fürs zeigen<br />]]></LOG>
<LOG><![CDATA[<img src='icon_smile.gif'>&nbsp;2009-04-04 by OHA<br><br />TFTC<br />]]></LOG>
<LOG><![CDATA[<img src='icon_smile.gif'>&nbsp;2009-04-04 by cjt2007<br><br />Die Stages an der ersten Brücke und an der zweiten Brücke haben uns schon ganz schön schwitzen lassen, trotzdem konnte sich der nett gemachte Final nicht lange vor uns verbergen. Irgendwie war der Metallhaufen daneben fast interessanter - dabei hatten wir das mit der Geldkasette noch nichtmal gelesen <img src='http://www.geocaching.com/images/icons/icon_smile_wink.gif' border=0 align=middle><img src='http://www.geocaching.com/images/icons/icon_smile_big.gif' border=0 align=middle><br />]]></LOG>
<LOG><![CDATA[<img src='icon_smile.gif'>&nbsp;2009-03-15 by FroehlicheRadlerin<br><br />Bara hat ja leider die Beweisfotos schon abgeliefert, aber ich schwöre: außer alten Papieren und ein paar Cents war nix drin inne Kassedde! Sonst wäre ich jetzt schon über alle Berge und müsste morgen früh nicht wieder zur Arbeit fahren.<br>Jaaa, das war ein interessanter Cache: teilweise haben wir uns ganz schön angestellt und waren trotz genauestens Hinguckens nicht in der Lage, Stationen zu entdecken. Nachdem ich dann eine Lawine von Telefonaten ausgelöst hatte (danke nochmal allen, die geholfen haben! <img src='http://www.geocaching.com/images/icons/icon_smile_wink.gif' border=0 align=middle> ), vertraute ich auf Baras Spürsinn. Dieser nahm den Tipp von TJ-Tipp von Tom schon vorweg, und so waren wir relativ bald glücklich, den wunderbar versteckten Schatz in der Hand halten zu können. <br>Während Bara, der alte Gauner, sich selbstzufrieden im Sessel zurücklehnte, durchforschten wir noch etwas die Möbelstücke vor Ort und mussten über unsere Funde grinsen - oder staunen. Vielen Dank für diesen schönen Cache! Lässt sich bestimmt auch gut mit dem Nachtcache im Thomas-Müntzer-Park kombinieren, der übrigens mein erster dieser Art war... <br />]]></LOG>
<LOG><![CDATA[<img src='icon_smile.gif'>&nbsp;2009-03-15 by Bara68<br><br />Wir haben heute im Team diese schöne anspruchsvolle Runde absolviert. Obwohl der Anfang problemlos verlief, fanden wir nur mit Umwegen den richtigen Weg zum Bahndamm. Insbesondere bei den letzten beiden Stationen waren wir wohl schon etwas müde geworden. Dadurch hatten wir hier große Probleme, die richtigen Hinweise zu finden. Das Final hingegen konnte sofort erspäht und geborgen werden. <p>Direkt neben dem Final fanden wir dann einen echten Geldschatz. Neben Bürostühlen, Computermonitoren und Radios standen hier etliche Bürocontainer rum. In einem abgeschlossenen Bürocontainer befand sich neben wichtigen Buchhaltungsunterlagen einer bekannten Firma auch eine große Geldkassette mit Geld. Ich zog es vor, mich auf einem bequemen Bürostuhl auszuruhen, während das andere Team sich die Taschen mit dem Geld füllten. Die leere Geldkassette haben wir dort zurück gelassen. <p>Vielen Dank für diese schöne Tour sagt Bara68<br />]]></LOG>
<LOG><![CDATA[<img src='icon_smile.gif'>&nbsp;2009-02-28 by gloomy<br><br />Das war ein sehr schöner Cache mit tollen Stationen. So muss das sein! VG und Danke, gloomy!<br />]]></LOG>
<LOG><![CDATA[<img src='icon_smile.gif'>&nbsp;2009-02-06 by Seve<br><br />Ui, dieser Cache hat mich ein paar Nerven gekostet, aber letzten Endes konnte ich ihn ohne fremde Hilfe noch finden!<br>Angefangen hat es ganz gut, den ersten Hinweis fand ich erstaunlich schnell. Wenn man jedoch nicht richtig liest und aufgrund dessen falsch rechnet, muss man sich nicht wundern, wenn man sich im nassen Dreck zwischen herumliegendem Müll die Schuhe aussaut. Nach einem Gedankenblitz waren die richtigen Koordinaten errechnet und weiter ging's. Station B zu finden dauerte etwas länger und erforderte einiges an Gleichgewichtskoordination. Doch die schwerste Station sollte nun folgen. Es war bereits dunkel und mit dem kargen Licht meiner Handyleuchte wollte sich der Hinweis einfach nicht zeigen. Ich gab auf und auf dem Rückweg zum Auto schoss mir nach halber Strecke durch den Kopf: "Mensch, da gab's doch nen Hint!" Und da ich mit dem sofort was anfangen konnte bin ich wieder zurück und wurde nach kurzer Suche Gott sei Dank auch fündig! Station D ging dann wieder Ruckzuck und so konnte ich schließlich auch das ganz toll gemachte Final entdecken! Eine schöne Strecke, die in der Dunkelheit auch ihren speziellen Reiz hat, dankeschön dafür.<p>Seve<p>out: TB<br>in: Coin<br />]]></LOG>
<LOG><![CDATA[<img src='icon_smile.gif'>&nbsp;2009-01-07 by Grottenolm87<br><br />Da schließ ich mich mal dem Log der Eichgenossen an. Ich muss aber fairerweise sagen, dass wir zu Beginn doch schon den Telefonjoker brauchten. Zudem hatten wir dann angst, dass es noch schwerer werden würde, denn wir hatten ja nur noch den Publikums- und den 50-50-Joker<img src='http://www.geocaching.com/images/icons/icon_smile_tongue.gif' border=0 align=middle>. Es wurde dann aber doch nicht so schwer (außer der Muggel), sodass wir ihn dann schließlich einen Tag später finden konnten. TFTC<p>Der Grottenolm <br />]]></LOG>
<LOG><![CDATA[<img src='icon_smile.gif'>&nbsp;2009-01-07 by Eichsgenossen<br><br />Nachdem wir am gestrigen Tag diesen anspruchsvollen Cache begonnen ,aber wegen eines in der Nähe hantierenden Muggels unmittelbar neben dem Finale abgebrochen haben,heute im "Blitzangriff" die Cachebox erobert.<br>Es ist schon beeindruckend was man doch für unbekannte Eisenbahnrelikte endecken und durchs Cachen gezeigt bekommt.Wie gesagt ein anspruchsvoller Cache-- der seine vier Sterne verdient hat.<br>TFTC sagen die Eichsgenossen<br />]]></LOG>
<LOG><![CDATA[<img src='icon_smile.gif'>&nbsp;2009-01-02 by AT-AT<br><br />Mit gollumgandalf gefunden. Ich hab mein Blut geopfert <img src='http://www.geocaching.com/images/icons/icon_smile_sad.gif' border=0 align=middle><br>Danke für das kleine Abenteuer.<br />]]></LOG>
<LOG><![CDATA[<img src='icon_smile.gif'>&nbsp;2009-01-02 by Gollum &amp; Galadriel<br><br />Beim gestrigen Versuch haben wir Station 1 gut gemeistert. Dann sind wir bei den "Wächtern" ewig hängen geblieben. An Station 2 hat es blutige Finger gegeben, aber das 1. Hilfe-Päckchen hat schnell geholfen. An Station 3 war dann Schluss. Wir haben den Hinweis zwar gesehen, konnten aber nichts damit anfangen und hatten auch nicht die nötige Ausrüstung dabei. Da musste erst ein Denkanstoß von den Ownern her. Heute haben wir nun noch den sportlichen Rest gemeistert und uns über das tolle Versteck gefreut.<br>Vielen Dank für den raffinierten Cache.<br>Coins getauscht<br />]]></LOG>
<LOG><![CDATA[<img src='icon_smile.gif'>&nbsp;2008-12-30 by Hor_andy<br><br /><br>Ohne Brockhaus und auch ohne SOS zu funken konnten wir diesen Cache samt seiner Rätsel gut lösen, einzig Stage C erschien uns irgendwie unstimmig, aber wahrscheinlich ist das nur spiegelverkehrt? Schöner Cache mit netten Final (aber ist das nicht auch ohne Zaun ein Privatgrundstück?)<br>TFTC<br><br />]]></LOG>
<LOG><![CDATA[<img src='icon_smile.gif'>&nbsp;2008-12-30 by Traveler77<br><br />Heute ohne Brockhaus, dafür mit Hor_andy den Cache angegangen. Rätsel gelöst, von Station zu Station gehangelt und an Stage 3 wohl falsch gelesen. Aber mit dem richtigen Riecher muß man nicht aufgeben. Also weiter geht´s, bis zum schön gemachten Final. Danke fürs zeigen. <img src='http://www.geocaching.com/images/icons/icon_smile_wink.gif' border=0 align=middle> TFTC<br>P.S. Coin getauscht.<br />]]></LOG>
<LOG><![CDATA[<img src='icon_smile.gif'>&nbsp;2008-12-28 by Mueckenfett<br><br />Sonntagsradrunde<br>und ein neuer von den Geosittichen dabei <img src='http://www.geocaching.com/images/icons/icon_smile_big.gif' border=0 align=middle><br>Wenn man den Telefonmann gelöst hat,dann braucht man mehr Infomaterial.<br>Also erst mal beim Mittag gestärkt und Söckchen mit ihrem 27 teiligen Brockhaus eingepackt.<br>An Station 2 freuten wir uns riesig <img src='http://www.geocaching.com/images/icons/icon_smile_wink.gif' border=0 align=middle><br>unsere Vermutung war richtig.<br>Weiter gings mit vollem Elan, nur Söckchen war sehr langsam mit so viel Gepäck <img src='http://www.geocaching.com/images/icons/icon_smile_clown.gif' border=0 align=middle><br>Der Final war dann nur noch eine Kleinigkeit.<br>Danke sagen <br>Tom & Silke<br />]]></LOG>
<LOG><![CDATA[<img src='icon_smile.gif'>&nbsp;2008-12-28 by madd.in<br><br />Juhu mal wieder ein neuer anspruchsvoller Cache in MHL...na dann mal los !!!<br>Von kleinen Cache-Kinderkrankheiten abgesehen haben wir alles gut gefunden und hatten trotz eisiger Kälte (zum Glück, den sonst wären die Bodenverhältnisse schwieriger) ein Mords-Spaß an der ehemaligen Bimmelbahn <img src='http://www.geocaching.com/images/icons/icon_smile_big.gif' border=0 align=middle>...<br>tftc, madd.in<br />]]></LOG>
<LOG><![CDATA[<img src='icon_smile.gif'>&nbsp;2008-12-28 by Hoffi1986<br><br /><img src='http://www.geocaching.com/images/icons/icon_smile_big.gif' border=0 align=middle><img src='http://www.geocaching.com/images/icons/icon_smile_big.gif' border=0 align=middle><img src='http://www.geocaching.com/images/icons/icon_smile_big.gif' border=0 align=middle>FTF<img src='http://www.geocaching.com/images/icons/icon_smile_big.gif' border=0 align=middle><img src='http://www.geocaching.com/images/icons/icon_smile_big.gif' border=0 align=middle><img src='http://www.geocaching.com/images/icons/icon_smile_big.gif' border=0 align=middle><br>Ein waghalsiger Brückencache mit Raffinessen! Im Team mit madd.in in aller Frühe gesucht und gefunden! Toll gemachte Stationen, vor allem heute früh waren überall wunderschöne Eiszapfen zu sehen. Bei Regen wird der Boden aber schnell zur Rutschbahn und die Terrainwertung steigt auf 5 von 5 Sternen.<br>TFTC<br />]]></LOG>
<LOG><![CDATA[<img src='icon_greenlight.gif'>&nbsp;2008-12-27 by fortwo<br><br />Published<br />]]></LOG>
</LOGS>
<NOTES><![CDATA[]]></NOTES>
<IMAGES>
</IMAGES>
<TRAVELBUGS>
</TRAVELBUGS>
<URL><![CDATA[]]></URL>
<SOLVER><![CDATA[]]></SOLVER>
    <CACHE  name = "Br&#252;cken der Vogteier Bimmelbahn" owner = "GeoSittiche" lat = "51,1981" lon = "10,482233333333" hidden = "2008-12-21" wayp = "GC1K1DD" status = "" ocCacheID = "" lastSyncOC = "20100419230158" num_recommended = "0" num_found = "-1" attributesYes = "4196352" attributesNo = "2233384173570" boolFields="1922" byteFields="50538526" attributesYes1 = "0" attributesNo1 = "0" />
</CACHEDETAILS>
