<?xml version="1.0" encoding="ISO-8859-1"?>
<CACHEDETAILS>
<VERSION value = "3"/>
<DETAILS><![CDATA[<br><p style="text-align: center; font-family: Tahoma;" align="center">
<strong><span style="font-size: 13.5pt; color: black;"><img style=
"width: 628px; height: 175px;" alt="" src=
"http://img.geocaching.com/cache/7835f375-45ff-4e57-ade3-a009a544c988.jpg" /></span></strong></p>
<p style="text-align: center; font-family: Tahoma;" align="center">
<strong><span style="font-size: 13.5pt; color: black;">Dieser
bekannte Kupferstich von</span></strong> <b><span style=
"font-size: 13.5pt; color: black;">Matthäus Merian</span></b>
<strong><span style=
"color: black;">(1593-1650)</span></strong><strong><span style=
"font-size: 13.5pt; color: black;"> weist einige Fehler auf
die ihr nun finden müsst.</span></strong></p>
<p style="text-align: center; font-family: Tahoma;" align="center">
<strong><span style="color: black;">Auf der Wikipedia Seite von
Mühlhausen</span></strong><span style=
"color: black;"> <strong>kann man sich das Original in einer
höheren Auflösung runterladen! An die Cachekoordinaten kommt ihr
wie folgt:</strong></span></p>
<p style="text-align: center; font-family: Tahoma;" align="center">
<strong><span style="color: black;">Wenn ihr glaubt, alle Fehler
gefunden zu haben, dann schaut euch die Gitternetzkarte des
Kupferstiches mit seinen 18 beschrifteten Planquadraten an. Schaut,
wo der jeweilige Fehler im Bild liegt und notiert euch den
entsprechenden Buchstaben des Planquadrates. Die weitere
Vorgehensweise erläutert am besten eine Beispieltabelle zur
Ermittlung der Finalkoordinaten.</span></strong></p>
<p style="text-align: center; font-family: Tahoma;" align="center">
<span style="color: black;"> </span><strong><span style=
"font-size: 24pt; color: black;">N 51° 11.Z1</span></strong></p>
<p style="text-align: center; font-family: Tahoma;" align="center">
<strong><span style="font-size: 24pt; color: black;">E 010°
23.Z2</span></strong></p>
<p style="text-align: center; font-family: Tahoma;">
<small><span style="font-size: 9pt; color: black;">Ihr braucht
keine Software zum Finden! Switcht einfach zwischen Original und
Fälschung hin und her und ihr werdet bald fündig
werden!</span><br />
Deine Lösung für die Koordinaten dieses Rätsels kannst du
auf </small><small><a href=
"http://www.geochecker.com/index.php?code=7d908b1f6b61718785305eaf813302d8&action=check&wp=4743314d455654&name=6465722020676566e46c7363687465204b75706665727374696368&language=German">Geochecker.com</a>
überprüfen. </small></p>
<p style="text-align: center; font-family: Tahoma;" align="center">
<span style=""> </span></p>]]></DETAILS>
<COUNTRY><![CDATA[Germany]]></COUNTRY>
<STATE><![CDATA[Thüringen]]></STATE>
<ATTRIBUTES>
   <ATT>wheelchair-no.gif</ATT>
   <ATT>ticks-yes.gif</ATT>
   <ATT>winter-yes.gif</ATT>
   <ATT>jeeps-yes.gif</ATT>
   <ATT>quads-yes.gif</ATT>
   <ATT>bicycles-yes.gif</ATT>
   <ATT>picnic-yes.gif</ATT>
   <ATT>parking-yes.gif</ATT>
   <ATT>dogs-yes.gif</ATT>
</ATTRIBUTES>
<HINTS><![CDATA[avpug nz obqra]]></HINTS>
<LOGS>
<OWNLOGID></OWNLOGID>
<OWNLOG><![CDATA[]]></OWNLOG>
<LOG><![CDATA[<img src='icon_note.gif'>&nbsp;2010-03-28 by dop3<br><br />Heute mal schnell die Cache Verpackung Repariert. Jetzt ist alles wieder fest.<br />]]></LOG>
<LOG><![CDATA[<img src='icon_note.gif'>&nbsp;2010-03-06 by Hoffi1986<br><br />TB Brieftaube im Rahmen von tb-rescue.com gerettet und mitgenommen.<br>Gruß<br>Hoffi1986<br />]]></LOG>
<LOG><![CDATA[<img src='icon_smile.gif'>&nbsp;2009-12-27 by two rubsners<br><br />Gelöst hatten wir diesen Cache schon vor langer Zeit, einen Anlauf hatten wir auch unternommen, aber heute erst gefunden.<br />]]></LOG>
<LOG><![CDATA[<img src='icon_smile.gif'>&nbsp;2009-12-05 by Hardcore-UH<br><br />war leicht zu knacken ich mag solche rätsel , schnell gerechnet und hin volltreffer gefunden<br>TFTC Gruß Fips & Basti Team Hardcore-UH   <p>in TB<p>[This entry was edited by Hardcore-UH on Saturday, December 05, 2009 at 11:51:38 AM.]<br />]]></LOG>
<LOG><![CDATA[<img src='icon_smile.gif'>&nbsp;2009-09-05 by wauzi08<br><br />Mannomann, war das ein tolles Rätsel!<br>Nach gehöriger Weile mal diese harte Nuss abgehakt!<br>TFTC<br />]]></LOG>
<LOG><![CDATA[<img src='icon_note.gif'>&nbsp;2009-09-05 by Hoffi1986<br><br />Mal wieder was getauscht auf der heutigen Runde!<br>Schöne Grüße<br />]]></LOG>
<LOG><![CDATA[<img src='icon_smile.gif'>&nbsp;2009-08-23 by Grottenolm87<br><br />In 20 min waren die Koords rausgefunden. Beim Cache dauerte es dann aufgrund der Dunkelheit doch etwas länger, aber dann war auch der gefunden. TFTC<p>Der Grottenolm<br />]]></LOG>
<LOG><![CDATA[<img src='icon_smile.gif'>&nbsp;2009-08-23 by Eichsgenossen<br><br />Heute spontan mit Grottenolm 87 verabredet, wohin:... Mühlhausen .Dort einige Caches ge-besucht. Dann wieder n.Hause und gemeinsam über dem "Kupferstich" gesessen.Da kann ich nur Danke sagen denn Jonathan hatte relativ schnell die Lösung und somit die Finalkoord.<br>Mitlerweile war es schon 24.Uhr-- nochmal los--oder nicht.Natürlich los. Da haben wir erstmal ratlos bei den ermitt.Koord.gestanden.Dann alle mögl.Vesteckvarianten an-und aus- geleuchtet.Der muss doch zu finden sein.Beim nochmaligen Absuchen war endlich das Versteck erkannt.Gelungener und anspruchsvoller Cache der es aber In sich hat...<br>Ein herzl.Gruß und DFDC sagt Winfried/Eichsgenossen<p>OUT:COIN<br>IN  : COIN<br />]]></LOG>
<LOG><![CDATA[<img src='icon_smile.gif'>&nbsp;2009-07-20 by Mueckenfett<br><br />Man hat der Nerven gekostet, aber dann doch noch das Döschen gefunden.<br>Tom<br />]]></LOG>
<LOG><![CDATA[<img src='icon_smile.gif'>&nbsp;2009-07-12 by burnair<br><br />mit biba1981 und ftt auf der suche gewesen...der jäger war gut..hehe<br />]]></LOG>
<LOG><![CDATA[<img src='icon_smile.gif'>&nbsp;2009-07-12 by FTT<br><br />Heute mit biba1981 und burnair mal vor Ort gewesen nachdem wir diese Woche das Rätsel gelöst hatten.Die Koords führten erstmal in die falsche Richtung, dann kam noch ein Jäger von der Jagd.Also erstmal abwarten.Dann weitergesucht und etwas fiel ins Auge.Gut daß wir mit Fahrrädern da waren sonst wär das wohl nichts geworden...."Nicht am Boden" ist gut <img src='http://www.geocaching.com/images/icons/icon_smile_big.gif' border=0 align=middle><br />]]></LOG>
<LOG><![CDATA[<img src='icon_smile.gif'>&nbsp;2009-07-12 by biba1981<br><br />fast nicht gefunden wollten schon wieder los nur gut das Burnair da war bei 1.68 garnicht machbar <img src='http://www.geocaching.com/images/icons/icon_smile_blackeye.gif' border=0 align=middle><br />]]></LOG>
<LOG><![CDATA[<img src='icon_smile.gif'>&nbsp;2009-07-04 by GeoSittiche<br><br />Eine wirklich schöne Cache-Idee wo besonders die GeoSittiche über das Final entzückt waren.Jedoch würden wir wahrscheinlich ohne Softwareunterstützung jetzt noch zwischen den Bildern hin und her switchen.Kein Cache für zwei Minuten.<br>TFTC<br>die GeoSittiche<br />]]></LOG>
<LOG><![CDATA[<img src='icon_note.gif'>&nbsp;2009-06-23 by Hoffi1986<br><br />Coin rein und TB raus!<br>War gerade in der Nähe<img src='http://www.geocaching.com/images/icons/icon_smile_big.gif' border=0 align=middle><br />]]></LOG>
<LOG><![CDATA[<img src='icon_smile.gif'>&nbsp;2009-06-21 by AT-AT<br><br />Von gollumgandalf die Lösung abgestaubt und heute das Döschen geangelt. Sah erst unmachbar aus.<br>TFTC<br />]]></LOG>
<LOG><![CDATA[<img src='icon_note.gif'>&nbsp;2009-06-07 by Hoffi1986<br><br />Habe auch nochmal mein Ergebnis überprüft und es stimmt.<br>Schön, dass ihr noch den Geochecker eingebaut habt. <img src='http://www.geocaching.com/images/icons/icon_smile.gif' border=0 align=middle><br />]]></LOG>
<LOG><![CDATA[<img src='icon_smile.gif'>&nbsp;2009-06-07 by Hor_andy<br><br />Das Rätsel hatten wir beide schon gelöst, heute konnte Traveler77 und ich die Dose bergen fahren. Das Final hat wie ich denke schon etwas mehr als 2,5 T-Sterne, war gar nicht einfach ranzukommen. Das Rätsel an sich war ein erfrischender Spass, das war mal wieder was anderes.<br>Danke für diesen Cache.<p>PS: Die Terrainwertung überdenken.<p>[This entry was edited by Hor_andy on Sunday, June 07, 2009 at 1:02:12 PM.]<br />]]></LOG>
<LOG><![CDATA[<img src='icon_smile.gif'>&nbsp;2009-06-07 by Traveler77<br><br />Nachdem das Kupfer zur Genüge untersucht war und die Rechenformel den Platz des Caches veraten hat, war heute nun der Tag um den Schatz zu heben. Ein sehr schön gemachtes Rätsel. Lob und Anerkennung. <img src='http://www.geocaching.com/images/icons/icon_smile_wink.gif' border=0 align=middle> TFTC<p>[This entry was edited by Traveler77 on Friday, June 12, 2009 at 7:57:58 AM.]<br />]]></LOG>
<LOG><![CDATA[<img src='icon_smile.gif'>&nbsp;2009-06-04 by Gollum &amp; Galadriel<br><br />Auf der spätabendlichen Joggingrunde heute mal einen kleinen Umweg gemacht um die errechneten Koordinaten zu checken. Und? Fündig geworden <img src='http://www.geocaching.com/images/icons/icon_smile_big.gif' border=0 align=middle> Ein feines Rätsel mit schönem Hintergrund und tückischem Final. <br>Danke für die Mühe!<p>out: TB<br>in: Coin<p>PS: Da man sich hier schnell mal verzählt oder verrechnet, wäre es vielleicht nicht schlecht, wenn man seine Lösung vor der Anfahrt mit z. Bsp. dem Geochecker überprüfen könnte. Ich denke da vor allem an die "auswärtigen" Cacher!<br />]]></LOG>
<LOG><![CDATA[<img src='icon_greenlight.gif'>&nbsp;2009-06-03 by Don Rocbeer<br><br />Published<br />]]></LOG>
<LOG><![CDATA[<img src='icon_smile.gif'>&nbsp;2009-06-03 by Hoffi1986<br><br /><img src='http://www.geocaching.com/images/icons/icon_smile_big.gif' border=0 align=middle><img src='http://www.geocaching.com/images/icons/icon_smile_big.gif' border=0 align=middle><img src='http://www.geocaching.com/images/icons/icon_smile_big.gif' border=0 align=middle><img src='http://www.geocaching.com/images/icons/icon_smile_big.gif' border=0 align=middle><img src='http://www.geocaching.com/images/icons/icon_smile_big.gif' border=0 align=middle><img src='http://www.geocaching.com/images/icons/icon_smile_big.gif' border=0 align=middle><img src='http://www.geocaching.com/images/icons/icon_smile_big.gif' border=0 align=middle><img src='http://www.geocaching.com/images/icons/icon_smile_big.gif' border=0 align=middle><img src='http://www.geocaching.com/images/icons/icon_smile_big.gif' border=0 align=middle><img src='http://www.geocaching.com/images/icons/icon_smile_big.gif' border=0 align=middle><img src='http://www.geocaching.com/images/icons/icon_smile_big.gif' border=0 align=middle><img src='http://www.geocaching.com/images/icons/icon_smile_big.gif' border=0 align=middle><img src='http://www.geocaching.com/images/icons/icon_smile_big.gif' border=0 align=middle><img src='http://www.geocaching.com/images/icons/icon_smile_big.gif' border=0 align=middle><img src='http://www.geocaching.com/images/icons/icon_smile_big.gif' border=0 align=middle><br><img src='http://www.geocaching.com/images/icons/icon_smile_big.gif' border=0 align=middle><img src='http://www.geocaching.com/images/icons/icon_smile_clown.gif' border=0 align=middle><img src='http://www.geocaching.com/images/icons/icon_smile_clown.gif' border=0 align=middle><img src='http://www.geocaching.com/images/icons/icon_smile_clown.gif' border=0 align=middle><img src='http://www.geocaching.com/images/icons/icon_smile_big.gif' border=0 align=middle><img src='http://www.geocaching.com/images/icons/icon_smile_big.gif' border=0 align=middle><img src='http://www.geocaching.com/images/icons/icon_smile_clown.gif' border=0 align=middle><img src='http://www.geocaching.com/images/icons/icon_smile_clown.gif' border=0 align=middle><img src='http://www.geocaching.com/images/icons/icon_smile_clown.gif' border=0 align=middle><img src='http://www.geocaching.com/images/icons/icon_smile_big.gif' border=0 align=middle><img src='http://www.geocaching.com/images/icons/icon_smile_big.gif' border=0 align=middle><img src='http://www.geocaching.com/images/icons/icon_smile_clown.gif' border=0 align=middle><img src='http://www.geocaching.com/images/icons/icon_smile_clown.gif' border=0 align=middle><img src='http://www.geocaching.com/images/icons/icon_smile_clown.gif' border=0 align=middle><img src='http://www.geocaching.com/images/icons/icon_smile_big.gif' border=0 align=middle><br><img src='http://www.geocaching.com/images/icons/icon_smile_big.gif' border=0 align=middle><img src='http://www.geocaching.com/images/icons/icon_smile_clown.gif' border=0 align=middle><img src='http://www.geocaching.com/images/icons/icon_smile_big.gif' border=0 align=middle><img src='http://www.geocaching.com/images/icons/icon_smile_big.gif' border=0 align=middle><img src='http://www.geocaching.com/images/icons/icon_smile_big.gif' border=0 align=middle><img src='http://www.geocaching.com/images/icons/icon_smile_big.gif' border=0 align=middle><img src='http://www.geocaching.com/images/icons/icon_smile_big.gif' border=0 align=middle><img src='http://www.geocaching.com/images/icons/icon_smile_clown.gif' border=0 align=middle><img src='http://www.geocaching.com/images/icons/icon_smile_big.gif' border=0 align=middle><img src='http://www.geocaching.com/images/icons/icon_smile_big.gif' border=0 align=middle><img src='http://www.geocaching.com/images/icons/icon_smile_big.gif' border=0 align=middle><img src='http://www.geocaching.com/images/icons/icon_smile_clown.gif' border=0 align=middle><img src='http://www.geocaching.com/images/icons/icon_smile_big.gif' border=0 align=middle><img src='http://www.geocaching.com/images/icons/icon_smile_big.gif' border=0 align=middle><img src='http://www.geocaching.com/images/icons/icon_smile_big.gif' border=0 align=middle><br><img src='http://www.geocaching.com/images/icons/icon_smile_big.gif' border=0 align=middle><img src='http://www.geocaching.com/images/icons/icon_smile_clown.gif' border=0 align=middle><img src='http://www.geocaching.com/images/icons/icon_smile_clown.gif' border=0 align=middle><img src='http://www.geocaching.com/images/icons/icon_smile_clown.gif' border=0 align=middle><img src='http://www.geocaching.com/images/icons/icon_smile_big.gif' border=0 align=middle><img src='http://www.geocaching.com/images/icons/icon_smile_big.gif' border=0 align=middle><img src='http://www.geocaching.com/images/icons/icon_smile_big.gif' border=0 align=middle><img src='http://www.geocaching.com/images/icons/icon_smile_clown.gif' border=0 align=middle><img src='http://www.geocaching.com/images/icons/icon_smile_big.gif' border=0 align=middle><img src='http://www.geocaching.com/images/icons/icon_smile_big.gif' border=0 align=middle><img src='http://www.geocaching.com/images/icons/icon_smile_big.gif' border=0 align=middle><img src='http://www.geocaching.com/images/icons/icon_smile_clown.gif' border=0 align=middle><img src='http://www.geocaching.com/images/icons/icon_smile_clown.gif' border=0 align=middle><img src='http://www.geocaching.com/images/icons/icon_smile_clown.gif' border=0 align=middle><img src='http://www.geocaching.com/images/icons/icon_smile_big.gif' border=0 align=middle><br><img src='http://www.geocaching.com/images/icons/icon_smile_big.gif' border=0 align=middle><img src='http://www.geocaching.com/images/icons/icon_smile_clown.gif' border=0 align=middle><img src='http://www.geocaching.com/images/icons/icon_smile_big.gif' border=0 align=middle><img src='http://www.geocaching.com/images/icons/icon_smile_big.gif' border=0 align=middle><img src='http://www.geocaching.com/images/icons/icon_smile_big.gif' border=0 align=middle><img src='http://www.geocaching.com/images/icons/icon_smile_big.gif' border=0 align=middle><img src='http://www.geocaching.com/images/icons/icon_smile_big.gif' border=0 align=middle><img src='http://www.geocaching.com/images/icons/icon_smile_clown.gif' border=0 align=middle><img src='http://www.geocaching.com/images/icons/icon_smile_big.gif' border=0 align=middle><img src='http://www.geocaching.com/images/icons/icon_smile_big.gif' border=0 align=middle><img src='http://www.geocaching.com/images/icons/icon_smile_big.gif' border=0 align=middle><img src='http://www.geocaching.com/images/icons/icon_smile_clown.gif' border=0 align=middle><img src='http://www.geocaching.com/images/icons/icon_smile_big.gif' border=0 align=middle><img src='http://www.geocaching.com/images/icons/icon_smile_big.gif' border=0 align=middle><img src='http://www.geocaching.com/images/icons/icon_smile_big.gif' border=0 align=middle><br><img src='http://www.geocaching.com/images/icons/icon_smile_big.gif' border=0 align=middle><img src='http://www.geocaching.com/images/icons/icon_smile_clown.gif' border=0 align=middle><img src='http://www.geocaching.com/images/icons/icon_smile_big.gif' border=0 align=middle><img src='http://www.geocaching.com/images/icons/icon_smile_big.gif' border=0 align=middle><img src='http://www.geocaching.com/images/icons/icon_smile_big.gif' border=0 align=middle><img src='http://www.geocaching.com/images/icons/icon_smile_big.gif' border=0 align=middle><img src='http://www.geocaching.com/images/icons/icon_smile_big.gif' border=0 align=middle><img src='http://www.geocaching.com/images/icons/icon_smile_clown.gif' border=0 align=middle><img src='http://www.geocaching.com/images/icons/icon_smile_big.gif' border=0 align=middle><img src='http://www.geocaching.com/images/icons/icon_smile_big.gif' border=0 align=middle><img src='http://www.geocaching.com/images/icons/icon_smile_big.gif' border=0 align=middle><img src='http://www.geocaching.com/images/icons/icon_smile_clown.gif' border=0 align=middle><img src='http://www.geocaching.com/images/icons/icon_smile_big.gif' border=0 align=middle><img src='http://www.geocaching.com/images/icons/icon_smile_big.gif' border=0 align=middle><img src='http://www.geocaching.com/images/icons/icon_smile_big.gif' border=0 align=middle><br><img src='http://www.geocaching.com/images/icons/icon_smile_big.gif' border=0 align=middle><img src='http://www.geocaching.com/images/icons/icon_smile_big.gif' border=0 align=middle><img src='http://www.geocaching.com/images/icons/icon_smile_big.gif' border=0 align=middle><img src='http://www.geocaching.com/images/icons/icon_smile_big.gif' border=0 align=middle><img src='http://www.geocaching.com/images/icons/icon_smile_big.gif' border=0 align=middle><img src='http://www.geocaching.com/images/icons/icon_smile_big.gif' border=0 align=middle><img src='http://www.geocaching.com/images/icons/icon_smile_big.gif' border=0 align=middle><img src='http://www.geocaching.com/images/icons/icon_smile_big.gif' border=0 align=middle><img src='http://www.geocaching.com/images/icons/icon_smile_big.gif' border=0 align=middle><img src='http://www.geocaching.com/images/icons/icon_smile_big.gif' border=0 align=middle><img src='http://www.geocaching.com/images/icons/icon_smile_big.gif' border=0 align=middle><img src='http://www.geocaching.com/images/icons/icon_smile_big.gif' border=0 align=middle><img src='http://www.geocaching.com/images/icons/icon_smile_big.gif' border=0 align=middle><img src='http://www.geocaching.com/images/icons/icon_smile_big.gif' border=0 align=middle><img src='http://www.geocaching.com/images/icons/icon_smile_big.gif' border=0 align=middle><p><font color="blue">Erst falsch gerechnet (wegen der</font> <font color="red">Konglomeration </font><font color="blue">(was auch immer das sein soll<img src='http://www.geocaching.com/images/icons/icon_smile_question.gif' border=0 align=middle><img src='http://www.geocaching.com/images/icons/icon_smile_question.gif' border=0 align=middle><img src='http://www.geocaching.com/images/icons/icon_smile_question.gif' border=0 align=middle>)) und mitten im Zeckennest gestanden <img src='http://www.geocaching.com/images/icons/icon_smile_shock.gif' border=0 align=middle>, also nochmal im Auto nachgerechnet und prompt im 2. Anlauf die Dose gefunden. </font><br><font color="green">Was für ein Nervenkitzel und doch Erster bei 22:15 Uhr Ortszeit, der gollumgandalf hatte keine Zeit, aber Mückenfett war scheinbar doch zu langsam. EDIT: Er war 300 km weit weg und konnte nicht suchen. <img src='http://www.geocaching.com/images/icons/icon_smile_big.gif' border=0 align=middle></font> <br><font color="orange">Danke für dieses tolle Rätsel mit einem furiosem Finale! <img src='http://img.groundspeak.com/forums/emoticons/signal/big_smile.gif' width=19 height=19 border=0 align=middle><br>TFTC</font><p>In: TB<br>(5 Sternchen bei <a href="http://www.geocaching-franken.de/?p=1983" target="_blank" rel="nofollow">GCVote</a>)<p>[This entry was edited by Hoffi1986 on Friday, June 05, 2009 at 5:17:49 PM.]<br />]]></LOG>
</LOGS>
<NOTES><![CDATA[]]></NOTES>
<IMAGES>
    <IMG>gc1mevt_0.jpg<URL>http://img.geocaching.com/cache/7835f375-45ff-4e57-ade3-a009a544c988.jpg</URL></IMG>
    <IMG>GC1MEVT_1.jpg<URL>http://img.geocaching.com/cache/c6fe053b-a25a-4ba3-a3b4-a9d6d5180970.jpg</URL></IMG>
    <IMG>GC1MEVT_0.jpg<URL>http://img.geocaching.com/cache/7835f375-45ff-4e57-ade3-a009a544c988.jpg</URL></IMG>
    <IMG>GC1MEVT_2.jpg<URL>http://img.geocaching.com/cache/e6279044-548c-4ed6-be57-72a6a6434dc2.jpg</URL></IMG>
    <IMG>GC1MEVT_3.jpg<URL>http://img.geocaching.com/cache/0207a2dc-de43-4016-991f-1df17591b187.jpg</URL></IMG>
    <IMG>GC1MEVT_4.jpg<URL>http://img.geocaching.com/cache/48b167f1-0b05-4908-a9ca-ea90c4230898.jpg</URL></IMG>
    <IMGTEXT>GC1MEVT_0</IMGTEXT>
    <IMGTEXT>Beispielberechnung<DESC>nehmt die obere Tabelle f&#252;r eure Berechnung.</DESC></IMGTEXT>
    <IMGTEXT>Das Original</IMGTEXT>
    <IMGTEXT>F&#228;lschung</IMGTEXT>
    <IMGTEXT>Gitternetz</IMGTEXT>
    <IMGTEXT>Merian d.&#228;.</IMGTEXT>
</IMAGES>
<TRAVELBUGS>
</TRAVELBUGS>
<URL><![CDATA[]]></URL>
<SOLVER><![CDATA[]]></SOLVER>
    <CACHE  name = "Der gef&#228;lschte Kupferstich" owner = "dop3&amp;sandra" lat = "51,184533333333" lon = "10,420216666667" hidden = "2009-05-31" wayp = "GC1MEVT" status = "" ocCacheID = "" lastSyncOC = "20100419225530" num_recommended = "0" num_found = "-1" attributesYes = "4673079674882" attributesNo = "2199023255552" boolFields="1922" byteFields="50863646" attributesYes1 = "0" attributesNo1 = "0" />
</CACHEDETAILS>
