<?xml version="1.0" encoding="ISO-8859-1"?>
<CACHEDETAILS>
<VERSION value = "3"/>
<DETAILS><![CDATA[<div style="color: rgb(255, 31, 31);" align="center"><font face=
"georgia,times new roman,times,serif"><strong><font size=
"5">Gotteshäuser - die St. Johannis Kirche
Seebach</font></strong></font></div>

<br><p> <img src=
"http://img.geocaching.com/cache/ff21fb01-aa06-4da9-a114-73ce3bfee442.jpg"
align="middle" /></p>
<p>Namenspatron der Kirche ist der Evangelist Johannes. Erstmalig
urkundlich erwähnt ist sie am 23.7.1123. Diese in romanischem Stil
errichtete Kirche existiert heute nicht mehr, lediglich Wandreste
im 1. Turmgeschoss weisen darauf hin. Von diesen Wandresten
abgesehen ist der untere Turmraum heute der älteste Teil der
Kirche, er ist in frühgotischem Stil zwischen 1250 und 1260
entstanden. Der aufgestockte Fachwerkturm weist auf das 18.
Jahrhundert. Das Kirchenschiff oder Langhaus ist gegenüber dem Turm
nach Norden hin versetzt, es dürfte den älteren romanischen Bau
ummantelt haben und zwischen 1270 und 1280 gebaut<br />
worden sein. Die Umbauten der Rundbogenportale an der West- und
Nordseite stammen aus der Zeit um 1600, die hohen Rechteckfenster
sind 1781 entstanden.</p>
<p>Sehenswert ist die Barockaltarwand eines unbekannten Meisters
aus dem Jahre 1701. Steinfiguren, Steinreliefs, Motivtafeln und
Ölgemälde aus dem 16. und 17. Jahrhundert stellen Mitglieder der
Familie von Berlepsch dar, die sich unter anderem als Gründer der
Vogelschutzwarte Seebach einen Namen machte.<br />
Das Geläut besteht aus drei Glocken. Die kleine Glocke wurde 1430
gegossen, die mittlere 1610 und die große 1925. Die Orgel wurde
1909 von einem Mühlhäuser Orgelbaumeister gebaut. Im vergangenen
Jahr wurde sie restauriert. Die Kirchengemeinde hat
freundschaftliche Beziehungen zur Kirchengemeinde nach Gladenbach
bei Gießen, welche unsere Kirche großzügig unterstützte.</p>
<p>Dies ist eine Cacheserie, wie sie auf dem Kasseler Geocacher
Stammtisch am 04.03.05 beschlossen wurde. Dabei sollen Caches in
der Nähe von Gotteshäusern ausgelegt werden, die entweder
historisch oder architektonisch eine Besonderheit darstellen. Es
ist hierbei völlig egal, welcher Religion diese Häuser angehören.
Jeder der an dieser Serie teilnehmen möchte, kann dies tun. Er
sollte sich jedoch an die einheitliche Schreibweise halten, damit
die einzelnen Caches der Serie zuzuordnen sind. Außerdem ist dieser
Absatz zu kopieren und mit in die Beschreibung aufzunehmen.
Zusätzlich sollte man wenn möglich, eine Beschreibung des Ortes
liefern, damit man auch etwas über dieses Gotteshaus erfahren kann.
Der Cache ist bitte so zu verstecken, dass er die Würde des Ortes
nicht verletzt. Gegebenfalls ist er so zu platzieren, das er über
eine Wegpunktprojektion zu finden ist und die eigentlichen
Koordinaten auf das Gebäude selbst weisen.</p>
<br />
<b>Dieser Cache ist auch bei</b> <a href=
"http://www.opencaching.de/viewcache.php?wp=OC8EB0" target=
"_blank"><img style=
"BORDER-TOP-WIDTH: 0px; BORDER-LEFT-WIDTH: 0px; BORDER-BOTTOM-WIDTH: 0px; BORDER-RIGHT-WIDTH: 0px"
alt="oc-Logo" src=
"http://www.opencaching.de/images/dull_entwurf_sun_klein.gif"
width="80" /></a> <b>logbar.</b><br />]]></DETAILS>
<COUNTRY><![CDATA[Germany]]></COUNTRY>
<STATE><![CDATA[Thüringen]]></STATE>
<ATTRIBUTES>
   <ATT>onehour-yes.gif</ATT>
   <ATT>public-yes.gif</ATT>
   <ATT>winter-yes.gif</ATT>
   <ATT>parking-yes.gif</ATT>
   <ATT>available-yes.gif</ATT>
</ATTRIBUTES>
<HINTS><![CDATA[fvrur Sbgb]]></HINTS>
<LOGS>
<OWNLOGID></OWNLOGID>
<OWNLOG><![CDATA[]]></OWNLOG>
<LOG><![CDATA[<img src='icon_smile.gif'>&nbsp;2010-04-10 by Geo-Zwerge<br><br />heute mit mediamarkt1990 gesucht und gefunden aber mitten in der nacht nicht so ne gute idee gewesen tür war zum glück noch offen<p>TFTC<br />]]></LOG>
<LOG><![CDATA[<img src='icon_smile.gif'>&nbsp;2010-04-09 by mediamarkt1990<br><br />schnell gesucht und gefunden TFTC<br />]]></LOG>
<LOG><![CDATA[<img src='icon_smile.gif'>&nbsp;2010-03-20 by TcG71<br><br />(12:43:34/fwgb) Heute bei eine kurzen Samstagsrunde schnell gefunden ! TFTC :-) <p>TcG71 & GeoBienchen<br />]]></LOG>
<LOG><![CDATA[<img src='icon_smile.gif'>&nbsp;2010-02-27 by Stedolili<br><br />Schnell gefunden, prima Kindercache<p>Danke<br />]]></LOG>
<LOG><![CDATA[<img src='icon_smile.gif'>&nbsp;2010-01-29 by Nalenia<br><br />gut gefunden.<br>TFTC<br />]]></LOG>
<LOG><![CDATA[<img src='icon_smile.gif'>&nbsp;2010-01-02 by Erithacus Rubecula<br><br />Abgestaubt!<br>Heute waren wir mal wieder auf thüringischen Boden auf Tour. Dabei haben wir uns auch dieses Gotteshaus genauer angeschaut. Gut gefunden. Danke fürs Verstecken.<br />]]></LOG>
<LOG><![CDATA[<img src='icon_smile.gif'>&nbsp;2009-12-01 by Rosenquartett<br><br />gut und schnell gefunden.<br>danke fürs zeigen und grüße<br />]]></LOG>
<LOG><![CDATA[<img src='icon_smile.gif'>&nbsp;2009-11-21 by biba1981<br><br />heute beim zweiten anlauf geklappt zum glück war keiner mehr da nur gut das es schon fast dunkel war<br />]]></LOG>
<LOG><![CDATA[<img src='icon_smile.gif'>&nbsp;2009-11-21 by FTT<br><br />Heute im Halbdunklem schnell geloggt, nachdem beim letzten Mal doch zu viele Leute vor Ort waren.<br />]]></LOG>
<LOG><![CDATA[<img src='icon_smile.gif'>&nbsp;2009-11-15 by heilaender123<br><br />Heute auf dem Weg nach Gotha schnell geborgen .<p>Dank an Hoffi 1986                <img src='http://www.geocaching.com/images/icons/icon_smile_big.gif' border=0 align=middle><p>MfG.heilaender123<br />]]></LOG>
<LOG><![CDATA[<img src='icon_smile.gif'>&nbsp;2009-11-10 by malipa<br><br />Da wollte mich Rumpel doch erst ein bisschen wuschig machen und auf eine falsche Fährte locken. Aber nach anfänglichem Glauben an Rumpels Worte, habe ich mich dann nicht mehr irre machen lassen und den Cache schnell gefunden.<br>Als Strafe musste Rumpel wieder einmal, wie eigentlich bei allen Caches an diesem Tag, aufgrund eigener Fingerverletzungen schreiben. :-D<br />]]></LOG>
<LOG><![CDATA[<img src='icon_smile.gif'>&nbsp;2009-11-07 by Tini1985<br><br />TFTC Tini1985<br />]]></LOG>
<LOG><![CDATA[<img src='icon_smile.gif'>&nbsp;2009-10-14 by fianna<br><br />Auf der Fahrt zum Event ahnten Pixie und ich schon furchtbares. Den ganzen Tag Regen, denn wir fuhren vor dem Regen her.<br>In Seebach trafen wir auf das altbewährte "The Summer Is Magic!-TourTeam 2009 " (Team Fribu70 & Schnuba77,Pixie07, Hoffis und spät ThomasM80). Man ging mit etwas regnerischer Stimmung<br>an das Geocachetagwerk Die Regenpause beim Event „Haus am See“ wurde für einige Caches in der<br>Umgebung benutzt. Vielen Dank bis bald im Wald - fianna -<br><br />]]></LOG>
<LOG><![CDATA[<img src='icon_note.gif'>&nbsp;2009-10-10 by pixie07<br><br />Mit Fianna, dem Team Fribu70 & Schnuba77 und den Feldbahnern ging es heute bei meist regnerischem Wetter zum "Haus am See"-Event.<br>Dies war unser erster Cache auf dem Weg zum See. Wenn man den Hint nicht beachtet, sucht man an einer Stelle, wo definitiv kein Cache hingehört - die GeoSittiche hatten schon sowas angedeutet. Da ich gegen solche Caches eine Abneigung habe, habe ich mich nicht an der Suche beteiligt und auch nicht ins Logbuch eingetragen.<br>Immerhin liegt die Dose auch nicht in diesem Bereich - die Koordinaten sollten mal korrigiert werden, um mögliche Probleme zu vermeiden.<br>Gruß,<br>pixie07<br />]]></LOG>
<LOG><![CDATA[<img src='icon_smile.gif'>&nbsp;2009-10-10 by Feldbahner<br><br />Heute ging es auf die "The Summer was magic"-Tour 2009 in Richtung Mühlhausen, um vor Hoffis Event noch ein paar Dosen zu suchen.<br>Dabei waren Fianna, Pixie07, Team Fribu70 & Schnuba77 und wir.<p>Diesen Cache nach anfänglichen Problemen dann doch schnell gefunden<p><br>TFTC<br>die Feldbahner<br><br />]]></LOG>
<LOG><![CDATA[<img src='icon_smile.gif'>&nbsp;2009-10-10 by Team Fribu70 &amp; Schnuba77<br><br /><b><font> <font face="comic sans ms">Heute ging es auf die "<font color="red">The</font> <font color="yellow">Summer</font> <font color="purple">was</font> <font color="orange">magic</font>"-Tour 2009 in Richtung Mühlhausen, um vor Hoffis Event noch ein paar Dosen zu suchen.<br>Dabei waren Fianna, Pixie07, die Feldbahner und wir.</b><p>Nach anfänglicher Orientierungslosigkeit aufgrund mangelnder Vorbereitung ging die Suche dann los und die erste Dose war schnell gefunden.<p>Vielen Dank für den Cache und liebe Grüße an die Owner!!<p><b><font><br>T<font color="blue">e</font><font color="red">a</font><font color="purple">m</font> <font color="pink">F</font><font color="orange">r</font><font color="yellow">i</font><font color="green">b</font><font color="black">u</font><font color="blue">7</font><font color="red">0</font> <font color="purple">&</font> <font color="pink">S</font><font color="orange">c</font><font color="yellow">h</font><font color="green">n</font><font color="black">u</font><font color="blue">b</font><font color="red">a</font><font color="purple">7</font><font color="orange">7</font><p></b><br>Found it with <a href="http://www.getcachebox.net" target="_blank" rel="nofollow">Cachebox</a>!<br />]]></LOG>
<LOG><![CDATA[<img src='icon_smile.gif'>&nbsp;2009-09-19 by David+Chrissi<br><br />Ein Griff, unser gesuchter Cache.<br>TFTC<br>Liebe Grüße<br>David+Chrissi<br />]]></LOG>
<LOG><![CDATA[<img src='icon_smile.gif'>&nbsp;2009-09-09 by Team Fire &amp; Ice<br><br />Auf Tour Richtung Mühlhausen diesen Cache mitgenommen.  <img src='http://www.geocaching.com/images/icons/icon_smile_big.gif' border=0 align=middle><p>Vielen Dank für den Cache.<p>Grüße<p>Team Fire & Ice<br>Heiko<br />]]></LOG>
<LOG><![CDATA[<img src='icon_smile.gif'>&nbsp;2009-09-05 by R&#252;ben<br><br />sehr schnell finden können ...............<br>TFTC<br />]]></LOG>
<LOG><![CDATA[<img src='icon_smile.gif'>&nbsp;2009-09-05 by monalisa812<br><br />sehr schnell finden können ...............<br>TFTC<br />]]></LOG>
<LOG><![CDATA[<img src='icon_smile.gif'>&nbsp;2009-09-05 by Hardcore-UH<br><br />cool<br />]]></LOG>
<LOG><![CDATA[<img src='icon_smile.gif'>&nbsp;2009-08-23 by compiprofi<br><br />Auch ohne Spoilerfoto war dieser Ort rasch entdeckt. Danke fürs Zeigen dieser schönen Location - in und um den cache, haben wir viel Interessantes erfahren und fotografieren können. TFTC.<br />]]></LOG>
<LOG><![CDATA[<img src='icon_smile.gif'>&nbsp;2009-06-21 by Theria3<br><br />Heute auf unserer Tour geloggt.<br>Danke, Gruß Theria 3<br />]]></LOG>
<LOG><![CDATA[<img src='icon_smile.gif'>&nbsp;2009-06-21 by diainsel.de<br><br />Auf unserer kleinen Tour schnell gefunden,<br>Gruß<br>Eberhard<br />]]></LOG>
<LOG><![CDATA[<img src='icon_note.gif'>&nbsp;2009-05-27 by buchy<br><br />Da waren mir zu viele Leute auf dem Friedhof. Ist wohl auch nicht ganz so ideal, auch wenn die Kirche sehenswert ist.<br />]]></LOG>
<LOG><![CDATA[<img src='icon_smile.gif'>&nbsp;2009-05-24 by Grottenolm87<br><br />Zusammen mit den two rubsners auf Tour<p>Der Grottenolm<br />]]></LOG>
<LOG><![CDATA[<img src='icon_smile.gif'>&nbsp;2009-05-24 by fabio-otto<br><br />Beim zweiten Anlauf nach dem beim ersten der Gottesdienst vollzogen war und mit Hilfe von two rubsners gefunden und gelockt.<p>Thx<br />]]></LOG>
<LOG><![CDATA[<img src='icon_smile.gif'>&nbsp;2009-05-24 by two rubsners<br><br />Nachdem die Einwohner den Friedhof verlassen hatten und wir einen kleinen Plausch mit Cacherkollegen geführt hatten, dann gemeinsam geloggt.<br />]]></LOG>
<LOG><![CDATA[<img src='icon_smile.gif'>&nbsp;2009-05-15 by SLUBIK-BRANDSCHUTZ<br><br />So soll Geocashing sein!<br />]]></LOG>
<LOG><![CDATA[<img src='icon_smile.gif'>&nbsp;2009-05-15 by Super-Sp&#252;r-Nasen<br><br />Für Kids aus Seebach kein Problem! (Gut versteckt, Hoffi1986).<br />]]></LOG>
<LOG><![CDATA[<img src='icon_smile.gif'>&nbsp;2009-04-25 by mamy1<br><br />Bekannte in Kammerforst besucht und die Heimfahrt genutzt, um noch ein paar Caches zu suchen. Dieser war dabei und konnte schnell gefunden werden.<p>Danke fürs Verstecken und viele Grüße von mamy1<br />]]></LOG>
<LOG><![CDATA[<img src='icon_note.gif'>&nbsp;2009-04-20 by Hoffi1986<br><br />Coin rein und raus!<br />]]></LOG>
<LOG><![CDATA[<img src='icon_smile.gif'>&nbsp;2009-04-18 by caprikitty<br><br />Was einen wohl bewegt kurz nach Mitternacht noch über den Friedhof zu gehen nur um sich in ein Filmdöschen einzuschreiben <img src='http://www.geocaching.com/images/icons/icon_smile_big.gif' border=0 align=middle> einfach nur toll.<br>Danke<br />]]></LOG>
<LOG><![CDATA[<img src='icon_smile.gif'>&nbsp;2009-04-18 by Chris601<br><br />Zweimal tagsüber hier gewesen, aber wegen der muggels nie zum Suchen gekommen.<p>Nach Mitternacht aber dann doch erfolgreich über den Friedhof geschlendert.<p>#474<br />]]></LOG>
<LOG><![CDATA[<img src='icon_smile.gif'>&nbsp;2009-04-14 by BastiVW<br><br />also manchmal hab ich so das gefühl ich ziehe die muggels magnetisch an aber nu hats entlich geklappt :D<br />]]></LOG>
<LOG><![CDATA[<img src='icon_smile.gif'>&nbsp;2009-04-13 by Black Hawk73<br><br />Als Einheimischer natürlich kein Problem die Location zu finden. Zuerst zwar der falschen Fährte gefolgt, aber ein kurzer Blick auf die Beschreibung sagte das es ein Mikro ist. Dann war alles klar und der Cache hatte keine Chance mehr. Muggelfrei geloggt und weiter gehts. Danke für diesen schönen Platz, wenn auch etwas zu ruhig. <p>Viele Grüße an den Owner sagt Black Hawk73 in der alten Heimat. <p>no trade<br />]]></LOG>
<LOG><![CDATA[<img src='icon_smile.gif'>&nbsp;2009-04-09 by geofutz<br><br />Habe mich bei der Suche etwas schwer getan. Aber er konnte ja nur dort sein.<br><font color="blue"> Danke für <b># 761</b></font> und<br><font color="green"><b><i>BYE Geofutz.</i></b></font><br><br />]]></LOG>
<LOG><![CDATA[<img src='icon_smile.gif'>&nbsp;2009-04-02 by mnieft<br><br />Trotz älterer Muggels die Ihre Gräber neu beflanzt haben, schnell gefunden.<p>TFTC<br />]]></LOG>
<LOG><![CDATA[<img src='icon_smile.gif'>&nbsp;2009-03-26 by Eichsgenossen<br><br />Ein kleinen Umweg auf der Fahrt nach Erfurt.Ein schneller Zugriff dank Spoiler.Auch den wohlrichenden Duft der angrenzenden Bäckerei ist es zu verdanken das man das Kirchengebäude etwas länger betrachtet hat.<br>TFTC sagen die Eichsgenossen<br><br />]]></LOG>
<LOG><![CDATA[<img src='icon_smile.gif'>&nbsp;2009-03-25 by Nafralifa<br><br />Gut gefunden! TFTC Nafralifa<br />]]></LOG>
<LOG><![CDATA[<img src='icon_smile.gif'>&nbsp;2009-03-24 by dop3<br><br />fix gefunden.<br />]]></LOG>
<LOG><![CDATA[<img src='icon_smile.gif'>&nbsp;2009-03-24 by Traumpaar1<br><br />den haben wir auch gleich mitgenommenmitgenommen<br />]]></LOG>
<LOG><![CDATA[<img src='icon_note.gif'>&nbsp;2009-03-16 by Hoffi1986<br><br />Heute nochmal Cache-Kontrolle gemacht und das Döschen an seine ursprüngliche Position zurückgebracht. Es kann also wieder munter gesucht werden! <img src='http://www.geocaching.com/images/icons/icon_smile.gif' border=0 align=middle><br />]]></LOG>
<LOG><![CDATA[<img src='icon_smile.gif'>&nbsp;2009-03-15 by uhri<br><br />Gotteshaus umrundet und Schatz gut gefunden. <br>TFTC Uhri+Braut<br />]]></LOG>
<LOG><![CDATA[<img src='icon_smile.gif'>&nbsp;2009-03-15 by FroehlicheRadlerin<br><br />Bara hat's schon geschrieben: ein sehr schönes Kirchengelände, von dem wir uns gern beeindrucken ließen. Vielen Dank fürs Zeigen!<br />]]></LOG>
<LOG><![CDATA[<img src='icon_smile.gif'>&nbsp;2009-03-15 by Bara68<br><br />Wir haben heute den Cache gerade noch rechtzeitig vor dem Friedhofsgärtner in Sicherheit gebracht. Der Behälter lag nämlich ungeschützt und frei am Boden. Wir haben den Cache wieder ordentlich getarnt in (s)ein Versteck zurückgelegt. Danach haben wir uns von den schönen Grabsteinen noch ein paar Geschichten erzählen lassen. Bara68 <br />]]></LOG>
<LOG><![CDATA[<img src='icon_smile.gif'>&nbsp;2009-03-11 by madd.in<br><br />Schnell und gut gefunden..<br>tftc, madd.in<br />]]></LOG>
<LOG><![CDATA[<img src='icon_smile.gif'>&nbsp;2009-03-07 by JonnyH&#252;tchen<br><br />Der dritte auf unserer heutigen kleinen Gotteshäuser Tournee.<p>TFTC<p>Jonathan<br />]]></LOG>
<LOG><![CDATA[<img src='icon_smile.gif'>&nbsp;2009-03-07 by Kruemel68<br><br />Der dritte auf unserer heutigen kleinen Gotteshäuser Runde.<p>TFTC<p>Christel und Stefan<br />]]></LOG>
<LOG><![CDATA[<img src='icon_smile.gif'>&nbsp;2009-03-07 by GeoSittiche<br><br />Auch diesen Kichencache gut gefunden.Da kommt man sich beinahe als kleiner Grabräuber vor.<img src='http://www.geocaching.com/images/icons/icon_smile_evil.gif' border=0 align=middle><br>TFTC<br>die GeoSittiche<br />]]></LOG>
<LOG><![CDATA[<img src='icon_smile.gif'>&nbsp;2009-03-05 by LUPO.79<br><br />Hab das kleine Döschen gefunden und hinterm Stein vorguggen sehen aber an ein Heben war bei dem Besuch auf dem Kirchengelände nicht zu denken!<br>TFTC<br />]]></LOG>
<LOG><![CDATA[<img src='icon_smile.gif'>&nbsp;2009-03-01 by gloomy<br><br />Kurz nach 7:00 konnte hier ungestört zugegriffen werden. VG und Danke, gloomy!<br />]]></LOG>
<LOG><![CDATA[<img src='icon_smile.gif'>&nbsp;2009-03-01 by Hor_andy<br><br /><br>Nach dem Mühlhäuser Löwen schnell noch hierher, die Dose ist meiner Meinung nach noch an der Grenze, aber die andere...<br>+1<br><br />]]></LOG>
<LOG><![CDATA[<img src='icon_smile.gif'>&nbsp;2009-02-27 by Mueckenfett<br><br />Mal nach 22 Uhr hier die bösen Geister vertrieben und dabei einen kleinen Schatz gefunden.<br>Im dunklem eine geile Location <img src='http://www.geocaching.com/images/icons/icon_smile_big.gif' border=0 align=middle> <br>Tom<br />]]></LOG>
<LOG><![CDATA[<img src='icon_smile.gif'>&nbsp;2009-02-26 by Rumpel&amp;Schw&#228;rzchen<br><br />Auf dem Weg nach Mühlhausen habe ich hier einen kurzen Stopp gemacht. Der Cache war schnell gefunden.<p>Vielen Dank sagt Rumpel (vom Rumpel&Schwärzchen Team).<p># 273 / 26.02.2009 12:35<br />]]></LOG>
<LOG><![CDATA[<img src='icon_smile.gif'>&nbsp;2009-02-25 by AT-AT<br><br />Mit gollumgandalf nach Schulschluss gesucht und gefunden.<br>TFTC<br />]]></LOG>
<LOG><![CDATA[<img src='icon_smile.gif'>&nbsp;2009-02-25 by Gollum &amp; Galadriel<br><br />Das war mir hier am Abend, nach dem Löwen, dann doch zu gruselig. So hats am nächsten Tag halt nur noch zum 2. gereicht. Glückwunsch an den Traveler und Dank an Hoffi fürs Herlocken.<br />]]></LOG>
<LOG><![CDATA[<img src='icon_smile.gif'>&nbsp;2009-02-25 by Traveler77<br><br /><img src='http://www.geocaching.com/images/icons/icon_smile_big.gif' border=0 align=middle><img src='http://www.geocaching.com/images/icons/icon_smile_big.gif' border=0 align=middle><img src='http://www.geocaching.com/images/icons/icon_smile_big.gif' border=0 align=middle> FTF <img src='http://www.geocaching.com/images/icons/icon_smile_big.gif' border=0 align=middle><img src='http://www.geocaching.com/images/icons/icon_smile_big.gif' border=0 align=middle><img src='http://www.geocaching.com/images/icons/icon_smile_big.gif' border=0 align=middle><br>Als ersten der heutigen kleinen Cachertour angegangen. Am Final angekommen war das Logbuch tatsächlich noch jungfräulich. Danke fürs zeigen .<img src='http://www.geocaching.com/images/icons/icon_smile_wink.gif' border=0 align=middle> TFTC<br />]]></LOG>
<LOG><![CDATA[<img src='icon_greenlight.gif'>&nbsp;2009-02-24 by Don Rocbeer<br><br />Published<br />]]></LOG>
</LOGS>
<NOTES><![CDATA[]]></NOTES>
<IMAGES>
    <IMG>gc1my7k_0.jpg<URL>http://img.geocaching.com/cache/ff21fb01-aa06-4da9-a114-73ce3bfee442.jpg</URL></IMG>
    <IMG>gc1my7k_1.gif<URL>http://www.opencaching.de/images/dull_entwurf_sun_klein.gif</URL></IMG>
    <IMG>GC1MY7K_0.jpg<URL>http://img.geocaching.com/cache/ff21fb01-aa06-4da9-a114-73ce3bfee442.jpg</URL></IMG>
    <IMG>GC1MY7K_2.jpg<URL>http://img.geocaching.com/cache/b3a453e2-3eb2-44d6-8d5f-abfd73d630fb.jpg</URL></IMG>
    <IMGTEXT>GC1MY7K_0</IMGTEXT>
    <IMGTEXT>GC1MY7K_1</IMGTEXT>
    <IMGTEXT>Die St. Johannis Kirche</IMGTEXT>
    <IMGTEXT>Spoiler</IMGTEXT>
</IMAGES>
<TRAVELBUGS>
</TRAVELBUGS>
<URL><![CDATA[]]></URL>
<SOLVER><![CDATA[]]></SOLVER>
    <CACHE  name = "Gottesh&#228;user - die St.-Johannis-Kirche Seebach" owner = "Hoffi1986" lat = "51,164883333333" lon = "10,512683333333" hidden = "2009-02-21" wayp = "GC1MY7K" status = "" ocCacheID = "" lastSyncOC = "20100419230037" num_recommended = "0" num_found = "-1" attributesYes = "4398119911425" attributesNo = "0" boolFields="1922" byteFields="33688074" attributesYes1 = "0" attributesNo1 = "0" />
</CACHEDETAILS>
