<?xml version="1.0" encoding="ISO-8859-1"?>
<CACHEDETAILS>
<VERSION value = "3"/>
<DETAILS><![CDATA[<br>Der Löwe von Mühlhausen<br />
(Neues Final ,neue Koordinaten - unser erstes wurde
gemuggelt)<br />
Einer der markantesten Aussichtspunkte des Unstrut Hainich &ndash;
Kreises und<br />
das Wahrzeichen von Mühlhausen &bdquo;der Löwe&ldquo; wird nun auch
Cache-Schauplatz.
<p>Der Löwe ist ein Kriegerdenkmal aus dem Jahre 1928/29,welches an
die Gefallenen des ersten Weltkrieges erinnert<br />
Doch bevor Ihr zum Cache gelangt,gilt es noch zwei Aufgaben zu
lösen.</p>
<p>1. Wie viele Soldaten bewachen den Löwen? (vor Ort)<br />
Anzahl x 12 &ndash; 2 = XXX<br />
2.Welche Person schmückte den 5 Mark Schein der ehemaligen DDR,der
als Zahlungsmittel in den Siebzigern und Achtzigern galt? Diese
Person hat die Geschichte Mühlhausens nachhaltig beeinflusst.<br />
Anzahl der Buchstaben des Vor und Zunamen x 7+ 4 = YY<br />
Begebt Euch auf das Denkmal direkt hinter die Skulptur und peilt (
XXX° YY m)</p>
<p>Es ist hier mit ständiger Muggelgefahr zu rechnen,also verhaltet
euch unauffällig.</p>
<p>Viel Spaß beim suchen.</p>
<p><br />
We greet all foreign geocacher !</p>
<p>The Lion of Mühlhausen<br />
<br />
One of the prominent viewpoints of Unstrut Hainich-district<br />
and the landsmark of Mühlhauesen &bdquo;the Lion&ldquo; has also
become a cache-location now.<br />
It has been a memorial since 1928/29.<br />
It reminds of dead soldiers from the First World War.</p>
<p>Before you reach the cache there are two tasks to solve.</p>
<p>1.How many soldiers guard the lion? (watch around there)<br />
Number x 12-2 = XXX</p>
<p>2. Which person decorated the 5 mark banknote from the former
GDR?<br />
It was the official currency in the seventies and eighties.<br />
This person affected the history of Mühlhausen enduringly.<br />
Add the letters from first and surname x7+4 = YY</p>
<p>Go directly to the memorial behind the sculpture exactly.<br />
Now take the bearings. (XXX° YYm)<br />
You have to reckon with permanent disruption of muggels !<br />
Conduct yourself inconspicuously.</p>
<p>Have fun hunting.<br />
Hint:Hercules make it.</p>]]></DETAILS>
<COUNTRY><![CDATA[Germany]]></COUNTRY>
<STATE><![CDATA[Thüringen]]></STATE>
<ATTRIBUTES>
   <ATT>wheelchair-no.gif</ATT>
   <ATT>bicycles-yes.gif</ATT>
   <ATT>scenic-yes.gif</ATT>
   <ATT>kids-yes.gif</ATT>
   <ATT>parking-yes.gif</ATT>
   <ATT>dogs-yes.gif</ATT>
</ATTRIBUTES>
<HINTS><![CDATA[Urexhyrf xnaa rf.]]></HINTS>
<LOGS>
<OWNLOGID></OWNLOGID>
<OWNLOG><![CDATA[]]></OWNLOG>
<LOG><![CDATA[<img src='icon_smile.gif'>&nbsp;2010-04-07 by Stedolili<br><br />bei schönstem Frühlingswetter schnell gefunden. war aber gut versteckt, die Kinder haben nicht schlecht geguckt. TFTC<br />]]></LOG>
<LOG><![CDATA[<img src='icon_smile.gif'>&nbsp;2010-03-29 by saheimast<br><br />Den letzten Tag unseres Caching-Urlaubs in Mühlhausen erfolgreich abgeschlossen. Danke für die Gestaltung dieses netten Caches<br />]]></LOG>
<LOG><![CDATA[<img src='icon_smile.gif'>&nbsp;2010-03-29 by Satchmo77<br><br />An unserem letzen Tag auf Cacherreise nach Mühlhausen auf den Spuren der "Mühlhauser Verstecker" auch diesen gefunden. Danke für eine tolle Zeit mit vielen, tollen Dosen in eindrucksvoller Umgebung! TFTC<br />]]></LOG>
<LOG><![CDATA[<img src='icon_smile.gif'>&nbsp;2010-03-29 by Fhuti83<br><br />Tolles Versteck. Trotzdem schnell gefunden. Unterwegs mit saheimast und satchmo77. TFTC<br />]]></LOG>
<LOG><![CDATA[<img src='icon_smile.gif'>&nbsp;2010-03-27 by UlliSilke<br><br />Das war ein schöner Cache mit wirklich toller Aussicht. Auch das Finale verdient ein Lob! Vielen dank sagt UlliSilke.<br />]]></LOG>
<LOG><![CDATA[<img src='icon_note.gif'>&nbsp;2010-03-20 by GeoSittiche<br><br />TB in und Cache-Kontrolle.<br>die GeoSittiche<br />]]></LOG>
<LOG><![CDATA[<img src='icon_smile.gif'>&nbsp;2010-02-28 by beagle67<br><br />Nachdem er sich letzten Sonntag mit rageracer nicht bergen lassen wollte, ging es bei dem heutigen Sonnenschein um so besser. Vorsicht Tretminengefahr. Eine hab ich schon "entschärft" .<br>Absolut cooles Versteck.<br>#58---28.02.2010---13.35Uhr---<br><img src='http://www.geocaching.com/images/icons/icon_smile_cool.gif' border=0 align=middle>TFTC<p>[This entry was edited by beagle67 on Sunday, February 28, 2010 at 8:09:39 AM.]<br />]]></LOG>
<LOG><![CDATA[<img src='icon_smile.gif'>&nbsp;2010-02-25 by rageracer<br><br />Wir hatten am Sonntag das Final schonmal unter die Lupe genommen.<br>Leider kamen wir wegen Schnee und Eis nicht an das Döschen.<br>Also heute bei schönstem Tauwetter nochmal hin und mal kurz Herkules gespielt.<br>Das ist ja mal ein tolles Versteck, hab ich so noch nicht geseh´n.<br>Danke fürs Zeigen.<p>#74 --- 25.02.2010 --- 20.15 Uhr<p>TFTC<br />]]></LOG>
<LOG><![CDATA[<img src='icon_smile.gif'>&nbsp;2009-11-10 by Karolli<br><br />Hier hat die Suche etwas länger gedauert, aber kurz vorm Abbrechen war ich Herkules und hab mit sehr schmutzigen Fingern der Schatz geborgen. <br>Tolles Versteck und Danke fürs Herführen!<br />]]></LOG>
<LOG><![CDATA[<img src='icon_smile.gif'>&nbsp;2009-10-23 by canislupus1975<br><br />Auf fugu81's Geburtstags-Cachesuchtour gesucht und gefunden.<p>TFTC canislupus1975<br />]]></LOG>
<LOG><![CDATA[<img src='icon_smile.gif'>&nbsp;2009-10-23 by fugu81<br><br />Auch fugu81 kann es <img src='http://www.geocaching.com/images/icons/icon_smile_big.gif' border=0 align=middle><p>gesucht, gefunden und geloggt.<p>DFDC fugu81<br />]]></LOG>
<LOG><![CDATA[<img src='icon_smile.gif'>&nbsp;2009-10-16 by misfit87<br><br />Zusammen mit Rurpot gefunden...schönes Versteck...gut gepolstert :)<br>TFTC<br />]]></LOG>
<LOG><![CDATA[<img src='icon_smile.gif'>&nbsp;2009-10-07 by BastiVW<br><br />Im 2. Anlauf nun gefunden<br><br />]]></LOG>
<LOG><![CDATA[<img src='icon_smile.gif'>&nbsp;2009-09-25 by Hardcore-UH<br><br />ist zwar sehr schön gemacht nur irgendwie hat die richtung zum peilen nicht hingehauen, durch langes überlegen hatten wir am ende das Final doch noch gefunden, somit konnten wir noch schnel logen,aber trotzdem ne sehr schöne lage.<p>aja der jenige der den Coin und den Bug rausgenommen hat bitte logen<p><br>TFTC<br />]]></LOG>
<LOG><![CDATA[<img src='icon_sad.gif'>&nbsp;2009-09-23 by Gerstenzwerge<br><br />Auch ich hab während einer Dienstreise in der Nacht versucht, den Cache zu finden.<br>Es war mir nicht vergönnt.<br>Dabei war der Cache förmlich zu riechen, nur (für mich) nicht zu finden.<br>Schade.<br>Danke und Gruß aus Leipzig<br>vom Gerstenzwerg.<br />]]></LOG>
<LOG><![CDATA[<img src='icon_smile.gif'>&nbsp;2009-09-20 by David+Chrissi<br><br />Wieder einmal ein sehr gut gemachter Multi!!Alles schnell gefunden.<br>TFTC<br>David+Chrissi<br />]]></LOG>
<LOG><![CDATA[<img src='icon_smile.gif'>&nbsp;2009-09-17 by Tini1985<br><br />Haben diesen sehr schönen Cache heut Nacht mit einem Kumpel geloggt! Toll!!! Ich habe dieses Denkmal zuvor noch nie gesehen und war begeistert von der Größe. Die Fragen stellten kein Problem dar und die Zahlen waren schnell ermittelt. Allerdings wussten wir aufgrund eines Abschreibfehlers zuerst nicht so recht, was wir damit genau anfangen müssen, sind dann aber doch dahinter gestiegen und es hat wirklich haargenau gepasst! Wir haben tatsächlich Punkt 12, während die Glocken noch schlugen, geloggt. Kein Handel.<br>Vielen, vielen Dank für diesen schönen Cache an so einem beeindruckenden Ort,<br>Tini1985.<br />]]></LOG>
<LOG><![CDATA[<img src='icon_smile.gif'>&nbsp;2009-09-11 by Rurpot<br><br />Schöner Ort, gute Aussicht, geniales Versteck!<p>in: Schlüsselanhänger<br>out: GC<p>TFTC =)<br />]]></LOG>
<LOG><![CDATA[<img src='icon_enabled.gif'>&nbsp;2009-09-10 by GeoSittiche<br><br />Der Löwencache ist wieder aktiv.<br />]]></LOG>
<LOG><![CDATA[<img src='coord_update.gif'>&nbsp;2009-09-10 by GeoSittiche<br><br /><strong>N 51° 12.142 E 010° 27.028</strong><br /><br />** Coordinates Changed From **<br>N 51° 12.142 E 010° 27.028<br>Distance From Old: 0 feet<br>Der Löwe von Mühlhausen brüllt wieder mit neuem Final und neuen Koordinaten.<br>Wir weisen noch mal darauf hin, Euch nicht muggeln zu lassen.<br>Das Final hat doch etwas Arbeit gemacht.<img src='http://img.groundspeak.com/forums/emoticons/signal/tired.gif' width=19 height=19 border=0 align=middle><br>Wir haben eine Coin rein gelegt.Die beiden anderen sind definitiv nicht mehr im Cache.<br>Viel Spaß,<br>die GeoSittiche<br />]]></LOG>
<LOG><![CDATA[<img src='icon_disabled.gif'>&nbsp;2009-08-22 by GeoSittiche<br><br />Es gibt immer wieder Idioten,die sich an Sachen zu schaffen machen,die sie nichts angehen,wie zum Beispiel das Logbuch abfackeln.Danke an Gollumgandalf für den Hinweis.Wir müssen uns was Neues einfallen lassen.<br>die GeoSittiche<br />]]></LOG>
<LOG><![CDATA[<img src='icon_note.gif'>&nbsp;2009-08-21 by Gollum &amp; Galadriel<br><br />Das wars dann wohl <img src='http://www.geocaching.com/images/icons/icon_smile_sad.gif' border=0 align=middle><br>Die Dose lag vor ihrem Versteck. Sie ist geplündert, außer dem angebrannten Logbuch ist nix mehr drin.<br />]]></LOG>
<LOG><![CDATA[<img src='icon_smile.gif'>&nbsp;2009-08-11 by leoni_1984<br><br />Schönes Ding! Gefunden mit Kathy und denn Cachedogs Benni und Jacky! Danke fürs zeigen! <br />]]></LOG>
<LOG><![CDATA[<img src='icon_smile.gif'>&nbsp;2009-07-30 by MV79<br><br />Zusammen mit mkay90 auf Cachtour gefunden und geloggt. Ohne zu wissen wer der Mann auf dem 5 DDR MArkschein war  	[8D<br>Schöne Ecke war als Kind schon da nur leider sehr verschmutzt<br />]]></LOG>
<LOG><![CDATA[<img src='icon_smile.gif'>&nbsp;2009-07-30 by mkay90<br><br />Zusammen mit MV79 gefunden und geloggt!<br>Schöner Platz nur leider gibt es immer wieder Leute die diesen verschmutzen müssen z.B. durch Graffiti!<p>IN: TB<p>TFTC<br />]]></LOG>
<LOG><![CDATA[<img src='icon_smile.gif'>&nbsp;2009-07-18 by quequec<br><br />gefunden, sonst keine ergänzungen zu keythie. teilweise schweres geläuf, aber abends bei gutem wetter kann man von jungmuggeln noch ´ne übriggebliebene bratwurst kaufen... schade fast, dass wir gerade vom buffet kamen! tftc.<br />]]></LOG>
<LOG><![CDATA[<img src='icon_smile.gif'>&nbsp;2009-07-18 by keythie1<br><br />Wegen einer Geburtstagsfeier verweilte ich gemeinsam mit meinem Partner Quequec wieder in meiner alten Heimat(-stadt). Die Feier fand im allseits bekannten "Luftbad" statt und was lagt da nahe? Natürlich der "Löwe von MHL". Also schnell mal weg von der Party, aber nicht ohne die Gäste nach der Persönlichkeit auf dem DDR-5-Schein zu fragen, und dann hin zum Löwen. Hier war ich oft als Kind (vor über 30 Jahren), während meine Eltern am Stadtberg im Biergarten gesessen haben.<br>Danke fürs Hinführen und für die alten Erinnerungen!<br>TFTC <br>Quequec+Keythie<p>PS: Kein TB da!!<br />]]></LOG>
<LOG><![CDATA[<img src='icon_smile.gif'>&nbsp;2009-07-12 by commander-rabb<br><br />Eine schöne Aussicht hatten wir von hier aus. Und die Muggels, die sich vor Ort herumtrieben, waren auch schnell wieder verschwunden.<p>Das Versteck konnte schnelle gefunden werden. Das Loggen war auch muggelfrei möglich.<p>Danke für den Cache sagt das Team von<br>commander-rabb<p>PS: Den TB haben auch wir nicht im Cache vorgefunden...<br />]]></LOG>
<LOG><![CDATA[<img src='icon_note.gif'>&nbsp;2009-07-11 by Irrwitzer<br><br />Eine Bitte an den nächsten Finder: <br>Wir haben Anfang Juni den TB "Yurtgirl's Teeny Russian Doll" im Cache abgelegt. Bisher ist er nicht wieder geloggt worden. Ist der TB noch da? Wenn nicht, müssen wir ihn als vermisst registrieren <img src='http://www.geocaching.com/images/icons/icon_smile_sad.gif' border=0 align=middle>. <br>(es wäre leider nicht der einzige TB/Coin, der in Mühlhausen verschollen ist <img src='http://www.geocaching.com/images/icons/icon_smile_evil.gif' border=0 align=middle>)<br>Team Irrwitzer<br />]]></LOG>
<LOG><![CDATA[<img src='icon_smile.gif'>&nbsp;2009-06-24 by fox-hunter_I<br><br />Bei der abendlichen Radltour schnell gefunden...vielleicht kann einer der nächsten Cacher einen kleinen Stift dort hinterlassen (sonst wird man so wie ich bei einer Sponti-Tour zum Wiederholungstäter <img src='http://www.geocaching.com/images/icons/icon_smile_wink.gif' border=0 align=middle><br>Sehr schöne Location!<br>TFTC<br>fox-hunter_I<br />]]></LOG>
<LOG><![CDATA[<img src='icon_smile.gif'>&nbsp;2009-06-13 by Renault Family<br><br />Nach dem Mittagessen nun der Spaziergang zum Löwen. Als Kind war ich hier öffters Rodeln und das ist schon lange her.<p>Danke sagt Matti<p>Der TB war nicht im Cache<br />]]></LOG>
<LOG><![CDATA[<img src='icon_note.gif'>&nbsp;2009-06-12 by Mueckenfett<br><br />in Coin<br />]]></LOG>
<LOG><![CDATA[<img src='icon_smile.gif'>&nbsp;2009-06-07 by uhri<br><br />Am Denkmal war nichts los. So ging alles ganz fix und die Dose war gefunden. Nur die Soldaten waren Zeuge.<br>TFTC Uhri+Braut<br />]]></LOG>
<LOG><![CDATA[<img src='icon_smile.gif'>&nbsp;2009-06-01 by blue flow<br><br />schnell gefunden schicker inhalt und immerwieder einen stop wert:)<br />]]></LOG>
<LOG><![CDATA[<img src='icon_smile.gif'>&nbsp;2009-05-31 by womo-driver<br><br />Schöner Cache, bei einer kleinen Fahrradtour gehoben.<br>Wir waren hier bei einem Wohnmobiltreffen. Nettes Städtchen<p>Liebe Grüße<br>Brigitte und Andreas<br />]]></LOG>
<LOG><![CDATA[<img src='icon_smile.gif'>&nbsp;2009-05-31 by Red Caboose<br><br />Schöner Ausblick!<br>TFTC Gruß Red Caboose.<br />]]></LOG>
<LOG><![CDATA[<img src='icon_smile.gif'>&nbsp;2009-05-31 by Irrwitzer<br><br />Als Kind habe ich hier oft gespielt oder bin den Hang hinuntergerodelt. Die Krieger habe ich dabei nie als solche wahrgenommen. Nun - dank Geocaching - habe ich wieder etwas dazugelernt <img src='http://www.geocaching.com/images/icons/icon_smile_cool.gif' border=0 align=middle>.<br>TFTC Irrwitzer<br />]]></LOG>
<LOG><![CDATA[<img src='icon_smile.gif'>&nbsp;2009-05-31 by littlesoldier<br><br />Die Aussicht genossen & den Cache schnell gefunden! Leider die vorigen Sucher um nur ein paar Minuten verfehlt <img src='http://www.geocaching.com/images/icons/icon_smile_dissapprove.gif' border=0 align=middle><br />]]></LOG>
<LOG><![CDATA[<img src='icon_smile.gif'>&nbsp;2009-05-23 by blue flow<br><br />Schöne Aussicht , geloggt am 22.5.2009 um 15:30 Uhr , Münze getauscht gegen russische Währung von 1970 .<br />]]></LOG>
<LOG><![CDATA[<img src='icon_smile.gif'>&nbsp;2009-05-23 by Spider_dd &amp; Sohn<br><br />Zwar waren jedemenge Muggels am Denkmal, aber die waren so mit sich beschäftigt, dass das Abtauchen des Sohnes nicht aufviel <img src='http://www.geocaching.com/images/icons/icon_smile_tongue.gif' border=0 align=middle><br>Danke für's Herführen!<br>in/out: Münze<br />]]></LOG>
<LOG><![CDATA[<img src='icon_smile.gif'>&nbsp;2009-05-09 by biba1981<br><br />ging zum glück schnell<br />]]></LOG>
<LOG><![CDATA[<img src='icon_smile.gif'>&nbsp;2009-05-09 by FTT<br><br />Das war die erste Station der heutigen Radtour mit biba1981.Schnell entdeckt.<br>TFTC<br />]]></LOG>
<LOG><![CDATA[<img src='icon_smile.gif'>&nbsp;2009-05-01 by freiluftfan<br><br />am kampf- und feiertag schnell gefunden den coin mitgenommen und ein ddr 5-markstück dagelassen. (einen schein hatte ich leider nicht mehr <img src='http://www.geocaching.com/images/icons/icon_smile.gif' border=0 align=middle> )<br />]]></LOG>
<LOG><![CDATA[<img src='icon_smile.gif'>&nbsp;2009-04-25 by 0-Rgeiz<br><br />Ein monumentales Bauwerk.<br>Sowas lernt man eben nur beim Geo-Cachen kennen.<br>DFDC<br />]]></LOG>
<LOG><![CDATA[<img src='icon_smile.gif'>&nbsp;2009-04-25 by itzibitzi<br><br />Schneller Multi, der uns in eine andere Ecke von Mühlhausen geführt hat. Hier gab es sogar eine coin in den Cache. Schien mir recht sicher, obwohl die Ecke scheinbar auch von Biermuggels stark frequentiert wird. <br>Hoffentlich hält er sich.<br />]]></LOG>
<LOG><![CDATA[<img src='icon_smile.gif'>&nbsp;2009-04-19 by Kerny77<br><br />ein hin und weg. Interessanter ort, wieder was gelernt.<br />]]></LOG>
<LOG><![CDATA[<img src='icon_smile.gif'>&nbsp;2009-04-17 by agp<br><br />Selbst wenn man sich an den 5-Mark-Schein nicht erinnern kann (wir konnten es), sollte die Aufgabe leicht zu lösen sein. <br>Nach kurzer Suche hatten wir das, weshalb wir hergekommen waren.<img src='http://www.geocaching.com/images/icons/icon_smile_big.gif' border=0 align=middle> <br>Das Regenwetter bekräftigte die Terrainwertung.<p>Gruß und Dank<br>agp<p><br />]]></LOG>
<LOG><![CDATA[<img src='icon_smile.gif'>&nbsp;2009-04-06 by AT-AT<br><br />Den 5-Mark-Schein habe ich noch nie gesehen, aber ich habe ja Hilfe im Haus <img src='http://www.geocaching.com/images/icons/icon_smile_wink.gif' border=0 align=middle><br>TFTC<br />]]></LOG>
<LOG><![CDATA[<img src='icon_smile.gif'>&nbsp;2009-04-05 by Sharky77<br><br />Vielen dank fürs Zeigen dieser schönen Stelle. Trotz leichtem Nebel superschöne Aussicht. <br>TFTC!<p>out:tb<br />]]></LOG>
<LOG><![CDATA[<img src='icon_smile.gif'>&nbsp;2009-03-22 by KaputtesLicht<br><br />Mein erster Cache heute auf unserer Tour! Der Ferrarie muss mit!!!<br />]]></LOG>
<LOG><![CDATA[<img src='icon_smile.gif'>&nbsp;2009-03-22 by JonnyH&#252;tchen<br><br />Zusammen mit Christel und Krümel schnell gefunden.<p>TFTC<p>Jonny<br />]]></LOG>
<LOG><![CDATA[<img src='icon_smile.gif'>&nbsp;2009-03-22 by Kruemel68<br><br />Der zweite für heute. Schönes Versteck :-)<p>Danke dafür.<p>Christel und Stefan<br><br />]]></LOG>
<LOG><![CDATA[<img src='icon_smile.gif'>&nbsp;2009-03-20 by Seve<br><br />Imposant steht er dort und wacht scheinbar über die Stadt, sehr eindrucksvoll! Leider ist die Schrift unten nur noch schwer lesbar. Den Cache konnte ich recht schnell finden, die Verpackung fand ich lustig <img src='http://www.geocaching.com/images/icons/icon_smile_big.gif' border=0 align=middle> Rohrzucker aus Zuckerrohr rocks! <img src='http://www.geocaching.com/images/icons/icon_smile_wink.gif' border=0 align=middle><p>Dankeschön und viele Grüße<br>Seve<br />]]></LOG>
<LOG><![CDATA[<img src='icon_smile.gif'>&nbsp;2009-03-16 by Chris601<br><br />Nachdem der Cache in der lokalen Presse so sehr gespoilert war und selbst kitty den schon Ewigkeiten vor mir geloggt hat, zog ich dann heute mitten in der Nacht auch endlich mal los!<p>Übrigens war der Löwe nicht immer "unbedost" <img src='http://www.geocaching.com/images/icons/icon_smile_wink.gif' border=0 align=middle><p>#461 <br />]]></LOG>
<LOG><![CDATA[<img src='icon_smile.gif'>&nbsp;2009-03-14 by Eichsgenossen<br><br />Heute mal wieder in dieser Region unterwegs,und dann ein schneller Zugriff nachdem auch die Vorortaufgabe gelöst war.<p>TFTC sagen die Eichsgenossen<br />]]></LOG>
<LOG><![CDATA[<img src='icon_smile.gif'>&nbsp;2009-03-09 by madd.in<br><br />Hier bin ich öfter Schlitten gefahren <img src='http://www.geocaching.com/images/icons/icon_smile.gif' border=0 align=middle> <p>Das Finden des Finals war eine einfach Sache, das Heben aber eine ganz Andere <img src='http://img.groundspeak.com/forums/emoticons/signal/bad_boy_a.gif' width=19 height=19 border=0 align=middle> Terrain ist auch bei nassem Wetter angemessen <img src='http://www.geocaching.com/images/icons/icon_smile_big.gif' border=0 align=middle><p>Danke für diesen Kleinen an einer bisher noch unbecached Stelle MHL's <p>tftc, <a href="http://madd.in" target="_blank" rel="nofollow"><b>madd.in</b></a> <img src='http://img.groundspeak.com/forums/emoticons/signal/big_smile.gif' width=19 height=19 border=0 align=middle><br />]]></LOG>
<LOG><![CDATA[<img src='icon_smile.gif'>&nbsp;2009-03-08 by Schippi38<br><br />Mal wieder eine neue Ecke von Mühlhausen kennengelernt.<br>Bei dem Regenwetter war es allerdings eine ziemlich rutschige Angelegenheit.<br>Danke sagt Schippi38!<br />]]></LOG>
<LOG><![CDATA[<img src='icon_smile.gif'>&nbsp;2009-03-05 by LUPO.79<br><br />Auch diese mir bisher unbekannte Aussicht hab ich heut besucht und genossen!<br>TFTC<br />]]></LOG>
<LOG><![CDATA[<img src='icon_smile.gif'>&nbsp;2009-03-03 by dop3<br><br />Heute noch kurz vor Sonnenuntergang im I-net fix die Daten gesammelt und dann nix wie ab zum Löwen, kurz gepeilt und dann zugegriffen. Zum glück hat es nicht geregnet<p>TFTC<br />]]></LOG>
<LOG><![CDATA[<img src='icon_smile.gif'>&nbsp;2009-03-01 by Hor_andy<br><br /><br>So, nun hat der Löwe auch wieder einen Cache. Bevor wir starteten nochmal schnell bei Onkelchen den Fünfer überprüft und die Lösung bestätigt, dann gings zum Cache. Lange ließ er sich nicht suchen, ganz im Gegenteil zu der geloggten Coin.<br>Da vor uns alle eine In/Out geloggt haben hat entweder einer das Ablegen vergessen, der Gloomy hat sie gezogen <img src='http://www.geocaching.com/images/icons/icon_smile_blush.gif' border=0 align=middle>.<br>Trotz angekündigtem Frühlingssonntag war es hier gut schlammig heute.<br>TFTC<p>in: Coin<br />]]></LOG>
<LOG><![CDATA[<img src='icon_smile.gif'>&nbsp;2009-03-01 by Traveler77<br><br />Heute zum 01. März mal wieder die Homezone unsicher gemacht. Im Team mit Hor_andy, unseren Mädels und dem kleinen Paul diesen Cache gehoben. <img src='http://www.geocaching.com/images/icons/icon_smile_wink.gif' border=0 align=middle> TFTC<br />]]></LOG>
<LOG><![CDATA[<img src='icon_smile.gif'>&nbsp;2009-02-28 by gloomy<br><br />Lag da nicht schon einmal ein Cache? Jedenfalls haben wir eine Regenpause genutzt und erneut den Ausblick genossen. VG und Danke, gloomy!<br />]]></LOG>
<LOG><![CDATA[<img src='icon_note.gif'>&nbsp;2009-02-27 by Hoffi1986<br><br />TB in/out<br />]]></LOG>
<LOG><![CDATA[<img src='icon_smile.gif'>&nbsp;2009-02-27 by Mueckenfett<br><br />In Begleitung uns heute mal auf die Spuren des Löwen gemacht. Die Antworten waren schnell gefunden.<br>Gut gepeilt und das Versteck war entdeckt.<br>in / out Coin<br>Tom, Silke,Tamy und Iris von der Zeitung<br />]]></LOG>
<LOG><![CDATA[<img src='icon_smile.gif'>&nbsp;2009-02-26 by caprikitty<br><br />das war ne matschige Angelegenheit, aber alles doch noch gut gefunden.<br>Danke<br>IN/OUT: Coin<br />]]></LOG>
<LOG><![CDATA[<img src='icon_smile.gif'>&nbsp;2009-02-25 by Hoffi1986<br><br /><img src='http://www.geocaching.com/images/icons/icon_smile_big.gif' border=0 align=middle><img src='http://www.geocaching.com/images/icons/icon_smile_big.gif' border=0 align=middle><img src='http://www.geocaching.com/images/icons/icon_smile_big.gif' border=0 align=middle> <font color="red">100. Cache!!!</font> <img src='http://www.geocaching.com/images/icons/icon_smile_big.gif' border=0 align=middle><img src='http://www.geocaching.com/images/icons/icon_smile_big.gif' border=0 align=middle><img src='http://www.geocaching.com/images/icons/icon_smile_big.gif' border=0 align=middle><br>Vielen lieben Dank Heiko und Sigrid für meinen 100. Cache! Gestern nachmittag im Netz entdeckt und gedacht es bleibt der FTF noch für den 100. dazu, doch meine Freude wurde heute früh leider arg gebremst als ich in das Logbuch gesehen habe. Da war doch noch jemand schneller! <img src='http://www.geocaching.com/images/icons/icon_smile_blackeye.gif' border=0 align=middle> macht aber nichts, der 100. zählt, und dann auch noch von den GeoStiitichen. <img src='http://img.groundspeak.com/forums/emoticons/signal/big_smile.gif' width=19 height=19 border=0 align=middle> nachdem bei Mückenfett's Breitsülzen-Cache die Telefonzelle abgebaut oder abgeklaut wurde <img src='http://www.geocaching.com/images/icons/icon_smile_wink.gif' border=0 align=middle> habe ich dann spontan mich für diesen Cache entschieden und es war gut so! Schöne Lage und ein tolles frühmorgendliches Panorama über Mühlhausen. Als Belohnung dafür habe ich die Geobash Coin in den Cache gelegt, passt ja ganz gut zum Wahrzeichen von Mühlhausen.<br><font color="red">TFTC und auf die nächsten 100!</font><br />]]></LOG>
<LOG><![CDATA[<img src='icon_greenlight.gif'>&nbsp;2009-02-24 by Don Rocbeer<br><br />Published<br />]]></LOG>
<LOG><![CDATA[<img src='icon_smile.gif'>&nbsp;2009-02-24 by Gollum &amp; Galadriel<br><br /><img src='http://www.geocaching.com/images/icons/icon_smile_big.gif' border=0 align=middle><img src='http://www.geocaching.com/images/icons/icon_smile_big.gif' border=0 align=middle><img src='http://www.geocaching.com/images/icons/icon_smile_big.gif' border=0 align=middle>FTF<img src='http://www.geocaching.com/images/icons/icon_smile_big.gif' border=0 align=middle><img src='http://www.geocaching.com/images/icons/icon_smile_big.gif' border=0 align=middle><img src='http://www.geocaching.com/images/icons/icon_smile_big.gif' border=0 align=middle><br>Mit einem Bein schon im Bette, beim Loggen der Tagesfunde diesen Neuling im Netz entdeckt. Die Koords fast vor der Haustüre und zwei einfache Fragen...also schnell noch mal los. Die Peilung stand schnell aber die Suche war schwierig in völliger Dunkelheit und teuflischem Untergrund. Um 21.50 dann glücklich den FTF gelogt.<br>TFTC<br />]]></LOG>
</LOGS>
<NOTES><![CDATA[]]></NOTES>
<IMAGES>
    <IMG>GC1MZVZ_0.jpg<URL>http://img.geocaching.com/cache/d1b77609-31b3-4734-8cf3-798b736066ca.jpg</URL></IMG>
    <IMGTEXT>Der Herrscher</IMGTEXT>
</IMAGES>
<TRAVELBUGS>
  <tb guid="6f9ef3ae-4316-49fa-b308-9f28f2113704"><name><![CDATA[Yurtgirl's Teeny Russian Doll]]></name><![CDATA[There is currently no goal for this item.]]></tb>
</TRAVELBUGS>
<URL><![CDATA[]]></URL>
<SOLVER><![CDATA[]]></SOLVER>
    <CACHE  name = "Der L&#246;we von M&#252;hlhausen (bilingual)" owner = "GeoSittiche" lat = "51,202366666667" lon = "10,450466666667" hidden = "2009-02-22" wayp = "GC1MZVZ" status = "" ocCacheID = "" lastSyncOC = "20100419230319" num_recommended = "0" num_found = "-1" attributesYes = "1078069250" attributesNo = "2199023255552" boolFields="1930" byteFields="50534676" attributesYes1 = "0" attributesNo1 = "0" />
</CACHEDETAILS>
