<?xml version="1.0" encoding="ISO-8859-1"?>
<CACHEDETAILS>
<VERSION value = "3"/>
<DETAILS><![CDATA[<br>Hier findet ihr zwei markante Bäume und eine Feuerstelle.<br />
Sucht euch einen der zwei Bäume aus und ihr werdet fündig.<br />
Genießt die schöne Aussicht über das Örtchen, denn von hier oben
kann man weit schauen...<br />
... und vieleicht seht ihr schon den nächsten!]]></DETAILS>
<COUNTRY><![CDATA[Germany]]></COUNTRY>
<STATE><![CDATA[Thüringen]]></STATE>
<ATTRIBUTES>
   <ATT>wheelchair-no.gif</ATT>
   <ATT>scenic-yes.gif</ATT>
   <ATT>campfires-yes.gif</ATT>
   <ATT>night-yes.gif</ATT>
   <ATT>dogs-yes.gif</ATT>
</ATTRIBUTES>
<HINTS><![CDATA[bora, vz Ybpu]]></HINTS>
<LOGS>
<OWNLOGID></OWNLOGID>
<OWNLOG><![CDATA[]]></OWNLOG>
<LOG><![CDATA[<img src='icon_smile.gif'>&nbsp;2010-04-10 by Geo-Zwerge<br><br />schnell gefunden und geloggt kann mich nur anschließen der kleine ist ganz schön nass<p>TFTC<br />]]></LOG>
<LOG><![CDATA[<img src='icon_smile.gif'>&nbsp;2010-04-10 by mediamarkt1990<br><br />Schnell gefunden TFTC<br />]]></LOG>
<LOG><![CDATA[<img src='icon_smile.gif'>&nbsp;2010-04-03 by ep24<br><br />Ein wirklich schneller Event. Der Cache könnte aber mal etwas Sonne vertragen, um getrocknet in den Sommer zu starten.<p>TFTC<br />]]></LOG>
<LOG><![CDATA[<img src='icon_smile.gif'>&nbsp;2010-03-20 by TcG71<br><br />(14:05:17/fwgb) Heute bei eine kurzen Samstagsrunde schnell gefunden ! Die Dose ist undicht, das Log ist durchnäßt ! TFTC :-) <p>TcG71 & GeoBienchen<br />]]></LOG>
<LOG><![CDATA[<img src='icon_smile.gif'>&nbsp;2010-01-29 by Nalenia<br><br />fix gefunden, aber Steintisch war nicht mehr in Sicht, eher noch die Reste Dessen.<br>Ein wunderschöner Ausblick über das verschlafene Örtchen.<br>TFTC<br />]]></LOG>
<LOG><![CDATA[<img src='icon_smile.gif'>&nbsp;2009-12-28 by Great-Magnus<br><br />Auf der Heimfahrt heute mal einen kleinen Abstecher gemacht. Schnell gefunden. Danke fürs herführen.<p># 323 @ 11:50<br><br />]]></LOG>
<LOG><![CDATA[<img src='icon_smile.gif'>&nbsp;2009-12-04 by caspar79<br><br />Der erste für heute, im Dämmern gefunden.<br>Schöner Blick hier!<p>TFTC<br>caspar79<br />]]></LOG>
<LOG><![CDATA[<img src='icon_smile.gif'>&nbsp;2009-11-22 by heilaender123<br><br />Heute zwischen Mittag und Kirche schnell geloggt :<br>Danke für den Cache sagt der   "  heilaender123  "    <img src='http://www.geocaching.com/images/icons/icon_smile_big.gif' border=0 align=middle>   <img src='http://www.geocaching.com/images/icons/icon_smile_big.gif' border=0 align=middle>   <img src='http://www.geocaching.com/images/icons/icon_smile_big.gif' border=0 align=middle><br />]]></LOG>
<LOG><![CDATA[<img src='icon_smile.gif'>&nbsp;2009-11-07 by Black Hawk73<br><br />Nach 156 km eine saubere Punktlandung hingelegt. Kann mich noch erinnern das hier mal eine Steinplatte von 3,5x2m war. Ist aber schon eine Weile her. Schön diesen Platz mal wieder entdeckt zu haben. Danke fürs Herlocken und viele Grüße aus Gera sagt Black Hawk73<p>[This entry was edited by Black Hawk73 on Saturday, November 07, 2009 at 12:01:22 PM.]<br />]]></LOG>
<LOG><![CDATA[<img src='icon_smile.gif'>&nbsp;2009-11-01 by Darmsaft<br><br />Wusste bis dato gar nicht, dass Höngeda(Weinbergen) in diese Richtung eine Ortsausfahrt besitzt <img src='http://www.geocaching.com/images/icons/icon_smile_shock.gif' border=0 align=middle><br>Bei Dunkelheit trotzdem sofort gefunden, ist ja auch nicht zu verfehlen.<br>TFTC<p>Darmsaft<br />]]></LOG>
<LOG><![CDATA[<img src='icon_smile.gif'>&nbsp;2009-11-01 by Prinzessin_Mimi<br><br />Schöne Umgebung, schnell gefunden. Konnten in der Dunkelheit nicht viel davon sehen!<br />]]></LOG>
<LOG><![CDATA[<img src='icon_smile.gif'>&nbsp;2009-10-24 by Richie1977<br><br />Nach einem Fussballspiel mit Fabio-Otto geloggt.<br>Schöner platz zum grillen!<p><br>mfg richie1977<br />]]></LOG>
<LOG><![CDATA[<img src='icon_smile.gif'>&nbsp;2009-10-21 by Rurpot<br><br />Auf Anhieb ins richtige Loch gegriffen und den Cache gefunden.<br>TFTC =)<br />]]></LOG>
<LOG><![CDATA[<img src='icon_smile.gif'>&nbsp;2009-10-14 by fianna<br><br />Auf der Fahrt zum Event ahnten Pixie und ich schon furchtbares. Den ganzen Tag Regen, denn wir fuhren vor dem Regen her.<br>In Seebach trafen wir auf das altbewährte "The Summer Is Magic!-TourTeam 2009 " (Team Fribu70 & Schnuba77,Pixie07, Hoffis und spät ThomasM80). Man ging mit etwas regnerischer Stimmung<br>an das Geocachetagwerk Die Regenpause beim Event „Haus am See“ wurde für einige Caches in der<br>Umgebung benutzt. Vielen Dank bis bald im Wald - fianna -<br><br />]]></LOG>
<LOG><![CDATA[<img src='icon_smile.gif'>&nbsp;2009-10-11 by Tini1985<br><br />Heute auf dem Rückzug von unserer Missgeschick-Aktion zum Trost geloggt... wenigstens etwas und das trotz Regen mit einer wunderschönen Aussicht!<br>TFTC<br>Tini1985<br />]]></LOG>
<LOG><![CDATA[<img src='icon_smile.gif'>&nbsp;2009-10-10 by pixie07<br><br />Mit Fianna, dem Team Fribu70 & Schnuba77 und den Feldbahnern ging es heute bei meist regnerischem Wetter zum "Haus am See"-Event.<br>Einen Steintisch gab's hier zwar nicht, dafür haben wir die Dose schnell entdeckt. Aufgrund des diesigen Wetters war die Sicht nicht besonders gut, aber einen Blick auf Weinbergen und die St. Cyriakus-Kirche konnten wir schon erhaschen.<br>Vielen Dank,<br>pixie07<br />]]></LOG>
<LOG><![CDATA[<img src='icon_smile.gif'>&nbsp;2009-10-10 by Feldbahner<br><br />Heute ging es auf die "The Summer was magic"-Tour 2009 in Richtung Mühlhausen, um vor Hoffis Event noch ein paar Dosen zu suchen.<br>Dabei waren Fianna, Pixie07, Team Fribu70 & Schnuba77 und wir.<p>Durch den Regen wurde der schnell geloggt leider hatten wir dann keine Zeit für die Aussicht<p><br>TFTC<br>die Feldbahner<br><br />]]></LOG>
<LOG><![CDATA[<img src='icon_smile.gif'>&nbsp;2009-10-10 by Team Fribu70 &amp; Schnuba77<br><br /><b><font> <font face="comic sans ms">Heute ging es auf die "<font color="red">The</font> <font color="yellow">Summer</font> <font color="purple">was</font> <font color="orange">magic</font>"-Tour 2009 in Richtung Mühlhausen, um vor Hoffis Event noch ein paar Dosen zu suchen.<br>Dabei waren Fianna, Pixie07, die Feldbahner und wir.</b><p>Auch dieser Cache an einem Ort, wo man einen schönen Ausblick hat, durfte nicht liegenbleiben und so ging es durch den Regen und die Dose wurde schnell gefunden<p>Vielen Dank für den Cache !<p><b><font><br>T<font color="blue">e</font><font color="red">a</font><font color="purple">m</font> <font color="pink">F</font><font color="orange">r</font><font color="yellow">i</font><font color="green">b</font><font color="black">u</font><font color="blue">7</font><font color="red">0</font> <font color="purple">&</font> <font color="pink">S</font><font color="orange">c</font><font color="yellow">h</font><font color="green">n</font><font color="black">u</font><font color="blue">b</font><font color="red">a</font><font color="purple">7</font><font color="orange">7</font><br>Found it with Cachebox<br />]]></LOG>
<LOG><![CDATA[<img src='icon_smile.gif'>&nbsp;2009-10-10 by stechi-lsz<br><br />Auf dem Weg zum UH-Stammtisch im Haus am See (Event Cache) schnell noch mitgenommen. <br />]]></LOG>
<LOG><![CDATA[<img src='icon_smile.gif'>&nbsp;2009-09-20 by Super-Sp&#252;r-Nasen<br><br />Gefunden! Gefunden!<br />]]></LOG>
<LOG><![CDATA[<img src='icon_smile.gif'>&nbsp;2009-09-20 by SLUBIK-BRANDSCHUTZ<br><br />Schön, dass der Cache wieder aktiv ist, allerdings hat die Dose heute unten auf der Erde gelegen. Vermutlich wollten Vögel ein Nest bauen und haben sie einfach rausgeschmissen <img src='http://www.geocaching.com/images/icons/icon_smile_angry.gif' border=0 align=middle>. Nun liegt sie aber wieder drin!<br />]]></LOG>
<LOG><![CDATA[<img src='icon_smile.gif'>&nbsp;2009-09-17 by David+Chrissi<br><br />Heute eine eher spontane Cacher-Tour gemacht.Der kleine konnte sich nicht lange vor uns verstecken...!<br>TFTC<br>David+Chrissi<br />]]></LOG>
<LOG><![CDATA[<img src='icon_smile.gif'>&nbsp;2009-09-06 by Hardcore-UH<br><br />cool<br />]]></LOG>
<LOG><![CDATA[<img src='icon_smile.gif'>&nbsp;2009-09-06 by R&#252;ben<br><br />durch die genaue beschreibung gut und schnell finden können :)<br>TFTC<br />]]></LOG>
<LOG><![CDATA[<img src='icon_smile.gif'>&nbsp;2009-09-06 by monalisa812<br><br />durch die genaue beschreibung gut und schnell finden können :)<br>TFTC<br />]]></LOG>
<LOG><![CDATA[<img src='icon_smile.gif'>&nbsp;2009-08-23 by compiprofi<br><br />Haben uns zwar umständlich an den cache rangeschlichen, aber so war man wenigstens mal ohne Auto unterwegs. <img src='http://www.geocaching.com/images/icons/icon_smile_big.gif' border=0 align=middle> Leider hausten dort auch so einige Vandalen, da die Bäume rußig sind und der Tisch war wohl irgendwann auch mal da....... Schade, daß sich manche Erdenbürger solche schönen Stellen zum Austoben aussuchen müssen, denn es ist wirklich sonst sehr schön hier oben. Danke fürs Zeigen, haben ihn schnell finden können. <br />]]></LOG>
<LOG><![CDATA[<img src='icon_note.gif'>&nbsp;2009-07-27 by Traumpaar1<br><br />natürlich der sache gleich nach gegangen und siehe da der ist wirklich weg. 	<img src='http://www.geocaching.com/images/icons/icon_smile_shock.gif' border=0 align=middle><br>aber es wird sofort ein neuer fertig gemacht 	<img src='http://www.geocaching.com/images/icons/icon_smile_approve.gif' border=0 align=middle><br />]]></LOG>
<LOG><![CDATA[<img src='icon_sad.gif'>&nbsp;2009-07-25 by clownkunterbunt<br><br />haben alles abgesucht aber diesmal nix gefunden.<br><img src='http://www.geocaching.com/images/icons/icon_smile_sad.gif' border=0 align=middle><br />]]></LOG>
<LOG><![CDATA[<img src='icon_smile.gif'>&nbsp;2009-07-08 by Team Kumunst<br><br />Wir hatten schon bedenken da der Cache schon so lange nicht mehr gefunden wurde, aber der Dose geht es bestens.<br>Danke und Gruß<br>Team Kumunst<br />]]></LOG>
<LOG><![CDATA[<img src='icon_smile.gif'>&nbsp;2009-06-06 by Eichsgenossen<br><br />Dank Hint ging es geschwind....Aber keinen Steintisch gefunden...<br>TFTC sagen die Eichsgenossen<br />]]></LOG>
<LOG><![CDATA[<img src='icon_smile.gif'>&nbsp;2009-06-04 by Nafralifa<br><br />TFTC! <br>LG Nafralifa<br />]]></LOG>
<LOG><![CDATA[<img src='icon_smile.gif'>&nbsp;2009-05-24 by JonnyH&#252;tchen<br><br />Schnell gefunden.<p>TFTC Jonny.<br />]]></LOG>
<LOG><![CDATA[<img src='icon_smile.gif'>&nbsp;2009-05-24 by Grottenolm87<br><br />Zusammen mit den two rubsners auf Tour<p>Der Grottenolm<br />]]></LOG>
<LOG><![CDATA[<img src='icon_smile.gif'>&nbsp;2009-05-24 by two rubsners<br><br />Auf einer Tour mit Grottenolm87 schnell gefunden.<br />]]></LOG>
<LOG><![CDATA[<img src='icon_smile.gif'>&nbsp;2009-05-24 by Kruemel68<br><br />Gute Ausruhstelle, aber wo is der Tisch ?<p>TFTC<p>Stefan<br />]]></LOG>
<LOG><![CDATA[<img src='icon_smile.gif'>&nbsp;2009-05-23 by Pretty Saro<br><br />Auch dieser war schnell gefunden! Vielen Dank!<br />]]></LOG>
<LOG><![CDATA[<img src='icon_smile.gif'>&nbsp;2009-05-23 by madd.in<br><br />Mussten da wir zufuß waren sind wir die Wiese hochgestapft :) Oben dann alles gut gefunden <img src='http://www.geocaching.com/images/icons/icon_smile_big.gif' border=0 align=middle><p>tftc, <a href="http://madd.in" target="_blank" rel="nofollow"><b>madd.in</b></a> <img src='http://img.groundspeak.com/forums/emoticons/signal/big_smile.gif' width=19 height=19 border=0 align=middle><br />]]></LOG>
<LOG><![CDATA[<img src='icon_smile.gif'>&nbsp;2009-05-14 by Team Fire &amp; Ice<br><br />Heute war ich mal alleine unterwegs nach Mühlhausen. Auf dem Weg dorthin habe ich diesen Cache sehr gut gefunden. <p>Vielen Dank und Grüße<p>Team Fire & Ice<br>Heiko<br />]]></LOG>
<LOG><![CDATA[<img src='icon_smile.gif'>&nbsp;2009-05-10 by GeoSittiche<br><br />Auf abentlicher Cachetour diese schöne Aussicht kennengelernt und dabei auch einen netten Plausch mit den Ownern gehalten,die gerade auf Kontrolle waren.Leider schätzen nicht alle Leute diese Location,sonst würden sie nicht ihren Müll dort vergessen.<img src='http://www.geocaching.com/images/icons/icon_smile_angry.gif' border=0 align=middle><img src='http://www.geocaching.com/images/icons/icon_smile_angry.gif' border=0 align=middle><img src='http://www.geocaching.com/images/icons/icon_smile_angry.gif' border=0 align=middle><br>TFTC<br>die GeoSittiche<br />]]></LOG>
<LOG><![CDATA[<img src='icon_smile.gif'>&nbsp;2009-05-07 by mnieft<br><br />Ein absolut herlicher Platz. <br>Danke dafür.<br><br />]]></LOG>
<LOG><![CDATA[<img src='icon_smile.gif'>&nbsp;2009-05-06 by schatzmaster<br><br />Tat den Waden ganz gut...<br>Hoch da und als erstes falsch gesucht.<br>Gab ja mehrere Möglichkeiten dort.<br>T4TC,<br>Schatzmaster<br />]]></LOG>
<LOG><![CDATA[<img src='icon_smile.gif'>&nbsp;2009-05-02 by biba1981<br><br />beim biken mal mitgenommen<br />]]></LOG>
<LOG><![CDATA[<img src='icon_smile.gif'>&nbsp;2009-05-01 by FTT<br><br />Heute Radtour auch noch schnell mitgenommen.<br>TFTC<br />]]></LOG>
<LOG><![CDATA[<img src='icon_smile.gif'>&nbsp;2009-04-24 by uhri<br><br />Gut zu finden. Die markanten Bäume sind nicht zu übersehen, trotz der Blütenbracht ringsum. <br>TFTC Uhri<br />]]></LOG>
<LOG><![CDATA[<img src='icon_smile.gif'>&nbsp;2009-04-19 by Yalla<br><br />Nach dem aufräumen, grillen & chillen in Mühlhausen gefunden.<br><img src='http://www.geocaching.com/images/icons/icon_smile_cool.gif' border=0 align=middle><br>Vielen Dank und Viele Grüße von Yalla<br />]]></LOG>
<LOG><![CDATA[<img src='icon_smile.gif'>&nbsp;2009-04-18 by gloomy<br><br />Der Regen hatte gerade aufgehört, sodass ich schnell loggen und den Ausblick genießen konnte. VG und Danke, gloomy!<br />]]></LOG>
<LOG><![CDATA[<img src='icon_smile.gif'>&nbsp;2009-04-11 by BastiVW<br><br />Na ihr beiden war grad mal in der nähe und hab mal fix euern erstling gelogt :-)<br>P.s. schicke aussicht<br />]]></LOG>
<LOG><![CDATA[<img src='icon_smile.gif'>&nbsp;2009-04-09 by geofutz<br><br />Schneller kleiner Drive-In. Der Cache war mit dem Hint schnell gefunden.<br><font color="blue"> Danke für <b># 760</b></font> und<br><font color="green"><b><i>BYE Geofutz.</i></b></font><br><br />]]></LOG>
<LOG><![CDATA[<img src='icon_smile.gif'>&nbsp;2009-04-05 by Chris601<br><br />Nach dem Feierabend kurz vor Mitternacht gefunden. <p>#464<br />]]></LOG>
<LOG><![CDATA[<img src='icon_smile.gif'>&nbsp;2009-03-29 by Mueckenfett<br><br />Auf dem Wege zur Cachewartung schnell mal das KfZ gestoppt, den Berg hinauf und den Kleinen schreiend aus seinem Versteck befreit, aber dann wieder gut getarnt zurück gelassen.<br>Tom <br />]]></LOG>
<LOG><![CDATA[<img src='icon_smile.gif'>&nbsp;2009-03-28 by FroehlicheRadlerin<br><br />Der Cachernachwuchs hat das Döschen fix gefunden, auch wenn vom Tisch keine Spur zu sehen war <img src='http://www.geocaching.com/images/icons/icon_smile_wink.gif' border=0 align=middle> Danke fürs Zeigen und die Aussicht! Vor allem das "blaue Haus" und die süße Katze, die offenbar dorthin gehörte, hatte es mir angetan...<br />]]></LOG>
<LOG><![CDATA[<img src='icon_smile.gif'>&nbsp;2009-03-28 by Bara68<br><br />Ich habe heute den Kleinen im Team schnell gefunden. Bara68<br />]]></LOG>
<LOG><![CDATA[<img src='icon_smile.gif'>&nbsp;2009-03-26 by Hoffi1986<br><br />Mal fix angehalten und gut gefunden. Glückwunsch zum Erstling!<br>TFTC<br />]]></LOG>
<LOG><![CDATA[<img src='icon_smile.gif'>&nbsp;2009-03-25 by AT-AT<br><br />Mit gollumgandalf heute vor Ort gewesen. Während ich gesucht habe, konnte er die Aussicht genießen. Beim Bergen brauchte ich dann aber doch Hilfe.<br>TFTC<br />]]></LOG>
<LOG><![CDATA[<img src='icon_smile.gif'>&nbsp;2009-03-25 by Traveler77<br><br />In der Mittagspause mal schnell vorbei geschaut und das kleine Döslein geborgen. <img src='http://www.geocaching.com/images/icons/icon_smile_wink.gif' border=0 align=middle> TFTC<br />]]></LOG>
<LOG><![CDATA[<img src='icon_smile.gif'>&nbsp;2009-03-24 by dop3<br><br />nach Feierabend noch schnell die Aussicht genossen und geloggt.<br />]]></LOG>
<LOG><![CDATA[<img src='icon_smile.gif'>&nbsp;2009-03-24 by Gollum &amp; Galadriel<br><br /><img src='http://www.geocaching.com/images/icons/icon_smile_big.gif' border=0 align=middle><img src='http://www.geocaching.com/images/icons/icon_smile_big.gif' border=0 align=middle><img src='http://www.geocaching.com/images/icons/icon_smile_big.gif' border=0 align=middle> FTF um 11.40 <img src='http://www.geocaching.com/images/icons/icon_smile_big.gif' border=0 align=middle><img src='http://www.geocaching.com/images/icons/icon_smile_big.gif' border=0 align=middle><img src='http://www.geocaching.com/images/icons/icon_smile_big.gif' border=0 align=middle><br>Das war aber knapp. In der Mittagspause davongeschlichen und schnell zum Cache gedüst. Das Döschen zum Glück auch gleich gefunden. Ein schöner Platz mit schöner Aussicht. Konnte sie aber leider nicht lang genießen, musste gleich wieder zurückhetzen.<br>TFTC<br />]]></LOG>
<LOG><![CDATA[<img src='icon_smile.gif'>&nbsp;2009-03-24 by Hor_andy<br><br /><br>Dieser hier war fix entdeckt, das ging diesmal sogar ohne GPS.<br>TFTC<br><br />]]></LOG>
<LOG><![CDATA[<img src='icon_smile.gif'>&nbsp;2009-03-24 by Rumpel&amp;Schw&#228;rzchen<br><br />Auf Dienstreise hier mal angehalten und als Zweiter geloggt.<p>TFTC sagt Rumpel (vom Rumpel&Schwärzchen Team).<p># 307 / 24.03.2009 12:15<br />]]></LOG>
<LOG><![CDATA[<img src='icon_greenlight.gif'>&nbsp;2009-03-23 by tabula.rasa<br><br />Published<br />]]></LOG>
</LOGS>
<NOTES><![CDATA[]]></NOTES>
<IMAGES>
</IMAGES>
<TRAVELBUGS>
</TRAVELBUGS>
<URL><![CDATA[]]></URL>
<SOLVER><![CDATA[]]></SOLVER>
    <CACHE  name = "&quot;Steintisch&quot;" owner = "Traumpaar1" lat = "51,184033333333" lon = "10,51135" hidden = "2009-03-18" wayp = "GC1NWE0" status = "" ocCacheID = "" lastSyncOC = "20100419230702" num_recommended = "0" num_found = "-1" attributesYes = "1074792464" attributesNo = "2199023255552" boolFields="1922" byteFields="33689354" attributesYes1 = "0" attributesNo1 = "0" />
</CACHEDETAILS>
