<?xml version="1.0" encoding="ISO-8859-1"?>
<CACHEDETAILS>
<VERSION value = "3"/>
<DETAILS><![CDATA[<p align="center"><font face=
"georgia,times new roman,times,serif"><strong>Der 6
1/4-Meilen-Stein</strong></font></p>
<div align="center"><font face=
"georgia,times new roman,times,serif">6 1/4 Meilen bis Erfurt sind
doch nicht weit, oder? Bis nach Mühlhausen sind es auch nur noch
5/8 Meilen.</font></div>

<br><p align="center"> <img src=
"http://img.geocaching.com/cache/08b8f7d1-793b-4076-859e-9693d3db0fc6.jpg"
align="baseline" /></p>
<p><font face="tahoma,arial,helvetica,sans-serif">Suche den
6,25-Meilen-Stein an den oben genannten Koordinaten und peile von
ihm aus 286° in 210 Metern. Dort wirst du den kleinen PET-ling
finden.</font> <font face="tahoma,arial,helvetica,sans-serif">Da es
vor Ort nicht wirklich möglich war ein Döschen zu platzieren habe
ich eine andere, weniger gefährdete Location ausgewählt. Viel Spaß
beim Suchen!</font></p>
<p><font face="tahoma,arial,helvetica,sans-serif">Mückenfett hat es
in Richtung Heiligenstadt vorgemacht und ich mache es hier nach.
<img src=
"http://www.geocaching.com/images/icons/icon_smile_wink.gif" align=
"middle" border="0" /></font></p>
<p><a target="_blank" href=
"http://www.geocaching.com/seek/cache_details.aspx?guid=e4669f33-849d-4c77-b0fc-8e70b22d4567">
<font><font face="tahoma,arial,helvetica,sans-serif">Der 1,5 Meilen
Stein</font></font></a></p>
<p><a target="_blank" href=
"http://www.geocaching.com/seek/cache_details.aspx?guid=927d4595-2607-45f5-85f0-58b23b8a5e4f">
<font face="tahoma,arial,helvetica,sans-serif">3 1/4 Meilen
Stein</font></a></p>
<p><font face="tahoma,arial,helvetica,sans-serif"><br /></font></p>
<b>Dieser Cache ist auch bei</b> <a href=
"http://www.opencaching.de/viewcache.php?wp=OC8EB4" target=
"_blank"><img style=
"BORDER-TOP-WIDTH: 0px; BORDER-LEFT-WIDTH: 0px; BORDER-BOTTOM-WIDTH: 0px; BORDER-RIGHT-WIDTH: 0px"
alt="oc-Logo" src=
"http://www.opencaching.de/images/dull_entwurf_sun_klein.gif"
width="80" /></a> <b>logbar.</b><br />]]></DETAILS>
<COUNTRY><![CDATA[Germany]]></COUNTRY>
<STATE><![CDATA[Thüringen]]></STATE>
<ATTRIBUTES>
   <ATT>wheelchair-no.gif</ATT>
   <ATT>stroller-yes.gif</ATT>
   <ATT>available-yes.gif</ATT>
   <ATT>quads-yes.gif</ATT>
   <ATT>motorcycles-yes.gif</ATT>
   <ATT>bicycles-yes.gif</ATT>
   <ATT>onehour-yes.gif</ATT>
   <ATT>kids-yes.gif</ATT>
   <ATT>parking-yes.gif</ATT>
   <ATT>dogs-yes.gif</ATT>
</ATTRIBUTES>
<HINTS><![CDATA[Ebuecbfg]]></HINTS>
<LOGS>
<OWNLOGID></OWNLOGID>
<OWNLOG><![CDATA[]]></OWNLOG>
<LOG><![CDATA[<img src='icon_smile.gif'>&nbsp;2010-04-10 by mediamarkt1990<br><br />schöner cache ohne probleme gehoben <br>TFTC<br />]]></LOG>
<LOG><![CDATA[<img src='icon_smile.gif'>&nbsp;2010-03-20 by TcG71<br><br />(13:34:00/fwgb) Heute bei eine kurzen Samstagsrunde schnell gefunden ! TFTC :-) <p>TcG71 & GeoBienchen<br />]]></LOG>
<LOG><![CDATA[<img src='icon_smile.gif'>&nbsp;2010-03-12 by toxic89<br><br />Schnell gefunden. Schöner cache. TFTC<br />]]></LOG>
<LOG><![CDATA[<img src='icon_smile.gif'>&nbsp;2010-03-12 by Fox33<br><br />Auch diesen haben wir schnell finden können. TFTC<br />]]></LOG>
<LOG><![CDATA[<img src='icon_smile.gif'>&nbsp;2010-03-11 by geofutz<br><br />Von diesen Meilen-Steinen, aus längst vergangenen Zeiten, stehen so eine Menge überall herum.<br>Nur man nimmt diese nicht wahr. Dank GC hat sich das wohl nun geändert.<br>Gepeilt und mit dem Hint und den Top KOs nun wirklich nicht zu verfehlen.<br>Parken sollte man doch etwas abseits - das Final-Zielgebiet ist doch sehr stark befahren.<br><font face="comic sans ms"> <font color="blue">Danke für <b><font color="red"># 1515 </font><br><font><font color="green"> Schönen Gruß an den Owner und</font> <i> <font color="blue"> <img src='http://www.geocaching.com/images/icons/icon_smile_wink.gif' border=0 align=middle> BYE Geofutz <img src='http://www.geocaching.com/images/icons/icon_smile_wink.gif' border=0 align=middle></i></b><br><br />]]></LOG>
<LOG><![CDATA[<img src='icon_smile.gif'>&nbsp;2010-03-05 by two rubsners<br><br />Gepeilt hatten wir schon früher, doch loggen ist besser im Dunkeln bei weniger Verkehr!<br>Danke fürs Zeigen.<br />]]></LOG>
<LOG><![CDATA[<img src='icon_smile.gif'>&nbsp;2010-01-31 by heilaender123<br><br />Heute schnell mal mitgenommen .<br>Danke sagt der heilaender123  <img src='http://www.geocaching.com/images/icons/icon_smile.gif' border=0 align=middle><br />]]></LOG>
<LOG><![CDATA[<img src='icon_smile.gif'>&nbsp;2010-01-03 by Darmsaft<br><br />Zusammen mit Mimi und Gastcacher gefunden, TFTC ;P<br />]]></LOG>
<LOG><![CDATA[<img src='icon_smile.gif'>&nbsp;2010-01-03 by Prinzessin_Mimi<br><br />Mit nem menschlichen GPS-Gerät gefunden ;)<br>TFTC<br />]]></LOG>
<LOG><![CDATA[<img src='icon_smile.gif'>&nbsp;2010-01-02 by Erithacus Rubecula<br><br />Abgestaubt!<br>Heute waren wir mal wieder auf thüringischen Boden auf Tour. Dabei haben wir auch hier vorbei geschaut. Gut gefunden. Danke fürs Verstecken.<br />]]></LOG>
<LOG><![CDATA[<img src='icon_smile.gif'>&nbsp;2010-01-02 by Geo-Zwerge<br><br />cool schon x mal vorbei gefahren und nie so richtig beachtet den stein<br>danke fürs zeigen und TFTC<br />]]></LOG>
<LOG><![CDATA[<img src='icon_smile.gif'>&nbsp;2009-12-27 by R&#252;ben<br><br />gut und schnell gefunden, danke für den cach!<br />]]></LOG>
<LOG><![CDATA[<img src='icon_smile.gif'>&nbsp;2009-12-27 by monalisa812<br><br />endlich haben wir ihn gefunden! ich mag die caches nicht so gern wo mal peilen muss! nun ja egal hat ja nichts mit dem cach zu tun!<p>danke für hilfe...........<br />]]></LOG>
<LOG><![CDATA[<img src='icon_smile.gif'>&nbsp;2009-12-05 by Team Fire &amp; Ice<br><br />Gemeinsam mit Hondje Amanda ging es heute Richtung Mühlhausen.<br>Beim ersten Mal mußten wir hier leider einen DNF loggen. Der Cache war schlicht und einfach nicht mehr da.<br>Heute sind wir die Aufgabe erneut angegangen und konnten die Dose auch finden. Auch hier fuhr uns der Owner wieder über den Weg. <img src='http://www.geocaching.com/images/icons/icon_smile_big.gif' border=0 align=middle><p>Vielen Dank und Grüße<p>Team Fire & Ice<br>Heiko<br />]]></LOG>
<LOG><![CDATA[<img src='icon_smile.gif'>&nbsp;2009-12-05 by Hondje Amanda<br><br />Mit meinem Herrchen war ich heute unterwegs zu Onkel Tom.<br>Auf dem Weg dorthin waren wir noch etwas cachen. <img src='http://www.geocaching.com/images/icons/icon_smile_big.gif' border=0 align=middle><br>Auch hier waren wir heute nun zum zweiten Mal. Da war er aber leider weg.<br>Heute haben wir den Cache fix gefunden.<p>Vielen Dank und Grüße vom<p>Hondje Amanda<br />]]></LOG>
<LOG><![CDATA[<img src='icon_smile.gif'>&nbsp;2009-11-20 by Die Doose<br><br />Den hatte glaub Schneekanone im team entdeckt  ;-) <br />]]></LOG>
<LOG><![CDATA[<img src='icon_smile.gif'>&nbsp;2009-11-20 by Schneekanone<br><br />Im Team gehoben ;)<p>Lg<br>Schneekanone<br />]]></LOG>
<LOG><![CDATA[<img src='icon_smile.gif'>&nbsp;2009-11-20 by Ronja♥R&#228;ubertochter<br><br />Auch dieser PETling konnte sich bei geballter Team-Power nicht lange verstecken. TFTC<br />]]></LOG>
<LOG><![CDATA[<img src='icon_smile.gif'>&nbsp;2009-11-20 by Steppenwolf6666<br><br />Auf den Weg nach Mühlhausen hier noch angehalten und erfolgreich geloggt<br />]]></LOG>
<LOG><![CDATA[<img src='icon_smile.gif'>&nbsp;2009-11-15 by Hardcore-UH<br><br />schnell gepeilt und dann gelogt schön gemacht<p>TFTC Fips & Basti<br />]]></LOG>
<LOG><![CDATA[<img src='icon_smile.gif'>&nbsp;2009-11-10 by malipa<br><br />Diesen Cache auch noch im Internet zu loggen, hätte ich ohne die Erinnerung von Rumpel doch glatt vergessen. Es ist schon eine Weile her, dass ich in Begleitung von Rumpel diesen Cache gesucht und gefunden habe. Rumpel war damals ein toller Begleiter, der sich gut zum Schreiben der Logs eignete, nachdem ich mich ein paar Tage zuvor schreibunfähig gemacht hatte. Nette Idee, dieser Cache. Diesen jedoch in einer unbeobachteten Minute oder Sekunde mal zu bergen, ist gar nicht so einfach, gelang uns jedoch am 10.11.09 um 14:30 Uhr.<p>TFTC<p>Li vom Team Malipa<br />]]></LOG>
<LOG><![CDATA[<img src='icon_smile.gif'>&nbsp;2009-11-10 by Rumpel&amp;Schw&#228;rzchen<br><br />Vor 2 Monaten war ich schon einmal hier, doch hatte ich die Suche nach dem Final abgebrochen. Es gab keinen Moment, wo kein Auto auf der Straße war. Heute hatten wir (Li und Rumpel) mehr Glück: In einer muggelfreien Minute schnell zugegriffen und geloggt.<p>TFTC sagt der Rumpel (vom R&S Team).<p># 768 / 10.11.2009 14:30<br />]]></LOG>
<LOG><![CDATA[<img src='icon_smile.gif'>&nbsp;2009-10-21 by Rurpot<br><br />Das war die letzte Station unserer gestrigen Nachtrunde!<br>Haben das Versteck schnell gefunden, gute Idee!<br>TFTC =)<br />]]></LOG>
<LOG><![CDATA[<img src='icon_smile.gif'>&nbsp;2009-10-17 by Tini1985<br><br />Gleich nach der Kirche angegangen und gefunden.<br>TFTC, Tini1985.<br />]]></LOG>
<LOG><![CDATA[<img src='icon_smile.gif'>&nbsp;2009-10-14 by fianna<br><br />Auf der Fahrt zum Event ahnten Pixie und ich schon furchtbares. Den ganzen Tag Regen, denn wir fuhren vor dem Regen her.<br>In Seebach trafen wir auf das altbewährte "The Summer Is Magic!-TourTeam 2009 " (Team Fribu70 & Schnuba77,Pixie07, Hoffis und spät ThomasM80). Man ging mit etwas regnerischer Stimmung<br>an das Geocachetagwerk Die Regenpause beim Event „Haus am See“ wurde für einige Caches in der<br>Umgebung benutzt. Vielen Dank bis bald im Wald - fianna -<br><br />]]></LOG>
<LOG><![CDATA[<img src='icon_smile.gif'>&nbsp;2009-10-10 by pixie07<br><br />Mit Fianna, dem Team Fribu70 & Schnuba77 und den Feldbahnern ging es heute bei meist regnerischem Wetter zum "Haus am See"-Event.<br>Na das nenn ich mal einen Meilenstein! So einen großen habe ich glaube ich noch nicht gesehen. <br>Die gut platzierte Dose war schnell entdeckt.<br>Vielen Dank,<br>pixie07<br />]]></LOG>
<LOG><![CDATA[<img src='icon_smile.gif'>&nbsp;2009-10-10 by Feldbahner<br><br />Heute ging es auf die "The Summer was magic"-Tour 2009 in Richtung Mühlhausen, um vor Hoffis Event noch ein paar Dosen zu suchen.<br>Dabei waren Fianna, Pixie07, Team Fribu70 & Schnuba77 und wir.<p>Auf dem Weg zu einem anderem Cache sahen wir diese Stein und hielten schnell an. Kurz gepeilt und schnell geloggt<p><br>TFTC<br>die Feldbahner<br><br />]]></LOG>
<LOG><![CDATA[<img src='icon_smile.gif'>&nbsp;2009-10-10 by Team Fribu70 &amp; Schnuba77<br><br /><b><font> <font face="comic sans ms">Heute ging es auf die "<font color="red">The</font> <font color="yellow">Summer</font> <font color="purple">was</font> <font color="orange">magic</font>"-Tour 2009 in Richtung Mühlhausen, um vor Hoffis Event noch ein paar Dosen zu suchen.<br>Dabei waren Fianna, Pixie07, die Feldbahner und wir.</b><p>Dieser Stein kam uns doch auf dem Weg zu einem anderen Cache sehr bekannt vor, also angehalten, gepeilt, gesucht und gut gefunden. Wir wollten dann ja gleich noch einen Lost Place-Cache legen, aber das ging ja aufgrund der Abstandsregel leider nicht<img src='http://www.geocaching.com/images/icons/icon_smile_clown.gif' border=0 align=middle>!<br>Vielen Dank für den Cache und liebe Grüße an die Owner!!<p><b><font><br>T<font color="blue">e</font><font color="red">a</font><font color="purple">m</font> <font color="pink">F</font><font color="orange">r</font><font color="yellow">i</font><font color="green">b</font><font color="black">u</font><font color="blue">7</font><font color="red">0</font> <font color="purple">&</font> <font color="pink">S</font><font color="orange">c</font><font color="yellow">h</font><font color="green">n</font><font color="black">u</font><font color="blue">b</font><font color="red">a</font><font color="purple">7</font><font color="orange">7</font><br>Found it with Cachebox<br />]]></LOG>
<LOG><![CDATA[<img src='icon_smile.gif'>&nbsp;2009-10-10 by stechi-lsz<br><br />Auf dem Weg zum UH-Stammtisch im Haus am See (Event Cache) schnell noch mitgenommen. <br />]]></LOG>
<LOG><![CDATA[<img src='icon_smile.gif'>&nbsp;2009-10-01 by David+Chrissi<br><br />Dank eines kleinen Tipps vom Owner (Danke Hoffi!) heute nach der Arbeit schnell gefunden.<br>TFTC<br>David+Chrissi <br />]]></LOG>
<LOG><![CDATA[<img src='icon_smile.gif'>&nbsp;2009-09-09 by FTT<br><br />Schließe mich da biba an.Muggelfreies Loggen dürfte aber schwer werden...<br>TFTC<br />]]></LOG>
<LOG><![CDATA[<img src='icon_smile.gif'>&nbsp;2009-09-09 by biba1981<br><br />so mal wieder mit FTT dort gewesen und heut endlich geklappt (dank hoffis tip)<br />]]></LOG>
<LOG><![CDATA[<img src='icon_smile.gif'>&nbsp;2009-08-23 by compiprofi<br><br />Auf einem Rastplatz dachten wir Kurzentschlossen, daß ein Multi für die Durchreise auch nicht schlecht ist, sich mal die Beine zu vertreten. Da kam uns dieser Meilenstein gerade Recht. Und was das Tollste war, wir standen auch noch genau davor und die Station war so schnell abgearbeitet, daß selbst Multis hier in der Gegend Spaß machen können. <img src='http://www.geocaching.com/images/icons/icon_smile_big.gif' border=0 align=middle> Danke fürs Zeigen und die Kurzweil.<br />]]></LOG>
<LOG><![CDATA[<img src='icon_smile.gif'>&nbsp;2009-08-22 by Grottenolm87<br><br />Die Eichsgenossen haben schon alles gesagt....TFTC<p>Der Grottenolm<br />]]></LOG>
<LOG><![CDATA[<img src='icon_smile.gif'>&nbsp;2009-08-22 by Eichsgenossen<br><br />Heute spontan mit Grottenolm 87 verabredet, wohin:... Mühlhausen und etwas weiter.<br>Nach dem Auffinden des Finals von diesem Cache wurden wir von dem Owner +dessen Begleiterin überrascht,die zufällig vorbeifuhren und natürlich auch dann Stopten.<br>Ein kurzer Schwatz und Bericht über's Event in Erfurt war nun angesagt.<br>Ein herzl.Gruß an Hoffi und Begleiterin und DFDC sagt Winfried/Eichsgenossen<br><br />]]></LOG>
<LOG><![CDATA[<img src='icon_note.gif'>&nbsp;2009-08-21 by thomasm80<br><br />Nachtrag Cache-Mobil... <img src='http://www.geocaching.com/images/icons/icon_smile.gif' border=0 align=middle><br />]]></LOG>
<LOG><![CDATA[<img src='icon_smile.gif'>&nbsp;2009-08-21 by alfalord<br><br />Heute mit ThomasM80 eine kleine Tour in Hoffi1986  Heimatstädtchen Mühlhausen. <p>Dies war der erste Multi auf unser heutigen Tour. Leder sehr viel Muggelverkehr am ende aber Trotz alle dem gut gefunden.<p>TFTC alfalord<br />]]></LOG>
<LOG><![CDATA[<img src='icon_smile.gif'>&nbsp;2009-08-21 by thomasm80<br><br />21.08.2009 11:41 Found: <p>"Erbarmen! Zu spät... Die Hesse komme!" (Liedtext aus den 80ern von den Rodgau Monotones)<p>Kleine Mühlhausen-Tour mit Alfalord - 6 Caches, davon 5 Multis (ganz nach meinem Geschmack).<p>Was ein Muggle-Aufkommen hier. Aber wir sind ja sowas von dreist, also war dieser kleine Multi schnell abgehakt.<br>Danke für's Zeigen dieser vielbefahrenen Straße! <img src='http://www.geocaching.com/images/icons/icon_smile_big.gif' border=0 align=middle><p>TFTC<br>ThomasM80<p>GC#530<br />]]></LOG>
<LOG><![CDATA[<img src='icon_smile.gif'>&nbsp;2009-07-26 by Theria3<br><br />Heute unterwegs den kleinen Multi noch schnell mitgenommen,hat gut geklappt mit der Peilung.<br>Danke, Grüße Theria 3<br />]]></LOG>
<LOG><![CDATA[<img src='icon_smile.gif'>&nbsp;2009-07-26 by diainsel.de<br><br />Schon oft hier vorbei gefahren und nicht beachtet,<br>danke für den Cache,<br>gruß Eberhard<br />]]></LOG>
<LOG><![CDATA[<img src='icon_smile.gif'>&nbsp;2009-07-12 by GeoSittiche<br><br />Auf dem Rückweg vom Cachen schnell mitgenommen.<br>TFTC<br>die GeoSittiche<br />]]></LOG>
<LOG><![CDATA[<img src='icon_smile.gif'>&nbsp;2009-05-31 by Stechfliege<br><br />Schnell gefunden. So wirklich viele Möglichkeiten gabs ja nicht und die Koordinaten für den Final waren Super genau.<br>Vielen Dank und Grüße aus dem Vogtland<p>#182@16:45 Uhr<br />]]></LOG>
<LOG><![CDATA[<img src='icon_smile.gif'>&nbsp;2009-05-26 by uhri<br><br />Schon so oft daran vorbei gefahren. Heute mal angehalten und den Stein angeschaut. <br>Dose gut gefunden.<br>TFTC Uhri<br />]]></LOG>
<LOG><![CDATA[<img src='icon_smile.gif'>&nbsp;2009-05-24 by JonnyH&#252;tchen<br><br />Schnell gefunden.<p>TFTC Jonny.<br />]]></LOG>
<LOG><![CDATA[<img src='icon_smile.gif'>&nbsp;2009-05-24 by Kruemel68<br><br />Auf kleiner Sonntagsrunde geschnappt.<p>TFTC<p>Stefan<br />]]></LOG>
<LOG><![CDATA[<img src='icon_smile.gif'>&nbsp;2009-05-23 by madd.in<br><br />Die ersten im neuen Logbuch. Am Stein direkt sind wir nur vorbei gefahren, die Projektion ging augut aus dem Corsa raus zumachen <img src='http://www.geocaching.com/images/icons/icon_smile_big.gif' border=0 align=middle><p>tftc, <a href="http://madd.in" target="_blank" rel="nofollow"><b>madd.in</b></a> <img src='http://img.groundspeak.com/forums/emoticons/signal/big_smile.gif' width=19 height=19 border=0 align=middle><br />]]></LOG>
<LOG><![CDATA[<img src='icon_maint.gif'>&nbsp;2009-05-18 by Hoffi1986<br><br />Nachdem der PET-ling doch weg war, habe ich eine neue Location ausgemacht und einen Neuen platziert. Es kann wieder gesucht werden.<br />]]></LOG>
<LOG><![CDATA[<img src='icon_sad.gif'>&nbsp;2009-05-14 by Team Fire &amp; Ice<br><br />Richtig gepeilt, aber nix gefunden.<p>Vielleicht war es aber auch einfach zu spät (dunkel).<p>Grüße<br>Team Fire & Ice<br>Steffi und Heiko<br />]]></LOG>
<LOG><![CDATA[<img src='icon_smile.gif'>&nbsp;2009-04-26 by 0-Rgeiz<br><br />Mit itzibitzi diesen noch vor der Heimfahrt gefunden.<br>Diese Steine sind schon interessant.<br>DFDC<br />]]></LOG>
<LOG><![CDATA[<img src='icon_smile.gif'>&nbsp;2009-04-26 by itzibitzi<br><br />Kleine Multirunde vor der Fahrt nach Hause. Hier schneller found. DFDC<br />]]></LOG>
<LOG><![CDATA[<img src='icon_note.gif'>&nbsp;2009-04-20 by Hoffi1986<br><br />Coin rein und raus!<br />]]></LOG>
<LOG><![CDATA[<img src='icon_smile.gif'>&nbsp;2009-04-18 by Hor_andy<br><br /><br>Sooft schon vorbeigefahren und den Cache fast gesehen, aber immer ist hier die Hölle los,wenn ich suchen will. Heute (23:10Uhr) sollte es doch klappen, doch wieder Muggelalarm,aberes warnur eine Oma auf dem Heimweg vom Likörchenschlürfen, nach kurzem Warten konnte ich diesen Cache eliminieren ;-)<br>TFTC<br><br />]]></LOG>
<LOG><![CDATA[<img src='icon_smile.gif'>&nbsp;2009-04-18 by gloomy<br><br />Ein feiner Stein und ein schöner Final, was will man mehr. VG und Danke, gloomy!<br />]]></LOG>
<LOG><![CDATA[<img src='icon_smile.gif'>&nbsp;2009-04-10 by Die Hasenschnitzels<br><br />Auf der Fahrt zum Nachtcache schnell noch diesen Multi eingesackt.<br>Danke für den Cache<p>Die Hasenschnitzels<br />]]></LOG>
<LOG><![CDATA[<img src='icon_smile.gif'>&nbsp;2009-04-04 by KaputtesLicht<br><br />Auf dem Heimweg noch schnell erledigt! Vielen dank<br />]]></LOG>
<LOG><![CDATA[<img src='icon_smile.gif'>&nbsp;2009-03-28 by FroehlicheRadlerin<br><br />Heute relativ fix gefunden. Danke und Grüße! Katja & Tom<br />]]></LOG>
<LOG><![CDATA[<img src='icon_smile.gif'>&nbsp;2009-03-28 by Bara68<br><br />Hier bin ich nun schon hundert mal vorbeigefahren. Den Stein aber habe ich erst durch das Geocaching wahrgenommen . Schönes Versteck. Bara68<br />]]></LOG>
<LOG><![CDATA[<img src='icon_smile.gif'>&nbsp;2009-03-21 by Mueckenfett<br><br />Gut gepeilt, fix gefunden.<br>Tom<br />]]></LOG>
<LOG><![CDATA[<img src='icon_smile.gif'>&nbsp;2009-03-21 by dop3<br><br />fix gefunden! fragt sich nur wie lange der noch überlebt<br />]]></LOG>
<LOG><![CDATA[<img src='icon_smile.gif'>&nbsp;2009-03-20 by Seve<br><br />Bin schon oft hier durchgefahren aber der Meilenstein ist mir ehrlich gesagt noch nie aufgefallen. Auf sowas achte ich während der Fahrt halt nicht.. aber dafür gibt es ja Geocaching <img src='http://www.geocaching.com/images/icons/icon_smile_big.gif' border=0 align=middle> Vielen Dank und Grüße!<br />]]></LOG>
<LOG><![CDATA[<img src='icon_smile.gif'>&nbsp;2009-03-19 by Traveler77<br><br />Auf dem Weg in den Urlaub schnell angehalten, gepeilt und das Döslein gehoben. <img src='http://www.geocaching.com/images/icons/icon_smile_wink.gif' border=0 align=middle> TFTC<br />]]></LOG>
<LOG><![CDATA[<img src='icon_smile.gif'>&nbsp;2009-03-17 by AT-AT<br><br />Mit gollumgandalf gepeilt, gesucht und gefunden <img src='http://www.geocaching.com/images/icons/icon_smile_big.gif' border=0 align=middle><br>TFTC<br />]]></LOG>
<LOG><![CDATA[<img src='icon_smile.gif'>&nbsp;2009-03-17 by Traumpaar1<br><br />echt ne coole idde von dir und ich muss zugeben wir haben auch schon überlegt ob wir da einen plazieren --- aber die lezten wochen nicht viel zeit und so warst du schneller :)<br />]]></LOG>
<LOG><![CDATA[<img src='icon_smile.gif'>&nbsp;2009-03-17 by Chris601<br><br />Ich hatte die Dose schon morgens um 5 auf dem Schirm, aber wie es immer so ist, ist morgens jede Minute kostbar und so hab ich im Vorbeifahren nur geguckt, wo sie wohl liegen wird.<br>Gut, es war naiv zu glauben, dass nachmittags noch keiner drin steht, aber gollum war auch nur 20 min vor mir da. Schade, dass ich offenbar den FTF-Deckel samt Datum verpasst habe. sowas hätt ich gern geöffnet!<br />]]></LOG>
<LOG><![CDATA[<img src='icon_smile.gif'>&nbsp;2009-03-17 by Gollum &amp; Galadriel<br><br />Naja, so ganz freiwillig war das Warten nicht. Es war einfach 40 Minuten zu spät Feierabend. Aber so konnte Lupo zum Abschied außer der 700er Marke auch noch nen FTF mitnehmen. <br>Mal sehen, wie neugierig die Fenstermuggel sind und nachschauen, was es da zu fummeln gibt.<br>TFTC<br />]]></LOG>
<LOG><![CDATA[<img src='icon_smile.gif'>&nbsp;2009-03-17 by LUPO.79<br><br />Auf der Abschiedstour als letztes noch ein FTF.. unglaublich! gestern Abend noch entdeckt, sollte er heut vormittag der erste sein, aber leider im Muggelblick, deshalb als letzten gege 15 uhr. Und siehe da, keine rote oder grüne schrift. Ich danke fürs Warten...<img src='http://www.geocaching.com/images/icons/icon_smile_clown.gif' border=0 align=middle><p>Áber ob die Dose hier lange überlebt?? Ich wag es zu bezweifeln!<p>TFTC<br />]]></LOG>
<LOG><![CDATA[<img src='icon_greenlight.gif'>&nbsp;2009-03-16 by tabula.rasa<br><br />Published<br />]]></LOG>
</LOGS>
<NOTES><![CDATA[]]></NOTES>
<IMAGES>
    <IMG>gc1nqaf_0.jpg<URL>http://img.geocaching.com/cache/08b8f7d1-793b-4076-859e-9693d3db0fc6.jpg</URL></IMG>
    <IMG>gc1nqaf_1.gif<URL>http://www.geocaching.com/images/icons/icon_smile_wink.gif</URL></IMG>
    <IMG>gc1nqaf_2.gif<URL>http://www.opencaching.de/images/dull_entwurf_sun_klein.gif</URL></IMG>
    <IMG>GC1NQAF_0.jpg<URL>http://img.geocaching.com/cache/08b8f7d1-793b-4076-859e-9693d3db0fc6.jpg</URL></IMG>
    <IMGTEXT>GC1NQAF_0</IMGTEXT>
    <IMGTEXT>GC1NQAF_1</IMGTEXT>
    <IMGTEXT>GC1NQAF_2</IMGTEXT>
    <IMGTEXT>Der Meilenstein</IMGTEXT>
</IMAGES>
<TRAVELBUGS>
</TRAVELBUGS>
<URL><![CDATA[]]></URL>
<SOLVER><![CDATA[]]></SOLVER>
    <CACHE  name = "Der 6 1/4 Meilen Stein" owner = "Hoffi1986" lat = "51,182233333333" lon = "10,503533333333" hidden = "2009-03-15" wayp = "GC1NQAF" status = "" ocCacheID = "" lastSyncOC = "20100419225941" num_recommended = "0" num_found = "-1" attributesYes = "34500904963" attributesNo = "2199023255552" boolFields="1922" byteFields="33757460" attributesYes1 = "0" attributesNo1 = "0" />
</CACHEDETAILS>
