<?xml version="1.0" encoding="ISO-8859-1"?>
<CACHEDETAILS>
<VERSION value = "3"/>
<DETAILS><![CDATA[<div style="color: rgb(255, 16, 16);" align="center">
<strong><font size="5">Gotteshäuser - die St.-Cyriakus-Kirche
Höngeda</font></strong></div>
<h2 style="color: rgb(255, 31, 31);"></h2>

<br><p align="center"> <img src=
"http://img.geocaching.com/cache/ee5935a7-6891-42b7-8707-2e1983a730d6.jpg"
align="baseline" /></p>
<p>Die St.-Cyriakus-Kirche in Höngeda war einmal ein Außenposten
des Mühlhäuser Landgrabens. Als Wehrkirche und Wartturm befindet
sie sich im Dorfzentrum und durch ihren hohen Turm sieht man sie
schon von weitem. Die baulichen Übergänge sind von Außen sehr gut
zwischen Turm und Schiff zu sehen.</p>
Dies ist eine Cacheserie, wie sie auf dem Kasseler Geocacher
Stammtisch am 04.03.05 beschlossen wurde. Dabei sollen Caches in
der Nähe von Gotteshäusern ausgelegt werden, die entweder
historisch oder architektonisch eine Besonderheit darstellen. Es
ist hierbei völlig egal, welcher Religion diese Häuser angehören.
Jeder der an dieser Serie teilnehmen möchte, kann dies tun. Er
sollte sich jedoch an die einheitliche Schreibweise halten, damit
die einzelnen Caches der Serie zuzuordnen sind. Außerdem ist dieser
Absatz zu kopieren und mit in die Beschreibung aufzunehmen.
Zusätzlich sollte man wenn möglich, eine Beschreibung des Ortes
liefern, damit man auch etwas über dieses Gotteshaus erfahren kann.
Der Cache ist bitte so zu verstecken, dass er die Würde des Ortes
nicht verletzt. Gegebenfalls ist er so zu platzieren, das er über
eine Wegpunktprojektion zu finden ist und die eigentlichen
Koordinaten auf das Gebäude selbst weisen.<br />
<br />
<b>Dieser Cache ist auch bei</b> <a href=
"http://www.opencaching.de/viewcache.php?wp=OC8EB3" target=
"_blank"><img style=
"BORDER-TOP-WIDTH: 0px; BORDER-LEFT-WIDTH: 0px; BORDER-BOTTOM-WIDTH: 0px; BORDER-RIGHT-WIDTH: 0px"
alt="oc-Logo" src=
"http://www.opencaching.de/images/dull_entwurf_sun_klein.gif"
width="80" /></a> <b>logbar.</b><br />]]></DETAILS>
<COUNTRY><![CDATA[Germany]]></COUNTRY>
<STATE><![CDATA[Thüringen]]></STATE>
<ATTRIBUTES>
   <ATT>stroller-no.gif</ATT>
   <ATT>wheelchair-no.gif</ATT>
   <ATT>dogs-no.gif</ATT>
   <ATT>winter-yes.gif</ATT>
   <ATT>available-yes.gif</ATT>
   <ATT>onehour-yes.gif</ATT>
   <ATT>kids-yes.gif</ATT>
   <ATT>parking-yes.gif</ATT>
</ATTRIBUTES>
<HINTS><![CDATA[uvagre rvarz Fgrva, 1,40z Uöur arora qrz Gbe]]></HINTS>
<LOGS>
<OWNLOGID></OWNLOGID>
<OWNLOG><![CDATA[]]></OWNLOG>
<LOG><![CDATA[<img src='icon_smile.gif'>&nbsp;2010-03-20 by TcG71<br><br />(13:19:59/fwgb) Heute bei eine kurzen Samstagsrunde schnell gefunden ! TFTC :-) <p>TcG71 & GeoBienchen<br />]]></LOG>
<LOG><![CDATA[<img src='icon_smile.gif'>&nbsp;2010-03-13 by segelflieger14<br><br />Eine sehr hübsche Kirche, danke fürs herführe.<br>Cache schnell gefunden<br>TFTC<br />]]></LOG>
<LOG><![CDATA[<img src='icon_smile.gif'>&nbsp;2010-03-13 by garminius<br><br />Fund stellte keine Schwierigkeit dar. Danke für den schnellen Drive-In!<br />]]></LOG>
<LOG><![CDATA[<img src='icon_smile.gif'>&nbsp;2010-03-13 by Garminia<br><br />Danke fürs Zeigen, diesen schnell gefunden.<br />]]></LOG>
<LOG><![CDATA[<img src='icon_smile.gif'>&nbsp;2010-03-12 by toxic89<br><br />Auch dieser ward schnell gefunden. TFTC<br />]]></LOG>
<LOG><![CDATA[<img src='icon_smile.gif'>&nbsp;2010-03-12 by Fox33<br><br />Schnell gefunden. TFTC<br />]]></LOG>
<LOG><![CDATA[<img src='icon_smile.gif'>&nbsp;2010-01-31 by heilaender123<br><br />Heute mit den Kindern bei Heino zum Essen gewesen und anschließend den kleinen schnell geloggt.<br>Danke sagt der <br>                         heilaender123 <img src='http://www.geocaching.com/images/icons/icon_smile.gif' border=0 align=middle><br />]]></LOG>
<LOG><![CDATA[<img src='icon_smile.gif'>&nbsp;2010-01-29 by Nalenia<br><br />danke für´s Zeigen dieser schönen Kirche<br>TFTC<br />]]></LOG>
<LOG><![CDATA[<img src='icon_smile.gif'>&nbsp;2010-01-16 by Olle+Oller<br><br />Auf dem Heimweg aus dem Eichfeld diese kleine Runde noch gedreht. Die Anfahrt zur PA war echt nicht einfach, vom parken bei desem Schnee nicht zu schreiben. Wir haben dann bemerkt, das der Zugang auch von untern mögloch gewesen wäre, naja, egal<p>TFTC<p>#286, Found it with Cachebox!<br />]]></LOG>
<LOG><![CDATA[<img src='icon_smile.gif'>&nbsp;2010-01-02 by Erithacus Rubecula<br><br />Abgestaubt!<br>Heute waren wir mal wieder auf thüringischen Boden auf Tour. Nach kurzer Suche war die Dose unser. Gut gefunden. Danke fürs Verstecken.<br />]]></LOG>
<LOG><![CDATA[<img src='icon_smile.gif'>&nbsp;2009-12-31 by Reedy90<br><br />TFTC<br />]]></LOG>
<LOG><![CDATA[<img src='icon_smile.gif'>&nbsp;2009-12-31 by mediamarkt1990<br><br />Schnell gefunden und geloggt<br>TFTC<br />]]></LOG>
<LOG><![CDATA[<img src='icon_smile.gif'>&nbsp;2009-12-27 by intruderva14<br><br />Schnell nach dem Mittag von der Feier geschlichen und mit meinen Jungs gecacht.<br>Tolles Versteck .<br>TFTC Intruderva14<br />]]></LOG>
<LOG><![CDATA[<img src='icon_maint.gif'>&nbsp;2009-12-27 by Hoffi1986<br><br />neues Logbuch platziert<br />]]></LOG>
<LOG><![CDATA[<img src='icon_smile.gif'>&nbsp;2009-12-05 by Team Fire &amp; Ice<br><br />Gemeinsam mit Hondje Amanda ging es heute Richtung Mühlhausen.<br>Der Kleine lag genau auf dem Weg. Hier sind wir ja schon oft vorbeigefahren.<p>Vielen Dank und Grüße<p>Team Fire & Ice<br>Heiko<br />]]></LOG>
<LOG><![CDATA[<img src='icon_smile.gif'>&nbsp;2009-12-05 by Hondje Amanda<br><br />Mit meinem Herrchen war ich heute unterwegs zu Onkel Tom.<br>Auf dem Weg dorthin waren wir noch etwas cachen. <img src='http://www.geocaching.com/images/icons/icon_smile_big.gif' border=0 align=middle><br>Den Cache haben wir fix gefunden.<p>Vielen Dank und Grüße vom<p>Hondje Amanda<br />]]></LOG>
<LOG><![CDATA[<img src='icon_smile.gif'>&nbsp;2009-11-20 by Die Doose<br><br />Gut im team gefunden <br />]]></LOG>
<LOG><![CDATA[<img src='icon_smile.gif'>&nbsp;2009-11-20 by Schneekanone<br><br />Kurz und schmerzlos ;)<p>Lg<br>Schneekanone<br />]]></LOG>
<LOG><![CDATA[<img src='icon_smile.gif'>&nbsp;2009-11-20 by Ronja♥R&#228;ubertochter<br><br />War gut zu finden. TFTC.<br />]]></LOG>
<LOG><![CDATA[<img src='icon_smile.gif'>&nbsp;2009-11-20 by Steppenwolf6666<br><br />Diesen auch auf den Weg nach MHL schnell und gut gefunden!!<br />]]></LOG>
<LOG><![CDATA[<img src='icon_smile.gif'>&nbsp;2009-11-14 by Geo-Zwerge<br><br />auf der heimreise von mhl gut und schnell gefunden<br>TFTC<br />]]></LOG>
<LOG><![CDATA[<img src='icon_smile.gif'>&nbsp;2009-11-10 by malipa<br><br />Erst ein bisschen gucken, dann zugreifen und Cache in den Händen halten. Versteck gut ausfindig gemacht.<br>TFTC<br>Li vom Team Malipa<br />]]></LOG>
<LOG><![CDATA[<img src='icon_smile.gif'>&nbsp;2009-11-01 by Darmsaft<br><br />Mimi hat schon alles gesagt ;) Ich würde sowas schon fast als Drive In bezeichnen. Dankeschön für den Cache zwischendurch :)<br />]]></LOG>
<LOG><![CDATA[<img src='icon_smile.gif'>&nbsp;2009-11-01 by Prinzessin_Mimi<br><br />Offensichtliches Versteck, also auch schnell gefunden ;)<br />]]></LOG>
<LOG><![CDATA[<img src='icon_smile.gif'>&nbsp;2009-10-17 by Tini1985<br><br />Schnell entdeckt und mit kalten, steifen Fingern so gut es ging geloggt.<br>TFTC, Tini1985<br />]]></LOG>
<LOG><![CDATA[<img src='icon_smile.gif'>&nbsp;2009-10-16 by nasenbaer55<br><br />Schneller Fund, die Herausforderung war, die Straße zu überqueren.<br />]]></LOG>
<LOG><![CDATA[<img src='icon_smile.gif'>&nbsp;2009-10-14 by fianna<br><br />Auf der Fahrt zum Event ahnten Pixie und ich schon furchtbares. Den ganzen Tag Regen, denn wir fuhren vor dem Regen her.<br>In Seebach trafen wir auf das altbewährte "The Summer Is Magic!-TourTeam 2009 " (Team Fribu70 & Schnuba77,Pixie07, Hoffis und spät ThomasM80). Man ging mit etwas regnerischer Stimmung<br>an das Geocachetagwerk Die Regenpause beim Event „Haus am See“ wurde für einige Caches in der<br>Umgebung benutzt. Vielen Dank bis bald im Wald - fianna -<br><br />]]></LOG>
<LOG><![CDATA[<img src='icon_smile.gif'>&nbsp;2009-10-12 by klappspatenninja<br><br />Unser allerletzter für dieses verlängerte Wochenende. Bei einbrechender Dunkelheit angepirscht und schnell geloggt.<p>Klappspatenninja<br />]]></LOG>
<LOG><![CDATA[<img src='icon_smile.gif'>&nbsp;2009-10-12 by atlasmaler<br><br />dies war nun der letzte auf meiner reise mit dem klappspatenninja in die lueneburger heide. auf dem hinweg sind wir hier schon vorbei gekommen, da waren aber zu viele muggel unterwegs, so dass wir ihn auf dem heimweg erst gehoben haben. TFTC!<p>atlasmaler<br />]]></LOG>
<LOG><![CDATA[<img src='icon_smile.gif'>&nbsp;2009-10-10 by pixie07<br><br />Mit Fianna, dem Team Fribu70 & Schnuba77 und den Feldbahnern ging es heute bei meist regnerischem Wetter zum "Haus am See"-Event.<br>Schön, dass diese Dose außerhalb des Kirchengeländes liegt! Sie konnte sich nicht lange vor uns verbergen.<br>Vielen Dank,<br>pixie07<br />]]></LOG>
<LOG><![CDATA[<img src='icon_smile.gif'>&nbsp;2009-10-10 by Feldbahner<br><br />Heute ging es auf die "The Summer was magic"-Tour 2009 in Richtung Mühlhausen, um vor Hoffis Event noch ein paar Dosen zu suchen.<br>Dabei waren Fianna, Pixie07, Team Fribu70 & Schnuba77 und wir.<p>Diesen Cache schnell gefunden<p><br>TFTC<br>die Feldbahner<br><br />]]></LOG>
<LOG><![CDATA[<img src='icon_smile.gif'>&nbsp;2009-10-10 by Team Fribu70 &amp; Schnuba77<br><br /><b><font> <font face="comic sans ms">Heute ging es auf die "<font color="red">The</font> <font color="yellow">Summer</font> <font color="purple">was</font> <font color="orange">magic</font>"-Tour 2009 in Richtung Mühlhausen, um vor Hoffis Event noch ein paar Dosen zu suchen.<br>Dabei waren Fianna, Pixie07, die Feldbahner und wir.</b><p>Auch dieser kleine Kirchencache konnte sich vor unserem Zugriff nicht retten und schnell waren alle Namen im Logbuch eingetragen.<p>Vielen Dank für den Cache und viele Grüße an die Owner!<p><b><font><br>T<font color="blue">e</font><font color="red">a</font><font color="purple">m</font> <font color="pink">F</font><font color="orange">r</font><font color="yellow">i</font><font color="green">b</font><font color="black">u</font><font color="blue">7</font><font color="red">0</font> <font color="purple">&</font> <font color="pink">S</font><font color="orange">c</font><font color="yellow">h</font><font color="green">n</font><font color="black">u</font><font color="blue">b</font><font color="red">a</font><font color="purple">7</font><font color="orange">7</font><br>Found with Cachebox!<br></b><br />]]></LOG>
<LOG><![CDATA[<img src='icon_smile.gif'>&nbsp;2009-10-10 by Richie1977<br><br />Ist ein schöner,wir haben ihn gleich auf anhieb gefunden.Befolgt hinweis und ihr werdet ihn genauso schnell finden.<br />]]></LOG>
<LOG><![CDATA[<img src='icon_smile.gif'>&nbsp;2009-10-10 by stechi-lsz<br><br />Auf dem Weg zum UH-Stammtisch im Haus am See (Event Cache) schnell noch mitgenommen. <br />]]></LOG>
<LOG><![CDATA[<img src='icon_smile.gif'>&nbsp;2009-09-29 by sissifalke<br><br />Auch diese schöne Dose konnte sich nicht lang vor uns versteckt halten.<br>Danke und lieben Gruß aus Bayern<br>Team sissifalke <br><br />]]></LOG>
<LOG><![CDATA[<img src='icon_smile.gif'>&nbsp;2009-09-17 by David+Chrissi<br><br />Heute eine eher spontane Cacher-Tour gemacht.Der kleine konnte sich nicht lange vor uns verstecken...!<br>TFTC<br>David+Chrissi<br />]]></LOG>
<LOG><![CDATA[<img src='icon_smile.gif'>&nbsp;2009-09-05 by R&#252;ben<br><br />schöne location, und ein sehr schöner cach<br>TFTC<br />]]></LOG>
<LOG><![CDATA[<img src='icon_smile.gif'>&nbsp;2009-09-05 by monalisa812<br><br />sehr schnell finden können.........<br>eine schöne location<br>TFTC<br />]]></LOG>
<LOG><![CDATA[<img src='icon_smile.gif'>&nbsp;2009-09-05 by Hardcore-UH<br><br />schöne sache<br />]]></LOG>
<LOG><![CDATA[<img src='icon_smile.gif'>&nbsp;2009-09-03 by Rumpel&amp;Schw&#228;rzchen<br><br />Auf der Durchreise angehalten, gesucht, schnell gefunden, geloggt und weiter!<p>TFTC sagt der Rumpel (vom Rumpel&Schwärzchen Team).<p># 616 / 03.09.2009 13:15<br />]]></LOG>
<LOG><![CDATA[<img src='icon_smile.gif'>&nbsp;2009-08-23 by compiprofi<br><br />Vom "Meilenstein" kommend, haben wir diesen hier gleich noch mitgenommen. Ohne Muggels geloggt und wieder schön versteckt. Danke fürs Zeigen! <br />]]></LOG>
<LOG><![CDATA[<img src='icon_note.gif'>&nbsp;2009-08-21 by thomasm80<br><br />Nachtrag Cache-Mobil...<br />]]></LOG>
<LOG><![CDATA[<img src='icon_smile.gif'>&nbsp;2009-08-21 by alfalord<br><br />Heute mit ThomasM80 eine kleine Tour in Hoffi1986  Heimatstädtchen Mühlhausen. <p>Dies war heute unser einzigster Tradi der Rest waren Mulies. Ein schöner kleiner Tradi gut und schnell gefunden.<p>grüße an den Owner<p>TFTC alfalord<br><br />]]></LOG>
<LOG><![CDATA[<img src='icon_smile.gif'>&nbsp;2009-08-21 by thomasm80<br><br />21.08.2009 11:25 Found: <p>"Erbarmen! Zu spät... Die Hesse komme!" (Liedtext aus den 80ern von den Rodgau Monotones)<p>Kleine Mühlhausen-Tour mit Alfalord - 6 Caches, davon 5 Multis (ganz nach meinem Geschmack).<p>Nachdem wir den owner in seinem Heimatdorf getroffen haben, noch total fertig von der GC in Köln, sind wir losgetigert.<p>Dieser kleine Tradi hier konnte sich unserem Zugriff nicht lange entziehen!<p>TFTC<br>ThomasM80<p>GC#529<br />]]></LOG>
<LOG><![CDATA[<img src='icon_smile.gif'>&nbsp;2009-07-08 by Team Kumunst<br><br />Der angegebene Parkplatz war leider besetzt. So musste die eine Hälfte des Teams alleine auf Dosensuche gehen.<br>Danke und Gruß<br>Team Kumunst<br />]]></LOG>
<LOG><![CDATA[<img src='icon_smile.gif'>&nbsp;2009-06-21 by Theria3<br><br />Heute auf unserer Tour geloggt.<br>Danke, Gruß Theria 3<br />]]></LOG>
<LOG><![CDATA[<img src='icon_smile.gif'>&nbsp;2009-06-21 by diainsel.de<br><br />Bei unserer kleinen Eichsfeldrunde schnell gefunden, danke fürs zeigen,<br>Gruß <br>Eberhard<br />]]></LOG>
<LOG><![CDATA[<img src='icon_smile.gif'>&nbsp;2009-05-31 by Stechfliege<br><br />Idyllisches Plätzlein hier!<br>Danke fürs Zeigen.<p>#181@16:30 Uhr<br />]]></LOG>
<LOG><![CDATA[<img src='icon_smile.gif'>&nbsp;2009-05-24 by Grottenolm87<br><br />Zusammen mit den two rubsners auf Tour<p>Der Grottenolm<br />]]></LOG>
<LOG><![CDATA[<img src='icon_smile.gif'>&nbsp;2009-05-24 by fabio-otto<br><br />schnell gefunden. <br>thx<br />]]></LOG>
<LOG><![CDATA[<img src='icon_smile.gif'>&nbsp;2009-05-23 by Pretty Saro<br><br />Heute schnell gefunden. <p>TFTC<br />]]></LOG>
<LOG><![CDATA[<img src='icon_smile.gif'>&nbsp;2009-05-07 by mnieft<br><br />Schnell gefunden und unbeobachtet gelogged.<br />]]></LOG>
<LOG><![CDATA[<img src='icon_smile.gif'>&nbsp;2009-05-06 by schatzmaster<br><br />Paar mal vorbei gefahren und heute zugegriffen.<br>Vielen Dank für den Kleinen :-)<br>Schatzmaster<br><br />]]></LOG>
<LOG><![CDATA[<img src='icon_smile.gif'>&nbsp;2009-05-03 by Super-Sp&#252;r-Nasen<br><br />Dank "Hoffi1986" gefunden.<br />]]></LOG>
<LOG><![CDATA[<img src='icon_smile.gif'>&nbsp;2009-05-02 by biba1981<br><br />schnell gefunden mit FTT<br />]]></LOG>
<LOG><![CDATA[<img src='icon_smile.gif'>&nbsp;2009-05-01 by Pimmon23<br><br />Schöne kleine Kirche und noch ein neuer Landkreis für unsere Statistik. TFTC<br />]]></LOG>
<LOG><![CDATA[<img src='icon_smile.gif'>&nbsp;2009-05-01 by FTT<br><br />Schnell gefunden.<br>TFTC<br />]]></LOG>
<LOG><![CDATA[<img src='icon_smile.gif'>&nbsp;2009-04-25 by mamy1<br><br />Auch hier am heutigen Abend noch vorbeigeschaut und nach kurzer Sucherei fündig geworden.<p>Viele Grüße von mamy1<br />]]></LOG>
<LOG><![CDATA[<img src='icon_note.gif'>&nbsp;2009-04-20 by Hoffi1986<br><br />Coin rein und raus!<br />]]></LOG>
<LOG><![CDATA[<img src='icon_smile.gif'>&nbsp;2009-04-19 by Sectio aurea<br><br />Nach dem CITO in Mühlhausen schnell gefunden<br>TFTC<br />]]></LOG>
<LOG><![CDATA[<img src='icon_smile.gif'>&nbsp;2009-04-19 by invinoveritas<br><br />Nach dem CITO Event den kleinen heut noch schnell gesucht und nach kurzer Suche gefunden. TFTC<br />]]></LOG>
<LOG><![CDATA[<img src='icon_smile.gif'>&nbsp;2009-04-19 by Yalla<br><br />Nach dem aufräumen, grillen & chillen in Mühlhausen gefunden.<br><img src='http://www.geocaching.com/images/icons/icon_smile_cool.gif' border=0 align=middle><br>Vielen Dank und Viele Grüße von Yalla<br />]]></LOG>
<LOG><![CDATA[<img src='icon_smile.gif'>&nbsp;2009-04-13 by Drea76<br><br />Dank Hint konnten wir diesen Cache bei schönstem Wetter auf dem Weg nach Oberhof loggen. Eine Mauer hat eben immer zwei Seiten.<br>Danke Drea76<img src='http://www.geocaching.com/images/icons/icon_smile.gif' border=0 align=middle> (zusammen mit Teorlin & Gini)<br />]]></LOG>
<LOG><![CDATA[<img src='icon_smile.gif'>&nbsp;2009-04-13 by Teorlin &amp; Gini<br><br />Nach etwas vorsichtiger Suche an falscher Stelle dann doch noch gefunden.<br>Danke<br>Thomas & Svenja mit Drea76 und Anke <br />]]></LOG>
<LOG><![CDATA[<img src='icon_smile.gif'>&nbsp;2009-04-11 by BastiVW<br><br />Mal schnell zwischendurch angehalten :-)<br />]]></LOG>
<LOG><![CDATA[<img src='icon_smile.gif'>&nbsp;2009-03-25 by Nafralifa<br><br />Gut gefunden! TFTC Nafralifa<br />]]></LOG>
<LOG><![CDATA[<img src='icon_smile.gif'>&nbsp;2009-03-25 by AT-AT<br><br />Auch dieser konnte sich nicht lange verstecken.<br>TFTC<br />]]></LOG>
<LOG><![CDATA[<img src='icon_smile.gif'>&nbsp;2009-03-24 by MaxThomas<br><br />Ein Griff!<br>Grüße,<br>MaxThomas<br />]]></LOG>
<LOG><![CDATA[<img src='icon_smile.gif'>&nbsp;2009-03-22 by two rubsners<br><br />Die Dose war schnell entdeckt.<br />]]></LOG>
<LOG><![CDATA[<img src='icon_smile.gif'>&nbsp;2009-03-17 by Traumpaar1<br><br />Juhu der nächste in Höngeda, schöne Idee und super gefunden <br>Danke an Hoffi1986<br />]]></LOG>
<LOG><![CDATA[<img src='icon_smile.gif'>&nbsp;2009-03-15 by uhri<br><br />Döschen gut gefunden.<br>TFTC Uhri+Braut<br />]]></LOG>
<LOG><![CDATA[<img src='icon_smile.gif'>&nbsp;2009-03-15 by FroehlicheRadlerin<br><br />Friedhöfe laden immer wieder zum Sinnieren ein - und heute zum Makrofotografieren der vielen Schneeglöckchen. Den Schatz selber haben wir gut gefunden, vielen Dank!<br />]]></LOG>
<LOG><![CDATA[<img src='icon_smile.gif'>&nbsp;2009-03-15 by Bara68<br><br />Diesen hier haben wir heute im Team schnell gefunden. Eine schöne Kirche, die ich ohne Geocaching niemals kennen gelernt hätte. Bara68<br />]]></LOG>
<LOG><![CDATA[<img src='icon_smile.gif'>&nbsp;2009-03-11 by Chris601<br><br />Da ist aber jemand schwer im Gotteshäuser-Fieber, was?<p>nunja: 23:45 gefunden <br><br />]]></LOG>
<LOG><![CDATA[<img src='icon_smile.gif'>&nbsp;2009-03-11 by madd.in<br><br />Schnel und gut gefunden...<br>tftc, madd.in<br />]]></LOG>
<LOG><![CDATA[<img src='icon_smile.gif'>&nbsp;2009-03-09 by geofutz<br><br />Mit dem Hint konnte sich der Kleine nicht lange verbergen.<br>Auf der Durchfahrt schnell gefunden.<br><font color="blue"> Danke für <b># 718</b> und</font><br><font color="green"><b><i>BYE Geofutz.</i></b></font><br><br />]]></LOG>
<LOG><![CDATA[<img src='icon_smile.gif'>&nbsp;2009-03-07 by JonnyH&#252;tchen<br><br />Der zweite auf unserer heutigen kleinen Gotteshäuser Tournee.<p>TFTC<p>Jonathan<br />]]></LOG>
<LOG><![CDATA[<img src='icon_smile.gif'>&nbsp;2009-03-07 by Kruemel68<br><br />Der zweite auf unserer heutigen kleinen Gotteshäuser Runde.<p>TFTC<p>Christel und Stefan<br />]]></LOG>
<LOG><![CDATA[<img src='icon_smile.gif'>&nbsp;2009-03-07 by GeoSittiche<br><br />Auf diesmal Samstag-Cachetour das Döschen schnell kassiert.<br>TFTC<br>die GeoSittiche<br />]]></LOG>
<LOG><![CDATA[<img src='icon_smile.gif'>&nbsp;2009-03-06 by Eichsgenossen<br><br />Wenn man schon mal auf der Durchreise ist,kann man schlecht Nein sagen.Schneller Zugriff ....<br>TFTC sagen die Eichsgenossen<br />]]></LOG>
<LOG><![CDATA[<img src='icon_smile.gif'>&nbsp;2009-03-05 by LUPO.79<br><br />Auf dem Heimweg nach LSZ fix gehoben!<br>TFTC<br />]]></LOG>
<LOG><![CDATA[<img src='icon_note.gif'>&nbsp;2009-03-04 by Hor_andy<br><br /><br>Ja, da liegt er doch schon viel angenehmer. Allerdings kann immernoch jeder seine Caches dort verstecken wo er selber will, ich habe nur Bedenken angemeldet. Außerdem steht im Text "> Der Cache ist bitte so zu verstecken, dass er die Würde des Ortes nicht verletzt. Gegebenfalls ist er so zu platzieren, das er über eine Wegpunktprojektion zu finden ist und die eigentlichen Koordinaten auf das Gebäude selbst weisen. <br />]]></LOG>
<LOG><![CDATA[<img src='icon_smile.gif'>&nbsp;2009-03-03 by dop3<br><br />kurz nach Sonnenuntergang die kleine Dose fix gefunden.<br />]]></LOG>
<LOG><![CDATA[<img src='coord_update.gif'>&nbsp;2009-03-02 by Hoffi1986<br><br /><strong>N 51° 10.916 E 010° 30.181</strong><br /><br />** Coordinates Changed From **<br>N 51° 10.889 E 010° 30.214<br>Distance From Old: 206.7 feet<br>Andy's Log hat mich doch zum nachdenken gebracht, und deswegen habe ich den Cache heute verlegt. Dankeschön für diesen Denkanstoß!<br>Für den nächsten Finder gibt es noch eine Coin zum weiterbringen.<br />]]></LOG>
<LOG><![CDATA[<img src='icon_smile.gif'>&nbsp;2009-03-01 by gloomy<br><br />Morgens um 7:00 war die Welt noch in Ordnung :-) VG und Danke, gloomy!<br />]]></LOG>
<LOG><![CDATA[<img src='icon_smile.gif'>&nbsp;2009-03-01 by Hor_andy<br><br /><br>Eine glückliche Fügung bescherte uns einst den "Kasseler Geocacher Stammtisch vom 04.03.05" und damit auch eine allgegenwärtige Cacheserie (siehe das schöne Reviewerlog der Kirche in Pfaffi).<br>Ein Cache an einer Kirche ist schön und gut, aber einer direkt aufm Friedhof ist alles andere als schön. Da trauern Leute an einem frischen Grab und gleich daneben soll ein Cache geloggt werden, das will ich mir so garnicht vorstellen.Geloggt habe ich ihn erstmal, aber trotz schöner Kirche ist der Cache es ganz sicher nicht. Sorry.<br>Das die Kirche mitten auf dem Friedhof steht ist so eine Sache, aber gibt es nicht trotzdem einen besseren Platz für so einen Cache???<br>+1<br />]]></LOG>
<LOG><![CDATA[<img src='icon_smile.gif'>&nbsp;2009-03-01 by Traveler77<br><br />Heute zum 01. März mal wieder die Homezone unsicher gemacht. Im Team mit Hor_andy, unseren Mädels und dem kleinen Paul diesen Cache gehoben. <img src='http://www.geocaching.com/images/icons/icon_smile_wink.gif' border=0 align=middle> TFTC<br />]]></LOG>
<LOG><![CDATA[<img src='icon_smile.gif'>&nbsp;2009-02-28 by Gollum &amp; Galadriel<br><br />Gestern Abend den Neuling im Netz entdeckt und gleich für heute in aller Frühe eine Joggingrunde da hin eingeplant. Dabei aber nicht mit Mückenfetts Verrücktheit gerechnet und somit den FTF verpasst. Das Döschen war schnell gefunden, wenn auch mit gemischten Gefühlen. Cachen auf'm Friedhof? Ich glaub, die Gräber war'n auch noch gar nicht so alt. Sicher nicht jedermanns Sache.<br>Danke fürs Verstecken.<br />]]></LOG>
<LOG><![CDATA[<img src='icon_greenlight.gif'>&nbsp;2009-02-27 by tabula.rasa<br><br />Published<br />]]></LOG>
<LOG><![CDATA[<img src='icon_smile.gif'>&nbsp;2009-02-27 by Mueckenfett<br><br />Kurz vor dem Schlafen gehen nochmal einen Blick ins Netz geworfen <img src='http://www.geocaching.com/images/icons/icon_smile_big.gif' border=0 align=middle> <br>kurze Zeit später war der FTF unser.<br>Im dunklem echt cool, aber ob die Mauer den Cacherandrang stand hält <img src='http://www.geocaching.com/images/icons/icon_smile_shock.gif' border=0 align=middle><br>Tom<br />]]></LOG>
</LOGS>
<NOTES><![CDATA[]]></NOTES>
<IMAGES>
    <IMG>gc1n4jh_0.jpg<URL>http://img.geocaching.com/cache/ee5935a7-6891-42b7-8707-2e1983a730d6.jpg</URL></IMG>
    <IMG>gc1n4jh_1.gif<URL>http://www.opencaching.de/images/dull_entwurf_sun_klein.gif</URL></IMG>
    <IMG>GC1N4JH_0.jpg<URL>http://img.geocaching.com/cache/ee5935a7-6891-42b7-8707-2e1983a730d6.jpg</URL></IMG>
    <IMGTEXT>GC1N4JH_0</IMGTEXT>
    <IMGTEXT>GC1N4JH_1</IMGTEXT>
    <IMGTEXT>Die St.-Cyriakus-Kirche</IMGTEXT>
</IMAGES>
<TRAVELBUGS>
</TRAVELBUGS>
<URL><![CDATA[]]></URL>
<SOLVER><![CDATA[]]></SOLVER>
    <CACHE  name = "Gottesh&#228;user - die St.-Cyriakus-Kirche H&#246;ngeda" owner = "Hoffi1986" lat = "51,181933333333" lon = "10,503016666667" hidden = "2009-02-27" wayp = "GC1N4JH" status = "" ocCacheID = "" lastSyncOC = "20100419225823" num_recommended = "0" num_found = "-1" attributesYes = "4398052933633" attributesNo = "2233382995968" boolFields="1922" byteFields="33688074" attributesYes1 = "0" attributesNo1 = "0" />
</CACHEDETAILS>
