<?xml version="1.0" encoding="ISO-8859-1"?>
<CACHEDETAILS>
<VERSION value = "3"/>
<DETAILS><![CDATA[<br><h1 style=
"color: rgb(255, 0, 0); text-decoration: underline; font-weight: normal; text-align: center; font-style: italic;">
<span style="font-family: Arial;">Der alte Bahnhof zu
Seebach</span></h1>
<div style="text-align: center; font-family: Arial;">
<div style="text-align: center;"></div>
<div style="text-align: left;">
<div style="text-align: center;"><big><img src=
"http://img.geocaching.com/cache/61460bcd-eb30-46ad-9290-6277fa322621.jpg" /><br />

<br /></big></div>
<div style="text-align: center;"><big>Hier, in meinem Heimatort,
möchte ich euch ein paar interresante Plätze zeigen.</big><br />
<big>Mit diesem Cache ist nun der alte Bahnhof dran, der bis in die
90'er Jahre noch in Betrieb war.</big><br />
<big>Nun hat ein moderner Bahnsteig hier Einzug gehalten, und läßt
den alten Bahnhof nach und nach vergessen .</big><br />
<big>Der Bahnhof selbst war früher Umschlagplatz für Ton, den
Grundstoff für Dachziegel, der mit einer Schmalspurbahn angliefert
und dann weiter in Güterwagons transportiert wurde.</big><br />
<big>Doch gebt acht. Ihr befindet euch hier an einem Bahnhof wo
auch heut noch Züge fahren.</big><br />
<big>Vorsicht in der Nähe der Schienen.</big><br />
<big>Wer will kann diesen Cache auch als Drive in
machen.</big></div>
</div>
</div>
<p style="color: rgb(255, 0, 0); text-align: center;">
<big><big>Viel Spass beim Suchen und Finden.</big></big></p>
<p style="color: rgb(255, 0, 0); text-align: center;"><big><big>In
diesem Sinne</big></big></p>
<p style="color: rgb(255, 0, 0); text-align: center;"><big><big>Bis
bald im Wald.</big></big></p>]]></DETAILS>
<COUNTRY><![CDATA[Germany]]></COUNTRY>
<STATE><![CDATA[Thüringen]]></STATE>
<ATTRIBUTES>
   <ATT>wheelchair-no.gif</ATT>
   <ATT>available-yes.gif</ATT>
   <ATT>jeeps-yes.gif</ATT>
   <ATT>quads-yes.gif</ATT>
   <ATT>motorcycles-yes.gif</ATT>
   <ATT>bicycles-yes.gif</ATT>
   <ATT>onehour-yes.gif</ATT>
   <ATT>parking-yes.gif</ATT>
   <ATT>dogs-yes.gif</ATT>
</ATTRIBUTES>
<HINTS><![CDATA[Ireynqrenzcr erpugf, Ebg]]></HINTS>
<LOGS>
<OWNLOGID></OWNLOGID>
<OWNLOG><![CDATA[]]></OWNLOG>
<LOG><![CDATA[<img src='icon_smile.gif'>&nbsp;2010-04-08 by TriNitroToluol2k6<br><br />Die geschlossenen Bahnschranken zum Abstecher zu dem Cache genutzt. Danke für's Zeigen!<p>TFTC René<br />]]></LOG>
<LOG><![CDATA[<img src='icon_smile.gif'>&nbsp;2010-03-30 by Kami79<br><br />nicht ganz so schnell wie die eisenbahn aber immerhin ohne verspätung das dösle fix gefunden und um 11:40 geloggt...<p>IN/OUT  Coin<p>DFDC  Kami+kleinstrolch<br />]]></LOG>
<LOG><![CDATA[<img src='icon_smile.gif'>&nbsp;2010-03-26 by Deko-Legu<br><br />Zusammen mit Gabo nach der Treppen montage gut gefunden,  TB in <br />]]></LOG>
<LOG><![CDATA[<img src='icon_smile.gif'>&nbsp;2010-03-20 by TcG71<br><br />(13:01:23/fwgb) Heute bei eine kurzen Samstagsrunde schnell gefunden ! TFTC :-) <p>TcG71 & GeoBienchen<br />]]></LOG>
<LOG><![CDATA[<img src='icon_smile.gif'>&nbsp;2010-03-19 by schlafwandler6<br><br />Heute schnell auf der Heimreise gemacht.<p>TFTC<br>Schlafwandler6<br />]]></LOG>
<LOG><![CDATA[<img src='icon_smile.gif'>&nbsp;2010-03-13 by segelflieger14<br><br />Ein schönes altes Bahnhofsgebäude, schade das man nicht reinkommt <img src='http://www.geocaching.com/images/icons/icon_smile.gif' border=0 align=middle><br>Cache konnten wir schnell heben.<br>TFTC<br />]]></LOG>
<LOG><![CDATA[<img src='icon_smile.gif'>&nbsp;2010-03-13 by garminius<br><br />Gut gefunden! Zum Thema "Hasengrill" kann ich auch nur Vermutungen anstellen. Ortsansässige interessierten sich dafür, ob der Bahnhof wohl jetzt auch im Internet zum Verkauf ausgeschrieben ist. Das konnten wir ihnen gar nicht verlässlich beantworten. TFTC<br />]]></LOG>
<LOG><![CDATA[<img src='icon_smile.gif'>&nbsp;2010-03-13 by Garminia<br><br />Nachbarshund hat zum Glück hinterm Zaun gebellt. Ein bißchen umhergeirrt dann aber gefunden.<br />]]></LOG>
<LOG><![CDATA[<img src='icon_smile.gif'>&nbsp;2010-03-05 by toxic89<br><br />Hasengrill ?? TFTC!<br />]]></LOG>
<LOG><![CDATA[<img src='icon_smile.gif'>&nbsp;2010-03-05 by lissi1991<br><br />auf dem weg nach mhl gefunden <img src='http://www.geocaching.com/images/icons/icon_smile.gif' border=0 align=middle> <br>der hint hat uns etwas verwirrt, trotzdem haben wir den kleinen ohne weitere probleme bergen können..<p>DFDC<br />]]></LOG>
<LOG><![CDATA[<img src='icon_smile.gif'>&nbsp;2010-03-05 by Fox33<br><br />Schnell gefunden. Was ist bitte ein Hasengrill? TFTC<br />]]></LOG>
<LOG><![CDATA[<img src='icon_smile.gif'>&nbsp;2010-02-27 by Stedolili<br><br />Zwar kein Geisterzug, jedoch ein freilaufender Schäferhund (vom Nachbargrundstück). Beim zweiten Versuch war der Hund in akzeptabler Entfernung (aber immer noch freilaufend. Wir mussten aber keine Sprintüberung einlegen.<p>TFTC<br />]]></LOG>
<LOG><![CDATA[<img src='icon_smile.gif'>&nbsp;2010-01-22 by suchebeate1<br><br />Schnell gefunden.<br>Dankeschön.<br />]]></LOG>
<LOG><![CDATA[<img src='icon_smile.gif'>&nbsp;2009-12-31 by Reedy90<br><br />schnell gehoben!<p>TFTC<br />]]></LOG>
<LOG><![CDATA[<img src='icon_smile.gif'>&nbsp;2009-12-31 by mediamarkt1990<br><br />Schnell gefunden und geloggt<br>TFTC<br />]]></LOG>
<LOG><![CDATA[<img src='icon_smile.gif'>&nbsp;2009-12-29 by ega09<br><br />...haben den Cache heute bei diesem wunder schönen Wetter gefunden....mit dem Nebel war der Alte Bahnhof gleich doppelt so schön... 	<img src='http://www.geocaching.com/images/icons/icon_smile_wink.gif' border=0 align=middle><br>wir hatten das Gefühl, in einem schlechten Film zu sein, das einzige was gefehlt hat war ein Geisterzug und ein Haufen Untote die uns mit weißen Taschentüchern zuwinken...<br>Danke an den Owner für die Dose!!<br>Noch eine Frage, was bitte ist ein Hasengrill ???<br>    Gruß von der ega09 Crew aus Erfurt!!!<br>   <br><br />]]></LOG>
<LOG><![CDATA[<img src='icon_smile.gif'>&nbsp;2009-12-29 by mausebaer13<br><br />Schon zig mal vorbeigefahren, aber noch nie angehalten. Heute haben wir das endlich einmal nachgeholt. <br>Kurz um das Gebäude geschlichen und schon hatten wir das Döschen gefunden und geloggt. <br>TFTC <img src='http://www.geocaching.com/images/icons/icon_smile.gif' border=0 align=middle><br />]]></LOG>
<LOG><![CDATA[<img src='icon_smile.gif'>&nbsp;2009-12-29 by fwsmily<br><br />Nach kurzer suche doch gefunden ! Danke<br />]]></LOG>
<LOG><![CDATA[<img src='icon_smile.gif'>&nbsp;2009-12-09 by ekmek77<br><br />Hey, da war ja gestern einiges los... Um 16.30 war der Cache jedenfalls<br>noch da. Ich hatte mehr Glück und nach einer zweiten, gründlicheren Runde<br>um den Bahnhof den Cache finden und loggen können. Ist aber wirklich gut<br>versteckt. Danke! ekmek77<br />]]></LOG>
<LOG><![CDATA[<img src='icon_sad.gif'>&nbsp;2009-12-09 by Rumpel&amp;Schw&#228;rzchen<br><br />Auch ich war erfolglos!<br />]]></LOG>
<LOG><![CDATA[<img src='icon_sad.gif'>&nbsp;2009-12-09 by Nalenia<br><br />oh leider nicht gefunden, bis zum nächsten Mal<img src='http://www.geocaching.com/images/icons/icon_smile_shock.gif' border=0 align=middle><br />]]></LOG>
<LOG><![CDATA[<img src='icon_smile.gif'>&nbsp;2009-11-27 by heilaender123<br><br />Hallo<br>Heute im zweiten Anlauf die Dose gefunden .<br>Danke sagt der<p>                 heilaender123<br />]]></LOG>
<LOG><![CDATA[<img src='icon_smile.gif'>&nbsp;2009-11-20 by Die Doose<br><br />Im team gut gefunden.... beinahe in ne rießen Pfütze geplumpst... <br />]]></LOG>
<LOG><![CDATA[<img src='icon_smile.gif'>&nbsp;2009-11-20 by Schneekanone<br><br />Schnell noch einmal von der Straße abgebogen ;)<p>Lg<br>Schneekanone<br />]]></LOG>
<LOG><![CDATA[<img src='icon_smile.gif'>&nbsp;2009-11-20 by Ronja♥R&#228;ubertochter<br><br />Teamarbeit zahlt sich aus. TFTC<br />]]></LOG>
<LOG><![CDATA[<img src='icon_smile.gif'>&nbsp;2009-11-20 by Steppenwolf6666<br><br />Auch hier schnell angehalten und diesem im Team schnell gefunden!<br />]]></LOG>
<LOG><![CDATA[<img src='icon_smile.gif'>&nbsp;2009-11-20 by emely01<br><br />gut gefunden.Trade out Geocoin in Muschel TFTC emely01<br />]]></LOG>
<LOG><![CDATA[<img src='icon_smile.gif'>&nbsp;2009-11-14 by Geo-Zwerge<br><br />heut nacht auf der heimreise aus mhl noch schnell geloggt<br>TFTC<br />]]></LOG>
<LOG><![CDATA[<img src='icon_smile.gif'>&nbsp;2009-11-07 by Tini1985<br><br />Gut gefunden, schönes Cachedöschen :-)<br>TFTC Tini1985<br />]]></LOG>
<LOG><![CDATA[<img src='icon_smile.gif'>&nbsp;2009-11-01 by Darmsaft<br><br />War mit Mimi dort, nur bisher vergessen zu loggen :/ Kurz vorm Aufgeben hab ich die Ecke erspäht und keine 5 Sekunden später in der Hand ;)<br>TFTC<p>Darmsaft<br />]]></LOG>
<LOG><![CDATA[<img src='icon_smile.gif'>&nbsp;2009-11-01 by Prinzessin_Mimi<br><br />Nach langem Suchen und kurz vorm aufgeben noch gefunden.<br>TFTC!<br />]]></LOG>
<LOG><![CDATA[<img src='icon_smile.gif'>&nbsp;2009-10-31 by DerkleineKallimunkel<br><br />...unterwegs mit den Kallimunkels...<br>Danke sagt DkK<br />]]></LOG>
<LOG><![CDATA[<img src='icon_smile.gif'>&nbsp;2009-10-31 by kallimunkel<br><br />...auf dem Weg zum Trabi-Paradis hier kurzen Stopp eingelegt.<br>Das Döslein wurde schnell gefunden, Danke für´s Herführen!<br>Grüße aus Nordhausen senden die Kallimunkels<br>In: TB<br />]]></LOG>
<LOG><![CDATA[<img src='icon_smile.gif'>&nbsp;2009-10-27 by katrinundgerwin<br><br />Den kleinen konnten wir nach einigem Suchen dank des Hintes dann doch noch aus seinem Versteck locken...und loggen...und weiter gen Norden...<p>TfTc<p>Liebe Grüße aus Ratzeburg im Land zwischen den Horizonten<p>Katrin und Gerwin<p> (Katrin und Gerwin fanden dieser Cache hat 3 Sterne bei <a href="http://www.gcvote.com" target="_blank" rel="nofollow">GCVote</a> verdient!!!)<br />]]></LOG>
<LOG><![CDATA[<img src='icon_note.gif'>&nbsp;2009-10-25 by Super-Sp&#252;r-Nasen<br><br />Coin in<br />]]></LOG>
<LOG><![CDATA[<img src='icon_smile.gif'>&nbsp;2009-10-15 by boerdestern<br><br />Zusammen mit pdo fix gefunden und geloggt. <br>dfdc <br>boerdestern<br />]]></LOG>
<LOG><![CDATA[<img src='icon_smile.gif'>&nbsp;2009-10-15 by pdo<br><br />Auf dem Rückweg von Nürnberg hier kurz gestoppt und gut gefunden...<br>TFTC<br>pdo<br />]]></LOG>
<LOG><![CDATA[<img src='icon_smile.gif'>&nbsp;2009-10-10 by schwarzer Drachen<br><br />heute um 16,00 uhr gut gefunden.<br>tftc sagt schwarzer drachen<br />]]></LOG>
<LOG><![CDATA[<img src='icon_smile.gif'>&nbsp;2009-10-09 by atlasmaler<br><br />dies ist der zweite für heute und nach einigen schritten und einem holunderbeer-fleck auf meiner hose, hatte ich den cache in händen. nun ja, das opfer mußte ich bringen. TFTC!<p>atlasmaler<br />]]></LOG>
<LOG><![CDATA[<img src='icon_smile.gif'>&nbsp;2009-10-09 by klappspatenninja<br><br />Dies war die No.2 auf dem Weg nach Norden. Schnell gefunden.<p>Klappspatenninja<br />]]></LOG>
<LOG><![CDATA[<img src='icon_smile.gif'>&nbsp;2009-09-27 by Theria3<br><br />Heute mit diainsel.de auf der Durchreise gefunden.<br>Danke, Grüße Theria3<br />]]></LOG>
<LOG><![CDATA[<img src='icon_smile.gif'>&nbsp;2009-09-27 by diainsel.de<br><br />Da wir heute in der Nähe waren haben wir den auch gleich mitgenommen.<br>TFTC,<br>Gruß<br>Eberhard<br />]]></LOG>
<LOG><![CDATA[<img src='icon_smile.gif'>&nbsp;2009-09-26 by stechi-lsz<br><br />Den haben wir auf der Durchfahrt doch einfach mal mitnehmen müssen :-)<br />]]></LOG>
<LOG><![CDATA[<img src='icon_smile.gif'>&nbsp;2009-09-19 by FroehlicheRadlerin<br><br />Da wir heute im Rahmen der Serie "Seebacher Feldbahn" sowieso schon mal hier waren, habe ich den gleich mit gemacht. Vielen Dank für die Dose!<br />]]></LOG>
<LOG><![CDATA[<img src='icon_smile.gif'>&nbsp;2009-09-19 by David+Chrissi<br><br />Mal eben ganz schnell gefunden :-)<br>TFTC<br>Liebe Grüße senden<br>David+Chrissi<br />]]></LOG>
<LOG><![CDATA[<img src='icon_smile.gif'>&nbsp;2009-09-17 by AT-AT<br><br />Klasse Location. Danke fürs Zeigen.<br />]]></LOG>
<LOG><![CDATA[<img src='icon_smile.gif'>&nbsp;2009-09-13 by Paula_Paul<br><br />Im Rahmen einer mehrtägigen Moppedtour im Dreierteam schnell gefunden und geloggt. Vielen Dank!<br />]]></LOG>
<LOG><![CDATA[<img src='icon_smile.gif'>&nbsp;2009-09-13 by leonberger307<br><br />heute im Dreierteam auf Moppedtour schnell gefunden und gelogt. Besten Dank dafür aus Hannover...<br />]]></LOG>
<LOG><![CDATA[<img src='icon_smile.gif'>&nbsp;2009-09-13 by Manny1967<br><br />heute im Dreierteam auf Moppedtour schnell gefunden und gelogt. Besten Dank dafür aus Hannover...<br />]]></LOG>
<LOG><![CDATA[<img src='icon_smile.gif'>&nbsp;2009-09-08 by Hunter_TH<br><br />Bei durchfahrt schnell mitgenommen.<br />]]></LOG>
<LOG><![CDATA[<img src='icon_smile.gif'>&nbsp;2009-09-08 by R&#252;ben<br><br />schnell gefunden...........<br>TFTC<br />]]></LOG>
<LOG><![CDATA[<img src='icon_smile.gif'>&nbsp;2009-09-08 by monalisa812<br><br />schnell gefunden<br />]]></LOG>
<LOG><![CDATA[<img src='icon_smile.gif'>&nbsp;2009-09-03 by Hardcore-UH<br><br />schönes ding<br />]]></LOG>
<LOG><![CDATA[<img src='icon_smile.gif'>&nbsp;2009-08-31 by biba1981<br><br />nach dem tip gings ganz fix<br><br />]]></LOG>
<LOG><![CDATA[<img src='icon_smile.gif'>&nbsp;2009-08-31 by FTT<br><br />Ein weiterer der heutigen Fahrradrunde mit biba.Ging auch recht flott.<br>TFTC<br />]]></LOG>
<LOG><![CDATA[<img src='icon_smile.gif'>&nbsp;2009-08-30 by lilllyfee<br><br />Mit elli1503 hier kurz eine Bahnhofsbesichtigung gemacht!<br>Vielen Dank!<p>lilllyfee<br># 789<br />]]></LOG>
<LOG><![CDATA[<img src='icon_smile.gif'>&nbsp;2009-08-30 by elli1503<br><br />Heute mit lilllyfee auf dem Weg zur Fabrik Claes erst den Micro LP und dann diesen alten Bahnhof gesucht und gefunden !<br>Ist ja auch schon fast ein LostPlace .... <img src='http://www.geocaching.com/images/icons/icon_smile_wink.gif' border=0 align=middle><br>Danke für´s Verstecken !<p>elli1503<p># 831<br />]]></LOG>
<LOG><![CDATA[<img src='icon_smile.gif'>&nbsp;2009-08-28 by imme56<br><br />Schnell gefunden. Danke für`s Zeigen.<br />]]></LOG>
<LOG><![CDATA[<img src='icon_smile.gif'>&nbsp;2009-08-23 by compiprofi<br><br />Auf dem Weg in die Therme Mühlhausen, hier angehalten und nach dem Zug Ausschau gehalten. Leider kam keiner, aber die Dose, die haben wir freigekämpft. Danke fürs Zeigen der urigen Haltestation. <br />]]></LOG>
<LOG><![CDATA[<img src='icon_smile.gif'>&nbsp;2009-08-23 by Attacke<br><br />mussten nicht sehr lange suchen, gute beschreibung! schöne gegend, nur leider auch ne abstellfläche für müll... dfdc<br />]]></LOG>
<LOG><![CDATA[<img src='icon_smile.gif'>&nbsp;2009-07-31 by zweistein!<br><br />Wir waren schon kurz vorm aufgeben, als wir bemerkten, dass wir eiegntlich direkt davor standen.<br>OUT: "kleine Maus"<br>TFTC<br />]]></LOG>
<LOG><![CDATA[<img src='icon_smile.gif'>&nbsp;2009-07-25 by clownkunterbunt<br><br />Meine Tochter hatte wieder mal den richtigen Riecher.<br>Trotz Dämmerung razfaz gefunden.<br>Danke <br />]]></LOG>
<LOG><![CDATA[<img src='icon_note.gif'>&nbsp;2009-07-16 by Super-Sp&#252;r-Nasen<br><br />Nur fix die "kleine Maus" (Coin) reingelegt. Ihr Partner ist z.Z. in der Nähe von Regensburg.<p>[This entry was edited by Super-Spür-Nasen on Tuesday, July 28, 2009 at 10:45:06 AM.]<br />]]></LOG>
<LOG><![CDATA[<img src='icon_smile.gif'>&nbsp;2009-07-12 by MeyerBienchen<br><br />im team akg4555 gefunden, jetzt mit eigenem account nachgeloggt...<p>tftc<br />]]></LOG>
<LOG><![CDATA[<img src='icon_smile.gif'>&nbsp;2009-07-12 by akg4555<br><br />gemeinsam mit MeyerBienchen gefunden, tftc<br />]]></LOG>
<LOG><![CDATA[<img src='icon_smile.gif'>&nbsp;2009-07-11 by Erithacus Rubecula<br><br />Abgestaubt!<br>Heute mit befreundeten Cachern auf Tour gewesen. Schöner LP. Danke fürs Verstecken.<br />]]></LOG>
<LOG><![CDATA[<img src='icon_smile.gif'>&nbsp;2009-07-11 by Team Kumunst<br><br />Ein sehr interessanter und schöner Lost Place.<br>Danke und Gruß<br>Team Kumunst<br />]]></LOG>
<LOG><![CDATA[<img src='icon_smile.gif'>&nbsp;2009-06-21 by hebeda<br><br />Am fuehen Morgen ohne Muggel im Regen gut gefunden, danke Hebeda<br />]]></LOG>
<LOG><![CDATA[<img src='icon_smile.gif'>&nbsp;2009-06-13 by Tunfisch<br><br />Nettes versteck. Tftc<br />]]></LOG>
<LOG><![CDATA[<img src='icon_smile.gif'>&nbsp;2009-06-09 by mara.de<br><br />Auch wenn ich erst an der falschen Seite suchte, dann doch noch gefunden.<br>Danke für den GC.<br>#1124#<br />]]></LOG>
<LOG><![CDATA[<img src='icon_smile.gif'>&nbsp;2009-06-08 by nudenn<br><br />Auf dem Heimweg hier eine kleine Pause eingelegt...<br>DFDC<br>nudenn<br />]]></LOG>
<LOG><![CDATA[<img src='icon_smile.gif'>&nbsp;2009-06-06 by Eichsgenossen<br><br />Da ist er nun,unser 2000.gefundener Cache.Als "FTF" ins neue Logbuch verewigt und den Tatort im Foto festgehalten.<br>Möge uns der Spass an diesem schönen Hobby noch lange erhalten bleiben.<br>TFTC und herzliche Grüße an den Owner sagen die Eichsgenossen <p>IN-COIN<br>OUT-COIN<br />]]></LOG>
<LOG><![CDATA[<img src='icon_note.gif'>&nbsp;2009-06-01 by Black Hawk73<br><br />Heute mit Familie die Sonnenstunden genutzt und beim alten Bahnhof Cachekontrolle gemacht. Bei der gelegenheit gleich das Logbuch ausgetauscht und einen schönen Coin gesehen. Soweit alles in bester Ordnung und kann weiter von Euch besucht werden.<br> Der Owner Black Hawk73<br />]]></LOG>
<LOG><![CDATA[<img src='icon_smile.gif'>&nbsp;2009-05-31 by JonnyH&#252;tchen<br><br />Schnell gefunden.<p>TFTC Jonny.<br />]]></LOG>
<LOG><![CDATA[<img src='icon_smile.gif'>&nbsp;2009-05-31 by Kruemel68<br><br />Mit JonnyH. auf kleiner Pfingssonntagsmopedrunde gefunden. Ein paar Minuten hat`s jedoch gedauert, die Koords waren heute nicht so genau.<p>IN: Coin<p>Grüße<p>Stefan<br />]]></LOG>
<LOG><![CDATA[<img src='icon_smile.gif'>&nbsp;2009-05-24 by Grottenolm87<br><br />Zusammen mit den two rubsners auf Tour<p>Der Grottenolm<br />]]></LOG>
<LOG><![CDATA[<img src='icon_smile.gif'>&nbsp;2009-05-24 by two rubsners<br><br />Auf einer Tour mit Grottenolm 87 gefunden.<br />]]></LOG>
<LOG><![CDATA[<img src='icon_smile.gif'>&nbsp;2009-05-24 by Pretty Saro<br><br />Nach einem kleinen Spaziergang gefunden und geloggt und TB mitgenommen. Nici Löwe dagelassen. <p>Vielen Dank!<br />]]></LOG>
<LOG><![CDATA[<img src='icon_smile.gif'>&nbsp;2009-05-24 by fabio-otto<br><br />Nachdem wir uns sicher waren das bei dem offenen Auto kein Muggel war konnten wir sicher loggen<br />]]></LOG>
<LOG><![CDATA[<img src='icon_smile.gif'>&nbsp;2009-05-23 by madd.in<br><br />Danke für den Punkt :) Der Holunder wollte uns erst den Weg versperren doch der Cache-Machete konnte er nichts entgegensetzen <img src='http://www.geocaching.com/images/icons/icon_smile_wink.gif' border=0 align=middle><p>tftc, <a href="http://madd.in" target="_blank" rel="nofollow"><b>madd.in</b></a> <img src='http://img.groundspeak.com/forums/emoticons/signal/big_smile.gif' width=19 height=19 border=0 align=middle><br />]]></LOG>
<LOG><![CDATA[<img src='icon_smile.gif'>&nbsp;2009-05-22 by bugatti step<br><br />Ein bißchen rumgesucht, aber  dann doch gefunden. Gute Idee.TFTNC<br />]]></LOG>
<LOG><![CDATA[<img src='icon_note.gif'>&nbsp;2009-05-21 by Hoffi1986<br><br />Markus, ich habe heute mal Cachekontrolle gemacht und muss sagen, dass alles in bester Ordnung ist. Mach dir keine Sorgen, der kleine ist in gutem Zustand, aber das Logbuch ist schon zu 2/3 gefüllt. Das behalte ich im Auge.<br />]]></LOG>
<LOG><![CDATA[<img src='icon_smile.gif'>&nbsp;2009-05-18 by commander-rabb<br><br />Heute Mittag haben wir diesen kleinen Kerl sehr schnell finden können. Es kam auch grad keine Bahn vorbei.<br>Als wir grad alles wieder verstaut hatten, vernahmen wir Stimmen, dachten uns aber nichts dabei. Kurz später, wir waren noch auf dem Weg zum Cachemobil, kam ein riesengroßer Schäferhund um die Ecke gesaust. Nachdem der Hund vom commander angeschrien wurde, blieb er stehen und beide sahen sich tief in die Augen. Dann kam auch das Herrchen (der Nachbar des alten Bahnhofs) um die Ecke. Wortlos trennten sich unsere Wege...<p>Danke fürs Zeigen dieses LPs und den Cache sagt das Team von<br>commander-rabb<p>In: TB, Coin<br>Out: nix<p><br />]]></LOG>
<LOG><![CDATA[<img src='icon_smile.gif'>&nbsp;2009-05-17 by Chris601<br><br />Danke für den Exkursin die Geschichte. Der Cache ansich war fix gefunden.<br>Vielen Dank!<p>#481<br />]]></LOG>
<LOG><![CDATA[<img src='icon_smile.gif'>&nbsp;2009-05-14 by Team Fire &amp; Ice<br><br />Heute war ich mal alleine unterwegs nach Mühlhausen. Auf dem Weg dorthin habe ich diesen Cache gefunden. Schade, daß der Coin nicht mehr drin ist. Lieber Owner, da wird es Zeit ihn mal auf "missing" zu setzen um den Cache zu bereinigen. Die Koordinaten lagen, wie vorher schon beschrieben etwa 9 m daneben. Bei der Menge an "Rotem" war die Suche recht schwierig. <img src='http://www.geocaching.com/images/icons/icon_smile_wink.gif' border=0 align=middle> Ein Hasengrill ist nicht mehr da. Trotzdem war er relativ schnell zu finden. <p>Danke für diesen Cache.<p>Grüße<p>Team Fire & Ice<br>Heiko<br />]]></LOG>
<LOG><![CDATA[<img src='icon_smile.gif'>&nbsp;2009-05-10 by GeoSittiche<br><br />Schnell noch eine Cacheabendrunde gedreht nach dem anstrengenden Muttertag.Cache an diesem interessanten LP gut gefunden.Eigentlich gibt diese Location weit mehr her.<img src='http://www.geocaching.com/images/icons/icon_smile_wink.gif' border=0 align=middle><br>TFTC<br>die GeoSittiche<br />]]></LOG>
<LOG><![CDATA[<img src='icon_smile.gif'>&nbsp;2009-05-07 by mnieft<br><br />Ich musste eine Extrarunde mit dem Auto drehen weil die Hauptstraße einseitig gesperrt ist zur Zeit. Aber wollte den Ort trotzdem unbedingt besuchen. Es ist ein schöner Lost Place.<p>Ein Coin ist aber dort nicht drin. Verstehe nicht wieso manche Leute das dann auch nicht austragen.<br />]]></LOG>
<LOG><![CDATA[<img src='icon_smile.gif'>&nbsp;2009-05-05 by tobig7<br><br />geloggt....<br />]]></LOG>
<LOG><![CDATA[<img src='icon_smile.gif'>&nbsp;2009-05-05 by schatzmaster<br><br />Schöner Lost Place.<br>Hatte wohl Tomaten auf den Augen gehabt.<br>Der Kollege hatte den richtigen Riecher.<br>Koordinaten lagen über 12 Meter weg vom Cache...<p>IN: Erfrischungstuch, Schlumpf & Aufkleber<br>OUT: Abzeichen<p>T4TC,<br>Schatzmaster<br />]]></LOG>
<LOG><![CDATA[<img src='icon_smile.gif'>&nbsp;2009-05-01 by kalimo<br><br />Auf dem Weg nach MHL zum Nachtcachen haben wir hier vorher noch schnell Halt gemacht. Nach kurzer Suche in der Dunkelheit gut gefunden. <p>TFTC Team kalimo<br />]]></LOG>
<LOG><![CDATA[<img src='icon_smile.gif'>&nbsp;2009-05-01 by Pimmon23<br><br />Auch wir haben diesen Cache als DriveIn gefunden. TFTC <br />]]></LOG>
<LOG><![CDATA[<img src='icon_smile.gif'>&nbsp;2009-05-01 by Gollum &amp; Galadriel<br><br />Auf kurzem Feiertagsausflug war das Döschen schnell entdeckt.<br>TFTC<br>out: Verle's Colorado Geocoin<br />]]></LOG>
<LOG><![CDATA[<img src='icon_smile.gif'>&nbsp;2009-04-30 by geofutz<br><br />Kurz mal abgebogen und dieser Drive-In Cache war mit dem Hint schnell gefunden.<br><font color="green">IN Coin : Verle's Colorado geocoin</font><br><font color="red">Out TB : Never-lost-bug</font><br><font color="blue"> Danke für <b># 810</b></font> und<br><font color="green"><b><i>BYE Geofutz.</i></b></font><br><br />]]></LOG>
<LOG><![CDATA[<img src='icon_smile.gif'>&nbsp;2009-04-27 by Traumpaar1<br><br />SUPI ist ja fast ein drive in <img src='http://www.geocaching.com/images/icons/icon_smile_wink.gif' border=0 align=middle><br />]]></LOG>
<LOG><![CDATA[<img src='icon_smile.gif'>&nbsp;2009-04-26 by uhri<br><br />Gesucht und gefunden.<br>Danke an den Dosenleger.<br />]]></LOG>
<LOG><![CDATA[<img src='icon_smile.gif'>&nbsp;2009-04-25 by mamy1<br><br />Bekannte in Kammerforst besucht und die Heimfahrt genutzt, um noch ein paar Caches zu suchen. Dieser war dabei und konnte schnell gefunden werden.<p>nixreinnixraus<p>Danke fürs Verstecken und viele Grüße von mamy1<br />]]></LOG>
<LOG><![CDATA[<img src='icon_smile.gif'>&nbsp;2009-04-24 by Traveler77<br><br />Auf kleiner Runde zum Freitag Abend konnte sich die Dose nicht lange verbergen. <img src='http://www.geocaching.com/images/icons/icon_smile_wink.gif' border=0 align=middle> TFTC<br />]]></LOG>
<LOG><![CDATA[<img src='icon_smile.gif'>&nbsp;2009-04-19 by Sectio aurea<br><br />Nach dem CITO in Mühlhausen schnell gefunden.<br>TFTC<br />]]></LOG>
<LOG><![CDATA[<img src='icon_smile.gif'>&nbsp;2009-04-19 by Kuchenmops<br><br />Auf der Heimfahrt haben wir hier auch noch eine kleine Pause gemacht um in der Dämmerung den Cache zu Finden. Dank Hint brauchten wir auch nicht lange suchen oder mit Taschenlampen die Anwohner argwöhnisch machen, sondern konnte die Ruhe genießen.<p>Danke für den Cache!<p>I/O: nix<br />]]></LOG>
<LOG><![CDATA[<img src='icon_smile.gif'>&nbsp;2009-04-19 by Joe_M<br><br />Am 19. April 2009 um 18:10Uhr als #479 gefunden.<p>Nachdem ich Nidolli und DrA.Colian in den Zug Richtung Göttingen gesetzt hatte, machte ich mich auf den Heimweg in die andere Richtung und habe nach etwas suchen diese Dose entdeckt.<br>Der Hasengrill war weg, aber zu Finden war's trotzdem.<p><br>TFTC,<br>Joe<br />]]></LOG>
<LOG><![CDATA[<img src='icon_smile.gif'>&nbsp;2009-04-19 by LadyOscar<br><br />Nach unserer Tour durch Mühlhausen aufm Heimweg auch hier schnell noch angehalten und erfolgreich geloggt. <p>Vielen Dank für den Cache<br />]]></LOG>
<LOG><![CDATA[<img src='icon_smile.gif'>&nbsp;2009-04-19 by invinoveritas<br><br />Diesen Cache heute nach dem CITO Event noch mitgenommen.<br>TFTC <br />]]></LOG>
<LOG><![CDATA[<img src='icon_smile.gif'>&nbsp;2009-04-19 by Bara68<br><br />Nach kurzer Suche konnte ich das Versteck gut finden. Bara68<br />]]></LOG>
<LOG><![CDATA[<img src='icon_smile.gif'>&nbsp;2009-04-19 by Yalla<br><br />Nach dem aufräumen, grillen & chillen in Mühlhausen gefunden.<br><img src='http://www.geocaching.com/images/icons/icon_smile_cool.gif' border=0 align=middle><br>Vielen Dank und Viele Grüße von Yalla<br />]]></LOG>
<LOG><![CDATA[<img src='icon_smile.gif'>&nbsp;2009-04-18 by wauzi08<br><br />super gemacht war lustig <br />]]></LOG>
<LOG><![CDATA[<img src='icon_smile.gif'>&nbsp;2009-04-18 by Mueckenfett<br><br />Zur Kaffeezeit das bessere Wetter genutzt und nach der kleinen Runde ums Wasser fix mit Söckchen und Hund Tamy das Geheimnis des Lost Places gelöst.<br>Tom<br />]]></LOG>
<LOG><![CDATA[<img src='icon_smile.gif'>&nbsp;2009-04-18 by dop3<br><br />Heute noch vor dem Mitagessen hier fix vorbei geschaut und gefunden.<br>Was ist das denn für ein Logbuch war da die Druckerpatrone alle? <p>in: TB<p>TFTC dop3<br><br />]]></LOG>
<LOG><![CDATA[<img src='icon_smile.gif'>&nbsp;2009-04-18 by gloomy<br><br />Ein toller Cache an einer schönen Stelle. Feine Sache! Habe den TB mit gen Norden genommen. VG und Danke, gloomy!<br />]]></LOG>
<LOG><![CDATA[<img src='icon_smile.gif'>&nbsp;2009-04-15 by SLUBIK-BRANDSCHUTZ<br><br />Seit 7 Jahren wohne ich nun schon in Seebach, aber am alten Bahnhof war ich bisher noch nicht, (Schande über mich!).<br>Dies hat sich nun geändert!<br />]]></LOG>
<LOG><![CDATA[<img src='icon_smile.gif'>&nbsp;2009-04-15 by Hor_andy<br><br /><br>Im Vorbeifahren fix angehalten und diesen neuen Tradi gehoben. Ist ja ein netter LostPlace, aber irgendwie kollidiert dieser Cache meiner Meinung nach mit der Abstandsregel rechtstark.<br>TFTC<br><br />]]></LOG>
<LOG><![CDATA[<img src='icon_smile.gif'>&nbsp;2009-04-15 by Super-Sp&#252;r-Nasen<br><br />Trbpnpu vfg rvar gbyyr Vqrr! Jve unora urhgr hafrera 2. Pnpur trshaqra. Qvr Fhcre-Fcüe-Anfra nhf Frronpu. (<a href="cache_details.aspx?pf=&guid=74f71240-3bba-416d-9285-8e8db9043d76&decrypt=y&log=y&numlogs=" title="Decrypt">decrypt</a>)<br />]]></LOG>
<LOG><![CDATA[<img src='icon_smile.gif'>&nbsp;2009-04-14 by BastiVW<br><br />bei meiner runde in seebach auch mal fix den Fahrplan studiert<br />]]></LOG>
<LOG><![CDATA[<img src='icon_greenlight.gif'>&nbsp;2009-04-13 by GC-Knecht<br><br />Published<br />]]></LOG>
<LOG><![CDATA[<img src='big_smile.gif'>&nbsp;2009-04-13 by GC-Knecht<br><br />Hallo,<p>vielen Dank für deine Cache-Anmeldung!<br>Diese Note besteht aus Textbausteinen und ist nicht persönlich gemeint.<p>Bitte lies diese Note aufmerksam durch, besonders die Kontaktmöglichkeiten!<p><br>Dein Cache entspricht so wie er ist den Guidelines und ich werde ihn auch gleich freischalten.<p>Bitte setze in Deiner Cachebeschreibung noch einige Attribute ("Icons").<p>Denke bitte besonders an die Attribute "Handicapped"; setzt bitte entweder das Icon "Rollstuhl tauglich" oder "nicht Rollstuhl tauglich" ("Kann der Cache  von einem im Rollstuhl sitzenden Cacher ohne fremde Hilfe gefunden und geloggt werden?").<br>Bei Terrain-Wert "1" sollte ein Cache doch Rolli-tauglich sein, sonst wäre es kein Terrain "1". ;-)<p>Attribute helfen ungemein bei der Cachesuche und der Erstellung von Pocket Queries und werden von geocaching.com ausdrücklich gewünscht.<p><br>Die Attribute haben schon einen Sinn. Warum also nicht auch nutzen? ;-)<p>Vielen Dank und Grüße vom Main.<p><b>Jörg / GC-Knecht </b> (Volunteer Geocaching.com Reviewer)<p>Die Info-Seiten der deutschsprachigen Reviewer: (<a href="http://www.die-reviewer.info" target="_blank" rel="nofollow">visit link</a>) <p><p><b><font color="red">Bitte gib immer den Wegpunkt (GCxxxx) deines Caches und einen Cacher-Name an </font> </b>und sende den bisherigen Mail-Verlauf hierzu mit.<p><font color="brown">ACHTUNG: Benutze bitte nicht die "Antworten" Funktion deines Mailprogrammes, um auf diese Nachricht zu reagieren! Gehe auf deine Cache-Seite und sende eine Mail an “GC-Knecht“ aus dem Log dort. Bitte nicht nur eine Reviewer Note posten, da ich darüber nicht automatisch informiert werde.</font><p>gc.com Messaging: (<a href="http://www.geocaching.com/email/?u=gc-knecht" target="_blank" rel="nofollow">visit link</a>) <p>Oder schreib mir direkt: gcknecht@googlemail.com<br />]]></LOG>
<LOG><![CDATA[<img src='icon_smile.gif'>&nbsp;2009-04-13 by Hoffi1986<br><br /><img src='http://www.geocaching.com/images/icons/icon_smile_big.gif' border=0 align=middle><img src='http://www.geocaching.com/images/icons/icon_smile_big.gif' border=0 align=middle><img src='http://img.groundspeak.com/forums/emoticons/signal/big_smile.gif' width=19 height=19 border=0 align=middle> <font color="red">FTF </font><img src='http://img.groundspeak.com/forums/emoticons/signal/big_smile.gif' width=19 height=19 border=0 align=middle><img src='http://www.geocaching.com/images/icons/icon_smile_big.gif' border=0 align=middle><img src='http://www.geocaching.com/images/icons/icon_smile_big.gif' border=0 align=middle><br>Danke für diesen schönen neuen Cache im Heimatdorf! Hier unten hat man als Kind schon viel Zeit verbracht, entweder mit dem Kindergarten immer spazieren gegangen oder mit dem Fahrrad in den Knallerbsenbüschen Höhlen gebaut. Schöne Erinnerungen kamen wieder hoch. Danke für diesen schönen Ostermontagnachmittag.<br><font color="red">TFTC<br>Hoffi1986</font><br>In: TB "Elli der Elch"<br>Out: Erstfinderurkunde<br />]]></LOG>
</LOGS>
<NOTES><![CDATA[]]></NOTES>
<IMAGES>
    <IMG>gc1py8k_0.jpg<URL>http://img.geocaching.com/cache/61460bcd-eb30-46ad-9290-6277fa322621.jpg</URL></IMG>
    <IMG>GC1PY8K_0.jpg<URL>http://img.geocaching.com/cache/61460bcd-eb30-46ad-9290-6277fa322621.jpg</URL></IMG>
    <IMGTEXT>GC1PY8K_0</IMGTEXT>
    <IMGTEXT>Der alte Bahnhof<DESC>Auf der Seite werdet ihr f&#252;ndig.</DESC></IMGTEXT>
</IMAGES>
<TRAVELBUGS>
</TRAVELBUGS>
<URL><![CDATA[]]></URL>
<SOLVER><![CDATA[]]></SOLVER>
    <CACHE  name = "Der Alte Bahnhof zu Seebach" owner = "Black Hawk73" lat = "51,1714" lon = "10,520433333333" hidden = "2009-04-12" wayp = "GC1PY8K" status = "" ocCacheID = "" lastSyncOC = "20100419230814" num_recommended = "0" num_found = "-1" attributesYes = "141101059" attributesNo = "2199023255552" boolFields="1922" byteFields="50466570" attributesYes1 = "0" attributesNo1 = "0" />
</CACHEDETAILS>
