<?xml version="1.0" encoding="ISO-8859-1"?>
<CACHEDETAILS>
<VERSION value = "3"/>
<DETAILS><![CDATA[<div style="text-align: center;"><big>Für diesen Cache solltet Ihr
ca. 1,5- 2 Stunden einplanen, je nach dem wie schnell ihr unterwegs
seid. Die Wegstrecke beträgt 2,5 km inclusive Hin- und
Rückweg.</big></div>

<br><h1 style="text-align: center; text-decoration: underline;">
<small>Die Wasserrunde zu Seebach</small></h1>
<div style="text-align: center;"></div>
<div style="text-align: center;"><big>Die Ortschaft Seebach wurde
erstmals 859 urkundlich erwähnt. Im Laufe der Zeit wurden hier
imposante Bauwerke errichtet. Hier sei die Wasserburg erwähnt, die
erstaunliche Erfolge in der Vogelaufzucht und -beobachtung
vorweisen kann. Ebenso ist die Johannes-Kirche im Herzen des Dorfes
absolut sehenswert. Also was liegt näher als hier einen etwas
längeren Multicache zu platzieren, der die Schönheiten der
Dorfidylle wiederspiegelt.<br />
<br /></big></div>
<div style="text-align: center;"><big>Nun aber
los!<br /></big><br />
<big>Parken könnt ihr hier:</big><br />
<big>51° 09.726 N</big><br />
<big>010° 30.962 O</big><br />
<br />
<big>Station 1:</big><br />
<big>51° 09.740 N</big><br />
<big>010° 30.948 O<br />
<big><br /></big>Achtet hier auf die Nord-Ost-Ecke des Hauses.
Jetzt wisst ihr hoffentlich wonach ihr suchen müsst. Es folgen noch
weitere Stationen bis zum Final, aber ich möchte nicht zuviel
verraten.<br />
Hier noch einige Bauwerke die Euch auf dieser Wanderung begegnen
werden:<br />
<br /></big>
<div style="text-align: left;"><big><img style=
"width: 263px; height: 193px;" src=
"http://img.geocaching.com/cache/f3b4c984-1f94-44c0-bfdf-2d5d4be91a89.jpg" /></big>
<img style="width: 263px; height: 193px;" src=
"http://img.geocaching.com/cache/a0bb8aff-e7e4-420b-b18a-bc39d3c26784.jpg" />
 <img style="width: 263px; height: 193px;" src=
"http://img.geocaching.com/cache/7b893ef2-2f34-45cb-9e91-757cd918137c.jpg" />
 <img style="width: 263px; height: 193px;" src=
"http://img.geocaching.com/cache/d4686adf-0864-4deb-b827-5aa786cf8b48.jpg" />
 <img style="width: 263px; height: 193px;" src=
"http://img.geocaching.com/cache/a7a9850e-fd01-43fb-9e78-571eb90c06ee.jpg" />
 <img style="width: 263px; height: 193px;" src=
"http://img.geocaching.com/cache/d4e0e944-a083-4246-8dd7-660117849338.jpg" />
<br />
<br />
<big>Gerne würde ich euch auch die Ostseite der Burg, mit
Öffnungszeiten und allem was einen Besuch möglich macht, zeigen.
Doch leider komme ich da in Konflikt mit einem anderen Cache, der
sich ganz in der Nähe befindet.</big></div>
<br />
<big>Der Rückweg gestaltet sich etwas einfacher. Wenn ihr am Final
alles wieder ordnungsgemäß hinterlassen habt, überquert die Brücke
im Osten am Ende der Betonstrasse. Nun folgt dem Seebach
flussabwärts, immer gerade aus und ihr findet euer Cachermobil
wohlbehalten wieder.<br />
<small><br /></small><br />
<big>Viel Spass beim Suchen und Finden.<br />
In diesen Sinne<br />
"Bis Bald im Wald"<br /></big></big></div>
<br />]]></DETAILS>
<COUNTRY><![CDATA[Germany]]></COUNTRY>
<STATE><![CDATA[Thüringen]]></STATE>
<ATTRIBUTES>
   <ATT>bicycles-yes.gif</ATT>
   <ATT>picnic-yes.gif</ATT>
   <ATT>parking-yes.gif</ATT>
   <ATT>available-yes.gif</ATT>
   <ATT>dogs-yes.gif</ATT>
</ATTRIBUTES>
<HINTS><![CDATA[Yrfg rhpu qvr Jnlcbvagf qhepu, qnaa qüesgr nyyrf xyne frva.<br>Npugrg nhs qnf Fcbvyre Ovyq iba Fgngvba 2 (Oeüpxr).]]></HINTS>
<LOGS>
<OWNLOGID></OWNLOGID>
<OWNLOG><![CDATA[]]></OWNLOG>
<LOG><![CDATA[<img src='icon_enabled.gif'>&nbsp;2010-04-14 by Black Hawk73<br><br />So heute nun alles wieder in Ordnung gebracht.<br />]]></LOG>
<LOG><![CDATA[<img src='icon_note.gif'>&nbsp;2010-04-10 by Hoffi1986<br><br />Wenn ich dir bei der Wartung behilflich sein kann, brauchst du nur Bescheid geben. <img src='http://www.geocaching.com/images/icons/icon_smile.gif' border=0 align=middle><br>Grüße<br>Peter<br />]]></LOG>
<LOG><![CDATA[<img src='icon_disabled.gif'>&nbsp;2010-04-08 by Black Hawk73<br><br />Hab eine Cachekontrolle gemacht und festgestellt das Station 2 fehlt. Wird aber in Kürze wieder repariert, damit dem Suchen nix mehr im Weg steht.<p>Owner Black Hawk73<br />]]></LOG>
<LOG><![CDATA[<img src='icon_smile.gif'>&nbsp;2009-12-16 by AT-AT<br><br />Heute nun endlich mal die schöne Runde zu Ende gebracht.<br>TFTC<br />]]></LOG>
<LOG><![CDATA[<img src='icon_note.gif'>&nbsp;2009-10-31 by Black Hawk73<br><br />So, heute nun mal nach dem Rechten geschaut und feststellen müssen, das die Station Bootshaus tatsächlich gemuggelt wurde. Jedoch die Station Schleuse in bestem Zustand ist, so wie ich mir das vorgestellt habe ( Da hätte der letzter Finder schon genauer schauen müssen :-)). Natürlich wurde die Station Bootshaus von mir neu gemacht und nun ist wieder alles in bester Ordnung. Also dann viel Spass beim Finden. <br>Der Owner Black Hawk73<br />]]></LOG>
<LOG><![CDATA[<img src='icon_note.gif'>&nbsp;2009-10-28 by Black Hawk73<br><br />wird am Wochenende geprüft und bei Bedarf repariert. Danke für den Hinweis.<br>Der Owner<br />]]></LOG>
<LOG><![CDATA[<img src='icon_smile.gif'>&nbsp;2009-10-24 by David+Chrissi<br><br />Heute mal eine schöne Runde durch Seebach gemacht.Bei den ersten Stationen gabs keine Probleme.<br>Aber bei Station "Bootshaus" und Station "Schleuse" waren die Hinweise nicht mehr verfügbar.Leider <img src='http://www.geocaching.com/images/icons/icon_smile_sad.gif' border=0 align=middle><br>Zum Glück hat Chrissi dann den Final gefunden...<img src='http://www.geocaching.com/images/icons/icon_smile_big.gif' border=0 align=middle><br>Aber der Cache sollte mal gewartet werden...<br>Ansonsten schön gemacht.Danke<br>TFTC<br>David+Chrissi<br />]]></LOG>
<LOG><![CDATA[<img src='icon_smile.gif'>&nbsp;2009-09-03 by Hardcore-UH<br><br />schöne Runde<br />]]></LOG>
<LOG><![CDATA[<img src='icon_smile.gif'>&nbsp;2009-09-03 by monalisa812<br><br />eine sehr schöne runde! TFTC<br />]]></LOG>
<LOG><![CDATA[<img src='icon_smile.gif'>&nbsp;2009-09-03 by R&#252;ben<br><br />eine sehr schöne runde! <br />]]></LOG>
<LOG><![CDATA[<img src='icon_note.gif'>&nbsp;2009-08-09 by Black Hawk73<br><br />Seit ein paar Wochen keinen Besuch, da ist doch mal eine Kontrolle angesagt. Aber alles in bester Ordnung und gleich noch einen Coin reingelegt. <br />]]></LOG>
<LOG><![CDATA[<img src='icon_note.gif'>&nbsp;2009-06-02 by Black Hawk73<br><br />Heute bei prima Wetter die Runde abgelaufen und alles nachgeschaut. Sie ist in bestem Zustand genau wie der Cache selbst. Ich hab da gleich noch einen interessanten Coin mit reingepackt. So nun kann er weiter von euch besucht werden. <br>Der Owner Black Hawk73<br />]]></LOG>
<LOG><![CDATA[<img src='icon_smile.gif'>&nbsp;2009-05-24 by GeoSittiche<br><br />Nette Runde,wo es viel Wasser zu sehen gibt.<br>TFTC<br>die GeoSittiche<br />]]></LOG>
<LOG><![CDATA[<img src='icon_smile.gif'>&nbsp;2009-05-24 by madd.in<br><br />Vielen Dank für diese sehr schöne Runde durch Seebach <img src='http://www.geocaching.com/images/icons/icon_smile.gif' border=0 align=middle> Zusammen mit den GeoSittichen haben wir einen schöne Sonntagsrunde gemacht ...<p>tftc, <a href="http://madd.in" target="_blank" rel="nofollow"><b>madd.in</b></a> <img src='http://img.groundspeak.com/forums/emoticons/signal/big_smile.gif' width=19 height=19 border=0 align=middle><br />]]></LOG>
<LOG><![CDATA[<img src='icon_smile.gif'>&nbsp;2009-05-07 by Gollum &amp; Galadriel<br><br />Klasse Runde. Wir haben einen schönen Abendspaziergang daraus gemacht. Was es doch für schöne Ecken gibt!<br>Danke fürs Zeigen.<br />]]></LOG>
<LOG><![CDATA[<img src='icon_smile.gif'>&nbsp;2009-04-25 by Hor_andy<br><br /><br>Zum Freitagabend eine nette kleine Runde die ich mit dem Traveller77 zusammen ablief. Interessante Stellen des Ortes bekommt man hier gezeigt, Danke dafür.<br>TFTC<br><br />]]></LOG>
<LOG><![CDATA[<img src='icon_smile.gif'>&nbsp;2009-04-24 by Traveler77<br><br />Auf kleiner Runde zum Freitag Abend, im Team mit Hor_andy, trotz des vielen Wassers keine nassen Füsse bekommen. Als Station waren gut findbar. Danke fürs zeigen. <img src='http://www.geocaching.com/images/icons/icon_smile_wink.gif' border=0 align=middle> TFTC<br />]]></LOG>
<LOG><![CDATA[<img src='icon_smile.gif'>&nbsp;2009-04-19 by SLUBIK-BRANDSCHUTZ<br><br />Eine schöne Runde! Leider habe ich eine Station nicht gefunden. Aber als Einheimischer bin ich dennoch zum Ziel gekommen.<br />]]></LOG>
<LOG><![CDATA[<img src='icon_smile.gif'>&nbsp;2009-04-19 by Super-Sp&#252;r-Nasen<br><br />Heute haben wir unseren dritten Cache gehoben. Eine schöne Wanderung zum Sonntag Nachmittag. Ein Dank auch an FINDEFIX aus LSZ für die Hilfe!<br />]]></LOG>
<LOG><![CDATA[<img src='icon_smile.gif'>&nbsp;2009-04-19 by FroehlicheRadlerin<br><br />Den von Bara heute Vormittag angefangenen Cache haben wir nach dem CITO weitergemacht, und ich war mal wieder verblüfft, was für schöne Stellen es doch in so manch unscheinbarem Dörflein verstecken. Natürlich ist es im Frühling alles noch dreimal schöner, und am Final trafen wir sogar noch unsere Vorgänger und halfen bei der Suche. Vielen Dank für diese schöne Runde, die ich bei Gelegenheit mit dem Rad weitläufig wiederholen werde. Prima! sagen Katja + Tom aus Lsz, die sogar noch einem Frosch im Bach das Leben retten konnten... <img src='http://www.geocaching.com/images/icons/icon_smile_approve.gif' border=0 align=middle><br />]]></LOG>
<LOG><![CDATA[<img src='icon_smile.gif'>&nbsp;2009-04-19 by Bara68<br><br />Heute Vormittag habe ich die Runde begonnen. An Station 2 habe ich dann vorzeitig wegen Muggels, Hunden und zu vielen Möglichkeiten abgebrochen. Heute Nachmittag habe ich dann die Runde im Team beenden können und am Final sogar noch ein vierköpfiges anderes Team getroffen. Vielen Dank für diese wunderschönen Mulit! <p>Bara68<p>In: Coin<br>Out: Coin<br />]]></LOG>
<LOG><![CDATA[<img src='icon_smile.gif'>&nbsp;2009-04-19 by dop3<br><br />Heute morgen die Wasserrunde absolviert, bis auf Station 2 konnten wir alles gut finden.<br>in TB<br><br />]]></LOG>
<LOG><![CDATA[<img src='icon_smile.gif'>&nbsp;2009-04-18 by Mueckenfett<br><br />Zur Kaffeezeit das bessere Wetter genutzt und das Geheimnis ums Wasser fix mit Söckchen und Hund Tamy gelöst.<br>Tom<br><br />]]></LOG>
<LOG><![CDATA[<img src='icon_smile.gif'>&nbsp;2009-04-18 by gloomy<br><br />Das ist eine wirklich tolle Runde und geregnet hatte es auch nicht mehr :-) ZS1 habe ich wohl übersehen, der Rest ist aber auch so gut zu finden ;-) VG und Danke, gloomy!<br />]]></LOG>
<LOG><![CDATA[<img src='icon_greenlight.gif'>&nbsp;2009-04-14 by Don Rocbeer<br><br />Published<br />]]></LOG>
<LOG><![CDATA[<img src='icon_smile.gif'>&nbsp;2009-04-14 by BastiVW<br><br />heute zum feierabend diese schöne runde gemacht, und mich dabei auch nicht von dem lautstarken bewacher der 2. Station aufhalten lassen 8D<br />]]></LOG>
<LOG><![CDATA[<img src='icon_smile.gif'>&nbsp;2009-04-14 by Hoffi1986<br><br /><img src='http://www.geocaching.com/images/icons/icon_smile.gif' border=0 align=middle><img src='http://www.geocaching.com/images/icons/icon_smile_big.gif' border=0 align=middle><img src='http://img.groundspeak.com/forums/emoticons/signal/big_smile.gif' width=19 height=19 border=0 align=middle><font color="red">FTF</font><img src='http://img.groundspeak.com/forums/emoticons/signal/big_smile.gif' width=19 height=19 border=0 align=middle><img src='http://www.geocaching.com/images/icons/icon_smile_big.gif' border=0 align=middle><img src='http://www.geocaching.com/images/icons/icon_smile.gif' border=0 align=middle><br>Heute mal ein bisschen früher Feierabend gemacht, Frauchen ins Auto eingeladen und diesen Cache mal schnell innerhalb von 45 Minuten angegangen. Bei herrlichem Wetter und strahlendem Sonnenschein diese kleine Runde absolviert. Nachdem wir kurz beim Fotoshooting an der Vogelschutzwarte gestört hatten ging es munter weiter und die Dose konnte sich nicht mehr verstecken!<br>Nochmals Danke für den kleinen Feierabendspaziergang!<br><font color="red">TFTC<br>Hoffi1986</font><br />]]></LOG>
</LOGS>
<NOTES><![CDATA[]]></NOTES>
<IMAGES>
    <IMG>gc1q0na_0.jpg<URL>http://img.geocaching.com/cache/f3b4c984-1f94-44c0-bfdf-2d5d4be91a89.jpg</URL></IMG>
    <IMG>gc1q0na_1.jpg<URL>http://img.geocaching.com/cache/a0bb8aff-e7e4-420b-b18a-bc39d3c26784.jpg</URL></IMG>
    <IMG>gc1q0na_2.jpg<URL>http://img.geocaching.com/cache/7b893ef2-2f34-45cb-9e91-757cd918137c.jpg</URL></IMG>
    <IMG>gc1q0na_3.jpg<URL>http://img.geocaching.com/cache/d4686adf-0864-4deb-b827-5aa786cf8b48.jpg</URL></IMG>
    <IMG>gc1q0na_4.jpg<URL>http://img.geocaching.com/cache/a7a9850e-fd01-43fb-9e78-571eb90c06ee.jpg</URL></IMG>
    <IMG>gc1q0na_5.jpg<URL>http://img.geocaching.com/cache/d4e0e944-a083-4246-8dd7-660117849338.jpg</URL></IMG>
    <IMG>GC1Q0NA_3.jpg<URL>http://img.geocaching.com/cache/d4686adf-0864-4deb-b827-5aa786cf8b48.jpg</URL></IMG>
    <IMG>GC1Q0NA_1.jpg<URL>http://img.geocaching.com/cache/a0bb8aff-e7e4-420b-b18a-bc39d3c26784.jpg</URL></IMG>
    <IMG>GC1Q0NA_6.jpg<URL>http://img.geocaching.com/cache/8c4149cb-028d-42d3-a67c-ee47a1134e23.jpg</URL></IMG>
    <IMG>GC1Q0NA_5.jpg<URL>http://img.geocaching.com/cache/d4e0e944-a083-4246-8dd7-660117849338.jpg</URL></IMG>
    <IMG>GC1Q0NA_4.jpg<URL>http://img.geocaching.com/cache/a7a9850e-fd01-43fb-9e78-571eb90c06ee.jpg</URL></IMG>
    <IMG>GC1Q0NA_0.jpg<URL>http://img.geocaching.com/cache/f3b4c984-1f94-44c0-bfdf-2d5d4be91a89.jpg</URL></IMG>
    <IMG>GC1Q0NA_2.jpg<URL>http://img.geocaching.com/cache/7b893ef2-2f34-45cb-9e91-757cd918137c.jpg</URL></IMG>
    <IMGTEXT>GC1Q0NA_0</IMGTEXT>
    <IMGTEXT>GC1Q0NA_1</IMGTEXT>
    <IMGTEXT>GC1Q0NA_2</IMGTEXT>
    <IMGTEXT>GC1Q0NA_3</IMGTEXT>
    <IMGTEXT>GC1Q0NA_4</IMGTEXT>
    <IMGTEXT>GC1Q0NA_5</IMGTEXT>
    <IMGTEXT>Bootshaus</IMGTEXT>
    <IMGTEXT>Br&#252;cke</IMGTEXT>
    <IMGTEXT>Br&#252;cke Spoiler<DESC>So hier isser</DESC></IMGTEXT>
    <IMGTEXT>gro&#223;e Schleuse</IMGTEXT>
    <IMGTEXT>Kreuzung 2er B&#228;che</IMGTEXT>
    <IMGTEXT>Vereinshaus</IMGTEXT>
    <IMGTEXT>Vogelschutzwarte</IMGTEXT>
</IMAGES>
<TRAVELBUGS>
</TRAVELBUGS>
<URL><![CDATA[]]></URL>
<SOLVER><![CDATA[]]></SOLVER>
    <CACHE  name = "Die Wasserrunde zu Seebach" owner = "Black Hawk73" lat = "51,16215" lon = "10,516033333333" hidden = "2009-04-13" wayp = "GC1Q0NA" status = "" ocCacheID = "" lastSyncOC = "20100419230439" num_recommended = "0" num_found = "-1" attributesYes = "20973571" attributesNo = "0" boolFields="1922" byteFields="50533396" attributesYes1 = "0" attributesNo1 = "0" />
</CACHEDETAILS>
