<?xml version="1.0" encoding="ISO-8859-1"?>
<CACHEDETAILS>
<VERSION value = "3"/>
<DETAILS><![CDATA[<center>
<h2>Mühlhausen und die Hanse</h2>
<br />
<br />
<p><img src=
"http://img.geocaching.com/cache/6b3822df-4680-46a7-b7fc-1d44fc4561ad.jpg" /></p>
</center>

<br><p align="center">Es ist schon verwunderlich, dass eine Stadt wie
Mühlhausen,<br />
ohne beschiffbaren Fluss zur Hansestadt im Mittelalter geworden
ist.<br />
Die Reichsstadt Mühlhausen war nachweislich seit 1286 am hansischen
Handel beteiligt.<br />
Mühlhausen hatte im Mittelalter nur wenige befreundete Städte mit
gleichgerichteten Interessen in unmittelbarer Nähe.<br />
Daher war die wirtschaftliche Verbindung zu den norddeutschen
Küstenstädten,<br />
die im 14. und 15.Jahrhundert vor allem über die Städte des
niedersächsichen Quartiers der Hanse verlief,<br />
von besonderer Bedeutung.<br />
Wichtige Handelsstraßen führten durch Mühlhausen,und die Produkte
der Mühlhäuser Tuchmacher wurden weithin verkauft.<br />
Von Lübeck aus exportierten die Kaufleute Mühlhäuser Tuche und
Laken bis nach England, Livland, Russland und Schweden.<br />
Die Bestrebungen, einen möglichst großräumigen Markt zu schaffen,
und die Furcht vor den bewaffneten Hussiten führten in der ersten
Hälfte des 15.Jahrhunderts zu einer Verdichtung der Beziehungen
zwischen thüringischen Städten und der Hanse.<br />
1430 trat Mühlhausen gemeinsam mit Erfurt und Nordhausen, seit 1310
im Thüringer Dreistädtebund vereinigt, dem starken Goslarer Bund
innerhalb der Hanse bei.<br />
<br />
Aber nun zum finden des Schatzes:<br />
<br />
Finde das oben abgebildete Foto innerhalb der Stadtmauer und peile
von ihm.<br />
<br />
<b><font color="#8B0000" size="2">514 m in
230°</font><br /></b></p>]]></DETAILS>
<COUNTRY><![CDATA[Germany]]></COUNTRY>
<STATE><![CDATA[Thüringen]]></STATE>
<ATTRIBUTES>
   <ATT>bicycles-yes.gif</ATT>
   <ATT>stroller-yes.gif</ATT>
   <ATT>wheelchair-yes.gif</ATT>
   <ATT>available-yes.gif</ATT>
   <ATT>dogs-yes.gif</ATT>
</ATTRIBUTES>
<HINTS><![CDATA[zntargvfpu]]></HINTS>
<LOGS>
<OWNLOGID></OWNLOGID>
<OWNLOG><![CDATA[]]></OWNLOG>
<LOG><![CDATA[<img src='icon_smile.gif'>&nbsp;2010-04-05 by KaputtesLicht<br><br />Auf dem Weg zum Bahnhof hier angehalten! Vielen Dank<br />]]></LOG>
<LOG><![CDATA[<img src='icon_smile.gif'>&nbsp;2010-04-02 by Hunter_TH<br><br />So oft daran vorbeigegangen und kaum wahrgenommen. Leider haben wir oft kein Auge mehr für unsere nächste Umgebung. Die Morgenstunden am Feiertag genutzt und schnell gefunden. Kaum jemand unterwegs gewesen, da am Ziel sonst mehr los ist. <br />]]></LOG>
<LOG><![CDATA[<img src='icon_smile.gif'>&nbsp;2010-03-27 by saheimast<br><br />Einen erfolgreichen Caching-Tag mit Satchmo77 und Fhuti83 in Mühlhausen erlebt. TFTC<br />]]></LOG>
<LOG><![CDATA[<img src='icon_smile.gif'>&nbsp;2010-03-27 by Fhuti83<br><br />Durch Zufall das Haus zum Foto gefunden. Und schnell diesen Mysterey dazwischen geschoben. Unterwegs mit saheimast und satchmo77. TFTC<br />]]></LOG>
<LOG><![CDATA[<img src='icon_smile.gif'>&nbsp;2010-03-27 by Satchmo77<br><br />Zufällig an dem Bild fast vorbeigelaufen! Schöner Cache Danke. Leider keine Coin trotz Vermerk auf Inventarliste.<br />]]></LOG>
<LOG><![CDATA[<img src='icon_smile.gif'>&nbsp;2010-02-28 by Team Kumunst<br><br />Auf unserer heutigen Mysteryrunde durch Mühlhausen wurden wir hier fündig.<br>Mühlhausen und Hanse ???!!! Interessant was es nicht so alles gibt.<br>Danke und Gruß<br>Team Kumunst<br />]]></LOG>
<LOG><![CDATA[<img src='icon_smile.gif'>&nbsp;2010-01-02 by Erithacus Rubecula<br><br />Abgestaubt!<br>Zusammen mit den Eichsgenossen waren wir heute auf großer Mühlhausentour. Dabei konnten wir endlich das schöne goldene Schiff auch in original und nicht mehr nur vom Foto bestaunen. Wirklich interessant was es in Mühlhausen so alles gibt. Vielen Dank fürs Verstecken und Zeigen.<br />]]></LOG>
<LOG><![CDATA[<img src='icon_smile.gif'>&nbsp;2010-01-02 by Eichsgenossen<br><br />Neues Jahr,neues Glück-- Heute mit Erith.Rub. in Mühlhausen auf Tour. Das abgebildete Foto-objekt war schon länger bekannt,bzw.gefunden worden. Der Besuch des Finale erfolgte dann endlich heute.Schön das es immer wieder Neues und mit Geschichte verbundene Caches ,zu endecken gibt.<br>TFDC und liebe Grüße,sagen die Eichsgenossen<br />]]></LOG>
<LOG><![CDATA[<img src='icon_smile.gif'>&nbsp;2009-12-29 by caprikitty<br><br />ich hätte schon länger raus, wo sich die hanse befindet, nur hat sich eben der moment des suchens noch nicht so richtig ergeben gehabt.<br>aber ist einma schatz aus dem haus tanzen die katzen auf den tischen.<br>Danke<br />]]></LOG>
<LOG><![CDATA[<img src='icon_smile.gif'>&nbsp;2009-12-27 by Ullina<br><br />Das Haus war schnell gefunden und die Peilung brachte uns schnell und sicher zum Final.<br>TFTC Ullina<br />]]></LOG>
<LOG><![CDATA[<img src='icon_smile.gif'>&nbsp;2009-12-27 by Karolli<br><br />Auf der heutigen Runde durch Mhl die güldene Hanse gefunden und auf den Weg zum Final gemacht. Vor Ort war es ziemlich ruhig und das Heben kein Problem. 
TFTC<br />]]></LOG>
<LOG><![CDATA[<img src='icon_enabled.gif'>&nbsp;2009-11-26 by Mueckenfett<br><br />Alles wieder bestens<br />]]></LOG>
<LOG><![CDATA[<img src='icon_disabled.gif'>&nbsp;2009-11-22 by Mueckenfett<br><br />Trocknung angesagt, alles in Innentüte verpackt<br />]]></LOG>
<LOG><![CDATA[<img src='icon_smile.gif'>&nbsp;2009-11-21 by Geo-Zwerge<br><br />auf tour mit rüben und monalisa812 gut loggen können<br>TFTC<br />]]></LOG>
<LOG><![CDATA[<img src='icon_note.gif'>&nbsp;2009-11-21 by R&#252;ben<br><br />hab ihn mal hier gelassen<br />]]></LOG>
<LOG><![CDATA[<img src='icon_smile.gif'>&nbsp;2009-11-21 by monalisa812<br><br />sehr schöne idee! aber das versteck finde ich nicht so ganz dolle!<br>das logbuch ist auch nass und schimmelig!<br>bitte mal nachschauen!<br>aber es ist ein schöner cach!<br>danke<br> <br />]]></LOG>
<LOG><![CDATA[<img src='icon_smile.gif'>&nbsp;2009-11-21 by R&#252;ben<br><br />schöner cach! haben ihn schnell gefunden! <br>TFTC<br />]]></LOG>
<LOG><![CDATA[<img src='icon_smile.gif'>&nbsp;2009-11-20 by Seve<br><br />Bei einem kleinen Rundgang durch die Innenstadt konnte ich das Gebäude schließlich auffinden. Am Final war mir sofort klar, wo die Dose sein musste, allerdings war das Zugreifen wegen zahlreicher Muggel in der angrenzenden Einrichtung und auch am Weg eine echte Herausforderung. Mit etwas Improvisation ging das aber schließlich doch.<br>Das Logbuch ist leider ziemlich feucht, ansonsten alles i.O. Danke für den Cache und den Bonus <img src='http://www.geocaching.com/images/icons/icon_smile_wink.gif' border=0 align=middle><p>out: GC<br />]]></LOG>
<LOG><![CDATA[<img src='icon_smile.gif'>&nbsp;2009-11-15 by DasKnie<br><br />Nachtrag: Der Coin soll ja auch getrackt werden...<br />]]></LOG>
<LOG><![CDATA[<img src='icon_smile.gif'>&nbsp;2009-11-14 by gloomy<br><br />Ein schöner Cache, der sich ohne viel Vorbereitung gut in unseren abendlichen Spaziergang durch die Stadt integrieren ließ. VG und Danke, gloomy!<br />]]></LOG>
<LOG><![CDATA[<img src='icon_smile.gif'>&nbsp;2009-11-14 by Hardcore-UH<br><br />schnell gefunden und gelogt  TFTC<br />]]></LOG>
<LOG><![CDATA[<img src='icon_smile.gif'>&nbsp;2009-10-24 by Zwergpiraten<br><br />Das Schild wurde von uns schon öfter bewundert, heutemachten wir noch mal einen kleinen Abstecher zum Standort um dann zum Final aufzubrechen...trotz ziemlichen Muggelverkehrs war er gut zu finden...<br>arhh, arhh die Zwergpiraten<br />]]></LOG>
<LOG><![CDATA[<img src='icon_smile.gif'>&nbsp;2009-10-23 by canislupus1975<br><br />Mein 100ster.  	<img src='http://www.geocaching.com/images/icons/icon_smile_cool.gif' border=0 align=middle><br>Auf fugu81's Geburtstags-Cachesuchtour gesucht und gefunden.<p>TFTC canislupus1975<br />]]></LOG>
<LOG><![CDATA[<img src='icon_smile.gif'>&nbsp;2009-10-23 by fugu81<br><br />gesucht und gefunden.<br>leider ist das logbuch etwas feucht.<p>DFDC fugu81<br>in: TB Pferdle<br />]]></LOG>
<LOG><![CDATA[<img src='icon_smile.gif'>&nbsp;2009-10-13 by Grottenolm87<br><br />Zusammen mit den two rubsners gefunden. TFTC<p>Der Grottenolm<br />]]></LOG>
<LOG><![CDATA[<img src='icon_smile.gif'>&nbsp;2009-10-13 by two rubsners<br><br />Wir kommen so oft dort vorbei und doch haben wir eine Weile gebraucht, darauf zu kommen.<br>Das Logbuch ist total durchgeweicht.<br />]]></LOG>
<LOG><![CDATA[<img src='icon_smile.gif'>&nbsp;2009-09-24 by uhri<br><br />Auf Shoppingtour durch Mühlhausen dieses Rätsel  gelöst und erfolgreich in den Hafen eingelaufen. <br>Wieder mal was neues über MHL gelernt und gesehen.<br>TFTC Uhri+Braut<br><br />]]></LOG>
<LOG><![CDATA[<img src='icon_smile.gif'>&nbsp;2009-09-12 by David+Chrissi<br><br />Dank der Hilfe eines älteren Mannes konnten wir das gesuchte Haus schnell finden.Unser GPS-Empfänger hat uns dann super präzise zum Cache geführt.Einfach klasse gemacht.<br>TFTC<br>David+Chrissi<br />]]></LOG>
<LOG><![CDATA[<img src='icon_smile.gif'>&nbsp;2009-09-12 by GeoSittiche<br><br />Dieses Schiffchen hat mich schon immer interessiert weil wir dort in der Nähe gewohnt haben,nun ist es auch in einen Cache integriert.<br>Mit den Rädern schnell Peilung aufgenommen und so konnte sich die Dose nicht lange tarnen.<br>TFTC<br>die GeoSittiche<br />]]></LOG>
<LOG><![CDATA[<img src='icon_smile.gif'>&nbsp;2009-09-09 by Team Fire &amp; Ice<br><br />Auf Tour in Mühlhausen diesen Cache mitgenommen.<br>Super Idee, schöne und interessante Aufgabe. Ohne Hilfe vom Owner gelöst und gefunden.<br>Die gepeilten Koordinaten stimmten auf den Meter. Genial!   <img src='http://www.geocaching.com/images/icons/icon_smile_big.gif' border=0 align=middle><p>Grüße<p>Team Fire & Ice<br>Heiko<br />]]></LOG>
<LOG><![CDATA[<img src='icon_smile.gif'>&nbsp;2009-09-07 by dop3<br><br />nach nem Abstecher in der Kirmesgemeinde hier nochmal fix vorbeigeschaut und geloggt.<br>das Schiff war uns bekannt weil wir eigentlich diese Cache idee auch schon hatten :)<p>TFTC dop3&sandra<br />]]></LOG>
<LOG><![CDATA[<img src='icon_smile.gif'>&nbsp;2009-09-06 by JonnyH&#252;tchen<br><br />Schnell gefunden.<p>TFTC Jonny.<br />]]></LOG>
<LOG><![CDATA[<img src='icon_smile.gif'>&nbsp;2009-09-06 by Die Hasenschnitzels<br><br />Hmmm, das Schiffchen haben wir noch nicht live gesehen, aber da wir heute abend sowieso noch einmal in die Stadt wollen, wird das nachgeholt.<br>Wo der Cache sich befindet, haben wir dem Owner nach einigen Bierchen entlockt <img src='http://www.geocaching.com/images/icons/icon_smile_big.gif' border=0 align=middle><img src='http://www.geocaching.com/images/icons/icon_smile_big.gif' border=0 align=middle><br>Danke fürs Döschen<p>Das immer noch betrunkene "rote Pferd" Hasenschnitzel<br />]]></LOG>
<LOG><![CDATA[<img src='icon_smile.gif'>&nbsp;2009-09-06 by Kruemel68<br><br />Nach dem Kirmesumzug auf Suche gegangen und fündig geworden. Schöne Idee.<p>Gruß Krümel<br />]]></LOG>
<LOG><![CDATA[<img src='icon_smile.gif'>&nbsp;2009-09-05 by Hor_andy<br><br /><br>Der ging wirklich fix, erst das Bild geortet und dann fix die Dose gehoben, das ging sogar fast muggelfrei.<br>TFTC<br><br />]]></LOG>
<LOG><![CDATA[<img src='icon_smile.gif'>&nbsp;2009-09-05 by Traveler77<br><br />Das Haus war schnell entdeckt, und die Peilung zügig erledigt. Heute nun im Team mit Hor_andy das "Döslein" geborgen. <img src='http://www.geocaching.com/images/icons/icon_smile_wink.gif' border=0 align=middle> TFTC<br />]]></LOG>
<LOG><![CDATA[<img src='icon_smile.gif'>&nbsp;2009-09-04 by Hoffi1986<br><br /><b><font color="blue">Heute mal schnell das Haus nach kurzer Suche zufällig gefunden und gepeilt. Aber der Weg zum Cache erwies sich aufgrund der aktuellen Mühlhäuser Kirmes als nicht leicht. <img src='http://www.geocaching.com/images/icons/icon_smile_evil.gif' border=0 align=middle></font><br><font color="green">Dass Mühlhausen Hansestadt mit Hafen in Wanfried war, war mir ja schon länger bekannt, aber diese Kogge war mir neu!</font><br><font color="red">Danke für das schöne Rätsel und das tolle Versteck!<br>TFTC</b></font><br>Cointausch<br />]]></LOG>
<LOG><![CDATA[<img src='icon_note.gif'>&nbsp;2009-09-03 by Mueckenfett<br><br />in TB<br />]]></LOG>
<LOG><![CDATA[<img src='icon_greenlight.gif'>&nbsp;2009-09-03 by Servatius Sebaldus<br><br />Published<br />]]></LOG>
<LOG><![CDATA[<img src='icon_smile.gif'>&nbsp;2009-09-03 by biba1981<br><br />zusammen mit FTT gesehen das es wieder was neues in mhl gibt und sofort auf die suche gemacht mit FTT<img src='http://www.geocaching.com/images/icons/icon_smile_tongue.gif' border=0 align=middle><br />]]></LOG>
<LOG><![CDATA[<img src='icon_smile.gif'>&nbsp;2009-09-03 by FTT<br><br />So schnell kanns gehen.Bei Biba beim Kaffeeklatsch zufällig gesehen daß es wieder etwas Neues zu entdecken gibt.Schnell war klar wo wir uns hinbegeben mussten und dann gings auch gleich los.Das Döschen konnte sich ebenfalls nicht lange verstecken und wir hielten den FTF in den Händen.<br>TFTC<br />]]></LOG>
<LOG><![CDATA[<img src='icon_smile.gif'>&nbsp;2009-09-03 by Gollum &amp; Galadriel<br><br />Pünktlich zur Kirmes schießen ja Caches wie Pilze aus dem Boden <img src='http://www.geocaching.com/images/icons/icon_smile_big.gif' border=0 align=middle>. <br>Obwohl das Internet  bereitwillig alles verrät, waren wir hier für den FTF exakt 10 Min. zu spät. <br>Vielen Dank für den feinen Mystery um die Geschichte unserer Heimatstadt.<br>out: TB<br>in: Coin<br><br />]]></LOG>
<LOG><![CDATA[<img src='icon_smile.gif'>&nbsp;2009-09-03 by AT-AT<br><br />Kurz die Hausaufgaben beiseite gelegt und auf zur FTF-Jagd. Leider hat es nicht ganz gerreicht.<br>Auf dem Weg von und zur Schule komme ich täglich an dem gesuchten Bild vorbei, wusste aber trotzdem nicht, wo es ist <img src='http://www.geocaching.com/images/icons/icon_smile_blush.gif' border=0 align=middle>.<br>Danke fürs Zeigen.<br />]]></LOG>
<LOG><![CDATA[<img src='icon_note.gif'>&nbsp;2009-09-03 by Frech'n'Nett<br><br />Bitte, bitte, wer die Coin Hitchhikers mitnimmt, die Coin SOLL wieder zu uns nach Wiesbaden/Hessen!!! Sie war fast schon in greifbarer Nähe als sie mit nach Thüringen genommen wurde <img src='http://www.geocaching.com/images/icons/icon_smile_shy.gif' border=0 align=middle>. Bitte, bitte beachten.<p>Grüße<br>Jan & Judith<br />]]></LOG>
</LOGS>
<NOTES><![CDATA[]]></NOTES>
<IMAGES>
    <IMG>gc1q6na_0.jpg<URL>http://img.geocaching.com/cache/6b3822df-4680-46a7-b7fc-1d44fc4561ad.jpg</URL></IMG>
    <IMG>GC1Q6NA_0.jpg<URL>http://img.geocaching.com/cache/6b3822df-4680-46a7-b7fc-1d44fc4561ad.jpg</URL></IMG>
    <IMGTEXT>GC1Q6NA_0</IMGTEXT>
    <IMGTEXT>sucht dieses Bild</IMGTEXT>
</IMAGES>
<TRAVELBUGS>
  <tb guid="bf983326-fee8-454b-a217-d7cbf11fad3b"><name><![CDATA[Mega-Event 'Project ?G?A?M?E?' 2009 Geocoin]]></name><![CDATA[Bonus für alle die Mühlhausen und die Hanse lösen]]></tb>
</TRAVELBUGS>
<URL><![CDATA[]]></URL>
<SOLVER><![CDATA[]]></SOLVER>
    <CACHE  name = "M&#252;hlhausen und die Hanse" owner = "Mueckenfett" lat = "51,207316666667" lon = "10,4657" hidden = "2009-09-03" wayp = "GC1Q6NA" status = "" ocCacheID = "" lastSyncOC = "20100419230852" num_recommended = "0" num_found = "-1" attributesYes = "2233382995971" attributesNo = "0" boolFields="1930" byteFields="50859796" attributesYes1 = "0" attributesNo1 = "0" />
</CACHEDETAILS>
