<?xml version="1.0" encoding="ISO-8859-1"?>
<CACHEDETAILS>
<VERSION value = "3"/>
<DETAILS><![CDATA[<div align="center">
<p><font size="5"><strong>Vogteier Bimmelbahn - Bahnhof
Oberdorla</strong></font></p>
</div>

<br><div>
<p> </p>
<center><img src=
"http://img.geocaching.com/cache/ec84ee58-62d4-419a-94f3-522bcc5b67c7.jpg" /><img src="http://img.geocaching.com/cache/5823393b-3980-4b1d-89d2-e12a2aee3980.jpg" /></center>
<br />
<br />
<p>Nachdem ein großer Junge mit seiner Spielzeugeisenbahn spielte
und nebenbei über vergessene Bahnstrecken in der Umgebung von
Mühlhausen nachdachte, kam ihm die Idee zu diesem Cache.</p>
<p>Das ehemalige Bahnhofsgebäude samt Güterschuppen wurde vor nicht
allzu langer Zeit von Privat gekauft und von Grund auf renoviert.
Heute kann man im "Güterschuppen" den Vereinsraum mieten um
Tagungen oder Familienfeiern abzuhalten. Der Charme der
nostalgischen Eisenbahnzeit schwebt noch immer im
"Güterschuppen".</p>
<p>Die oben genannten Koordinaten sind irrelevant, denn der Cache
befindet sich bei:</p>
<p>N (H0, 0m, TT) ° TTm . (H0, H0, H0e, TT, N, 0, 0m, I, H0, H0m,
VII, 0, H0m, X, IIm, V, N, TT, H0e, IIm, N, I)</p>
<p>E (H0 - Z) ° (Z, Nm, TTe, H0i) . (0, H0m, IIm, H0, Sm, Se, 0,
Im, N, TT)</p>
<p>Viel Spaß beim rätseln und suchen wünscht der
Cacheverstecker!</p>
<p>Ach ja, manchmal geht es am Versteck sehr muggelig zu, passt
also auf!</p>
</div>
<br />
<b>Dieser Cache ist auch bei</b> <a href=
"http://www.opencaching.de/viewcache.php?wp=OC8EB2" target=
"_blank"><img style=
"BORDER-TOP-WIDTH: 0px; BORDER-LEFT-WIDTH: 0px; BORDER-BOTTOM-WIDTH: 0px; BORDER-RIGHT-WIDTH: 0px"
alt="oc-Logo" src=
"http://www.opencaching.de/images/dull_entwurf_sun_klein.gif"
width="80" /></a> <b>logbar.</b><br />
<br />
Die Idee für diesen Cache habe ich mir in Bad Hersfeld geholt.]]></DETAILS>
<COUNTRY><![CDATA[Germany]]></COUNTRY>
<STATE><![CDATA[Thüringen]]></STATE>
<ATTRIBUTES>
   <ATT>firstaid-yes.gif</ATT>
   <ATT>stroller-yes.gif</ATT>
   <ATT>stealth-yes.gif</ATT>
   <ATT>night-yes.gif</ATT>
   <ATT>available-yes.gif</ATT>
   <ATT>jeeps-yes.gif</ATT>
   <ATT>quads-yes.gif</ATT>
   <ATT>motorcycles-yes.gif</ATT>
   <ATT>bicycles-yes.gif</ATT>
   <ATT>onehour-yes.gif</ATT>
   <ATT>wheelchair-yes.gif</ATT>
</ATTRIBUTES>
<HINTS><![CDATA[ARZ uvysg mhe Yöfhat]]></HINTS>
<LOGS>
<OWNLOGID></OWNLOGID>
<OWNLOG><![CDATA[]]></OWNLOG>
<LOG><![CDATA[<img src='icon_disabled.gif'>&nbsp;2010-04-09 by Hoffi1986<br><br />Heute mal nachgesehen und nicht rausgefischt gekriegt. Also erstmal Pause... <img src='http://img.groundspeak.com/forums/emoticons/signal/surprise.gif' width=19 height=19 border=0 align=middle><br />]]></LOG>
<LOG><![CDATA[<img src='icon_needsmaint.gif'>&nbsp;2010-04-08 by rageracer<br><br />Heute morgen beim Frühstück die Koordinaten ermittelt und nach der Arbeit gleich ab zum Cache.<br>Dort angekommen sahen wir schon das vermeintliche Versteck, ein Blick hinein, hmmm.... nichts!<br>Also noch ein paar Minuten dumm in der Gegend rumgesucht, bis aus dem Gebäude gegenüber jemand fragte ab wir ihn schon gefunden hätten!?<br>Wir schüttelten die Köpfe und er meinte wir sollen mal in dem ... nachsehen. Gastcacher Jörgi nahm dann seine Taschenlampe und untersuchte das Versteck nochmal genau. Und siehe da, der Cache war wirklich da, allerdings wieder abgestürzt. Da wir leider nicht die nötige Ausrüstung zum Bergen dabei hatten mussten wir ohne Logeintrag abziehen. Vielleicht kann das Cache-Rettungs-Team-GeoSittiche nochmal hier vorbeischauen, die kennen sich ja damit aus.  	<img src='http://www.geocaching.com/images/icons/icon_smile_wink.gif' border=0 align=middle><p>Gruß rageracer<br />]]></LOG>
<LOG><![CDATA[<img src='icon_smile.gif'>&nbsp;2010-03-28 by saheimast<br><br />Spät des Nachts mit Bier im Kopf von -mast gelöst und gemeinsam mit Fhuti und Satchmo heute gefunden...TFTC<br />]]></LOG>
<LOG><![CDATA[<img src='icon_smile.gif'>&nbsp;2010-03-28 by Satchmo77<br><br />Auf einer ausgedehnten Tour durch das Mühlhausener Umland mit Fhuti83 und Saheimast auch diesen geloggt. TFTC<br />]]></LOG>
<LOG><![CDATA[<img src='icon_smile.gif'>&nbsp;2010-03-28 by Fhuti83<br><br />Schöner Cache. Schnell gefunden und gelogt. Unterwegs mit satchmo77 und saheimast. TFTC<br />]]></LOG>
<LOG><![CDATA[<img src='icon_smile.gif'>&nbsp;2010-03-26 by hekebe18<br><br />Da kennt man 3 Modellbahnspuren und glaubt man kennt sich aus, aber weit gefehlt. <img src='http://www.geocaching.com/images/icons/icon_smile_shock.gif' border=0 align=middle><br>Nach Infosuche im Internet endlich fündig geworden, dann war der Cache schnell gefunden. 	<img src='http://www.geocaching.com/images/icons/icon_smile_big.gif' border=0 align=middle><br>TFTC hekebe18<br />]]></LOG>
<LOG><![CDATA[<img src='icon_smile.gif'>&nbsp;2010-03-22 by GeoSittiche<br><br />Nach zwei mal Verrechnen im Spurbreiten-Dschungel ging es auf die Suche.Es scheint das Peter eine Lieblingsfarbe hat.<img src='http://www.geocaching.com/images/icons/icon_smile_wink.gif' border=0 align=middle><br>Die Statistik sagt,wenn etwas in die Tiefe fallen kann,es auch irgend wann fällt.<br>Wir hatten die Dose am Sonntag versenkt.<img src='http://www.geocaching.com/images/icons/icon_smile_sad.gif' border=0 align=middle><br>Heute in unauffälliger Arbeitskleidung das Malheur beseitigt.<img src='http://www.geocaching.com/images/icons/icon_smile_blush.gif' border=0 align=middle><br>Der Bimmelbahnmythos lebt weiter.<br>TFTC<br>die GeoSittiche <br />]]></LOG>
<LOG><![CDATA[<img src='icon_smile.gif'>&nbsp;2010-03-04 by David+Chrissi<br><br />Nach ein bisschen rechnen heute schnell gefunden.<br>Tolles Rätsel.<br>Danke und bis Bald<p>David+Chrissi<br />]]></LOG>
<LOG><![CDATA[<img src='icon_smile.gif'>&nbsp;2010-01-24 by Jon&amp;Liz<br><br />#143<p>Die Lösung ist seit einiger Zeit schon in unserem Ordner „FERTIG-GELÖST“.<p>Heute auf der Tour durch Oberdorla gleich mitgemacht!<p>Vielen Dank! Jon & Liz<br />]]></LOG>
<LOG><![CDATA[<img src='icon_smile.gif'>&nbsp;2009-12-29 by Schippi38<br><br />Das Rätsel war zu Hause relativ schnell gelöst<br>und der zweite Teil wurde dann gemeinsam mit<br>Geofutz erledigt.<p>Danke sagt Schippi38!<br />]]></LOG>
<LOG><![CDATA[<img src='icon_smile.gif'>&nbsp;2009-12-29 by geofutz<br><br />Heute zusammen noch mal eine kleine Jahresabschluß-Tour gemacht.<br>Nach der guten Vorarbeit von Schippi38 war der Kleine dann schnell entdeckt.<br><font size="2"><font face="comic sans ms"> <font color="red"><b>Danke für # 1354</b></font><br><i><b><font color="blue">Einen guten Rutsch und alles Gute für das neue Jahr ! Gruß und <img src='http://www.geocaching.com/images/icons/icon_smile_wink.gif' border=0 align=middle> BYE Geofutz <img src='http://www.geocaching.com/images/icons/icon_smile_wink.gif' border=0 align=middle></i></b></font><br><br />]]></LOG>
<LOG><![CDATA[<img src='icon_smile.gif'>&nbsp;2009-12-06 by Kruemel68<br><br />Eine sehr schöne Aufgabe. Und dann der Zugriff am Nikolaustag. Der Auftakt zu unserer heutigen Tour durch die Vogtei.<p>Danke sagen<p>Christel und Stefan<br />]]></LOG>
<LOG><![CDATA[<img src='icon_smile.gif'>&nbsp;2009-10-25 by uhri<br><br />Erst zuhause das Rätsel gelöst und dann das Döschen gehoben.<br>Schick zurecht gemacht dieser alte Bahnhof.<br>TFTC Uhri<br />]]></LOG>
<LOG><![CDATA[<img src='icon_smile.gif'>&nbsp;2009-10-25 by Karolli<br><br />Zusammen mit Ullina auf Cachertour gewesen!<br>Wenn man krank zu Hause ist, hat man ganz viel Zeit um mit ganz viel Fleiß das Rätsel zu lösen. Um den Cache dann, wenn man gesund ist zu heben. Heute hatten wir den richtigen Riecher und konnten uns in Logbuch eintragen!<br>Das Rätsel hat viel Spaß gemacht!<br>TFTC<br />]]></LOG>
<LOG><![CDATA[<img src='icon_smile.gif'>&nbsp;2009-10-25 by Ullina<br><br />Schön zu sehen, was aus dem alten Bahnhof geworden ist. Das Rätsel war für einen "alten "Modelleisenbahner mit Hilfe moderner Technik(Wikipedia) gut zu lösen und um den Cache zu heben, muss man sich einfach nur trauen.<br>Danke für das schöne Rätsel sagt Ullina 	<img src='http://www.geocaching.com/images/icons/icon_smile_wink.gif' border=0 align=middle><br />]]></LOG>
<LOG><![CDATA[<img src='icon_smile.gif'>&nbsp;2009-08-23 by qt10709<br><br />Das Rätsel am Morgen gelöst und auch dabei wieder was gelernt, den Cache nach kurzer Suche in den Händen gehalten. Danke!<br />]]></LOG>
<LOG><![CDATA[<img src='icon_smile.gif'>&nbsp;2009-08-02 by fox-hunter_I<br><br />Klasse Rätsel, dank wikipedia und etwas Ausdauer dann doch gelöst und nicht fern der Heimat gefunden.<br>Das Logen wird nur nicht ganz einfach wenn in der Nähe wieder eine Muggle-Party stattfindet <img src='http://www.geocaching.com/images/icons/icon_smile_blackeye.gif' border=0 align=middle><br>Danke für die tolle Aufgabe!<br>Gruß<br>fox-hunter_I<br />]]></LOG>
<LOG><![CDATA[<img src='icon_smile.gif'>&nbsp;2009-06-13 by Renault Family<br><br />Dank Google konnte auch dieser Cache gelöst werden.<p>Danke sagen Max & Matti<br />]]></LOG>
<LOG><![CDATA[<img src='icon_smile.gif'>&nbsp;2009-05-23 by Traveler77<br><br />Da werden gleich Erinnerungen an die Kindheit wach. Schönes Rätsel. <img src='http://www.geocaching.com/images/icons/icon_smile_wink.gif' border=0 align=middle> TFTC<br />]]></LOG>
<LOG><![CDATA[<img src='icon_smile.gif'>&nbsp;2009-05-22 by AT-AT<br><br />Schönes Rätsel und ganz schön gefährliches Versteck.<br>TFTC<br />]]></LOG>
<LOG><![CDATA[<img src='icon_smile.gif'>&nbsp;2009-05-22 by Hor_andy<br><br /><br>Nettes Rätsel,wären da nicht die beiden unlösaren Zahlencodes gewesen, Am Cache des nagelneu veröffentlichten Caches sah ich dann, das er schon vor 4 Tagen gefunden wurde,seltsam. Die Gollumgandalfs habe ich wohl nur um 15min verpasst. Mal sehen wie lange die Dose da überlebt.<br>TFTC<br><br />]]></LOG>
<LOG><![CDATA[<img src='icon_smile.gif'>&nbsp;2009-05-22 by Mueckenfett<br><br />Zu lange daheim am Rechner gegoogelt.<br>Die Zeit wurde ganz schön knapp für eine größere Radrunde, <br>aber die zwei neuen mußten noch besucht werden.<br>Also schnell zum Final gedüst, huch da standen schon 4 im Logbuch, naja dann schnell weiter.<br>Tolles Rätsel<br>Tom<br />]]></LOG>
<LOG><![CDATA[<img src='icon_smile.gif'>&nbsp;2009-05-22 by dop3<br><br />Zuerst hatten wir noch das falsche Listing und haben vergeblich die IV gesucht. Dann nochmal die Seite aktualisiert und siehe da neue daten, damit gings dann ruck zuck und die Koords waren ermittelt. Am Final angekommen war gerade eine Geburtstagsfeier im gange, mit ganz vielen lustigen Leuten die natürlich auch draussen standen. Irgendwann war dann doch noch mal ein ruhiger Moment sodass wir schnell loggen konnten. Mückenfett haben wir dann auch noch gesehen wie er an uns vorbei gefahren ist <img src='http://www.geocaching.com/images/icons/icon_smile.gif' border=0 align=middle><p>TFTC<br />]]></LOG>
<LOG><![CDATA[<img src='icon_smile.gif'>&nbsp;2009-05-22 by Gollum &amp; Galadriel<br><br />Das erste Mal, dass ich das Erscheinen eines neuen Caches live am Schirm erlebt habe. Coole Sache <img src='http://www.geocaching.com/images/icons/icon_smile_big.gif' border=0 align=middle>. <br>Da wir grad im Aufbruch Richtung ESA waren, schnell die Lösung ergoogelt und losgedüst. Für die Nord-Koordinaten fehlten uns zwar die IV und VI, aber mit den richtigen Ost-Koordinaten, ein bischen Ortkenntnis und etwas Cacherauge konnten wir das Versteck auch so ausfindig machen <img src='http://www.geocaching.com/images/icons/icon_smile_approve.gif' border=0 align=middle>.<br>TFTC<br />]]></LOG>
<LOG><![CDATA[<img src='icon_note.gif'>&nbsp;2009-05-22 by Hoffi1986<br><br />So, da mich der liebe Mückenfett darauf aufmerksam gemacht hat, dass es hier größere Unstimmigkeiten mit den Zahlen gab, habe ich jetzt das Listing angepasst. Meine Quelle war doch schon etwas älter (1987), ich hoffe es tut der Sache keinen Abbruch.<img src='http://www.geocaching.com/images/icons/icon_smile_dissapprove.gif' border=0 align=middle><br />]]></LOG>
<LOG><![CDATA[<img src='icon_greenlight.gif'>&nbsp;2009-05-22 by ApproV<br><br />Published<br />]]></LOG>
<LOG><![CDATA[<img src='icon_smile.gif'>&nbsp;2009-05-20 by wauzi08<br><br />des rätsels lösung ist sehr leicht wenn man die fachliteratur schnell erreicht.eins zwei drei so ging es hin und der log war auch schnell drin. danke für den schönen spass jetzt gebe wir erst richtig gas!<p>FTF<br />]]></LOG>
</LOGS>
<NOTES><![CDATA[]]></NOTES>
<IMAGES>
    <IMG>gc1rh4v_0.jpg<URL>http://img.geocaching.com/cache/ec84ee58-62d4-419a-94f3-522bcc5b67c7.jpg</URL></IMG>
    <IMG>gc1rh4v_1.jpg<URL>http://img.geocaching.com/cache/5823393b-3980-4b1d-89d2-e12a2aee3980.jpg</URL></IMG>
    <IMG>gc1rh4v_2.gif<URL>http://www.opencaching.de/images/dull_entwurf_sun_klein.gif</URL></IMG>
    <IMG>GC1RH4V_0.jpg<URL>http://img.geocaching.com/cache/ec84ee58-62d4-419a-94f3-522bcc5b67c7.jpg</URL></IMG>
    <IMG>GC1RH4V_1.jpg<URL>http://img.geocaching.com/cache/5823393b-3980-4b1d-89d2-e12a2aee3980.jpg</URL></IMG>
    <IMGTEXT>GC1RH4V_0</IMGTEXT>
    <IMGTEXT>GC1RH4V_1</IMGTEXT>
    <IMGTEXT>GC1RH4V_2</IMGTEXT>
    <IMGTEXT>Der Bahnhof vor der Renovierung</IMGTEXT>
    <IMGTEXT>weitere Ansicht vor der Renovierung</IMGTEXT>
</IMAGES>
<TRAVELBUGS>
</TRAVELBUGS>
<URL><![CDATA[]]></URL>
<SOLVER><![CDATA[]]></SOLVER>
    <CACHE  name = "Vogteier Bimmelbahn - Bahnhof Oberdorla" owner = "Hoffi1986" lat = "51,166666666667" lon = "10,433333333333" hidden = "2009-05-18" wayp = "GC1RH4V" status = "" ocCacheID = "" lastSyncOC = "20100419224941" num_recommended = "0" num_found = "-1" attributesYes = "11046793838595" attributesNo = "0" boolFields="1920" byteFields="34082590" attributesYes1 = "0" attributesNo1 = "0" />
</CACHEDETAILS>
