<?xml version="1.0" encoding="ISO-8859-1"?>
<CACHEDETAILS>
<VERSION value = "3"/>
<DETAILS><![CDATA[<center><img src=
"http://img.geocaching.com/cache/0cc29664-893c-4f42-bd0b-e10513747908.jpg" /><br />

<b>"Vor 20 Jahren wurde unser Land friedlich wiedervereint.
Wiedervereinigt durch den Willen der Menschen, in Frieden und
Freiheit miteinander leben zu können. Ja, es ist wahr, die Mauer
wurde vom Osten her zum Einsturz gebracht."</b>
<p align="right"><b>Hans-Dietrich Genscher</b></p>
</center>

<br><p align="center">In der Nacht vom 9. auf den 10. November 1989
fiel nach über 28 Jahren die Mauer zwischen der DDR und der BRD.
Zum 20. Jahrestag gibt es diesen Cache. 20 Fragen rund um das Leben
in der DDR werden euch in eine nostalgische Zeitreise versetzen.
Nun viel Spaß beim Lösen, der nicht immer ganz leichten
Aufgaben.</p>
<br />
<br />
<font color="#8B0000" size="2">1.Frage:</font><br />
In der DDR wurden jedes Jahr am 7. Oktober Medaillen mit Goethes
Konterfei verliehen. Wie hieß diese Auszeichnung? (ein Wort)<br />
Anzahl der Buchstaben = A<br />
<br />
<font color="#8B0000" size="2">2. Frage:</font><br />
Welches Autokennzeichen hatte früher der Bezirk
Neubrandenburg?<br />
Wert im Alphabet = B<br />
<br />
<font color="#8B0000" size="2">3. Frage:</font><br />
Eine der erfolgreichsten Fernsehreihen startet 1955: Willi Schwabe
eröffnet seine "Rumpelkammer". Gefragt sind hier Tag und
Monat.<br />
Das Produkt aus Tag und Monat = C<br />
<br />
<font color="#8B0000" size="2">4. Frage:</font><br />
Nach rund 350 Abendgrußsendungen erscheint am 22.11.1959 erstmals
das "Sandmännchen" als Rahmenfigur. Zu welcher Uhrzeit konnte man
es täglich sehen?<br />
Die Summe aus Stunde und Minute = D<br />
<br />
<font color="#8B0000" size="2">5. Frage:</font><br />
1961 erhalten alle berufstätigen Frauen eine Begünstigung. Wie
heisst diese?<br />
Anzahl der Buchstaben = E<br />
<br />
<font color="#8B0000" size="2">6. Frage:</font><br />
In welchem Jahr entstand das knollige Ampelmännchen in Berlin
?<br />
Die Quersumme aus der 4stelligen Jahreszahl = F<br />
<br />
<font color="#8B0000" size="2">7. Frage:</font><br />
Vielen ist dieses Bild noch als Abbildung im Schulbuch der DDR
bekannt. 1967 wurde dieses Bild auch als Briefmarke gedruckt.<br />
<p><img src=
"http://img.geocaching.com/cache/58a3c3c8-8523-4999-97d2-f6b7e3487f45.jpg" /><br />

Welchen Wert hat die Briefmarke in Pfennig?<br />
Wert der Briefmarke in Pfennig = G<br />
<br />
<font color="#8B0000" size="2">8. Frage:</font><br />
Der Kleinroller KR 51, die "Schwalbe" geht am 1.2.1964 in Serie. Er
ist das erste Modell der beliebten Vogelserie: Spatz, Star, Sperber
und ... Wie hieß das letzte Modell?<br />
Anzahl der Buchstaben = H</p>
<font color="#8B0000" size="2">9. Frage:</font><br />
Am 1.10.1964 wurden die DDR Postleitzahlen eingeführt. Da die
Bundespost bereits 1961 PLZ eingeführt hat, kommt es zu
Überschneidungen. Welche Stadt hat die gleiche PLZ wie
Weimar?<br />
Summe vom Wert der einzelnen Buchstaben im Alphabet = I<br />
<br />
<font color="#8B0000" size="2">10. Frage:</font><br />
1964 finden die olympischen Sommerspiele in Tokio statt. Letztmals
bis zur Wiedervereinigung tritt eine gesamtdeutsche Mannschaft an.
Wer trägt die Fahne bei der Eröffnung?<br />
Die Anzahl der Buchstaben des Vor-und Nachnamen (Mädchenname) =
J<br />
<br />
<font color="#8B0000" size="2">11. Frage:</font><br />
Wann war der erste Arbeitsfreie Sonnabend in der DDR?<br />
Quersumme aus Tag und Monat = K<br />
<br />
<font color="#8B0000" size="2">12. Frage:</font><br />
Im Januar 1972 startet eine neue Fernsehunterhaltungssendung. Wie
heißt die Sendung?<br />
1. Ein Kessel Buntes = 24<br />
2. Da liegt Musike drin = 34<br />
3. Außenseiter - Spitzenreiter = 44<br />
1. 2. oder 3. = L<br />
<br />
<font color="#8B0000" size="2">13. Frage:</font><br />
1979 gelingt zwei Familien die Flucht von Thüringen nach Bayern mit
einem selbstgebauten Heißluftballon. Wie heißen diese beiden
Familien?<br />
Die Anzahl aller Buchstaben beider Familiennamen = M<br />
<br />
<font color="#8B0000" size="2">14. Frage:</font><br />
Wer Ist ...?<br />
"Das schönste Antlitz des Sozialismus", wurde einst über sie
gesagt. Bei einer dreimaligen Teilnahme der Olympischen Spiele,
siegte sie zweimal. Mit sächsischem Charme präsentiert sie Schmuck
und sich selbst im "Play-Boy".<br />
Wie oft erschein der Buchstabe "T" in ihrem Vor- und Nachnamen =
N<br />
<br />
<font color="#8B0000" size="2">15. Frage:</font><br />
Erich Honecker schenkt Udo Lindenberg eine Schallmei als Dankeschön
für die von Udo überreichte Lederjacke. Die Jacke wird zugunsten
der Dritten-Welt-Hilfe versteigert. Wieviel Mark bringt die
versteigerte Jacke?<br />
Der Preis in Mark = O<br />
<br />
<font color="#8B0000" size="2">16. Frage:</font><br />
Die DDR musste Maggi zum zweiten mal erfinden, da sie kein Geld für
eine Lizenz hatte. Das passierte im Elektrochemischen Kombinat
Bitterfeld Nord. Wie hieß die von nun an neue Würze, die jedem
faden Gericht eine gewisse Note verlieh?<br />
Die Summe vom Wert der Einzelnen Buchstaben im Alphabet = P<br />
<br />
<font color="#8B0000" size="2">17. Frage:</font><br />
Aus dem VEB Rotstern in Saalfeld kam eine
"Vollmich-Karamell-Haselnuss-Schokoladenspezialität", für die, die
es wirklich süß mögen. 1990 hieß es Abschied nehmen- acht Jahre
später ist sie von Zetti wieder da. Wie heißt die Schokolade?<br />
Anzahl der Buchstaben = Q<br />
<br />
<font color="#8B0000" size="2">18. Frage:</font><br />
Wer ist ... ?<br />
Ein Volksschauspieler wie ihn führt eben auch das wahre Leben
wieder vor die Kamera. Er war bei der ersten und letzten Sendung
des DDR Fernsehens dabei: als Nachrichtensprecher der Aktuellen
Kamera und in der Abschiedssilvesterparty 1991.<br />
Das Produkt aus der Anzahl der Buchstaben vom Vornamen<br />
mit dem Nachnamen = R<br />
<br />
<font color="#8B0000" size="2">19. Frage:</font><br />
Wer sprach bei der TV-Reihe "Der Staatsanwalt hat das Wort" die
belehrenden Kommentare nach dem Film?<br />
1. Prof. Albert Norden = 08<br />
2. Prof. Flimmrich = 07<br />
3. Prof. Peter Przybilski = 06<br />
1. , 2. oder 3. = S<br />
<br />
<font color="#8B0000" size="2">20. Frage:</font><br />
Wer war "Korbine Früchtchen"?<br />
1. eine Obsternte-werbefigur aus der Zeitschrift "Frösi" =
2000<br />
2. ein Markenzeichen, unter dem es frische Erdbeeren gab =
1000<br />
3. eine Auszeichnung für den besten Erntehelfer = 3000<br />
1. , 2. oder 3. = T<br />
<p align="center"><b>Die Finalkoordinaten befinden sich bei:<br />
<br />
N 51° J, B + (H x A) + Q + R + N - 2<br />
E 010° K + M, O - (C x P) - (E x I) - (F x G) + D + 28<br />
<br />
Wenn ihr alle Fragen richtig beantwortet und die Koordinaten für
den Final beim Geochecker überprüft habt, dann Auf zum Knacken des
Caches.<br />
Seid nicht schüchtern und tretet näher, ihr seid herzlich
Willkommen!<br />
Beim Tauschen sind ausdrücklich nur Gegenstände erlaubt, die aus
der DDR stammen bzw. heute noch unter dessen Produktnamen
hergestellt werden.</b></p>
<br />
<p>Deine Lösung für die Koordinaten dieses Rätsels kannst du auf
geochecker.com überprüfen. <a href=
"http://www.geochecker.com/index.php?code=ac5b33ff559c8d50b096942f2c4be176&action=check&wp=47433157573556&name=3230204a61687265204d6175657266616c6c&f=6cfdfb86669ac2c76cd1a7009eb31f3c&language=German">
Geochecker.com</a>.</p>]]></DETAILS>
<COUNTRY><![CDATA[Germany]]></COUNTRY>
<STATE><![CDATA[Thüringen]]></STATE>
<ATTRIBUTES>
   <ATT>bicycles-yes.gif</ATT>
   <ATT>stroller-yes.gif</ATT>
   <ATT>wheelchair-yes.gif</ATT>
   <ATT>available-yes.gif</ATT>
   <ATT>dogs-yes.gif</ATT>
</ATTRIBUTES>
<HINTS><![CDATA[]]></HINTS>
<LOGS>
<OWNLOGID></OWNLOGID>
<OWNLOG><![CDATA[]]></OWNLOG>
<LOG><![CDATA[<img src='icon_smile.gif'>&nbsp;2010-03-30 by Hondje Amanda<br><br />Auch ich war natürlich mit dabei als Herrchen und Frauchen ihren 3000. Cache gemacht haben. Und Tami sowie Silke habe ich bei dieser Gelegenheigt auch gleich besucht. Schade nur, dass Tom nicht zu Hause war! <p>Liebe Grüße<br>Hondje Amanda <img src='http://www.geocaching.com/images/icons/icon_smile_kisses.gif' border=0 align=middle><br />]]></LOG>
<LOG><![CDATA[<img src='icon_smile.gif'>&nbsp;2010-03-30 by Team Fire &amp; Ice<br><br /><b> Juhu! Die Nr. 3000 16:48 Uhr</b><p>Unser 3000. Cache sollte auch wieder ein besonderer Cache sein.<br>Schon oft haben wir vor dem Final mit den Ownern gestanden und sie haben sich gewundert, warum wir den Cache nicht loggen.<br>Nun er war als 3000 geplant. Nachdem wir gemeinsam mit der Ownerin unsere 1000 absolvierten war dieser Cache fest von uns gesetzt.<br>Das Teil ist wirklich liebevoll gestaltet und auch die Umsetzung ist einfach genial. <p>Vielen Dank an Tom und Silke für die Aufgaben und Grüße vom<p><b><i>Team <font color="red">Fire</font> & <font color="blue">Ice</font></b><br>Steffi und Heiko</i><p>Trade:  no<br />]]></LOG>
<LOG><![CDATA[<img src='icon_smile.gif'>&nbsp;2010-03-29 by saheimast<br><br />Den letzten Tag unseres Caching-Urlaubs in Mühlhausen erfolgreich abgeschlossen. Danke für die Gestaltung dieses netten Caches<br />]]></LOG>
<LOG><![CDATA[<img src='icon_smile.gif'>&nbsp;2010-03-29 by Satchmo77<br><br />An unserem letzten Tag auf den Spuren der Mühlhauser Verstecker auch diesen noch gefunden. Vielen Dank für einen tollen Cacheurlaub in und um Mühlhausen, der Partnerstadt meiner Heimkoords! TFTC<br />]]></LOG>
<LOG><![CDATA[<img src='icon_smile.gif'>&nbsp;2010-03-29 by Fhuti83<br><br />Gestern Nacht schnell die Fragen beantwortet und heute morgen direkt los. Verdammt! Es fehlen noch Zahlen. Gott sei Dank konnten wir die fehlenden Fragen schnell vor Ort noch lösen, so dass uns der Cache nicht länger verborgen blieb. TFTC und die tolle Idee und Gestaltung. Unterwegs mit satchmo77 und saheimast.<br />]]></LOG>
<LOG><![CDATA[<img src='icon_smile.gif'>&nbsp;2010-03-27 by UlliSilke<br><br />Zu Hause  vor einigen Tagen, wurden bereits alle Fragen gelöst. Sie ließen uns eine schöne Reise in die Vergangenheit machen. Das Finale war liebevoll und ideenreich gestaltet. Vielen Dank an den Owner, mit dem wir noch ein nettes Gespräch führten. TFTC! UlliSilke.<br />]]></LOG>
<LOG><![CDATA[<img src='icon_note.gif'>&nbsp;2010-03-20 by Mueckenfett<br><br />Coin in<br />]]></LOG>
<LOG><![CDATA[<img src='icon_smile.gif'>&nbsp;2010-02-28 by Team Kumunst<br><br />Knackige Frage und ein grandioses Final ! Sehr lohnenswert!<br>Bei den Fragen kam die Erinnerung auf als ein Teil des Teams 1975 erstmals auf Verwandtenbesuch in Eisenach war.<br>Gut das es heute um einiges einfacher geht, dank dieses einmaligen Ereignisses.<br>Danke und Gruß<br>Team Kumunst<br>P.S.: Da fällt mir noch etwas ein: Ich wollte doch noch....da war noch etwas ....?!?!!<br />]]></LOG>
<LOG><![CDATA[<img src='icon_smile.gif'>&nbsp;2010-02-20 by alice<br><br />Die Fragen waren nicht ohne, und beim Rechnen konnte ich auch anfangs etliche Fehler einbauen.<img src='http://www.geocaching.com/images/icons/icon_smile_wink.gif' border=0 align=middle><br>Heute nun  an einem bekannten Ort die Dose gefunden und bestaunt. Ein Kunstwerk! <img src='http://www.geocaching.com/images/icons/icon_smile_cool.gif' border=0 align=middle><img src='http://www.geocaching.com/images/icons/icon_smile_cool.gif' border=0 align=middle><img src='http://www.geocaching.com/images/icons/icon_smile_cool.gif' border=0 align=middle><br>Vielen Dank für diesen besonderen Cache.<br>In: Elch Geocoin "Schwarzer Peter", Ost-Sandmännchen, Kinder-Armbanduhr<br>Out: TB Bärchen, Puzzle<br><br />]]></LOG>
<LOG><![CDATA[<img src='icon_smile.gif'>&nbsp;2010-02-20 by MensaKids<br><br />Anlässlich des diesjährigen Mensa-Seminars gönnten wir uns diesen liebevoll gestalteten Cache. <img src='http://www.geocaching.com/images/icons/icon_smile_cool.gif' border=0 align=middle><img src='http://www.geocaching.com/images/icons/icon_smile_cool.gif' border=0 align=middle><img src='http://www.geocaching.com/images/icons/icon_smile_cool.gif' border=0 align=middle> Danke! <br />]]></LOG>
<LOG><![CDATA[<img src='icon_smile.gif'>&nbsp;2010-02-05 by Borstelfamilie<br><br />Auf dem Weg in den Norden wollten wir uns diesen Cache nicht entgehen lassen. Für den Owner haben wir ein kleines Buch hinterlegt.<br>Danke für den schönen Cache<br>Die Borstelfamilie<br />]]></LOG>
<LOG><![CDATA[<img src='icon_smile.gif'>&nbsp;2010-01-23 by Jon&amp;Liz<br><br />#132<p>Das wohl schönste Cacheversteck, welches wir je zu Gesicht bekommen haben.<p>Cacher dieser Erde, schaut euch an, welch ein Kunstwerk in Mühlhausen steht! <p>Vielen Dank! Jon & Liz<p><br />]]></LOG>
<LOG><![CDATA[<img src='icon_note.gif'>&nbsp;2010-01-23 by Hoffi1986<br><br />Kurzer Heimatbesuch um einen TB abzulegen. Hat gerade so noch gepasst! <img src='http://www.geocaching.com/images/icons/icon_smile_wink.gif' border=0 align=middle><br />]]></LOG>
<LOG><![CDATA[<img src='icon_smile.gif'>&nbsp;2010-01-09 by Mueckenfett<br><br />Da fehlen mir die Worte.<br>Toll was da mein Söckchen auf die Beine gestellt hat.<br>Tom<br />]]></LOG>
<LOG><![CDATA[<img src='icon_smile.gif'>&nbsp;2010-01-02 by Erithacus Rubecula<br><br />Abgestaubt!<br>Das Rätsel hatten wir schon vor einiger Zeit gelöst. Schließlich brauchten damals die Eichsgenossen reichlich Unterstützung.<br>Heute nun haben wir uns selber nochmal auf den Weg gemacht, um uns das Final nicht entgehen zu lassen.<br>Dort angekommen brauchten wir trotz der richtigen Zugangsdaten einige Anläufe, damit sich der eiserne Vorhang für uns öffnet.<br>Das Final ist toll ausgearbeitet und sehr sehenswert. Grüße an Silke und Tom<br />]]></LOG>
<LOG><![CDATA[<img src='icon_smile.gif'>&nbsp;2010-01-02 by Geo-Zwerge<br><br />der ist ja mal cool gemacht erst krübel krübel wegen den fragen und dann die zahlen toll aber mit den teilen hab ich erfahrung durch die arbeit <p>ein GANZ DICKES TFTC <br />]]></LOG>
<LOG><![CDATA[<img src='icon_note.gif'>&nbsp;2010-01-01 by R&#252;ben<br><br />und noch einer mehr<br />]]></LOG>
<LOG><![CDATA[<img src='icon_smile.gif'>&nbsp;2009-12-29 by Schippi38<br><br />Die Fragen mussten doch zum Großteil mit Hilfe<br>von Wikipedia und Co gelöst werden, da diese Zeit<br>ja nun schon eine Weile zurück liegt.<br>Das Final wurde dann gemeinsam mit Geofutz<br>besucht und was uns dort erwartete war schon<br>der Wahnsinn, ein wirklich toll gebastelter und<br>gestalteter Behälter!<br>DDR-Artikel hatten wir leider nicht dabei, so wurde<br>wenigstens ein Coin dagelassen.<p>Danke für den schönen Cache!<br>Schippi38<br />]]></LOG>
<LOG><![CDATA[<img src='icon_smile.gif'>&nbsp;2009-12-29 by geofutz<br><br />Heute zusammen noch mal eine kleine Jahresabschluß-Tour gemacht.<br>Nach der guten Vorarbeit von Schippi38 war das Objekt dann schnell entdeckt.<br>Das letzte Rätsel war dann auch bald gelöst und wir konnten erfolgreich loggen.<br><img src='http://www.geocaching.com/images/icons/icon_smile_cool.gif' border=0 align=middle> Ein tolles Ding und eine tolle Idee !!! <img src='http://www.geocaching.com/images/icons/icon_smile_cool.gif' border=0 align=middle><br><i><font color="green">IN Coin : LADON # 220</font></i><br><i><font color="purple">Kurzbesuch Geofutz Counter</font></i><br><font size="2"><font face="comic sans ms"> <font color="red">Danke für <b># 1353</font></b></font><br><i><font color="blue">Einen guten Rutsch und alles Gute für das neue Jahr !<br><b>Gruß und <img src='http://www.geocaching.com/images/icons/icon_smile_wink.gif' border=0 align=middle> BYE Geofutz <img src='http://www.geocaching.com/images/icons/icon_smile_wink.gif' border=0 align=middle></i></b></font><br><br />]]></LOG>
<LOG><![CDATA[<img src='icon_smile.gif'>&nbsp;2009-12-28 by sebse<br><br />Heute bei tiefster Dunkelheit, versucht den Cache zu heben. Leider nicht geschafft, da der Zettel mit den Details zu Hause gelassen wurde. Aus dem Gedächtnis haben wir diese auch nicht mehr zusammen bekommen. Aber wir kommen nochmal, auch wenn unser Heimaturlaub fast zu Ende ist.<br>Heute morgen zum Tatort zurückgekehrt. Bei Licht und den entsprechenden Informationen war es ein Kinderspiel, ich kann jetzt beruhigt zurück in den Norden.<br>Vielen Dank für den tollen Cache.<p><br>[This entry was edited by sebse on Monday, December 28, 2009 at 5:20:50 AM.]<br />]]></LOG>
<LOG><![CDATA[<img src='icon_smile.gif'>&nbsp;2009-12-24 by KaputtesLicht<br><br />Gefunden! Juhu! Und was da alles in der FinalBox ist! Uuiiiiii! Vielen Dank<br />]]></LOG>
<LOG><![CDATA[<img src='icon_smile.gif'>&nbsp;2009-11-22 by Hawkbounce<br><br />Naja, eigentlich sind ja immer LP's meine persönlichen Favoriten. Aber dieser geniale Cache, der die Geschichte der DDR mir etwas nahe bringt (Kenne die DDR nicht) mit einem Finale das ich hier nicht beschreiben möchte - hat mir ebenfalls sehr gut gefallen. Danke und Gruß an die Owner, die ich kennengelernt habe.<p>TFTC  Hawkbounce<p><br>[This entry was edited by Hawkbounce on Friday, December 04, 2009 at 5:26:08 AM.]<br />]]></LOG>
<LOG><![CDATA[<img src='icon_smile.gif'>&nbsp;2009-11-22 by Querfahrer<br><br />Wir geben es zu: "Sixpack KS" hat die meisten Fragen in stundenlanger Arbeit gelöst. Für uns Wessis war es auch gar nicht so einfach. Das Final ist der Hammer, das muss man gesehen haben!!! Da hat die Ownerin was ganz tolles gebastelt. Wir konnten nichts tauschen, da wir nichts aus der DDR besitzen.<p>Danke für den Cache<p>Grüße<br>Susi und Uwe<br />]]></LOG>
<LOG><![CDATA[<img src='icon_smile.gif'>&nbsp;2009-11-22 by Hor_andy<br><br /><br>So nun war mein zweiter Anlauf dann auch erfolgreich. Und wiedermal kam die männliche Überheblichkeit durch, anstatt vor Ort den Anweisungen zu folgen verließ ich mich erstmal darauf das ich das auch so hinkriege, Denkste. Dann nochmal gelesen und schon offenbarte sich mir die Dose.<br>Aufgrund des Windes und des schlechten Wetters habe ich darauf verzichtet ausführlich in dem Cache zu kramen, daher übersah ich dann auch die Coin wohl.<br>Also eine schöne kleine Knobelaufgabe (Dank hier an Tante Gugel) mit einem tollen Abschluß am Final.<br>TFTC<br><br />]]></LOG>
<LOG><![CDATA[<img src='icon_smile.gif'>&nbsp;2009-11-22 by sixpack KS<br><br />Hier, melden sich die ersten offiziellen Besucher aus der BRD an diesem Cache an. Wir (Querfahrer, Hawkbounce + sixpack ks) haben diesen als zweites Highlight unserer Mühlhausen Tour besucht. Ein tolles Rätsel, mit einem Finale - was nicht zu beschreiben ist. Man muss es mit eigenen Augen gesehen haben. Danke an die Owner für dieses schöne Stück - hoffentlich bleibt es der Welt lange erhalten.<br>OUT:TB<p>TFTC sixpack ks<br />]]></LOG>
<LOG><![CDATA[<img src='icon_smile.gif'>&nbsp;2009-11-21 by Zwergpiraten<br><br />Bis auf eine Frage konnten wir keine einfach so beantworten, weil uns da einfach die Lebenserfahrung fehlt. Aber dank neuester Technik kann man solche Wissenlücken ja füllen....<br>Der Cache vor Ort hat uns gut gefallen obwohl wir auch hier noch mal die Technik anwerfen mussten <img src='http://www.geocaching.com/images/icons/icon_smile_tongue.gif' border=0 align=middle><br>Tauschen konnten wir so leider nichts...<br>arhh, arhh die Zwergpiraten<br />]]></LOG>
<LOG><![CDATA[<img src='icon_smile.gif'>&nbsp;2009-11-21 by GeoSittiche<br><br />Im Team die Fragen gelöst,wo uns die Antwort ohne Google sicher verwehrt geblieben wäre.<br>Doch das Stöbern im Final war eine große Sache,dass wenn nichts dazwischen kommt wohl in hundert Jahren noch existiert.<img src='http://www.geocaching.com/images/icons/icon_smile_approve.gif' border=0 align=middle><br>Schöne Nostalgierunde.<br>TFTC<br>die GeoSittiche<br />]]></LOG>
<LOG><![CDATA[<img src='icon_smile.gif'>&nbsp;2009-11-20 by Tini1985<br><br />Hallo Söckchen,<p>wir können nur Eines sagen: Daaaanke für einen solch schönen, nostalgischen Cache, dem man die Hingabe, mit welcher er gemacht wurde, in jedem Detail ansieht!<br>Eigentlich noch nie haben wir bisher einen so tollen Final gesehen! Selbst unser Begleiter, der eher cache-mufflig ist, war beeindruckt: Schon beim Entdecken der einzigartigen Final-"Behausung", noch viel mehr beim Öffnen und Erkennen, was nun noch folgen musste ehe der Inhalt sich uns preisgeben würde... Und als es dann so weit war und das Türchen offen stand, kam er aus dem Staunen gar nicht mehr heraus und kramte zusammen mit uns voller Interesse in den alten Schätzen! Da wir ihn zuvor gefragt hatten, ob er denn etwas Kleines von damals zum Hineinlegen hätte, weil wir nichts brauchbares auftreiben konnten, hat unser Begleiter sozusagen als Postbote euren Kasten um die aktuelle Ausgabe "Das Volk" bereichert :-D Entnommen wurde dafür ein kleiner Anstecker.<br>Auch wenn wir selbst leider nicht allzu viele Erinnerung an die Zeit von vor dem Mauerfall haben, hat das Lösen des Rätsels (Google musste dabei ordentlich herhalten) wirklich Freude bereitet - zumal man ja doch von einigen Dingen gehört, gesehen oder gar probiert hat :-)<br>Vielen, vielen Dank also für die interessante und liebevoll gestaltete Zeitreise, an deren Ende wir von einer netten, älteren Dame sowie einem uns bekannten Hundchen auf eurer Schwelle stehend zurück in der Gegenwart freudig empfangen wurden :-)<p>Großes Lob und viele Grüße,<br>Tini und Wolfi von Tini1985 sowie ein erstaunter Begleiter :-)<br />]]></LOG>
<LOG><![CDATA[<img src='icon_note.gif'>&nbsp;2009-11-20 by Seve<br><br />Mir ging es heute genauso wie Hor_andy am Vortag. So nah und doch so fern.... Aber was ich bisher gesehen habe, hat mir sehr gut gefallen!<br>Naja ich bin nicht das letzte Mal durch Mühlhausen gefahren <img src='http://www.geocaching.com/images/icons/icon_smile_wink.gif' border=0 align=middle><br />]]></LOG>
<LOG><![CDATA[<img src='icon_smile.gif'>&nbsp;2009-11-20 by Karolli<br><br />Die Fragen waren eine schöne Beschäftigung am Abend. Die meiste Arbeit habe ich erledigt (Karo), aber bei einigen Aufgaben musste ich passen. Dafür hab ich ja meinen Olli, der Google immer die richtigen Fragen gestellt hat und so noch die 4 austehenden Zahlen ermitteln konnte.<br>Wir waren noch Kinder als die Mauer fiel und haben durch den Cache nochmal in unserer Vergangenheit stöbern können.<br>Nach den vielen Logs waren wir ganz gespannt auf das Final und haben uns dann heute aufgemacht, den Schatz zu heben. Der ist wirklich TOLL!!!<br>Während ich loggte, stöberte Olli im Final umher und ganz viele Erinnerungen kamen wieder hoch! Mückenfett haben wir auch noch kurz getroffen.<br>Vielen Dank für den schönen Rätselcache und das liebevoll gestaltete Final!<br>In: MZ-Schild<br />]]></LOG>
<LOG><![CDATA[<img src='icon_note.gif'>&nbsp;2009-11-19 by Hor_andy<br><br /><br>Aaaargh, ich konnte mich heute anstrengen wie ich wollte, aber für die letzten Zentimenter bis zur Dose reichte es nicht. Macht aber nichts, so kann ich wenigstens nochmal im Hellen herkommen, ich weiß ja was ich brauche.<br><br />]]></LOG>
<LOG><![CDATA[<img src='icon_smile.gif'>&nbsp;2009-11-18 by Traveler77<br><br />Was für eine (wiedermal) tolle Idee. Da sieht man mal was man alles schon so über damalige Zeiten aus seinem Kopf verdrängt hat. Lob und Anerkennung für den Cache und natürlich das grandiose Finale. Danke für die kleine Zeitreise und den schönen Cache. <img src='http://www.geocaching.com/images/icons/icon_smile_wink.gif' border=0 align=middle> Gruß Daniel<br />]]></LOG>
<LOG><![CDATA[<img src='icon_smile.gif'>&nbsp;2009-11-15 by imme56<br><br />Vor ein paar Tagen habe ich den interessanten Cache entdeckt. Nach dem Lesen einiger Fragen blickte ich ein wenig ratlos und verlegen in den Spiegel der Eule. Er führte mich zur Quelle der Fragen und half mir bei 18 mal, so dass ich nur zweimal googeln musste. Das Rätsel war gelöst, die Freude groß, nun nichts wie hin. Am Ziel angekommen, staunte ich nicht schlecht über die außergewöhnliche Cachebehausung (Super Idee!). Nun erst merkte ich, dass etwas wichtiges fehlt. Zum Glück hat mir mein zuverlässiger Telefonjoker aus der Klemme geholfen. Danke an den milchmann2.       <p>in: 5 mal 8m aus dem VEB Zwirnerei Sachsenring Glauchau<br>out: -<p>Danke sagt imme56.<br><br />]]></LOG>
<LOG><![CDATA[<img src='icon_smile.gif'>&nbsp;2009-11-15 by JonnyH&#252;tchen<br><br />Heute mit M + V hier gewesen und eigenhändig den Cache geöffnet. Superding, da hab ich echt gestaunt. Ein echter Liebhabercache.<br>Bei der Lösung der Aufgaben mussten mich meine Gehilfen unterstützen.<p>Danke,<p>Jonny<br />]]></LOG>
<LOG><![CDATA[<img src='icon_smile.gif'>&nbsp;2009-11-15 by Kruemel68<br><br />Fein, da weiß man doch nun endlich mal, wozu man sich vor ein paar Jahren Das Große DDR Buch angeschafft hat. ( Übrigens nicht nur wegen des Caches empfehlenswert ! )<br>Am Montag abend bereits gelöst, ging`s heute zum "Versteck". Das Prädikat schönste "Dose" 2009 hat er sich verdient !<br>Leider fehlte mir dann vor Ort ein entscheidendes Detail, aber ein kurzer TJ und schon war alles geritzt. <br>Als wir ihn dann endlich auf hatten:<br>IN: TB, 2 Bücher, Tasse, Eselchen aus Holz, Fußballschuhe, Medaille Kreisspartakiade...<br>OUT: nix<p>Nochmals Danke für den unterhaltsamen Cache,<p>Christel und Stefan<p><p><br>[This entry was edited by Kruemel68 on Saturday, November 21, 2009 at 8:47:54 AM.]<br />]]></LOG>
<LOG><![CDATA[<img src='icon_smile.gif'>&nbsp;2009-11-14 by Eichsgenossen<br><br />Da glaubt man,20 Jahre die DDR selbst erlebt,die Fragen zum Cache machste doch mit links.Ne,Ne- so einfach waren einige doch nicht.<br>Aber man kann ja mal Bekannte und Verwante fragen.Und so waren im Laufe der Woche die Frage gelöst.<br>Am Final angekommen-- hier warste doch schon...<br>Eine sehenswerte Cachebehausung ,aufwändig und kunstvoll gestaltet.<br>Viele Erinnerungen wurden wach gerufen,wie schnell man doch vergisst...und alles scheint schon soweit vergangen.<br>Aber noch ein Gedanke:"Was und wo ständen wir jetzt,wenn die Mauer nicht gefallen wäre?"<br>Ich bin froh und stolz diese friedliche Wende miterlebt zu haben.<br>Vielen Dank und herzl.Grüße an Söckchen für diese Zeitreise <br>Winfried/Eichsgenossen<p>IN:Coin<br />]]></LOG>
<LOG><![CDATA[<img src='icon_smile.gif'>&nbsp;2009-11-14 by monalisa812<br><br />juhu ich hab es.............<br>verdammt ist das ne geile idee!<br>erste die fragen und dann ab zum final hammer hard!<br>verdammt schön echt!<br>TFTC<p>habe ein Murmelspiel und ein jojo da gelassen<br />]]></LOG>
<LOG><![CDATA[<img src='icon_smile.gif'>&nbsp;2009-11-13 by two rubsners<br><br />Gelöst hatten wir das Rätsel (mit kleinen Tipps von Söckchen) bereits am 11.November - hätten also prompt Zweitfinder werden können, leider brachte uns die Zeit erst heute nach Mühlhausen. Aber die Lösung ist hier der Hauptspaß!!! <br>Eine ganz tolle Idee, da wurde viel Fleiß und und vor allem Liebe hineingesteckt. Die "Mühe" beim Lösen der Fragen wird dann auch noch mit so einem feinem kunstvollem Final gelohnt - einfach Klasse!!! Der Inhalt ist schon fast mueseumsreif.<br> in:  Eierbecher EVP 0,35<br>      Diaserie "Schloss Mosigkau"<br>      DDR + Dynamo Stoffemblem<br>out: Gliedermaßstab oder hieß es zu DDR-Zeiten Zollstock??<p>Liebe Grüße an den Owner von den two rubsners<br />]]></LOG>
<LOG><![CDATA[<img src='icon_smile.gif'>&nbsp;2009-11-13 by R&#252;ben<br><br />ein sehr sehr schöner cach!<br>der final ist der hammer<br>danke für´s zeigen<br>TFTC<br />]]></LOG>
<LOG><![CDATA[<img src='icon_smile.gif'>&nbsp;2009-11-13 by dop3<br><br />Nach einiger Sucherei im Internet und Ausfragen unserer Eltern hatten wir fast alle Fragen beantwortet. Nur die Frage mit der Schkolade schien irgendwie falsch zu sein, doch  da half uns mein Arbeitskolege David (+Chrissi) weiter und somit konnten wir dann auch die Final Koordinaten errechnen. Im ganzen ein sehr gelungener Cache mit einigen kniffligen Fragen und überraschenden Final :)<p>TFTC dop3&sandra<p>IN: ne handvoll DDR Abzeichen und DDR Jahrestag Anstecknadeln<br>OUT: COIN<br />]]></LOG>
<LOG><![CDATA[<img src='icon_smile.gif'>&nbsp;2009-11-13 by uhri<br><br /><br>Viele Stunden eintauchen in die Vergangenheit und stöbern in Erinnerungen, war nötig um dieses Rätsel zu lösen. Durch die gut ausgesuchten Fragen kommt immer wieder  Nostalgie auf. War das wirklich so? Ist das schon so lange her?<br>Nach dem der Geochecker die Lösung bestätigt hatte, war es nun Zeit das Werk zu vollenden. <br>Am Final angekommen, waren  die Harcore-UH`s schon auf dem Rückzug und so konnte ich mit Mückenfett, der zufällig in der Gegend war, ein wenig Fachsimpeln. So erfuhr ich zum Beispiel, wann sich Mückenfett und Silke das Ja- Wort gaben, was mir übrigens sehr weiter half. <br>Das Döschen selber und was sich bis jetzt schon darin angesammelt hat ist sehenswert.<br>Aller größter Respekt, welch Arbeit und Liebe in diesem Rätsel steckt!!<br>Danke für diesen Cache.<br>Uhri<p>IN      -  Sportabzeichen der DDR in Bronze<br>         -  Abzeichen zum „Tag des Bergmanns“ 1980<br>         -  Taschenuhr aus Ruhla def. ( Zeigt die Zeit an, als Günter Schabowski am 09.11.1989 in                 <br>                                                  einer Pressekonferenz das ende der DDR einläutet. ) <p>OUT  - Nix<p><p><br />]]></LOG>
<LOG><![CDATA[<img src='icon_smile.gif'>&nbsp;2009-11-13 by Hardcore-UH<br><br />Nach langen lösen dann die Koordinaten raus bekommen, dann ab ins Cachermobil und zum Cache gefahren.<br>Super gefunden und dann waren wir nur noch ein stück entfernt vom Ziel,dann aber noch Hoffi schnell anrufen und so hatten wir den Cache in der Hand.<br>Eine gute sache so ein Cachefinal, danke für die DDR Geschichte!!!!<br>Dann noch den Owner und Mückenfett getroffen und ne runde am reden gewesen.<p><br>In: Minimop und 10 Pfenig<br>Out: Stempelset vom Sandmann was Fips seine Tochter ausgesucht hat<p><br>TFTC<p>MFG Basti, Fips, Melle, und die kleine Lea aus dem Team Hardcore-UH<p>[This entry was edited by Hardcore-UH on Friday, November 13, 2009 at 1:29:46 PM.]<br />]]></LOG>
<LOG><![CDATA[<img src='icon_note.gif'>&nbsp;2009-11-12 by monalisa812<br><br />so die lösung hab ich endlich, macht sich bezahlt....<br>aber muss auch vielen dank an hoffi1986 sagen mit kleinen tipps....<br>wobei ich stark auf der leitung stand (leider) passiert!<br>freu mich schon ihn endlich zu heben........<br>eine sehr sehr schöne idee ist es auf alle fälle......<br />]]></LOG>
<LOG><![CDATA[<img src='icon_smile.gif'>&nbsp;2009-11-11 by David+Chrissi<br><br />                                          <img src='http://www.geocaching.com/images/icons/icon_smile.gif' border=0 align=middle><img src='http://www.geocaching.com/images/icons/icon_smile.gif' border=0 align=middle><img src='http://www.geocaching.com/images/icons/icon_smile.gif' border=0 align=middle><img src='http://www.geocaching.com/images/icons/icon_smile.gif' border=0 align=middle><img src='http://www.geocaching.com/images/icons/icon_smile.gif' border=0 align=middle><br>                                          <img src='http://www.geocaching.com/images/icons/icon_smile.gif' border=0 align=middle><img src='http://www.geocaching.com/images/icons/icon_smile_big.gif' border=0 align=middle><img src='http://www.geocaching.com/images/icons/icon_smile_big.gif' border=0 align=middle><img src='http://www.geocaching.com/images/icons/icon_smile_big.gif' border=0 align=middle><img src='http://www.geocaching.com/images/icons/icon_smile.gif' border=0 align=middle><br>                                            <img src='http://www.geocaching.com/images/icons/icon_smile.gif' border=0 align=middle><img src='http://www.geocaching.com/images/icons/icon_smile.gif' border=0 align=middle><img src='http://www.geocaching.com/images/icons/icon_smile.gif' border=0 align=middle><img src='http://www.geocaching.com/images/icons/icon_smile_big.gif' border=0 align=middle><img src='http://www.geocaching.com/images/icons/icon_smile.gif' border=0 align=middle><br>                                            <img src='http://www.geocaching.com/images/icons/icon_smile.gif' border=0 align=middle><img src='http://www.geocaching.com/images/icons/icon_smile.gif' border=0 align=middle><img src='http://www.geocaching.com/images/icons/icon_smile.gif' border=0 align=middle><img src='http://www.geocaching.com/images/icons/icon_smile_big.gif' border=0 align=middle><img src='http://www.geocaching.com/images/icons/icon_smile.gif' border=0 align=middle><br>                                          <img src='http://www.geocaching.com/images/icons/icon_smile.gif' border=0 align=middle><img src='http://www.geocaching.com/images/icons/icon_smile_big.gif' border=0 align=middle><img src='http://www.geocaching.com/images/icons/icon_smile_big.gif' border=0 align=middle><img src='http://www.geocaching.com/images/icons/icon_smile_big.gif' border=0 align=middle><img src='http://www.geocaching.com/images/icons/icon_smile.gif' border=0 align=middle><br>                                            <img src='http://www.geocaching.com/images/icons/icon_smile.gif' border=0 align=middle><img src='http://www.geocaching.com/images/icons/icon_smile.gif' border=0 align=middle><img src='http://www.geocaching.com/images/icons/icon_smile.gif' border=0 align=middle><img src='http://www.geocaching.com/images/icons/icon_smile_big.gif' border=0 align=middle><img src='http://www.geocaching.com/images/icons/icon_smile.gif' border=0 align=middle><br>                                            <img src='http://www.geocaching.com/images/icons/icon_smile.gif' border=0 align=middle><img src='http://www.geocaching.com/images/icons/icon_smile.gif' border=0 align=middle><img src='http://www.geocaching.com/images/icons/icon_smile.gif' border=0 align=middle><img src='http://www.geocaching.com/images/icons/icon_smile_big.gif' border=0 align=middle><img src='http://www.geocaching.com/images/icons/icon_smile.gif' border=0 align=middle><br>                                          <img src='http://www.geocaching.com/images/icons/icon_smile.gif' border=0 align=middle><img src='http://www.geocaching.com/images/icons/icon_smile_big.gif' border=0 align=middle><img src='http://www.geocaching.com/images/icons/icon_smile_big.gif' border=0 align=middle><img src='http://www.geocaching.com/images/icons/icon_smile_big.gif' border=0 align=middle><img src='http://www.geocaching.com/images/icons/icon_smile.gif' border=0 align=middle><br>                                          <img src='http://www.geocaching.com/images/icons/icon_smile.gif' border=0 align=middle><img src='http://www.geocaching.com/images/icons/icon_smile.gif' border=0 align=middle><img src='http://www.geocaching.com/images/icons/icon_smile.gif' border=0 align=middle><img src='http://www.geocaching.com/images/icons/icon_smile.gif' border=0 align=middle><img src='http://www.geocaching.com/images/icons/icon_smile.gif' border=0 align=middle><p>Es war eine kleine Herausforderung für uns dieses Rätsel zu lösen, weil wir selbst nicht in der DDR gelebt haben, aufgrund unseres Alters. Doch mit Hilfe von Müttern und Großeltern, war dieses Rätsel schnell gelöst. An den errechneten Koords angekommen, fanden wir eine super Überraschung, die süßen Bilder sind noch einmal ein kleiner Höhepunkt. <p>Ein ganz besonderer Cache, hat uns ganz viel Spaß und Freude bereitet diese Aufgaben zu lösen. Danke für den Einblick, in das Leben, in der DDR, uns auf eine ganz besondere Art und Weise,zu schenken.<p>TFTC<p>David+Chrissi<br />]]></LOG>
<LOG><![CDATA[<img src='icon_note.gif'>&nbsp;2009-11-11 by Kruemel68<br><br />Die Lösung liegt seit gestern abend parat. Wir kommen also bald....<p>Grüßchen<p>C & S<br />]]></LOG>
<LOG><![CDATA[<img src='icon_smile.gif'>&nbsp;2009-11-10 by AT-AT<br><br />Tja, so richtig viel beisteuern konnte ich zur Lösung der Aufgaben nicht viel, dafür war es aber sehr interessant. Zu der Zeit war ich ja noch nicht mal in Planung. <br>Dafür habe ich dann die Navigation zur Final-Box übernommen und die fand ich richtig Klasse. Die Typen darauf habe ich auch schon irgendwo mal gesehen <img src='http://www.geocaching.com/images/icons/icon_smile_big.gif' border=0 align=middle><br>Danke für diesen außergewöhnlichen Cache.<br />]]></LOG>
<LOG><![CDATA[<img src='icon_smile.gif'>&nbsp;2009-11-10 by Gollum &amp; Galadriel<br><br />Ein, dem entsprechenden Anlass absolut würdiger, super ausgearbeiteter Cache mit einem fetzigen Final. Eine kleine Zeitreise durch viele Lebensbereiche der ehemaligen DDR. Durch das Stöbern kam doch so manche Erinnerung wieder hoch und man las so einige Zeilen mehr, als zum Beantworten der Fragen nötig gewesen wären.<br>Eine Frage konnte gleich beantwortet werden (zum Glück, denn da hapert es bei Google), der Rest wurde dann teils mühsam zusammengesucht. Nur die vermeintliche Schlagersüßtafel brachte uns fast zum Wahnsinn <img src='http://www.geocaching.com/images/icons/icon_smile_big.gif' border=0 align=middle> Selbst der Geochecker hatte es satt mit uns <img src='http://www.geocaching.com/images/icons/icon_smile_shock.gif' border=0 align=middle><br>Vielen Dank für diesen tollen Cache und Glückwunsch an Hoffi zum FTF<p>in: 2 Coins, 2 Amigo-Quartett-Single, Rechenschieber, NVA-Löffel, "Alu-Chips", keine Schlagersüßtafel<br>out: Zweitfindergeschenk, Ampelmännchen-Magnet<br>    <br><br />]]></LOG>
<LOG><![CDATA[<img src='icon_greenlight.gif'>&nbsp;2009-11-09 by Servatius Sebaldus<br><br />Published<br />]]></LOG>
<LOG><![CDATA[<img src='icon_note.gif'>&nbsp;2009-11-09 by Gollum &amp; Galadriel<br><br />Oje ist man vergesslich <img src='http://www.geocaching.com/images/icons/icon_smile_shock.gif' border=0 align=middle> Frage 4 ist klar <img src='http://www.geocaching.com/images/icons/icon_smile_big.gif' border=0 align=middle> aber der Rest ?<br>Ein super Ding zu diesem Anlass.<br />]]></LOG>
<LOG><![CDATA[<img src='icon_note.gif'>&nbsp;2009-11-09 by Team Fribu70 &amp; Schnuba77<br><br />Das ist ja echt ein Hammercache!<br>Mensch, das haben wir alle mal gewusst.<br>Aber bei Frage 20 konnten wir sofort antworten.<br>Viele Grüße<p><b><font><br>T<font color="blue">e</font><font color="red">a</font><font color="purple">m</font> <font color="pink">F</font><font color="orange">r</font><font color="yellow">i</font><font color="green">b</font><font color="black">u</font><font color="blue">7</font><font color="red">0</font> <font color="purple">&</font> <font color="pink">S</font><font color="orange">c</font><font color="yellow">h</font><font color="green">n</font><font color="black">u</font><font color="blue">b</font><font color="red">a</font><font color="purple">7</font><font color="orange">7</font><p></b><br />]]></LOG>
<LOG><![CDATA[<img src='icon_note.gif'>&nbsp;2009-11-09 by Hoffi1986<br><br />"Genosse Honnecker, Sie werden es nicht glauben!"<br>"Was denn, Genosse Krenz?"<br>"Die Amerikaner haben die DDR unterwandert mit einem neumodischen Spiel!"<br>"Unterwandert? Niemals! Die DDR kann und wird niemals unterwandert werden!"<br>"Doch, Genosse Honnecker. Seit kurzem wird über einen kleinen Handempfänger Strahlung aus dem Kosmos empfangen und sagt einem die eigene Position in wilden Zahlen."<br>"Soetwas kann ich nicht glauben. Soetwas gibt es doch garnicht."<br>"Doch, ich habe es mit meinen eigenen Augen gesehen. Ein junger Kerl, gerade 23 Jahre alt, rannte an mir mit solch einem Gerät vorbei und schrie lautstark nach 20 Jahren Mauerfall, Geokäsch, Position, schnell, Rätsel, Erster werden, Trabbi kaputt."<br>"Der Junge braucht Zucht, er muss seinem Land an der Grenze dienen."<br>"Genosse Honnecker, das geht nicht mehr."<br>"Warum?"<br>"Er diente bereits an der Grenzübergangsstelle Gerstungen bis vor 2 Monaten. Er hat seinen Wehrdienst geleistet."<br>"Dann verbeite ich diesem Burschen hiermit dieses Spiel!"<br>"Ich werde alles weitere veranlassen."<p><br />]]></LOG>
<LOG><![CDATA[<img src='icon_note.gif'>&nbsp;2009-11-09 by two rubsners<br><br />Wir sind schon beim Lösen, haben auch die Antworten. Allerdings sind manche Rechnungen nicht eindeutig, da wir nicht wissen, welche genaue Bezeichnung (Doppelname oder einfacher Name, ss oder ß, welches Wort bei Frage 5) die richtigen sind. <br />]]></LOG>
<LOG><![CDATA[<img src='icon_smile.gif'>&nbsp;2009-11-09 by Hoffi1986<br><br />Als Günther Schabowski heute vor 20 Jahren in der Pressekonferenz bekannt gab:<br><b><font color="red">„Und deshalb haben wir uns dazu entschlossen, heute eine Regelung zu treffen, die es jedem Bürger der DDR möglich macht, über Grenzübergangspunkte der DDR auszureisen.“</font></b> haben wir noch an unserem eigenen Haus gemauert und haben am selben Abend kein Radio oder Fernseher mehr angehabt. Erst am nächsten Tag bekamen wir von der Grenzöffnung mit. Ich war noch ein Stöpsel von 3 Jahren und bekam davon nicht viel mit. <br><font color="black"><b>Heute, nach 20 Jahren, werden bei Vielen Erinnerungen wach. Erinnerungen an damals. Gutes, wie Schlechtes. Ich kenne aus der DDR nicht mehr viel, die Trabbis, Ladas, Simsons, aber auch Leckeres wie die Knusperflocken, Bananen (die gab's für mich ja viel zu selten), Nappos, Halberstädter Würstchen, unsere gute Kohlenheizung, der Westbesuch, Bummi-Heftchen oder die Abrafaxe. All dies bleibt unvergessen! Diese Erinnerungen wurden wieder wach, als ich das Listing sah. </b></font><br><b><font color="red">Beim Abendbrot sprudelten die Fragen nur so aus mir heraus, sodass meine Eltern gleich mit großem Eifer eingespannt waren, Literatur ranholten und erzählten. Wieviel doch noch in den Köpfen nach 20 Jahren steckt ist bemerkenswert, und für mich (als jungen 23-Jährigen) nahezu unvorstellbar.</font></b><br><font color="orange"><b>Ein wahrhaft gelungener Cache, der mir und meinen Eltern gleichermaßen die Vergangenheit wieder zu diesem denkwürdigen Tag ins Gedächtnis rief. 20 Jahre ohne Grenze, 20 Jahre Reisefreiheit, 20 Jahre ohne Diktatur, 20 bewegte Jahre des Wechsels, des Neuanfangs und des Zusammenwachsens. Deutschland ist eine Einheit geworden und wir alle können stolz darauf sein!</b></font><p><font color="green">Danke an das Team Söckchen & Mückenfett für dieses schöne Stück Geschichte zu diesem denkwürdigem Datum.</font><p><font color="blue">In: TB, DDR-Dekoband, DDR-Geschenkband, DDR-Notizblock und eine DDR-Kassette mit selbst aufgenommener Musik <img src='http://www.geocaching.com/images/icons/icon_smile_wink.gif' border=0 align=middle><br>Out: Erstfindergeschenk, Trabbi (ich wollte schon immer einen eigenen Trabbi!)<br></font><br />]]></LOG>
</LOGS>
<NOTES><![CDATA[]]></NOTES>
<IMAGES>
    <IMG>gc1ww5v_0.jpg<URL>http://img.geocaching.com/cache/0cc29664-893c-4f42-bd0b-e10513747908.jpg</URL></IMG>
    <IMG>gc1ww5v_1.jpg<URL>http://img.geocaching.com/cache/58a3c3c8-8523-4999-97d2-f6b7e3487f45.jpg</URL></IMG>
    <IMG>GC1WW5V_1.jpg<URL>http://img.geocaching.com/cache/58a3c3c8-8523-4999-97d2-f6b7e3487f45.jpg</URL></IMG>
    <IMG>GC1WW5V_2.jpg<URL>http://img.geocaching.com/cache/a0c1d2dc-0b1d-4dcf-8b9a-9383c527636f.jpg</URL></IMG>
    <IMG>GC1WW5V_3.jpg<URL>http://img.geocaching.com/cache/280a507e-0edf-4fdd-97c7-1d497d1e2229.jpg</URL></IMG>
    <IMGTEXT>GC1WW5V_0</IMGTEXT>
    <IMGTEXT>GC1WW5V_1</IMGTEXT>
    <IMGTEXT>Briefmarke</IMGTEXT>
    <IMGTEXT>Fahne</IMGTEXT>
    <IMGTEXT>Mauerfall</IMGTEXT>
</IMAGES>
<TRAVELBUGS>
</TRAVELBUGS>
<URL><![CDATA[]]></URL>
<SOLVER><![CDATA[]]></SOLVER>
    <CACHE  name = "20 Jahre Mauerfall " owner = "S&#246;ckchen" lat = "51,21025" lon = "10,456083333333" hidden = "2009-11-09" wayp = "GC1WW5V" status = "" ocCacheID = "" lastSyncOC = "20100419231347" num_recommended = "0" num_found = "-1" attributesYes = "2233382995971" attributesNo = "0" boolFields="1922" byteFields="67637022" attributesYes1 = "0" attributesNo1 = "0" />
</CACHEDETAILS>
