<?xml version="1.0" encoding="ISO-8859-1"?>
<CACHEDETAILS>
<VERSION value = "3"/>
<DETAILS><![CDATA[<br>Erneuerbare Energien &ndash; Photovoltaikanlage am Stausee
Niederdorla
<p>Dies ist nun mein erster eigener Cache und ich möchte Euch mit
einer kleinen Serie für die vielfältigen Möglichkeiten der Nutzung
von regenerativer Energie, so wie sie schon heute unser tägliches
Leben begleitet, begeistern.<br />
Dieser Cache hier ist ein Multicache.<br />
Begebt Euch an die angegeben Koordinaten, dort könnt Ihr parken
oder besser noch Eurer Bike abstellen. In unmittelbarer Nähe wurde
ein neuer Campingplatz gebaut, der zu gewissen Zeiten auch
bewirtschaftet wird, also im Fall das Ihr Erfolg oder auch keinen
haben solltet könnt Ihr hier bei Speisen und Getränke neue Energie
zu Euch nehmen.<br />
Am eigentlichen Ausgangspunkt seht Ihr nun bereits eine
Photovoltaikanlage. Sie wurde im Dezember 2008 in Betrieb genommen.
Der Unterbau soll noch zu einer Gaststätte mit angeschlossener
Freizeiteinrichtung ausgebaut werden.<br />
Zum loggen benötigt Ihr einen Stift.</p>
<p>Für das eigentliche Ziel müßt ihr nun folgende Aufgabe
lösen:<br />
(1) Wieviele Solarmodule sind auf diesem Gebäude verbaut?</p>
<p>A B C = ______________________</p>
<p><br />
Jedes Modul hat eine Nennleistung von 205 Watt (Wp)<br />
(2) Errechnet nun die Gesamtleistung dieser einer Anlage hier in
Watt (Wp)!</p>
<p>D E F G H = ___________________</p>
<p>Der Cache liegt an den hier angegeben Koordinaten und ist bequem
zu Fuß zu erreichen (der direkte Weg ist nicht immer der
Beste):</p>
<p>N 51° 09.AAB<br />
E 010° D(E-A).(G+A)F(D+G)</p>]]></DETAILS>
<COUNTRY><![CDATA[Germany]]></COUNTRY>
<STATE><![CDATA[Thüringen]]></STATE>
<ATTRIBUTES>
   <ATT>available-yes.gif</ATT>
   <ATT>jeeps-yes.gif</ATT>
   <ATT>quads-yes.gif</ATT>
   <ATT>motorcycles-yes.gif</ATT>
   <ATT>bicycles-yes.gif</ATT>
   <ATT>camping-yes.gif</ATT>
   <ATT>onehour-yes.gif</ATT>
   <ATT>water-yes.gif</ATT>
   <ATT>parking-yes.gif</ATT>
   <ATT>dogs-yes.gif</ATT>
</ATTRIBUTES>
<HINTS><![CDATA[Fgnuy / Orgba<br>]]></HINTS>
<LOGS>
<OWNLOGID></OWNLOGID>
<OWNLOG><![CDATA[]]></OWNLOG>
<LOG><![CDATA[<img src='icon_smile.gif'>&nbsp;2010-04-07 by geoschuer<br><br />Zusammen mit FrankBär und The_Searching_Knights nach dem Cache in die neue Strandbar des Palumpalands.<br>DfdC Klaus<br />]]></LOG>
<LOG><![CDATA[<img src='icon_smile.gif'>&nbsp;2010-04-07 by FrankB&#228;r<br><br />Zusammen mit The_Searching_Knights und GeoSchuer ging es nach dem Cache in die Strandbar.<br>DfdC. FrankBär<br><br />]]></LOG>
<LOG><![CDATA[<img src='icon_smile.gif'>&nbsp;2010-04-06 by fabio-otto<br><br />Dank meiner leseschwäche doch noch richtig gerechnet und gefunden.<br>Sehr schöner Ort.<br>THX<br />]]></LOG>
<LOG><![CDATA[<img src='icon_smile.gif'>&nbsp;2010-04-06 by Richie1977<br><br />Heute mit Fabio - Otto unterwegs gewesen und nach einer kleinen Leseschwäche doch sicher um 17.30uhr geloggt.<p><br>TFTC!!!<p>Richie1977<p><br />]]></LOG>
<LOG><![CDATA[<img src='icon_smile.gif'>&nbsp;2010-03-28 by gloomy<br><br />Gut gefunden. VG und Danke, gloomy!<br />]]></LOG>
<LOG><![CDATA[<img src='icon_smile.gif'>&nbsp;2010-03-28 by Traumpaar1<br><br />gut zu finden und der kleine hat den winter prima überstanden ;)<br><br />]]></LOG>
<LOG><![CDATA[<img src='icon_smile.gif'>&nbsp;2010-03-02 by rageracer<br><br />Heute früh noch etwas Zeit gehabt und mal wieder diesen Ort besucht.<br>Schnell gezählt und gerechnet und ab zum Final.<br>Diesen dann auch schnell gefunden.<br>Schönes "Versteck", Tarnung ist eben alles...  	<img src='http://www.geocaching.com/images/icons/icon_smile_wink.gif' border=0 align=middle><p>#84 ---02.03.2010 --- 9.05 Uhr<p>TFTC<br />]]></LOG>
<LOG><![CDATA[<img src='icon_smile.gif'>&nbsp;2009-12-27 by FTT<br><br />Mit biba1981 und einem Gastcacher heute mal vor Ort gewesen.Nach ersten Überlegungen ob da Teile der Anlage fehlen dann doch recht fix das Döschen gefunden...<br>TFTC<br />]]></LOG>
<LOG><![CDATA[<img src='icon_smile.gif'>&nbsp;2009-12-27 by biba1981<br><br />der letzte der heutigen tour mit FTT ging auch ganz fix<br />]]></LOG>
<LOG><![CDATA[<img src='icon_smile.gif'>&nbsp;2009-12-12 by mediamarkt1990<br><br />Schnell und super gefunden<br />]]></LOG>
<LOG><![CDATA[<img src='icon_smile.gif'>&nbsp;2009-12-12 by Hardcore-UH<br><br />schnell und gut gefunden<p>TFTC<br />]]></LOG>
<LOG><![CDATA[<img src='icon_smile.gif'>&nbsp;2009-10-25 by Ullina<br><br />Nach der Mühlenserie zusammen mit Karolli war dies der letzte Cache des Tages. Dank der richtigen  Rechnung war das Finden des Caches  kein Problem.<br> 	<img src='http://www.geocaching.com/images/icons/icon_smile_big.gif' border=0 align=middle> Ullina<br />]]></LOG>
<LOG><![CDATA[<img src='icon_smile.gif'>&nbsp;2009-10-25 by Karolli<br><br />Das war der letzte Schatz unserer heutigen Runde! Wir waren vor 3 Wochen schon mal in der Nähe, aber vor lauter Quatschen während des Stammtisch-Events keine Zeit zum Bergen gehabt<img src='http://www.geocaching.com/images/icons/icon_smile_cool.gif' border=0 align=middle>. Die haben wir uns dann gestern genommen!<br>TFTC<br />]]></LOG>
<LOG><![CDATA[<img src='icon_smile.gif'>&nbsp;2009-10-23 by uhri<br><br />Richtig gezählt bzw. gerechnet und dann mit viel Energie Döschen gut gefunden.<br>TFTC Uhri <br />]]></LOG>
<LOG><![CDATA[<img src='icon_smile.gif'>&nbsp;2009-10-14 by fianna<br><br />Auf der Fahrt zum Event ahnten Pixie und ich schon furchtbares. Den ganzen Tag Regen, denn wir fuhren vor dem Regen her.<br>In Seebach trafen wir auf das altbewährte "The Summer Is Magic!-TourTeam 2009 " (Team Fribu70 & Schnuba77,Pixie07, Hoffis und spät ThomasM80). Man ging mit etwas regnerischer Stimmung<br>an das Geocachetagwerk Die Regenpause beim Event „Haus am See“ wurde für einige Caches in der<br>Umgebung benutzt. Vielen Dank bis bald im Wald - fianna -<br><br />]]></LOG>
<LOG><![CDATA[<img src='icon_smile.gif'>&nbsp;2009-10-10 by water&amp;sun<br><br />Wenn ein Event so dicht am Cache liegt, dann ist er rege besucht. Wir nutzten eine "ruhige" Zeit nach dem Kaffeetrinken. Gemeinsam mit Vista-Freund konnte ich mich nach erfolgreichem Lösen der Aufgaben und nach dem Bestaunen der Baustelle ins Logbuch eintragen. Danke für den Cache und herzliche Grüße.<br />]]></LOG>
<LOG><![CDATA[<img src='icon_smile.gif'>&nbsp;2009-10-10 by Vista-Freund<br><br />Eine sehr interessante Sache, die Dinger auf dem Dach. Das Zählen und Rechnen ging fix, und die kleine Dose war auch schnell aufgestöbert. <img src='http://www.geocaching.com/images/icons/icon_smile_big.gif' border=0 align=middle> <br>Vielen Danke für den Cache sagt Vista-Freund.<br><br />]]></LOG>
<LOG><![CDATA[<img src='icon_smile.gif'>&nbsp;2009-10-10 by pixie07<br><br />Mit fianna, dem Team Fribu70 & Schnuba77 und den Feldbahnern ging es heute bei meist regnerischem Wetter zum "Haus am See"-Event.<br>Nach dem Chili legte der Regen eine Pause ein, und sogleich brach fast der gesamte Stammtisch auf, um diesen kleinen Multi zu erschlendern. Schnell gezählt und gerechnet, gemütlich spaziert und den Final in einer leider leicht vermüllten Gegend gut gefunden.<br>Vielen Dank,<br>pixie07<br />]]></LOG>
<LOG><![CDATA[<img src='icon_smile.gif'>&nbsp;2009-10-10 by Feldbahner<br><br />Heute ging es auf die "The Summer was magic"-Tour 2009 in Richtung Mühlhausen, um vor Hoffis Event noch ein paar Dosen zu suchen.<br>Dabei waren Fianna, Pixie07, Team Fribu70 & Schnuba77 und wir.<p>In einer Regenpause wurde der schnell erledigt.<p><br>TFTC<br>die Feldbahner<br><br />]]></LOG>
<LOG><![CDATA[<img src='icon_smile.gif'>&nbsp;2009-10-10 by Team Fire &amp; Ice<br><br />Gemeinsam mit Hondje Amanda waren wir heute hier beim Stammtisch.<p>Dabei haben wir auch diesen Cache gemacht. <img src='http://www.geocaching.com/images/icons/icon_smile_big.gif' border=0 align=middle><p>Vielen Dank und Grüße<p>Team Fire & Ice<br>Steffi und Heiko<br />]]></LOG>
<LOG><![CDATA[<img src='icon_smile.gif'>&nbsp;2009-10-10 by Hondje Amanda<br><br />Nach dem Kaffee mal bisschen die Pfötchen vertreten. Und hinterher bei Euch wieder an den Hosen sauber gemacht <img src='http://www.geocaching.com/images/icons/icon_smile.gif' border=0 align=middle>.<p>Hondje Amanda <img src='http://www.geocaching.com/images/icons/icon_smile_kisses.gif' border=0 align=middle><br />]]></LOG>
<LOG><![CDATA[<img src='icon_smile.gif'>&nbsp;2009-10-10 by Team Fribu70 &amp; Schnuba77<br><br /><b><font> <font face="comic sans ms">Heute ging es auf die "<font color="red">The</font> <font color="yellow">Summer</font> <font color="purple">was</font> <font color="orange">magic</font>"-Tour 2009 in Richtung Mühlhausen, um vor Hoffis Event noch ein paar Dosen zu suchen.<br>Dabei waren Fianna, Pixie07, die Feldbahner und wir.</b><p>Bei einer kurzen Regenpause wurde von vielen Cachern die Chance genutzt, um noch schnell diesen Cache anzugehen. ein Teil errechnete die Koordinaten, der Rest trug die Verantwortung!<img src='http://www.geocaching.com/images/icons/icon_smile_big.gif' border=0 align=middle><br>Vielen Dank für den Cache !<p><b><font><br>T<font color="blue">e</font><font color="red">a</font><font color="purple">m</font> <font color="pink">F</font><font color="orange">r</font><font color="yellow">i</font><font color="green">b</font><font color="black">u</font><font color="blue">7</font><font color="red">0</font> <font color="purple">&</font> <font color="pink">S</font><font color="orange">c</font><font color="yellow">h</font><font color="green">n</font><font color="black">u</font><font color="blue">b</font><font color="red">a</font><font color="purple">7</font><font color="orange">7</font><br>Found it with Cachebox<p></b><br />]]></LOG>
<LOG><![CDATA[<img src='icon_smile.gif'>&nbsp;2009-10-10 by Rurpot<br><br />Während dem Geocachertreffen zusammen mit Tini1985 geloggt =)<br>TFTC<br />]]></LOG>
<LOG><![CDATA[<img src='icon_smile.gif'>&nbsp;2009-10-10 by GeoSittiche<br><br /><br>Kurz vor dem Event schnell gehoben.<br>Danke fürs Zeigen.<br>                               die GeoSittiche<p><br />]]></LOG>
<LOG><![CDATA[<img src='icon_smile.gif'>&nbsp;2009-10-10 by KaputtesLicht<br><br />Vom Stammtisch aus in kleiner Gruppe zu diesem tollen Cache gefunden! Vielen Dank fürs zeigen<br />]]></LOG>
<LOG><![CDATA[<img src='icon_smile.gif'>&nbsp;2009-10-10 by geofutz<br><br />Vom Stammtisch aus mal einen kleinen Spaziergang gemacht.<br>Bei so einer geballten Geocacher Macht war der Kleine schnell ausgemacht.<br><font color="blue">Danke für <b># 1155 </b></font><br><font color="green"><b><i>Gruß aus dem Eichsfeld und BYE Geofutz. <img src='http://www.geocaching.com/images/icons/icon_smile_wink.gif' border=0 align=middle></i></b></font><br><br />]]></LOG>
<LOG><![CDATA[<img src='icon_smile.gif'>&nbsp;2009-10-10 by thomasm80<br><br />10.10.2009 19:30 Found:<p>Im Zuge des UH-Stammtisches konnte ich wenigstens diesen Cache noch abhaken, nachdem die vor dem Event geplante Tour leider für mich ausgefallen war.<p>Ich mag Caches an solchen Locations, da ich mich sehr für erneuerbare Energien interessiere und auch der Meinung bin, dass diese die aktuellen <br>Energiequellen (fossile Brennstoffe bzw. Nuklearenergie) mittel- bis längerfristig auf jeden Fall ablösen werden - oder besser gesagt: ablösen MÜSSEN, da fossile Brennstoffe und Uranerze ja nicht in unendlicher Menge existieren. <img src='http://www.geocaching.com/images/icons/icon_smile_wink.gif' border=0 align=middle><p>Danke für's Zeigen.<p>TFTC<br>ThomasM80<p>GC#573<br />]]></LOG>
<LOG><![CDATA[<img src='icon_smile.gif'>&nbsp;2009-10-10 by Tini1985<br><br />Während des Eventbesuchs zusammen mit Rurpot zügig und unproblemtaisch geloggt.<br>TFTC an diesem idyllischen Ort!<br>Tni1985<br />]]></LOG>
<LOG><![CDATA[<img src='icon_smile.gif'>&nbsp;2009-10-10 by Eichsgenossen<br><br />Regenpause beim Stammtisch genutzt und im Rudel diesen Cache angegangen und wie sollte es anders sein :Ruck- zuck gefunden.<br>DFDC und HG sagt der Eichsgenosse<br />]]></LOG>
<LOG><![CDATA[<img src='icon_smile.gif'>&nbsp;2009-10-10 by caprikitty<br><br />Eben noch Auto geparkt und dann auch schon mitgestiefelt.<br>Danke<br />]]></LOG>
<LOG><![CDATA[<img src='icon_smile.gif'>&nbsp;2009-10-10 by Chris601<br><br />Auch wir waren in großer Runde beim Event dabei!<p>Da war die Aufgabe schnell gelöst und auch das Final konnte sich vor so vielen Augen nicht lange verstecken.<p>#512<br />]]></LOG>
<LOG><![CDATA[<img src='icon_smile.gif'>&nbsp;2009-10-10 by David+Chrissi<br><br />Beim heutigen Cacher-Stammtisch in großer Runde gefunden.<br>Danke fürs Zeigen!<br>TFTC<br>David+Chrissi<br />]]></LOG>
<LOG><![CDATA[<img src='icon_smile.gif'>&nbsp;2009-10-10 by two rubsners<br><br />Währen des Stammtisches in gemeinsamer Runde gefunden.<br />]]></LOG>
<LOG><![CDATA[<img src='icon_smile.gif'>&nbsp;2009-09-17 by AT-AT<br><br />Gestern versucht einen Radweg fürs Event hierher zu finden, war aber zu matschig.<br>Heute mit gollumgandalf per Auto hergedüst und den Kleinen schnell gefunden.<br>TFTC<br />]]></LOG>
<LOG><![CDATA[<img src='icon_smile.gif'>&nbsp;2009-09-04 by haitron<br><br />Ja das Rechnen hat gut geklappt, aus diesem Grunde schnell geloggt!<p><br>Danke sagt DER HAITRON<br />]]></LOG>
<LOG><![CDATA[<img src='icon_smile.gif'>&nbsp;2009-08-23 by qt10709<br><br />Richtig gerechnet <img src='http://www.geocaching.com/images/icons/icon_smile_approve.gif' border=0 align=middle> und den Final flink gefunden. Danke fürs Herführen und den Cache!<br />]]></LOG>
<LOG><![CDATA[<img src='icon_smile.gif'>&nbsp;2009-08-22 by Traveler77<br><br />Bei schönem Sommerwetter einen Spaziergang am See entlang gemacht, gerechnet und am Final mit dem "Döslein belohnt worden. Danke fürs zeigen. <img src='http://www.geocaching.com/images/icons/icon_smile_wink.gif' border=0 align=middle> TFTC<br />]]></LOG>
<LOG><![CDATA[<img src='icon_smile.gif'>&nbsp;2009-08-11 by dop3<br><br />Nach dem kleine besuch am Kreuzungsbauwerk  haben wir noch einen kleinen Abstecher zu Stausee gemacht. Den kleinen konnten wir schnell finden. Die Dose liegt aber sehr offensichtlich da<p>TFTC<br>dop3&Sandra<br />]]></LOG>
<LOG><![CDATA[<img src='icon_smile.gif'>&nbsp;2009-08-09 by JonnyH&#252;tchen<br><br />Schnell gefunden.<p>TFTC Jonny.<br />]]></LOG>
<LOG><![CDATA[<img src='icon_smile.gif'>&nbsp;2009-08-09 by Kruemel68<br><br />Auf kleiner sonntäglichen Radtour gefunden. Danke fürs Verstecken.<br />]]></LOG>
<LOG><![CDATA[<img src='icon_smile.gif'>&nbsp;2009-08-08 by Bara68<br><br />Eine interessante Gegend - heute waren viele Muggels hier - so viele - das wir nicht weiter aufgefallen sind. Bara68<br />]]></LOG>
<LOG><![CDATA[<img src='icon_smile.gif'>&nbsp;2009-08-08 by FroehlicheRadlerin<br><br />Haben den heutigen Nachmittag genutzt, um zu schauen, wie weit der Campingplatz gediehen ist, und um uns ein bisschen Abkühlung zu schaffen. Natürlich kamen, nachdem wir den Cache gefunden hatten - vielen Dank fürs erneute Herführen!  <img src='http://www.geocaching.com/images/icons/icon_smile.gif' border=0 align=middle>  prompt wieder Regenwolken auf. Wir haben dennoch gebadet, aber vom Deich aus, und sind dann von oben auch noch nass geworden <img src='http://www.geocaching.com/images/icons/icon_smile_blackeye.gif' border=0 align=middle>  Naja, jedenfalls war's sehr interessant, mal wieder herzukommen. Viel Spaß und Erfolg bei weiteren eigenen Caches!<br />]]></LOG>
<LOG><![CDATA[<img src='icon_smile.gif'>&nbsp;2009-08-07 by Hoffi1986<br><br /><b><font color="green">Mal abends fix vorm Babypullern den kleinen Multi gemacht.<br>Ein kleiner Plausch mit dem Chef, der nebenbei der Mann meiner Chefin ist, und einen Cocktail später machte ich mich auf die Dose zu suchen.</font><br>I<font color="blue">m Logbuch war ich ganz überrascht, Hor_Andy nur um eine halbe Stunde verpasst zu haben. Hätte ich doch bloß den Cocktail nicht genommen...</font><br><font color="red">Glückwunsch zum ersten Cache!<br>TFTC</b></font><br />]]></LOG>
<LOG><![CDATA[<img src='icon_smile.gif'>&nbsp;2009-08-07 by Hor_andy<br><br /><br>So, noch gut kann ich mich an den vergangenen Dezember erinnern, als ich mir die Tage zwischen Weihnachten und Silvester bei -15° am Stausee vertrieb. Ich half mit meinen Kollegen dem Stauseechef die PV-Anlagen anzuschließen, damit es noch 2008 geklappt hat mit der Inbetriebnahme. Da haben wir richtig gut gefroren, aber mit positivem Ergebnis.<br>Ein netter Cache an toller Location mit schöner Aufgabe, hoffentlich überlebt die Dose das nächste Rasenmähen gut.<br>TFTC<br><br />]]></LOG>
<LOG><![CDATA[<img src='icon_smile.gif'>&nbsp;2009-08-06 by Gollum &amp; Galadriel<br><br />Den FTF nur "knapp" um 10h verpasst.<br>Nach der abendlichen Joggingrunde wollten wir hier wieder Energie tanken. Das Döschen war dann auch fix gefunden. Ein Bad wäre auch nicht schlecht gewesen, aber ohne Badesachen? <img src='http://www.geocaching.com/images/icons/icon_smile_blush.gif' border=0 align=middle> <br>Danke fürs Verstecken und Glückwunsch zum Erstling!<br />]]></LOG>
<LOG><![CDATA[<img src='icon_smile.gif'>&nbsp;2009-08-06 by Mueckenfett<br><br />Juhu Erster am Erstlingswerk.<br>Das Wetter schrie nach einer kleine Abkühlung, aber...<br>Richtig gerechnet war das mit dem finden der kleinen Box kein Problem.<br>Tom <br />]]></LOG>
<LOG><![CDATA[<img src='icon_greenlight.gif'>&nbsp;2009-08-05 by Servatius Sebaldus<br><br />Published<br />]]></LOG>
</LOGS>
<NOTES><![CDATA[]]></NOTES>
<IMAGES>
</IMAGES>
<TRAVELBUGS>
</TRAVELBUGS>
<URL><![CDATA[]]></URL>
<SOLVER><![CDATA[]]></SOLVER>
    <CACHE  name = "Erneuerbare Energien  - Photovoltaik am Stausee " owner = "fox-hunter_I" lat = "51,1523" lon = "10,469683333333" hidden = "2009-08-05" wayp = "GC1WW32" status = "" ocCacheID = "" lastSyncOC = "20100419224955" num_recommended = "0" num_found = "-1" attributesYes = "1099652728867" attributesNo = "0" boolFields="1922" byteFields="33756175" attributesYes1 = "0" attributesNo1 = "0" />
</CACHEDETAILS>
