<?xml version="1.0" encoding="ISO-8859-1"?>
<CACHEDETAILS>
<VERSION value = "3"/>
<DETAILS><![CDATA[<p style="color: rgb(255, 16, 16);" align="center"><font face=
"georgia,times new roman,times,serif" size="5"><strong>Die
Seebacher Feldbahn - Tongrube Höngeda</strong></font></p>
<div align="center"><img src=
"http://img.geocaching.com/cache/7e8ac17d-07ba-4543-8df6-ccd068840b21.jpg"
align="baseline" /></div>

<br><p>Die Feldbahn kreuzte die Straße zwischen Höngeda und Seebach.
Sehr dicht an der Ziegelei befand sich das Gleis der alten Grube.
Das Hauptgleis verlief am oberen Rand der Tongrube entlang, sodass
die Waggons teilweise dort gekippt worden sind, damit der Ton dann
mittels Greifbagger in andere Loren zur Weiterverarbeitung
kommt.</p>
<p align="center"><img src=
"http://img.geocaching.com/cache/c7d8063e-9e5b-4d89-ab88-679e7b136226.jpg"
align="baseline" /> </p>
<p>Die Strecke zum Seebacher Bahnhof betrug circa 1,5 km mit
mehreren Ausweichstellen. Die Strecke verlief parallel zur F247
(heute B247) und überquerte sie sogar.</p>
<p>In Höngeda gab es schon immer eine Ziegelei, doch nach der Wende
wurde nach der Übernahme von Pfleiderer eine neue Ziegelei, die
technisch auf dem neuesten Stand war, gebaut, sodass die Feldbahn
überflüssig wurde.</p>
<p align="center"><img src=
"http://img.geocaching.com/cache/c5b3e97f-792b-454a-b272-539b37541e64.jpg"
align="baseline" /> </p>
<p>Begebt euch zu den Startkoordinaten. Hier steht ihr an der alten
Bahnstrecke, wo die Loren früher gekippt wurden. Durch den Neubau
ist natürlich viel verloren gegangen, so eben auch dieser alte
Hang. Doch nun sucht den Hinweis auf den Final! Die beste
Zufahrtmöglichkeit ist, zwischen Höngeda und Seebach auf dem neu
geteerten Landwirtschaftsweg zu fahren.</p>
<p>In diesem Cache erhaltet ihr die Startkoordinaten für den
Bonuscache. <img src=
"http://www.geocaching.com/images/icons/icon_smile_wink.gif"
border="0" align="middle" /></p>
<b>Dieser Cache ist auch bei</b> <a href=
"http://www.opencaching.de/viewcache.php?wp=OC92AC" target=
"_blank"><img style=
"BORDER-TOP-WIDTH: 0px; BORDER-LEFT-WIDTH: 0px; BORDER-BOTTOM-WIDTH: 0px; BORDER-RIGHT-WIDTH: 0px"
alt="oc-Logo" src=
"http://www.opencaching.de/images/dull_entwurf_sun_klein.gif"
width="80" /></a> <b>logbar.</b><br />]]></DETAILS>
<COUNTRY><![CDATA[Germany]]></COUNTRY>
<STATE><![CDATA[Thüringen]]></STATE>
<ATTRIBUTES>
   <ATT>stroller-no.gif</ATT>
   <ATT>wheelchair-no.gif</ATT>
   <ATT>ticks-yes.gif</ATT>
   <ATT>stealth-yes.gif</ATT>
   <ATT>thorn-yes.gif</ATT>
   <ATT>winter-yes.gif</ATT>
   <ATT>motorcycles-yes.gif</ATT>
   <ATT>bicycles-yes.gif</ATT>
   <ATT>onehour-yes.gif</ATT>
   <ATT>parking-yes.gif</ATT>
</ATTRIBUTES>
<HINTS><![CDATA[Fgneg: Rqqvat<br>Svany: Onhz]]></HINTS>
<LOGS>
<OWNLOGID></OWNLOGID>
<OWNLOG><![CDATA[]]></OWNLOG>
<LOG><![CDATA[<img src='icon_smile.gif'>&nbsp;2010-04-18 by TcG71<br><br />... das war bisher unser kürzester Multi, trotzdem danke ! <img src='http://www.geocaching.com/images/icons/icon_smile_wink.gif' border=0 align=middle> TFTC !<p>TcG71 & GeoBienchen<br />]]></LOG>
<LOG><![CDATA[<img src='icon_smile.gif'>&nbsp;2010-04-03 by ep24<br><br />... das war ein netter Spaziergang, man wird sich noch lange daran erinnern :-)<p>TFTC<br />]]></LOG>
<LOG><![CDATA[<img src='icon_smile.gif'>&nbsp;2010-03-28 by gloomy<br><br />Am Vormittag war hier der Start einer kleinen Tour. Leider war hier nicht viel zu laufen... VG und Danke, gloomy!<br />]]></LOG>
<LOG><![CDATA[<img src='icon_smile.gif'>&nbsp;2010-03-07 by Hardcore-UH<br><br />Schön und schnell gefunden TFTC gruß Fips<br />]]></LOG>
<LOG><![CDATA[<img src='icon_smile.gif'>&nbsp;2010-01-02 by Erithacus Rubecula<br><br />Abgestaubt!<br>Heute waren wir mal wieder auf thüringischen Boden auf Tour. Bis auf das Final war alles keine Problem, aber auf Grund des Frostes mussten wir uns schon ein bisschen mehr anstrengen um uns ins Logbuch eintragen zu können. Gut gefunden. Danke fürs Verstecken.<br />]]></LOG>
<LOG><![CDATA[<img src='icon_smile.gif'>&nbsp;2009-12-28 by Eichsgenossen<br><br />Für heute der "Letzte" dieser Serie--- es wird schon dunkel und den Bonus-Besuch werde ich auf - Demnächst-verschieben.<br>HG und DFDC sagt Winfried/Eichsgenossen<br />]]></LOG>
<LOG><![CDATA[<img src='icon_smile.gif'>&nbsp;2009-12-27 by dop3<br><br />auf dem Heimweg von Erfurt haben wir endlich mal am Final angehalten und geloggt.. die Koordinaten waren schon seit November im GPS nur leider hatten wir nie richtig zeit. <p>TFTC sandra&dop3<br />]]></LOG>
<LOG><![CDATA[<img src='icon_smile.gif'>&nbsp;2009-12-04 by caspar79<br><br />Heute Abend im Dunkeln um die Anlage herrum geschlichen und ihn dann tatsächlich gefunden! <p><img src='http://www.geocaching.com/images/icons/icon_smile_big.gif' border=0 align=middle> Das war jetzt der 250ste Cache! <img src='http://www.geocaching.com/images/icons/icon_smile_big.gif' border=0 align=middle><p>Und auf zum Bonus....<p>TFTC<br>caspar79<br />]]></LOG>
<LOG><![CDATA[<img src='icon_smile.gif'>&nbsp;2009-11-26 by heilaender123<br><br />Hallo Hoffi<br>Danke für den schönen Cache heute auf dem Weg nach Seebach mal ( schnell ) mitgenommen .<p>   der    "   heilaender123   "<br />]]></LOG>
<LOG><![CDATA[<img src='icon_smile.gif'>&nbsp;2009-11-22 by Kruemel68<br><br />Heute war nun Feldbahn "fahren" angesagt. <br>Und hier gings los. Wir können uns noch gut an Bahn erinnern, man musste auf der 249 immer mit ihrem "Aufkreuzen"rechnen.<br>Aber damals saßen wir meistens im Auto noch hinten :-)<p>Danke für diesn Multi,<p>Christel & Stefan<br />]]></LOG>
<LOG><![CDATA[<img src='icon_smile.gif'>&nbsp;2009-11-21 by biba1981<br><br />auf dem heimweg von seebach fix mitgenommen<br />]]></LOG>
<LOG><![CDATA[<img src='icon_smile.gif'>&nbsp;2009-11-15 by Traumpaar1<br><br />alles gut gefunden, eine wirklich schöne idee. da sieht man das du viel zeit für dein hobby investierst.<br />]]></LOG>
<LOG><![CDATA[<img src='icon_smile.gif'>&nbsp;2009-11-10 by malipa<br><br />Es ist schon eine Weile her, dass ich zusammen mit Rumpel diesen Cache besucht habe. Aber irgendwie habe ich immer vergessen, zu loggen. Dank Rumpel jedoch nicht ganz, so dass ich die Altlasten aus dem Jahre 2009 nun noch schnell erledigen möchte. Schnelle Runde, danke für den Cache.<br>Li vom Team Malipa<br>10.11.09<br />]]></LOG>
<LOG><![CDATA[<img src='icon_smile.gif'>&nbsp;2009-11-10 by Rumpel&amp;Schw&#228;rzchen<br><br />Zusammen mit Li (vom Team malipa) diesen Cache schnell gefunden. Leider vergessen, die Start-Koordinaten vom Bonus aufzuschreiben. Aber vielleicht ist der Owner ja so nett und mailt sie uns noch zu?<p>-no trade-<p>TFTC sagt der Rumpel (vom R&S Team).<p># 769 / 10.11.2009 14:55<br />]]></LOG>
<LOG><![CDATA[<img src='icon_smile.gif'>&nbsp;2009-10-31 by Reedy90<br><br />Schnell gefunden! <p>TFTC<br />]]></LOG>
<LOG><![CDATA[<img src='icon_smile.gif'>&nbsp;2009-10-30 by uhri<br><br />Heute mal Lust auf Feldbahn gehabt.<br>Dose gut gefunden.<br>TFTC Uhri<br><br />]]></LOG>
<LOG><![CDATA[<img src='icon_smile.gif'>&nbsp;2009-10-10 by pixie07<br><br />Mit Fianna, dem Team Fribu70 & Schnuba77 und den Feldbahnern ging es heute bei meist regnerischem Wetter zum "Haus am See"-Event.<br>Die Feldbahn-Caches bringen die lokale Vergangenheit wieder in Erinnerung - ich mag sowas sehr!<br>Diesen schönen kleinen Multi haben wir doch etwas unkoordiniert absolviert, nämlich per Auto, und zwischendurch wegen mangelnder Vorbereitung herumgestanden und schon überlegt, was wir als nächstes machen ... Da musste ich bald Kleidungstechnisch aufrüsten, ohne Bewegung kam ich fast ins Frösteln.<br>Die Dose selbst war in ihrem schönen Versteck schnell entdeckt.<br>Vielen Dank,<br>pixie07<br />]]></LOG>
<LOG><![CDATA[<img src='icon_smile.gif'>&nbsp;2009-10-10 by Team Fribu70 &amp; Schnuba77<br><br /><b><font> <font face="comic sans ms">Heute ging es auf die "<font color="red">The</font> <font color="yellow">Summer</font> <font color="purple">was</font> <font color="orange">magic</font>"-Tour 2009 in Richtung Mühlhausen, um vor Hoffis Event noch ein paar Dosen zu suchen.<br>Dabei waren Fianna, Pixie07, die Feldbahner und wir.</b><p>Auch wenn das Wetter heute nicht so recht mitspielen wollte, konnte dieser kleine Multi sich auch nicht lange vor uns verbergen, da wir ja wissen, dass die Owner sehr tierlieb<img src='http://www.geocaching.com/images/icons/icon_smile_big.gif' border=0 align=middle> sind!<p>Vielen Dank für den Cache und liebe Grüße an die Owner!!<p><b><font><br>T<font color="blue">e</font><font color="red">a</font><font color="purple">m</font> <font color="pink">F</font><font color="orange">r</font><font color="yellow">i</font><font color="green">b</font><font color="black">u</font><font color="blue">7</font><font color="red">0</font> <font color="purple">&</font> <font color="pink">S</font><font color="orange">c</font><font color="yellow">h</font><font color="green">n</font><font color="black">u</font><font color="blue">b</font><font color="red">a</font><font color="purple">7</font><font color="orange">7</font><br>Found it with Cachebox<br />]]></LOG>
<LOG><![CDATA[<img src='icon_smile.gif'>&nbsp;2009-09-27 by Theria3<br><br /><img src='http://www.geocaching.com/images/icons/icon_smile_wink.gif' border=0 align=middle>Heute mit diainsel.de die Serie vollendet.<br>Danke,Grüße Theria 3<br />]]></LOG>
<LOG><![CDATA[<img src='icon_smile.gif'>&nbsp;2009-09-27 by diainsel.de<br><br />Station eins schnell gefunden, dann erstmal falsch gelaufen. <br>TFTC, Gruß<br>Eberhard<br />]]></LOG>
<LOG><![CDATA[<img src='icon_smile.gif'>&nbsp;2009-09-22 by FTT<br><br />Der letzte der heutigen Radtour.Alle daten für den Bonus zusammen, aber der muss noch warten.Insgesamt ist "die Seebacher Feldbahn" ein schöne Runde.Hat mir gut gefallen.<br>TFTC<br />]]></LOG>
<LOG><![CDATA[<img src='icon_smile.gif'>&nbsp;2009-09-20 by GeoSittiche<br><br />Diese Runde scheint zur Werberunde von Pfleiderer zu avancieren.Gut,dass wir mit den  Mountainbikes unterwegs waren.Cache bei trockener Witterung gut gefunden.<br>TFTC<br>die GeoSittiche <br />]]></LOG>
<LOG><![CDATA[<img src='icon_smile.gif'>&nbsp;2009-09-20 by Traveler77<br><br />Im Team mit Hor_Andy auf Sonntagsrunde die neue Serie angegangen und am Final mit dem "Döslein" belohnt worden. Da werden alte Erinnerungen wach. Auf dem Weg nach Großengottern gehörte die Bahn einfach dazu. Danke fürs zeigen <img src='http://www.geocaching.com/images/icons/icon_smile_wink.gif' border=0 align=middle> TFTC<br />]]></LOG>
<LOG><![CDATA[<img src='icon_smile.gif'>&nbsp;2009-09-20 by Hor_andy<br><br /><br>Zusammen mit dem Traveler die eigentlich für Samstag geplante Runde dann auf den Sonntag vormittag verschoben und erledigt.<br>Nachdem wir erst verbotenerweise über den Feldweg gefahren waren, entdeckten wir schnell den Hint und der Weg zum Final war frei. Dort angekommen sah ich die Dose vor lauter Ästen (im Gesicht) nicht,dafür aber der Traveler.<br>Schönes Versteck, allerdings hat die Mechanik noch kleine Mängel.<br>TFTC<p>noch 3<br><br />]]></LOG>
<LOG><![CDATA[<img src='icon_smile.gif'>&nbsp;2009-09-19 by Bara68<br><br />Ich versuchte hier den direkten Weg zum Cache zu laufen - leider waren die letzten Meter Fußgänger untauglich. Dafür konnte ich mir aber die jetzige Ziegelfabrik mal anschauen. Bara68 <br />]]></LOG>
<LOG><![CDATA[<img src='icon_smile.gif'>&nbsp;2009-09-19 by FroehlicheRadlerin<br><br />Nochmal das gleiche Spiel, aber trotzdem gut gefunden. Hier mussten wir nur auf Muggels achten, die gegenüber zum Grillabend aufrüsteten. Ging aber alles gut, vielen Dank!<br />]]></LOG>
<LOG><![CDATA[<img src='icon_smile.gif'>&nbsp;2009-09-18 by David+Chrissi<br><br />Am Nachmittag, auf dem nach Hauseweg, ganz schnell gefunden.<br>TFTC<br>Liebe Grüße senden<br>David+Chrissi<br />]]></LOG>
<LOG><![CDATA[<img src='icon_maint.gif'>&nbsp;2009-09-18 by Hoffi1986<br><br />Habe heute mal Kontrolle gemacht und habe festgestellt, dass die Box einfach aufging. Hier wäre es besser nicht direkt nach dem Regen zu suchen...<br />]]></LOG>
<LOG><![CDATA[<img src='icon_smile.gif'>&nbsp;2009-09-17 by AT-AT<br><br />War gar nicht so leicht, ans Final zu gelangen. Es lässt sich aber jetzt wieder halbwegs öffnen. Schön gemacht.<br>TFTC<br />]]></LOG>
<LOG><![CDATA[<img src='icon_greenlight.gif'>&nbsp;2009-09-15 by Don Rocbeer<br><br />Published<br />]]></LOG>
<LOG><![CDATA[<img src='icon_smile.gif'>&nbsp;2009-09-15 by Mueckenfett<br><br />Im Netz entdeckt, da regnetete es noch draußen wie aus Kübeln.<br>Also auf den Nachmittag verschoben.<br>Gegen 14 Uhr dann alles trocken und die erste Box wurde erfogreich gehoben.<br>Die Box ging nur sehr schwer auf.<br>Tom <br />]]></LOG>
<LOG><![CDATA[<img src='icon_smile.gif'>&nbsp;2009-09-15 by Gollum &amp; Galadriel<br><br />Gleich nach der Arbeit losgesockt um die neue Serie anzugehen. Hier hatte ich noch Hoffnung auf den FTF, bis mir die rote Schrift ins Auge stach.<br>Der Startpunkt war schnell ausgemacht, am Final hat es dann doch etwas gedauert.<br>TFTC<br />]]></LOG>
</LOGS>
<NOTES><![CDATA[]]></NOTES>
<IMAGES>
    <IMG>gc1yh5a_0.jpg<URL>http://img.geocaching.com/cache/7e8ac17d-07ba-4543-8df6-ccd068840b21.jpg</URL></IMG>
    <IMG>gc1yh5a_1.jpg<URL>http://img.geocaching.com/cache/c7d8063e-9e5b-4d89-ab88-679e7b136226.jpg</URL></IMG>
    <IMG>gc1yh5a_2.jpg<URL>http://img.geocaching.com/cache/c5b3e97f-792b-454a-b272-539b37541e64.jpg</URL></IMG>
    <IMG>gc1yh5a_3.gif<URL>http://www.geocaching.com/images/icons/icon_smile_wink.gif</URL></IMG>
    <IMG>gc1yh5a_4.gif<URL>http://www.opencaching.de/images/dull_entwurf_sun_klein.gif</URL></IMG>
    <IMG>GC1YH5A_0.jpg<URL>http://img.geocaching.com/cache/7e8ac17d-07ba-4543-8df6-ccd068840b21.jpg</URL></IMG>
    <IMG>GC1YH5A_1.jpg<URL>http://img.geocaching.com/cache/c7d8063e-9e5b-4d89-ab88-679e7b136226.jpg</URL></IMG>
    <IMG>GC1YH5A_2.jpg<URL>http://img.geocaching.com/cache/c5b3e97f-792b-454a-b272-539b37541e64.jpg</URL></IMG>
    <IMGTEXT>GC1YH5A_0</IMGTEXT>
    <IMGTEXT>GC1YH5A_1</IMGTEXT>
    <IMGTEXT>GC1YH5A_2</IMGTEXT>
    <IMGTEXT>GC1YH5A_3</IMGTEXT>
    <IMGTEXT>GC1YH5A_4</IMGTEXT>
    <IMGTEXT>Blick auf den Seebacher Bahnhof</IMGTEXT>
    <IMGTEXT>Szene mit Lok</IMGTEXT>
    <IMGTEXT>Ziegelei H&#246;ngeda</IMGTEXT>
</IMAGES>
<TRAVELBUGS>
</TRAVELBUGS>
<URL><![CDATA[]]></URL>
<SOLVER><![CDATA[]]></SOLVER>
    <CACHE  name = "Die Seebacher Feldbahn - Tongrube H&#246;ngeda" owner = "Hoffi1986" lat = "51,178433333333" lon = "10,502" hidden = "2009-09-11" wayp = "GC1YH5A" status = "" ocCacheID = "" lastSyncOC = "20100419225704" num_recommended = "0" num_found = "-1" attributesYes = "4827550056450" attributesNo = "2233382993920" boolFields="1922" byteFields="50534676" attributesYes1 = "0" attributesNo1 = "0" />
</CACHEDETAILS>
