<?xml version="1.0" encoding="ISO-8859-1"?>
<CACHEDETAILS>
<VERSION value = "3"/>
<DETAILS><![CDATA[<p style="color: rgb(255, 16, 16);" align="center"><br />
<font face="georgia,times new roman,times,serif" size=
"4"><strong>Die Seebacher Feldbahn - Unterführung der<br />
Bahnstrecke</strong></font></p>
<p><img src=
"http://img.geocaching.com/cache/a65d6623-1b27-4748-bb12-123d7a49d6b4.jpg"
align="baseline" /></p>

<br><p>Hier war einst die Unterführung unter der aktiven Bahnstrecke.
Hier machte die Felbahn einen kleinen Knick und führte hinauf auf
die F247 (heute B247), wo die Strecke sich in Richtung Seebacher
Bahnhof und Ziegelei Höngeda teilt.</p>
<p align="center"> <img src=
"http://img.geocaching.com/cache/ad8c2f31-88e1-45d8-a934-df931783d38c.jpg"
align="baseline" /></p>
<p>Hier, am Felchtaer Bach, unterfuhr die Feldbahn die aktive
Reichsbahnstrecke. Die Brücke ist heute immernoch von den Zügen
befahren, doch leider gibt es die Feldbahnbrücke nicht mehr. Im
Zuge des Neubaus der Wienerberger-Ziegelei musste die
Feldbahnbrücke einer Autobrücke weichen.</p>
<div align="center"><img src=
"http://img.geocaching.com/cache/dea4ab30-9769-47ad-83af-38412ec26c01.jpg"
align="baseline" /></div>
<p> </p>
<p>Weiter bergauf überquerte die Bahnstrecke die dürftig gesicherte
F247 (heute B247). Mit leichtem Gefälle ging es herunter zur
Unstrut, wo die Strecke einen großen Bogen machte. Die Feldbahn
überfuhr eine massive Stahlbrücke (hier liegt auch noch ein
<a href="http://www.geocaching.com/seek/cache_details.aspx?wp=GCX1JM">
Cache</a>) und verlief am Deisegraben entlang bis zur Grube.</p>
<p><strong>Um den Cache zu finden muss die Brücke mit dem heute
noch befahrenen Gleis <em>NICHT</em> betreten werden! Sucht den
Cache am Boden.</strong></p>
<p>Hier erhaltet ihr die Gradzahl zum Peilen für den Bonuscache.
<img src=
"http://www.geocaching.com/images/icons/icon_smile_wink.gif" align=
"middle" border="0" /></p>
<b>Dieser Cache ist auch bei</b> <a href=
"http://www.opencaching.de/viewcache.php?wp=OC92AD" target=
"_blank"><img style=
"BORDER-TOP-WIDTH: 0px; BORDER-LEFT-WIDTH: 0px; BORDER-BOTTOM-WIDTH: 0px; BORDER-RIGHT-WIDTH: 0px"
alt="oc-Logo" src=
"http://www.opencaching.de/images/dull_entwurf_sun_klein.gif"
width="80" /></a> <b>logbar.</b><br />]]></DETAILS>
<COUNTRY><![CDATA[Germany]]></COUNTRY>
<STATE><![CDATA[Thüringen]]></STATE>
<ATTRIBUTES>
   <ATT>wheelchair-no.gif</ATT>
   <ATT>stroller-yes.gif</ATT>
   <ATT>stealth-yes.gif</ATT>
   <ATT>available-yes.gif</ATT>
   <ATT>wading-yes.gif</ATT>
   <ATT>bicycles-yes.gif</ATT>
   <ATT>onehour-yes.gif</ATT>
   <ATT>kids-yes.gif</ATT>
   <ATT>parking-yes.gif</ATT>
   <ATT>dogs-yes.gif</ATT>
</ATTRIBUTES>
<HINTS><![CDATA[hagre rvarz tebßra Fgrva<br>TP zvg Rqqvat natrfpuevrora]]></HINTS>
<LOGS>
<OWNLOGID></OWNLOGID>
<OWNLOG><![CDATA[]]></OWNLOG>
<LOG><![CDATA[<img src='icon_smile.gif'>&nbsp;2010-04-04 by Sonnen-Cacher<br><br />Ich war Heute mit ep24 noch mal hier und habe nachgelogt<p>TFTC<br />]]></LOG>
<LOG><![CDATA[<img src='icon_smile.gif'>&nbsp;2010-04-03 by ep24<br><br />Schneller Fund<p>TFTC<br />]]></LOG>
<LOG><![CDATA[<img src='icon_smile.gif'>&nbsp;2010-03-28 by gloomy<br><br />Kleiner Zwischenstopp zum nächsten Cache. VG und Danke, gloomy!<br />]]></LOG>
<LOG><![CDATA[<img src='icon_smile.gif'>&nbsp;2010-03-20 by TcG71<br><br />(13:09:26/fwgb) Heute bei eine kurzen Samstagsrunde schnell gefunden ! TFTC :-) <p>TcG71 & GeoBienchen<br />]]></LOG>
<LOG><![CDATA[<img src='icon_smile.gif'>&nbsp;2010-03-11 by geofutz<br><br />Schöne Geschichte aus längst vergangenen Tagen.<br>Der Möglichkeiten gab es hier viele, aber doch schnell entdeckt.<br><font face="comic sans ms"> <font color="blue">Danke für <b><font color="red"># 1516 </font><br><font><font color="green"> Gruß an den Owner aus dem Eichsfeld in Thüringen und</font> <i> <font color="blue"> <img src='http://www.geocaching.com/images/icons/icon_smile_wink.gif' border=0 align=middle> BYE Geofutz <img src='http://www.geocaching.com/images/icons/icon_smile_wink.gif' border=0 align=middle></i></b><br><br />]]></LOG>
<LOG><![CDATA[<img src='icon_smile.gif'>&nbsp;2010-02-04 by mara.de<br><br />Vor dem Feldbahnzug in den Bach gehechtet und im Flug geloggt.<p>Tolle Serie, komme bestimmt wieder.<p>Danke für den GC.<br>#1482#<br />]]></LOG>
<LOG><![CDATA[<img src='icon_smile.gif'>&nbsp;2010-01-22 by suchebeate1<br><br />Schnell gefunden.<br>Dankeschön.<br />]]></LOG>
<LOG><![CDATA[<img src='icon_smile.gif'>&nbsp;2009-12-28 by Eichsgenossen<br><br />Auch der -Zweite-dieser Serie war dank Texthinweis,schnell aufgespürt<br>HG und DFDC sagt Winfried/Eichsgenossen<br />]]></LOG>
<LOG><![CDATA[<img src='icon_smile.gif'>&nbsp;2009-12-05 by Team Fire &amp; Ice<br><br />Gemeinsam mit Hondje Amanda ging es heute Richtung Mühlhausen.<br>Der Kleine lag genau auf dem Weg.<p>Vielen Dank und Grüße<p>Team Fire & Ice<br>Heiko<br />]]></LOG>
<LOG><![CDATA[<img src='icon_smile.gif'>&nbsp;2009-12-05 by Hondje Amanda<br><br />Mit meinem Herrchen war ich heute unterwegs zu Onkel Tom.<br>Auf dem Weg dorthin waren wir noch etwas cachen. <img src='http://www.geocaching.com/images/icons/icon_smile_big.gif' border=0 align=middle><p>Vielen Dank und Grüße vom<p>Hondje Amanda<br />]]></LOG>
<LOG><![CDATA[<img src='icon_smile.gif'>&nbsp;2009-12-03 by caspar79<br><br />Heute als letzten Cache auf schöner abendlicher Runde, von Altengottern aus, gefunden.<p>TFTC<br>caspar79<br />]]></LOG>
<LOG><![CDATA[<img src='icon_smile.gif'>&nbsp;2009-11-22 by heilaender123<br><br />Extra mal das Moped gezündet um den Cache zu bergen .<p>Danke sagt der heilaender123  <img src='http://www.geocaching.com/images/icons/icon_smile_big.gif' border=0 align=middle><br />]]></LOG>
<LOG><![CDATA[<img src='icon_smile.gif'>&nbsp;2009-11-22 by Kruemel68<br><br />Auch an diesem Haltepunkt hielt unsere Feldbahn. Obwohl das Singal "GC" nur noch sehr schwach  zu erkennen war, wurden wir bei dem kurzen Aufenthalt fündig.<p>Viele Grüße<p>Christel & Stefan<br />]]></LOG>
<LOG><![CDATA[<img src='icon_smile.gif'>&nbsp;2009-11-21 by biba1981<br><br />so aber heute hat es geklappt nachdem es das letzte mal vor lauter arbeiter überfüllt war lol<br />]]></LOG>
<LOG><![CDATA[<img src='icon_smile.gif'>&nbsp;2009-11-15 by Traumpaar1<br><br />hier kennen wir uns ja gut aus, habe früher an dieser stelle oft gespielt und deshalb schnell gefunden.<br>wir haben gesehen das du die logbücher vertauscht hast, d.h. hier liegt das von der bollstedter tongrube und dort halt das andere.<br />]]></LOG>
<LOG><![CDATA[<img src='icon_smile.gif'>&nbsp;2009-10-31 by Reedy90<br><br />Schnell gefunden!<p>TFTC <br />]]></LOG>
<LOG><![CDATA[<img src='icon_smile.gif'>&nbsp;2009-10-30 by uhri<br><br />Heute mal Lust auf Feldbahn gehabt.<br>Nach kurzem suchen die Dose gefunden.<br>TFTC Uhri<br />]]></LOG>
<LOG><![CDATA[<img src='icon_smile.gif'>&nbsp;2009-10-28 by mnieft<br><br />Ganz schön Verkehr dort (Baustellen LKW's), trotzdem nicht beirren lassen und den Cache gehoben.<p>TFTC<br><br />]]></LOG>
<LOG><![CDATA[<img src='icon_smile.gif'>&nbsp;2009-10-10 by pixie07<br><br />Mit Fianna, dem Team Fribu70 & Schnuba77 und den Feldbahnern ging es heute bei meist regnerischem Wetter zum "Haus am See"-Event.<br>Die Feldbahn-Caches bringen die lokale Vergangenheit wieder in Erinnerung - ich mag sowas sehr!<br>Hier ist wirklich nichts mehr von der alten Bahnstrecke zu entdecken.<br>Vom Hint hat uns nur die eine Hälfte geholfen, aber die Dose haben wir trotzdem nach kurzer Suche in ihrem Versteck gefunden.<br>Vielen Dank,<br>pixie07<br />]]></LOG>
<LOG><![CDATA[<img src='icon_smile.gif'>&nbsp;2009-10-10 by Team Fribu70 &amp; Schnuba77<br><br /><b><font> <font face="comic sans ms">Heute ging es auf die "<font color="red">The</font> <font color="yellow">Summer</font> <font color="purple">was</font> <font color="orange">magic</font>"-Tour 2009 in Richtung Mühlhausen, um vor Hoffis Event noch ein paar Dosen zu suchen.<br>Dabei waren Fianna, Pixie07, die Feldbahner und wir.</b><p>Die Markierung haben wir zwar nicht gefunden, aber mal unbescheiden gefragt: "Wer hat´s gefunden?"<img src='http://www.geocaching.com/images/icons/icon_smile_big.gif' border=0 align=middle> Das war wieder ein toller Ort, aber jetzt ist es dann doch an der Zeit gewesen, mal das Event von Hoffi aufzusuchen.<p>Vielen Dank für den Cache und liebe Grüße an die Owner !<p><b><font><br>T<font color="blue">e</font><font color="red">a</font><font color="purple">m</font> <font color="pink">F</font><font color="orange">r</font><font color="yellow">i</font><font color="green">b</font><font color="black">u</font><font color="blue">7</font><font color="red">0</font> <font color="purple">&</font> <font color="pink">S</font><font color="orange">c</font><font color="yellow">h</font><font color="green">n</font><font color="black">u</font><font color="blue">b</font><font color="red">a</font><font color="purple">7</font><font color="orange">7</font><br>Found it with Cachebox<p></b><br />]]></LOG>
<LOG><![CDATA[<img src='icon_smile.gif'>&nbsp;2009-10-10 by stechi-lsz<br><br />Auf dem Weg zum UH-Stammtisch im Haus am See (Event Cache) schnell noch mitgenommen. Auch ohne die (fehlende?) GC-Markierung beim Versteckspiel erwischt!<br />]]></LOG>
<LOG><![CDATA[<img src='icon_smile.gif'>&nbsp;2009-09-25 by Theria3<br><br /><img src='http://www.geocaching.com/images/icons/icon_smile.gif' border=0 align=middle>Heute noch den Ersten der Feldbahnserie angegangen.<br>Danke, viele liebe Grüße an unseren super Ferrari Piloten.<br>Theria3<br />]]></LOG>
<LOG><![CDATA[<img src='icon_smile.gif'>&nbsp;2009-09-25 by diainsel.de<br><br />Den Ersten von der Feldbahnserie heute in Angriff genommen, TFTC,<br>Gruß<br>diainsel.de<br>In: 2 x Coin<br />]]></LOG>
<LOG><![CDATA[<img src='icon_smile.gif'>&nbsp;2009-09-22 by FTT<br><br />Der 2. der heutigen Radtour.Erstmal ein wenig falsch geschaut aber dann doch schnell gefunden.<br>TFTC<br />]]></LOG>
<LOG><![CDATA[<img src='icon_smile.gif'>&nbsp;2009-09-20 by Hardcore-UH<br><br />auf unserer Tour nach Mühlhausen gefunden und gelogt<br />]]></LOG>
<LOG><![CDATA[<img src='icon_smile.gif'>&nbsp;2009-09-20 by monalisa812<br><br />schnell gefunden, danke <br />]]></LOG>
<LOG><![CDATA[<img src='icon_smile.gif'>&nbsp;2009-09-20 by GeoSittiche<br><br />Cache gefunden auch ohne GC-Hint.Haben die Dose etwas getarnt,sie war ziemlich offensichtlich.Ich erinnere mich noch an dunkel an die Feldbahn - lang ist es her.<br>TFTC<br>die GeoSittiche<br />]]></LOG>
<LOG><![CDATA[<img src='icon_smile.gif'>&nbsp;2009-09-20 by R&#252;ben<br><br />schnell gefunden<br />]]></LOG>
<LOG><![CDATA[<img src='icon_smile.gif'>&nbsp;2009-09-20 by Super-Sp&#252;r-Nasen<br><br />Gefunden, gefunden! <br />]]></LOG>
<LOG><![CDATA[<img src='icon_smile.gif'>&nbsp;2009-09-20 by SLUBIK-BRANDSCHUTZ<br><br />Wieder etwas Interressantes über die nähere Region erfahren! Als Kind habe ich die Feldbahn noch live erlebt.<br />]]></LOG>
<LOG><![CDATA[<img src='icon_smile.gif'>&nbsp;2009-09-20 by Traveler77<br><br />Im Team mit Hor_Andy auf Sonntagsrunde die neue Serie angegangen und am Final mit dem "Döslein" belohnt worden. Danke fürs zeigen <img src='http://www.geocaching.com/images/icons/icon_smile_wink.gif' border=0 align=middle> TFTC<br />]]></LOG>
<LOG><![CDATA[<img src='icon_smile.gif'>&nbsp;2009-09-20 by Hor_andy<br><br /><br>Zusammen mit dem Traveler die eigentlich für Samstag geplante Runde dann auf den Sonntag vormittag verschoben und erledigt.<br>Wie kommt es eigentlich, das immer wieder Cache freigeschaltet werden, die offensichtlich nicht den geforderten Abstand zu Bahnlinien einhalten???<br>Das Versteck war schnell entdeckt und weiter gings.<br>TFTC<p>noch 2<br><br />]]></LOG>
<LOG><![CDATA[<img src='icon_smile.gif'>&nbsp;2009-09-19 by Bara68<br><br />Nachdem wir uns alle Gegenstände vor Ort angeschaut hatten, konnten wir den Cache dann doch finden. Man hat halt eben nicht immer das Glück die richtige Stelle sofort zu finden. Danke fürs Zeigen. Bara68<br />]]></LOG>
<LOG><![CDATA[<img src='icon_smile.gif'>&nbsp;2009-09-19 by FroehlicheRadlerin<br><br />Wenn ich die Anweisungen gründlich genug gelesen hätte, dann hätten wir an dieser Stelle nicht so lange suchen müssen. So wurde es die anstrengendste Suche der ganzen Serie, naja, was soll's?!  <img src='http://www.geocaching.com/images/icons/icon_smile_wink.gif' border=0 align=middle>  Danke fürs Herführen!<br />]]></LOG>
<LOG><![CDATA[<img src='icon_smile.gif'>&nbsp;2009-09-19 by dop3<br><br />Nach kurzem suchen die kleine Box gefunden. ein gemütliches Plätzchen ist das da.<br>mfg dop3&sandra<br />]]></LOG>
<LOG><![CDATA[<img src='icon_smile.gif'>&nbsp;2009-09-17 by AT-AT<br><br />Hier müsste ich nicht lange suchen.<br>TFTC<br />]]></LOG>
<LOG><![CDATA[<img src='icon_smile.gif'>&nbsp;2009-09-17 by David+Chrissi<br><br />Der war schnell gefunden!!<br>Toll gemacht.<br>TFTC<br>David+Chrissi<br />]]></LOG>
<LOG><![CDATA[<img src='icon_smile.gif'>&nbsp;2009-09-16 by Chris601<br><br />Bei mir reichte es grade noch für Bronze. Im Netz entdeckt und auf dem Heimweg gleich vorbeigeguckt. Aber da stand schon was Rotes und was Grünes im Logbuch :-)<p>#507<br />]]></LOG>
<LOG><![CDATA[<img src='icon_greenlight.gif'>&nbsp;2009-09-15 by Don Rocbeer<br><br />Published<br />]]></LOG>
<LOG><![CDATA[<img src='icon_smile.gif'>&nbsp;2009-09-15 by Mueckenfett<br><br />Im Netz entdeckt, da regnetete es noch draußen wie aus Kübeln.<br>Also auf den Nachmittag verschoben.<br>Nach der Tongrube Bollstedt wurde ich auch hier schnell fündig.<br>Tom <br />]]></LOG>
<LOG><![CDATA[<img src='icon_smile.gif'>&nbsp;2009-09-15 by Gollum &amp; Galadriel<br><br />Hier hab ich mir bald nen Wolf gesucht. Die Dose hab ich dann eher gefunden, als den Hint <img src='http://www.geocaching.com/images/icons/icon_smile_big.gif' border=0 align=middle><br>Das Mueckenfett auch hier schneller war, brauch ich ja sicher nicht zu erwähnen.<br>TFTC<br />]]></LOG>
</LOGS>
<NOTES><![CDATA[]]></NOTES>
<IMAGES>
    <IMG>gc1yh5e_0.jpg<URL>http://img.geocaching.com/cache/a65d6623-1b27-4748-bb12-123d7a49d6b4.jpg</URL></IMG>
    <IMG>gc1yh5e_1.jpg<URL>http://img.geocaching.com/cache/ad8c2f31-88e1-45d8-a934-df931783d38c.jpg</URL></IMG>
    <IMG>gc1yh5e_2.jpg<URL>http://img.geocaching.com/cache/dea4ab30-9769-47ad-83af-38412ec26c01.jpg</URL></IMG>
    <IMG>gc1yh5e_3.gif<URL>http://www.geocaching.com/images/icons/icon_smile_wink.gif</URL></IMG>
    <IMG>gc1yh5e_4.gif<URL>http://www.opencaching.de/images/dull_entwurf_sun_klein.gif</URL></IMG>
    <IMG>GC1YH5E_2.jpg<URL>http://img.geocaching.com/cache/dea4ab30-9769-47ad-83af-38412ec26c01.jpg</URL></IMG>
    <IMG>GC1YH5E_0.jpg<URL>http://img.geocaching.com/cache/a65d6623-1b27-4748-bb12-123d7a49d6b4.jpg</URL></IMG>
    <IMG>GC1YH5E_1.jpg<URL>http://img.geocaching.com/cache/ad8c2f31-88e1-45d8-a934-df931783d38c.jpg</URL></IMG>
    <IMGTEXT>GC1YH5E_0</IMGTEXT>
    <IMGTEXT>GC1YH5E_1</IMGTEXT>
    <IMGTEXT>GC1YH5E_2</IMGTEXT>
    <IMGTEXT>GC1YH5E_3</IMGTEXT>
    <IMGTEXT>GC1YH5E_4</IMGTEXT>
    <IMGTEXT>Bitte l&#228;cheln!</IMGTEXT>
    <IMGTEXT>Felchtaer Bach</IMGTEXT>
    <IMGTEXT>Von der Tongrube kommend</IMGTEXT>
</IMAGES>
<TRAVELBUGS>
</TRAVELBUGS>
<URL><![CDATA[]]></URL>
<SOLVER><![CDATA[]]></SOLVER>
    <CACHE  name = "Die Seebacher Feldbahn - Bahnunterf&#252;hrung" owner = "Hoffi1986" lat = "51,182483333333" lon = "10,5171" hidden = "2009-09-14" wayp = "GC1YH5E" status = "" ocCacheID = "" lastSyncOC = "20100419230840" num_recommended = "0" num_found = "-1" attributesYes = "601301846019" attributesNo = "2199023255552" boolFields="1922" byteFields="50467855" attributesYes1 = "0" attributesNo1 = "0" />
</CACHEDETAILS>
