<?xml version="1.0" encoding="ISO-8859-1"?>
<CACHEDETAILS>
<VERSION value = "3"/>
<DETAILS><![CDATA[<br><b>Der Siebenmühlenbach</b> ist der Seebach, welcher unterhalb des
Ortes Seebach in die Unstrut mündet. An ihm sind neun Mühlen
auszumachen, sieben davon stehen in der ehemaligen Vogtey Dorla.
Westlich von Oberdorla liegen die Quellen des Melchiorbrunnens, des
großen und kleinen Kainsprung und 200 Meter nördlich dieser drei
Quellen die Dittelhainsquelle. Dieses Quellgebiet hat reichlich
Überläufer, welche dann den Siebenmühlenbach bilden. Auf wenigen
Kilometern seines Laufes trieb der fleißige Seebach sieben Mühlen,
wodurch sein Name entstand. Diese Mühlen tragen die Namen
Riedmühle, Zengsmühle, Probst- oder Kompstmühle, Markt- oder
Knüttelsmühle, Wiesenmühle, Grundmühle und Dorfmühle. Um den steten
Lauf des Wassers zu nutzen, wurde bei Tag und Nacht gearbeitet.
Somit waren die Müller neben den Nachtwächtern die ersten
Schichtarbeiter im Dorfe. Bei längerer Trockenheit ließ die Kraft
des Baches nach, die Mühlen standen still. Um dem Abhilfe zu
schaffen, ließen sich die Müller gemeinsam einen kleinen Stau
zwischen Melchiorbrunnen und Riedmühle bauen. Nun konnte jeder,
abwechselnd und stundenweise, mahlen.<br />
<br />
<b>Cache</b><br />
Dies ist der Bonus zur Serie "Der Siebenmühlenbach". Die Serie
besteht aus den sieben Mühlencaches GC1Z7YY, GC1Z7ZB, GC1Z7ZE,
GC1Z7ZY, GC1Z808, GC1Z80H, GC1Z80Y und dem Bonuscache
GC1Z81G.<br />
Wenn ihr die sieben Mühlen besucht und euch die Bonuszahlen notiert
habt, findet ihr ihn bei:<br />
<br />
<b>N51° (C-C)(D+F).(E+C)(G-C)(A-F)<br />
E010° (D-B)(A+C).(A-D)(G-B)(E+E)</b><br />
<br />
Kleiner Bonus auf der Umschlagseite.]]></DETAILS>
<COUNTRY><![CDATA[Germany]]></COUNTRY>
<STATE><![CDATA[Thüringen]]></STATE>
<ATTRIBUTES>
   <ATT>bicycles-yes.gif</ATT>
   <ATT>stroller-yes.gif</ATT>
   <ATT>kids-yes.gif</ATT>
   <ATT>dogs-yes.gif</ATT>
   <ATT>motorcycles-yes.gif</ATT>
</ATTRIBUTES>
<HINTS><![CDATA[Füqhsre, uvagre Fgrva]]></HINTS>
<LOGS>
<OWNLOGID></OWNLOGID>
<OWNLOG><![CDATA[]]></OWNLOG>
<LOG><![CDATA[<img src='icon_smile.gif'>&nbsp;2010-04-02 by thegorbi<br><br />Heute auf einer Radtour alle Mühlen des Siebenmühlenbachs besucht. Herrlicher Sonnenschein und eine schöne Runde ergaben zusammen einen riesigen Spaß.<br>Der Bonus erforderte viel Geduld, waren doch viele Menschen bei dem Wetter unterwegs.<p>In: TB<p>thegorbi sagt herzlichen Dank<br />]]></LOG>
<LOG><![CDATA[<img src='icon_smile.gif'>&nbsp;2010-03-28 by gloomy<br><br />Schöner Abschluss der kleinen Serie! Und der Mensch mit dem Federvieh nebenan glaubt wirklich, ich interessiere mich für diese Bauwerke :-) VG und Danke, gloomy!<br />]]></LOG>
<LOG><![CDATA[<img src='icon_smile.gif'>&nbsp;2010-03-28 by saheimast<br><br />Gemeinsam mit Fhuti und Satchmo gefunden und die Landschaft genossen bei strahlendem Sonnenschein.<br>TFTC<br />]]></LOG>
<LOG><![CDATA[<img src='icon_smile.gif'>&nbsp;2010-03-28 by Fhuti83<br><br />Nachdem alle Mühlen gefunden wurden, konnten wir uns den Bonus nicht entgehen lassen. Das Terrain gefiehl mir!:) Unterwegs mit satchmo77 und saheimast. TFTC<br />]]></LOG>
<LOG><![CDATA[<img src='icon_smile.gif'>&nbsp;2010-03-28 by Satchmo77<br><br />Auf einer ausgedehnten Tour durch das Mühlhausener Umland mit Fhuti83 und Saheimast auch diesen geloggt. TFTC<br />]]></LOG>
<LOG><![CDATA[<img src='icon_smile.gif'>&nbsp;2010-03-27 by hekebe18<br><br />Nach etwas längerer Suche doch gefunden.<br>Danke für die Cacheserie, wir haben viel Neues gelernt.<br>TFTC hekebe18<br />]]></LOG>
<LOG><![CDATA[<img src='icon_smile.gif'>&nbsp;2010-03-20 by rageracer<br><br />...am Bonus angekommen, musste ich leider feststellen, das morgens hier einige Muggel mit ihren Vierbeinern unterwegs sind.<br>Also nach der Arbeit nochmal her und siehe da, die Luft war rein. Nur die Gegend ums Final war sehr schlammig und der Weg<br>dorthin gestaltete sich dann doch noch ein wenig schwieriger als gedacht. Aber nach 1-2 Minuten hielt ich die Dose in den Händen.<p>Schöne Cacheserie, hat echt Spaß gemacht die kleine Schnitzeljagt.  	<img src='http://www.geocaching.com/images/icons/icon_smile_tongue.gif' border=0 align=middle><p>#109 --- 20.03.2010 --- 12.45 Uhr<p>TFTC<p>[This entry was edited by rageracer on Sunday, March 21, 2010 at 1:54:41 AM.]<br />]]></LOG>
<LOG><![CDATA[<img src='icon_smile.gif'>&nbsp;2010-01-24 by Jon&amp;Liz<br><br />#144<p>Der Abschluss der Mühlenserie.<p>Eigentlich fehlte uns noch die Zahl aus "Der Siebenmühlenbach #01".<p>Auch ohne diese Variable die Zielkoordinaten errechnet.<p>„Die Riedmühle“ wird bei unserem nächsten Besuch erledigt, VERSPROCHEN!!!!<p>Vielen Dank! Jon & Liz<br><br />]]></LOG>
<LOG><![CDATA[<img src='icon_smile.gif'>&nbsp;2009-12-29 by Schippi38<br><br />Nachdem die sieben Mühlencaches gefunden wurden, haben wir uns den<br>Bonus natürlich nicht entgehen lassen.<br>Danke für die schöne Serie!<p> Schippi38<br />]]></LOG>
<LOG><![CDATA[<img src='icon_smile.gif'>&nbsp;2009-12-29 by geofutz<br><br />Mit dem Hint war die Bonus-Dose zusammen mit Schippi38 dann schnell entdeckt.<br>Bei dem Wetter eine etwas rutschige Angelegenheit, aber ohne Probleme machbar.<br>Schöner Abschluß einer tollen Serie !!!<br><font color="green">Auch noch einmal besten Dank an den Owner für die nette Geste betreff Bonus und Zahlen.</font><br><font size="2"><font face="comic sans ms"> <font color="red"><b>Danke für # 1356</b></font><br><i><b><font color="blue">Euch einen guten Rutsch und alles Gute für das neue Jahr !<br>Gruß und <img src='http://www.geocaching.com/images/icons/icon_smile_wink.gif' border=0 align=middle> BYE Geofutz <img src='http://www.geocaching.com/images/icons/icon_smile_wink.gif' border=0 align=middle></i></b></font><br><br />]]></LOG>
<LOG><![CDATA[<img src='icon_smile.gif'>&nbsp;2009-12-27 by two rubsners<br><br /><br>Nach einer kleinen Hilfestellung (initiiert von Grottenolm) durch den Owner (zwecks des Nichtfundes von #3) konnte dieser Cache doch noch gefunden werden.<br>Eines großes Danke an den Owner. <br>Die Two rubsners<br />]]></LOG>
<LOG><![CDATA[<img src='icon_smile.gif'>&nbsp;2009-12-27 by Grottenolm87<br><br />Nach einer kleinen Hilfestellung durch den Owner (zwecks des nichtfundes von #3) konnte dieser Cache doch noch gefunden werden.<br>Eines großes danke an den Owner. <p>Der Grottenolm<br />]]></LOG>
<LOG><![CDATA[<img src='icon_smile.gif'>&nbsp;2009-12-12 by mediamarkt1990<br><br />Schnell und Super gefunden TFTC<br />]]></LOG>
<LOG><![CDATA[<img src='icon_smile.gif'>&nbsp;2009-12-12 by Hardcore-UH<br><br />schnell und gut gefunden<br>TFTC<br />]]></LOG>
<LOG><![CDATA[<img src='icon_smile.gif'>&nbsp;2009-12-06 by Kruemel68<br><br />Geschafft ! Nach kurzen Zweifeln und Orientierungsschwierigkeiten (wo ist denn nun hier in der Vogtei Süden ??? ) hatten wir das Objekt der Begierde.<br>Allen Ostern-Fans sei gesagt, man kann auch an Nikolaus hervorragend Suchen (und Finden).....<br>Danke für die lehrreiche und kurzweilige Serie, die wir wetterbedingt mit dem Automobil abgefahren haben.<p>Es grüßen<p>Christel & Stefan<br />]]></LOG>
<LOG><![CDATA[<img src='icon_smile.gif'>&nbsp;2009-11-22 by GeoSittiche<br><br />Den Bonus als Nachtcache angegangen,gut gefunden und etwas besser getarnt.<br>Danke dem Owner für die durchdachte Mühlenserie.<br>Noch einen TB hineingelegt. <br>TFTC<br>die GeoSittiche<br />]]></LOG>
<LOG><![CDATA[<img src='icon_smile.gif'>&nbsp;2009-11-14 by ISI69<br><br />TFTC - Heute auf Thüringen Tour mit Brabus74 gut gefunden und schnell geloggt<br>auch ohne # 02, den hatten wir in der Serie nicht gefunden<br />]]></LOG>
<LOG><![CDATA[<img src='icon_smile.gif'>&nbsp;2009-11-14 by Brabus74<br><br />TFTC - Heute auf Thüringen Tour mit ISI69 gut gefunden und gelogged. Brabus74<br />]]></LOG>
<LOG><![CDATA[<img src='icon_smile.gif'>&nbsp;2009-11-01 by dop3<br><br />Nach der gestrigen Mühlentour sind wir heute auf zum Bonus. Das Versteck war schnell ausgemacht nur der abstieg erwies sich etwas schwieriger wie erwartet. war alles einwenig rutschig :) Trotzdem ein schöner Abschluss der Serie.<p>TFTC dop3&sandra<br />]]></LOG>
<LOG><![CDATA[<img src='icon_smile.gif'>&nbsp;2009-11-01 by Bara68<br><br />Nachdem ich (bis auf einen) alle Cache der Serie gefunden hatte - wollte ich mir den Bonus nicht entgehen lassen. Auch hier waren wieder unzählige Muggels unterwegs. Der letzte Eintrag im Logbuch war aber falsch datiert. Ich vermute, dass heute noch jemand vor mir hier war. Eine sehr gelungene Serie - aufwendig gestaltet - in schöner Umgebung - mit witzigen Versteckideen. Note 1 geht dafür an den Owner. Vielen Dank an Gollumgandalf für diese schöne Cacheserie. Bara68<br />]]></LOG>
<LOG><![CDATA[<img src='icon_smile.gif'>&nbsp;2009-10-31 by DerkleineKallimunkel<br><br />...unterwegs mit den Kallimunkels...<br>Danke sagt DkK<br />]]></LOG>
<LOG><![CDATA[<img src='icon_smile.gif'>&nbsp;2009-10-31 by kallimunkel<br><br />Schöne, passende Location für den Bonus gefunden! Da wir nicht auf "direkter" Cache Tour waren, <br>außerdem verfroren nach Trabi-Kübel-Fahrt mußten wir hier im Dunklen (ohne TaLa)  etwas fingern, um die <br>Dose zu finden. Danke für die nette interessante Runde sagen die Kallimunkels und grüßen aus NDH<br />]]></LOG>
<LOG><![CDATA[<img src='icon_smile.gif'>&nbsp;2009-10-25 by Ullina<br><br />Dies war eine schöne Cacherunde zusammen mit Karolli, die bei ihren Logg schon alles geagt hat.<br>Danke an den Owner, so lernt man wenigstens seine Nachbardörfer etwas kennen.<br> 	<img src='http://www.geocaching.com/images/icons/icon_smile_big.gif' border=0 align=middle> Ullina<br />]]></LOG>
<LOG><![CDATA[<img src='icon_smile.gif'>&nbsp;2009-10-25 by Karolli<br><br />Zusammen mit Ullina die Mühlenserie besucht!<br>Den Bonus konnten wir trotz regem Muggel-Aufkommens loggen!<br>Die Runde hat sehr viel Spaß gemacht und es gab klare Aufgabenteilung: <br>Olli war der Fahrer, Ina die Fotografin, Ulli (der Älteste) war für die kleinen Klettereinlagen beim Bergen der Caches zuständig <img src='http://www.geocaching.com/images/icons/icon_smile_big.gif' border=0 align=middle> und ich war für die Navigation und für die Einträge in die Logbücher verantwortlich.<br>Und einen hat's ganz besonders viel Spaß gemacht: ARNI - so viel Wasser, bei schönem Wetter! Was will man als Hund mehr!<p>Viele Dank für die schöne Serie! <br />]]></LOG>
<LOG><![CDATA[<img src='icon_smile.gif'>&nbsp;2009-10-23 by Hor_andy<br><br /><br>Zusammen mit Traveler77 mal endlich Zeit gefunden die vielen neuen Caches anzugehen.<br>Mittlerweile war es dunkel, ausgerechnet nun wo uns endlich keine Muggel mehr beschäftigen.<br>Nette kleine Serie. <br>TFTC<br><br />]]></LOG>
<LOG><![CDATA[<img src='icon_smile.gif'>&nbsp;2009-10-23 by Traveler77<br><br />Die Zielkoordinate zum Abschluß dieser historische Serie war schnell errechnet, und das "Döslein" im Team mit Hor_Andy schnell gefunden. Danke für die schöne Serie an gollumgandalf. <img src='http://www.geocaching.com/images/icons/icon_smile_wink.gif' border=0 align=middle> TFTC<br />]]></LOG>
<LOG><![CDATA[<img src='icon_smile.gif'>&nbsp;2009-10-22 by Knuellfuchs<br><br />Gut und schnell auch diesen Bonus gefunden. Danke für die schöne Serie. Der Knüllfuchs.<br />]]></LOG>
<LOG><![CDATA[<img src='icon_smile.gif'>&nbsp;2009-10-22 by uhri<br><br />Die Mühlentour hat mir gut gefallen. <br>Hier und da ein alter Mühlstein. Viel ist vom Müllerhandwerk nicht mehr übrig geblieben.<br>Dose gut gefunden. <p>Danke fürs zeigen und verstecken.<p><br />]]></LOG>
<LOG><![CDATA[<img src='icon_smile.gif'>&nbsp;2009-10-10 by pixie07<br><br />Mit fianna, dem Team Fribu70 & Schnuba77 und den Feldbahnern ging es heute bei meist regnerischem Wetter zum "Haus am See"-Event.<br>Nachmittags ließ der Regen nach, da brachen wir und einige andere zu dieser interessanten Reihe auf, deren Listings vieles über Technik und Geschichte der Mühlen zu bieten haben - toll gemacht, sowas gefällt mir sehr!<br>Langsam wurde es dunkel, und die Suche hat trotz Rudel ein bisschen gedauert. Bei dem Wetter und in der Dämmerung waren wir aber völlig ungestört. Kaputtes Licht musste seine P7 zwar nicht herausholen, aber meine Varta wurde schon gebraucht, um die gut versteckte Dose zu bergen.<br>Vielen Dank für die schöne Reihe mit guten Verstecken,<br>pixie07<br />]]></LOG>
<LOG><![CDATA[<img src='icon_smile.gif'>&nbsp;2009-10-10 by Feldbahner<br><br />Während des Events haben wir zusammen mit anderen Cachern die Chance genutzt, um in der regenfreien Zeit diese schöne Serie zu suchen.<br>Mit uns auf der Suche waren Fianna, Pixie07, Team fire & ice, Eichsgenossen, Team Fribu70 & Schnuba77 und Kaputtes Licht.<br>Bei so einer geballten Menge an erfahrenen Cachern konnte gar nichts mehr schief gehen und so haben wir den Cache schnell gefunden!<br>Es wurde zwar schon langsam dunkel, aber wir waren ja gut ausgestattet, so dass Kaputtes Licht noch nicht mal seine P7 rausholen musste.<br>Jetzt aber wieder zurück zum Event, hoffentlich sind die Bratwürste schon fertig.<p>Vielen Dank für den schönen Cache und viele Grüße<br />]]></LOG>
<LOG><![CDATA[<img src='icon_smile.gif'>&nbsp;2009-10-10 by fianna<br><br />Auf der Fahrt zum Event ahnten Pixie und ich schon furchtbares. Den ganzen Tag Regen, denn wir fuhren vor dem Regen her.<br>In Seebach trafen wir auf das altbewährte "The Summer Is Magic!-TourTeam 2009 " (Team Fribu70 & Schnuba77,Pixie07, Hoffis und spät ThomasM80). Man ging mit etwas regnerischer Stimmung<br>an das Geocachetagwerk Die Regenpause beim Event „Haus am See“ wurde für einige Caches in der<br>Umgebung benutzt. Vielen Dank bis bald im Wald - fianna -<br><br />]]></LOG>
<LOG><![CDATA[<img src='icon_smile.gif'>&nbsp;2009-10-10 by Team Fire &amp; Ice<br><br />Gemeinsam mit Hondje Amanda waren wir heute hier beim Stammtisch.<p>Im großen Team ging es von dort aus zur Mühlenserie. Schöne Verstecke und interessante Microdosen erwarteten uns hier. <img src='http://www.geocaching.com/images/icons/icon_smile_big.gif' border=0 align=middle><br>Nachdem wir alle Caches erfüllt haben, ging es zum Bonus.<p>Vielen Dank und Grüße<p>Team Fire & Ice<br>Steffi und Heiko<br />]]></LOG>
<LOG><![CDATA[<img src='icon_smile.gif'>&nbsp;2009-10-10 by Hondje Amanda<br><br />Auf Eventtour hier gewesen, und zwischendurch noch diese Serie be- und gesucht. <br>TFTC<p>Hondje Amanda <img src='http://www.geocaching.com/images/icons/icon_smile_kisses.gif' border=0 align=middle><br />]]></LOG>
<LOG><![CDATA[<img src='icon_smile.gif'>&nbsp;2009-10-10 by Team Fribu70 &amp; Schnuba77<br><br /><b><font> <font face="comic sans ms">Während des Events haben wir zusammen mit anderen Cachern die Chance genutzt, um in der regenfreien Zeit diese schöne Serie zu suchen.<br>Mit uns auf der Suche waren Fianna, Pixie07, Team fire & ice, Eichsgenossen, die Feldbahner und Kaputtes Licht.<br>Bei so einer geballten Menge an erfahrenen Cachern konnte hier ja nichts schief gehen und so haben wir den Cache schnell gefunden!<br>Es wurde zwar schon langsam dunkel, aber wir waren ja gut ausgestattet, so dass Kaputtes Licht noch nicht mal seine P7 rausholen musste.<br>Jetzt aber wieder zurück zum Event, hoffentlich sind die Bratwürste schon fertig.<p>Vielen Dank für den schönen Cache und viele Grüße</b><p><b><font><br>T<font color="blue">e</font><font color="red">a</font><font color="purple">m</font> <font color="pink">F</font><font color="orange">r</font><font color="yellow">i</font><font color="green">b</font><font color="black">u</font><font color="blue">7</font><font color="red">0</font> <font color="purple">&</font> <font color="pink">S</font><font color="orange">c</font><font color="yellow">h</font><font color="green">n</font><font color="black">u</font><font color="blue">b</font><font color="red">a</font><font color="purple">7</font><font color="orange">7</font><br>Found with Cachebox!<br></b><br />]]></LOG>
<LOG><![CDATA[<img src='icon_smile.gif'>&nbsp;2009-10-10 by Eichsgenossen<br><br />Wärend einer Regenpause mit mehreren Teams losgezogen um die Mühlen und die zugehörigen Cache aufzusuchen.Das Finale war dann Dank Spoiler und vieler Augen schnell aufgespürt.<br>Durch solche Serien kommt man auch mal in abgelegenere Ortsrandgebiete die ich sonst nie aufgesucht hätte.Das Wesendliche ist aber etwas über die Mühlen zu erfahren,welche im jeweiligen Text vorgestellt wurden.<br>.<br>Danke dem Owner für diese schöne und lohnenswerte Serie die ich gerne weiter empfehlen werde.<br>Herzl.Grüße sagt Winfried/Eichsgenossen<br />]]></LOG>
<LOG><![CDATA[<img src='icon_smile.gif'>&nbsp;2009-10-10 by KaputtesLicht<br><br />Vom Stammtisch aus in kleiner Gruppe zu dieser tollen Serie aufgebrochen! Vielen Dank fürs zeigen!<br />]]></LOG>
<LOG><![CDATA[<img src='icon_smile.gif'>&nbsp;2009-10-08 by David+Chrissi<br><br />Gestern entdeckt und heute gleich los und eine schöne Tour durch Ober- und Niederdorla gemacht.<br>Danke fürs zeigen.<br>TFTC<br>Davd+Chrissi<br />]]></LOG>
<LOG><![CDATA[<img src='icon_smile.gif'>&nbsp;2009-10-07 by Hoffi1986<br><br />Der krönende Abschluss der Serie verpasste mir erstmal einen Schlag am Zugang, scheiss Weidezaun... <img src='http://www.geocaching.com/images/icons/icon_smile_evil.gif' border=0 align=middle><br>Nach ein wenig suchen und Orientierungslosigkeit meines Anhangs dann doch gut gefunden.<br>TFTC<br />]]></LOG>
<LOG><![CDATA[<img src='icon_smile.gif'>&nbsp;2009-10-07 by Rumpel&amp;Schw&#228;rzchen<br><br />*FTF* zusammen mit Mückenfett<p>Der Bonus der tollen "Siebenmühlenbach-Runde" war dank Besuch aller Mühlen schnell gefunden. Schöne Serie, die ich nur weiter empfehlen kann. Am Bonus erwartete uns ein würdiger Abschluss. Die anderen Caches waren gut und orgininell versteckt. Super!<p>-no trade-<p>TFTC sagt der Rumpel (vom R&S Team).<p># 709 / 07.10.2009 15:50<br />]]></LOG>
<LOG><![CDATA[<img src='icon_smile.gif'>&nbsp;2009-10-07 by Mueckenfett<br><br />Alle Stationen der Serie wurden gefunden,<br>kurz gerechnet und weiter gings gemeinsam zum Bonus.<br>Hier konnte ich mich zum weiten male als Erster eintragen.<br>Die Serie hat mir sehr gut gefallen.<br>Tom<br><br />]]></LOG>
<LOG><![CDATA[<img src='icon_greenlight.gif'>&nbsp;2009-10-06 by Servatius Sebaldus<br><br />Published<br />]]></LOG>
</LOGS>
<NOTES><![CDATA[]]></NOTES>
<IMAGES>
    <IMG>GC1Z81G_0.jpg<URL>http://img.geocaching.com/cache/6ccc88ae-6803-4720-a946-b6d318826faf.jpg</URL></IMG>
    <IMGTEXT>Spoiler</IMGTEXT>
</IMAGES>
<TRAVELBUGS>
  <tb guid="8a4419dd-b332-4f37-b68b-2d0a4c6911ef"><name><![CDATA[Wanderfruen.de's happy pig]]></name><![CDATA[Our Wanderfruen.de's happy pig brings luck to you. Send the good fortune continues. 
Unser glückliches Wanderfruen.de Schweinchen bringt das Glück zu Dir. Sende das Glück weiter.]]></tb>
  <tb guid="24057bf5-feec-441a-bd6e-8d5e26ba218f"><name><![CDATA[gollumgandalf's Brahean Geocoin]]></name><![CDATA[There is currently no goal for this item.]]></tb>
</TRAVELBUGS>
<URL><![CDATA[]]></URL>
<SOLVER><![CDATA[]]></SOLVER>
    <CACHE  name = "Der Siebenm&#252;hlenbach #08 - Bonus" owner = "Gollum &amp; Galadriel" lat = "51,162966666667" lon = "10,453633333333" hidden = "2009-10-06" wayp = "GC1Z81G" status = "" ocCacheID = "" lastSyncOC = "20100419224756" num_recommended = "0" num_found = "-1" attributesYes = "34360395778" attributesNo = "0" boolFields="1930" byteFields="50861076" attributesYes1 = "0" attributesNo1 = "0" />
</CACHEDETAILS>
