<?xml version="1.0" encoding="ISO-8859-1"?>
<CACHEDETAILS>
<VERSION value = "3"/>
<DETAILS><![CDATA[<br><b>Der Siebenmühlenbach</b><br />
ist der Seebach, welcher unterhalb des Ortes Seebach in die Unstrut
mündet. An ihm sind neun Mühlen auszumachen, sieben davon stehen in
der ehemaligen Vogtey Dorla. Westlich von Oberdorla liegen die
Quellen des Melchiorbrunnens, des großen und kleinen Kainsprung und
200 Meter nördlich dieser drei Quellen die Dittelhainsquelle.
Dieses Quellgebiet hat reichlich Überläufer, welche dann den
Siebenmühlenbach bilden. Auf wenigen Kilometern seines Laufes trieb
der fleißige Seebach sieben Mühlen, wodurch sein Name entstand.
Diese Mühlen tragen die Namen Riedmühle, Zengsmühle, Probst- oder
Kompstmühle, Markt- oder Knüttelsmühle, Wiesenmühle, Grundmühle und
Dorfmühle. Um den steten Lauf des Wassers zu nutzen, wurde bei Tag
und Nacht gearbeitet. Somit waren die Müller neben den
Nachtwächtern die ersten Schichtarbeiter im Dorfe. Bei längerer
Trockenheit ließ die Kraft des Baches nach, die Mühlen standen
still. Um dem Abhilfe zu schaffen, ließen sich die Müller gemeinsam
einen kleinen Stau zwischen Melchiorbrunnen und Riedmühle bauen.
Nun konnte jeder, abwechselnd und stundenweise, mahlen.<br />
<br />
<b>Die Wiesenmühle</b><br />
im schönsten Wiesengrunde gelegen. Damit ist auch schon gleich der
Name geklärt. Die Müllerei wurde hier bereits vor dem 2. Weltkrieg
eingestellt. Allerdings sind Mühlrad und Schrotgang noch
funktionstüchtig.<br />
<img src=
"http://img.geocaching.com/cache/8f823eb4-ac5e-46d5-a8e5-8e07323ea83a.jpg" />
<br />
<b>Daten</b><br />
Mahltechnik: Mühlsteine<br />
Wassergefälle: 4,4 m<br />
Rad-Durchmesser: 3,5 m<br />
Rad-Breite: 1,0 m<br />
Anzahl Schaufeln: 48<br />
Anzahl Räder: 2 oberschlächtige<br />
Leistung am Rad: 8,5-9 KW bei 13-15 U/min<br />
Zusatzantriebe: E-Motor<br />
<br />
<b>Cache</b><br />
Dieser Cache gehört zur Serie "Der Siebenmühlenbach". Die Serie
besteht aus den sieben Mühlencaches GC1Z7YY, GC1Z7ZB, GC1Z7ZE,
GC1Z7ZY, GC1Z808, GC1Z80H, GC1Z80Y und dem Bonuscache GC1Z81G. Im
Logbuch findet ihr jeweils eine Zahl für den Bonus. Riedmühle und
Bonus liegen gute 3 km auseinander, es ist also keine Runde!<br />]]></DETAILS>
<COUNTRY><![CDATA[Germany]]></COUNTRY>
<STATE><![CDATA[Thüringen]]></STATE>
<ATTRIBUTES>
   <ATT>bicycles-yes.gif</ATT>
   <ATT>stroller-yes.gif</ATT>
   <ATT>kids-yes.gif</ATT>
   <ATT>parking-yes.gif</ATT>
   <ATT>wheelchair-yes.gif</ATT>
   <ATT>dogs-yes.gif</ATT>
   <ATT>motorcycles-yes.gif</ATT>
</ATTRIBUTES>
<HINTS><![CDATA[rpugre qevir va, xnaa zna nhf qrz Srafgre csyüpxra]]></HINTS>
<LOGS>
<OWNLOGID></OWNLOGID>
<OWNLOG><![CDATA[]]></OWNLOG>
<LOG><![CDATA[<img src='icon_smile.gif'>&nbsp;2010-04-10 by emacs2003<br><br />unauffällig gepflückt, Traktor-Muggel haben nichts gemerkt<br />]]></LOG>
<LOG><![CDATA[<img src='icon_smile.gif'>&nbsp;2010-04-10 by diekuschis<br><br />Auf unserer heutigen Mühlentour gefunden. Sogar das weiße Auto stand da... <br>TFTC<br />]]></LOG>
<LOG><![CDATA[<img src='icon_smile.gif'>&nbsp;2010-04-04 by Die_Unstrut-Hainis<br><br />Gemeinsam mit Magi007 geloggt.<br>TFTC<br>Die_Unstrut-Hainis<br />]]></LOG>
<LOG><![CDATA[<img src='icon_smile.gif'>&nbsp;2010-04-04 by Magi007<br><br />schöner cache<br>TFTC<br />]]></LOG>
<LOG><![CDATA[<img src='icon_smile.gif'>&nbsp;2010-04-04 by Sebi2010<br><br />da wäre fast der stift weg geschwommen...<br />]]></LOG>
<LOG><![CDATA[<img src='icon_smile.gif'>&nbsp;2010-04-04 by Sascha75<br><br />Ehefrau hat zugegriffen.....und Freut sich<br />]]></LOG>
<LOG><![CDATA[<img src='icon_smile.gif'>&nbsp;2010-04-02 by thegorbi<br><br />Heute auf einer Radtour alle Mühlen des Siebenmühlenbachs besucht. Herrlicher Sonnenschein und eine schöne Runde ergaben zusammen einen riesigen Spaß.<p>thegorbi sagt herzlichen Dank<br />]]></LOG>
<LOG><![CDATA[<img src='icon_smile.gif'>&nbsp;2010-03-28 by gloomy<br><br />Auch hier kein Mensch weit und breit. VG und Danke, gloomy!<br />]]></LOG>
<LOG><![CDATA[<img src='icon_smile.gif'>&nbsp;2010-03-28 by saheimast<br><br />Fix gefunden trotz kurz vorm Hungertod, gemeinsam mit Fhuti und  Satchmo...TFTC<br />]]></LOG>
<LOG><![CDATA[<img src='icon_smile.gif'>&nbsp;2010-03-28 by Satchmo77<br><br />Auf einer ausgedehnten Tour durch das Mühlhausener Umland mit Fhuti83 und Saheimast auch diesen geloggt. TFTC<br />]]></LOG>
<LOG><![CDATA[<img src='icon_smile.gif'>&nbsp;2010-03-28 by Fhuti83<br><br />Schöner Cache. Schnell gefunden und gelogt. Unterwegs mit satchmo77 und saheimast. TFTC<br />]]></LOG>
<LOG><![CDATA[<img src='icon_smile.gif'>&nbsp;2010-03-25 by hekebe18<br><br /><img src='http://www.geocaching.com/images/icons/icon_smile_cool.gif' border=0 align=middle>Schnell gefunden und geloggt.<br>TFTC hekebe18<br />]]></LOG>
<LOG><![CDATA[<img src='icon_smile.gif'>&nbsp;2010-03-11 by rageracer<br><br />Der dritte für heute, auch ihn hatten wir schnell.<p>#98 --- 11.03.2010 --- 19.15 Uhr<p>TFTC<br />]]></LOG>
<LOG><![CDATA[<img src='icon_smile.gif'>&nbsp;2010-03-03 by beagle67<br><br />Heute auf kleiner Cachrunde schnell geloggt.<br>#64---03.03.2010---20.10Uhr---<br>TFTC<br><img src='http://www.geocaching.com/images/icons/icon_smile.gif' border=0 align=middle><br />]]></LOG>
<LOG><![CDATA[<img src='icon_smile.gif'>&nbsp;2010-01-23 by Jon&amp;Liz<br><br />#135<p>1ste Station der Mühlenserie in Dorla.<p>Vielen Dank! Jon & Liz<br><br />]]></LOG>
<LOG><![CDATA[<img src='icon_smile.gif'>&nbsp;2009-12-29 by Schippi38<br><br />Auf der gemeinsamen Jahresabschlußtour mit Geofutz<br>gut und schnell gefunden.<p>Danke sagt Schippi38!<br />]]></LOG>
<LOG><![CDATA[<img src='icon_smile.gif'>&nbsp;2009-12-27 by hblack<br><br />Zusammen mit G Spot (beim abendlichen Streifzug durch die beiden "Dorlas") nach kurzer Suche gefunden. T4T$!<br />]]></LOG>
<LOG><![CDATA[<img src='icon_smile.gif'>&nbsp;2009-12-27 by two rubsners<br><br />Auf der heutigen Tour gut gefunden.<br />]]></LOG>
<LOG><![CDATA[<img src='icon_smile.gif'>&nbsp;2009-12-27 by Grottenolm87<br><br />Heute auf kleiner Nachmittagstour gefunden. TFTC<p>Der Grottenolm<br />]]></LOG>
<LOG><![CDATA[<img src='icon_smile.gif'>&nbsp;2009-12-12 by mediamarkt1990<br><br />Schnell und Super gefunden TFTC<br />]]></LOG>
<LOG><![CDATA[<img src='icon_smile.gif'>&nbsp;2009-12-12 by Hardcore-UH<br><br />schnell und gut gefunden<br>TFTC<br />]]></LOG>
<LOG><![CDATA[<img src='icon_smile.gif'>&nbsp;2009-12-06 by Kruemel68<br><br />Wir  kamen aus dem Staunen über die vielen Mühlen kaum noch raus...diese Dose zu Fuß erreicht....<p>Danke sagen<p>Christel und Stefan<br />]]></LOG>
<LOG><![CDATA[<img src='icon_smile.gif'>&nbsp;2009-11-30 by Rosenquartett<br><br />gut und schnell gefunden.<br>danke fürs zeigen und grüße<br />]]></LOG>
<LOG><![CDATA[<img src='icon_smile.gif'>&nbsp;2009-11-21 by fox-hunter_I<br><br />Bei schönem Samstagwetter schnell gefunden und gelogt...TFTC ... und weiter gehts :-)<br>Gruß<br>und bis Montag, fox-hunter_I<br />]]></LOG>
<LOG><![CDATA[<img src='icon_smile.gif'>&nbsp;2009-11-14 by ISI69<br><br />TFTC - Heute auf Thüringen Tour mit Brabus74 gut gefunden und schnell geloggt<br />]]></LOG>
<LOG><![CDATA[<img src='icon_smile.gif'>&nbsp;2009-11-14 by Brabus74<br><br />TFTC - Heute auf Thüringen Tour mit ISI69 gut gefunden und gelogged. Brabus74<br />]]></LOG>
<LOG><![CDATA[<img src='icon_smile.gif'>&nbsp;2009-11-11 by mnieft<br><br />Fenster runter, Arm raus, im Auto geloggt, Arm wieder raus, Fenster wieder hoch. Ja so war das heute. <br>TFTC<br />]]></LOG>
<LOG><![CDATA[<img src='icon_smile.gif'>&nbsp;2009-11-07 by GeoSittiche<br><br />Den muggelfreien Moment abgewartet und geloggt.<br>TFTC<br>die GeoSittiche<br />]]></LOG>
<LOG><![CDATA[<img src='icon_smile.gif'>&nbsp;2009-11-01 by Bara68<br><br />Der frech versteckte kleine Behälter konnte hier zwar schnell gefunden werden - aber der im Hint beschriebene Weg ihn zu bergen - hat bei mir nicht funktioniert. Bara68<br />]]></LOG>
<LOG><![CDATA[<img src='icon_smile.gif'>&nbsp;2009-10-31 by DerkleineKallimunkel<br><br />...unterwegs mit den Kallimunkels...<br>Danke sagt DkK<br />]]></LOG>
<LOG><![CDATA[<img src='icon_smile.gif'>&nbsp;2009-10-31 by kallimunkel<br><br />Mann, oh Mann...was man nicht im Kopf hat...So statteten wir auch der Wiesenmühle <br>2 Besuche ab... Danke sagen die Kallimunkels<br />]]></LOG>
<LOG><![CDATA[<img src='icon_smile.gif'>&nbsp;2009-10-31 by dop3<br><br />Fix an der Starße geparkt ..und schon ging nebenan die Tür einen kleinen Spalt auf und wir wurden durch diesen beobachtet. Trotzdem konnten wir unbemerkt zugreifen und schnell loggen.<br>TFTC<br />]]></LOG>
<LOG><![CDATA[<img src='icon_smile.gif'>&nbsp;2009-10-25 by Ullina<br><br />Dieses war der fünfte Streich.....Auch diesen Cache im Dorfgebiet von Oberdorla gut gefunden und haben festgestellt, dass Oberdorla ein wirklich schönes Dorf ist. <br> 	<img src='http://www.geocaching.com/images/icons/icon_smile_big.gif' border=0 align=middle> Ullina<br />]]></LOG>
<LOG><![CDATA[<img src='icon_smile.gif'>&nbsp;2009-10-25 by Karolli<br><br />Zusammen mit Ullina die Mühlenserie besucht!<br>Der letzte im Dorf war auch ganz schnell entdeckt. Arni ist immernoch begeistert<img src='http://www.geocaching.com/images/icons/icon_smile.gif' border=0 align=middle>!<br>TFTC<br />]]></LOG>
<LOG><![CDATA[<img src='icon_smile.gif'>&nbsp;2009-10-23 by Hor_andy<br><br /><br>Zusammen mit Traveler77 mal endlich Zeit gefunden die vielen neuen Caches anzugehen.<br>Fix entdeckt, die politisch Diskutierenden hinter der Hecke haben uns nicht bemerkt.<br>TFTC<br><br />]]></LOG>
<LOG><![CDATA[<img src='icon_smile.gif'>&nbsp;2009-10-23 by Traveler77<br><br />Im Team mit Hor_Andy konnte sich das "Döslein" nicht lange verbergen. <img src='http://www.geocaching.com/images/icons/icon_smile_wink.gif' border=0 align=middle> TFTC<br />]]></LOG>
<LOG><![CDATA[<img src='icon_smile.gif'>&nbsp;2009-10-22 by uhri<br><br />Auf Mühlentour auch diese Dose gut gefunden.<br>TFTC Uhri<br />]]></LOG>
<LOG><![CDATA[<img src='icon_smile.gif'>&nbsp;2009-10-21 by Knuellfuchs<br><br />Gut und schnell gefunden. Danke für`s Verstecken. <img src='http://www.geocaching.com/images/icons/icon_smile.gif' border=0 align=middle> Der Knüllfuchs<br />]]></LOG>
<LOG><![CDATA[<img src='icon_smile.gif'>&nbsp;2009-10-18 by Kammerf&#246;rster<br><br />Mal eine kleine Runde durch Oberdorla gedreht und immer mal wieder auf die Suche gegangen... ach ja!<p>Danke<br />]]></LOG>
<LOG><![CDATA[<img src='icon_smile.gif'>&nbsp;2009-10-14 by fianna<br><br />Auf der Fahrt zum Event ahnten Pixie und ich schon furchtbares. Den ganzen Tag Regen, denn wir fuhren vor dem Regen her.<br>In Seebach trafen wir auf das altbewährte "The Summer Is Magic!-TourTeam 2009 " (Team Fribu70 & Schnuba77,Pixie07, Hoffis und spät ThomasM80). Man ging mit etwas regnerischer Stimmung<br>an das Geocachetagwerk Die Regenpause beim Event „Haus am See“ wurde für einige Caches in der<br>Umgebung benutzt. Vielen Dank bis bald im Wald - fianna -<br><br />]]></LOG>
<LOG><![CDATA[<img src='icon_smile.gif'>&nbsp;2009-10-12 by coolbahia<br><br />Uh, an dem musste ich doch eine Weile suchen.<br>Werd ich langsam alt???<br>TFTC coolbahia<br />]]></LOG>
<LOG><![CDATA[<img src='icon_smile.gif'>&nbsp;2009-10-10 by pixie07<br><br />Mit fianna, dem Team Fribu70 & Schnuba77 und den Feldbahnern ging es heute bei meist regnerischem Wetter zum "Haus am See"-Event.<br>Nachmittags ließ der Regen nach, da brachen wir und einige andere zu dieser interessanten Reihe auf, deren Listings vieles über Technik und Geschichte der Mühlen zu bieten haben - toll gemacht, sowas gefällt mir sehr!<br>Der letzte Halt auf unserer Fahrt durch Oberdorla. Auch diese Dose war im Rudel schnell gefunden.<br>Vielen Dank,<br>pixie07<br />]]></LOG>
<LOG><![CDATA[<img src='icon_smile.gif'>&nbsp;2009-10-10 by Feldbahner<br><br />Während des Events haben wir zusammen mit anderen Cachern die Chance genutzt, um in der regenfreien Zeit diese schöne Serie zu suchen.<br>Mit uns auf der Suche waren Fianna, Pixie07, Team fire & ice, Eichsgenossen, Team Fribu70 & Schnuba77 und Kaputtes Licht.<br>Bei so einer geballten Menge an erfahrenen Cachern konnte gar nichts mehr schief gehen und so haben wir den Cache schnell gefunden!<p>TFTC<br>die Feldbahner<br><br />]]></LOG>
<LOG><![CDATA[<img src='icon_smile.gif'>&nbsp;2009-10-10 by Team Fire &amp; Ice<br><br />Gemeinsam mit Hondje Amanda waren wir heute hier beim Stammtisch.<p>Im großen Team ging es von dort aus zur Mühlenserie. Schöne Verstecke und interessante Microdosen erwarteten uns hier. <img src='http://www.geocaching.com/images/icons/icon_smile_big.gif' border=0 align=middle><p>Vielen Dank und Grüße<p>Team Fire & Ice<br>Steffi und Heiko<br />]]></LOG>
<LOG><![CDATA[<img src='icon_smile.gif'>&nbsp;2009-10-10 by Hondje Amanda<br><br />Auf Eventtour hier gewesen, und zwischendurch noch diese Serie be- und gesucht. <br>TFTC<p>Hondje Amanda <img src='http://www.geocaching.com/images/icons/icon_smile_kisses.gif' border=0 align=middle><br />]]></LOG>
<LOG><![CDATA[<img src='icon_smile.gif'>&nbsp;2009-10-10 by Team Fribu70 &amp; Schnuba77<br><br /><b><font> <font face="comic sans ms">Während des Events haben wir zusammen mit anderen Cachern die Chance genutzt, um in der regenfreien Zeit diese schöne Serie zu suchen.<br>Mit uns auf der Suche waren Fianna, Pixie07, Team fire & ice, Eichsgenossen, die Feldbahner und Kaputtes Licht.<br>Bei so einer geballten Menge an erfahrenen Cachern konnte hier ja nichts schief gehen und so haben wir den Cache schnell gefunden!<p>Vielen Dank für den schönen Cache und viele Grüße</b><p><b><font><br>T<font color="blue">e</font><font color="red">a</font><font color="purple">m</font> <font color="pink">F</font><font color="orange">r</font><font color="yellow">i</font><font color="green">b</font><font color="black">u</font><font color="blue">7</font><font color="red">0</font> <font color="purple">&</font> <font color="pink">S</font><font color="orange">c</font><font color="yellow">h</font><font color="green">n</font><font color="black">u</font><font color="blue">b</font><font color="red">a</font><font color="purple">7</font><font color="orange">7</font><br>Found with Cachebox!<br></b><br />]]></LOG>
<LOG><![CDATA[<img src='icon_smile.gif'>&nbsp;2009-10-10 by Eichsgenossen<br><br />Wärend einer Regenpause mit mehreren Teams losgezogen um diese Mühle und den zugehörigen Cache aufzusuchen.Wie der Hint sagt "...aus dem Fenster pflücken" wäre mit 3 Autos schlecht machbar gewesen- wir sind halt ausgestiegen ,um das Logbuch nach dem Fund rundzureichen.<br>Danke dem Owner für's Zeigen dieser Lokation und diese Serie.Weiter gehts zur Nächsten....<br>Herzl.Grüße sagt Winfried/Eichsgenossen<br />]]></LOG>
<LOG><![CDATA[<img src='icon_smile.gif'>&nbsp;2009-10-10 by geofutz<br><br />Nach dem Event diese Serie noch mal in Angriff genommen.<br>Ich bin aber doch ausgestiegen um den Kleinen zu heben.<p><font color="blue">Danke für <b># 1157 </b></font><br><font color="green"><b><i>Gruß aus dem Eichsfeld und BYE Geofutz. <img src='http://www.geocaching.com/images/icons/icon_smile_wink.gif' border=0 align=middle></i></b></font><br><br />]]></LOG>
<LOG><![CDATA[<img src='icon_smile.gif'>&nbsp;2009-10-10 by KaputtesLicht<br><br />Vom Stammtisch aus in kleiner Gruppe zu dieser tollen Serie aufgebrochen! Vielen Dank fürs zeigen!<br />]]></LOG>
<LOG><![CDATA[<img src='icon_smile.gif'>&nbsp;2009-10-08 by David+Chrissi<br><br />Gestern entdeckt und heute gleich los und eine schöne Tour durch Ober- und Niederdorla gemacht.<br>Danke fürs zeigen.<br>TFTC<br>Davd+Chrissi<br />]]></LOG>
<LOG><![CDATA[<img src='icon_smile.gif'>&nbsp;2009-10-07 by Hoffi1986<br><br />Da musste mein Anhang doch wirklich das Ding aus dem Auto raus angeln. <img src='http://www.geocaching.com/images/icons/icon_smile_tongue.gif' border=0 align=middle><br>TFTC<br />]]></LOG>
<LOG><![CDATA[<img src='icon_smile.gif'>&nbsp;2009-10-07 by Rumpel&amp;Schw&#228;rzchen<br><br />Auch wenn ein Dorfbewohner in der Nähe vom Cache sein Hoftor gestrichen hat, konnte ich den Cache völlig unbemerkt loggen. Nachdem ich mir den Hint angeschaut habe, hätte ich es auch leichter haben können. <img src='http://www.geocaching.com/images/icons/icon_smile_wink.gif' border=0 align=middle><p>TFTC sagt der Rumpel (vom R&S Team).<p># 703 / 07.10.2009 14:00<br />]]></LOG>
<LOG><![CDATA[<img src='icon_smile.gif'>&nbsp;2009-10-07 by Mueckenfett<br><br />Station 1 der Serie, aber der Rumpel war schon 30 min vor mir da.<br>Tom<br />]]></LOG>
<LOG><![CDATA[<img src='icon_greenlight.gif'>&nbsp;2009-10-06 by Servatius Sebaldus<br><br />Published<br />]]></LOG>
</LOGS>
<NOTES><![CDATA[]]></NOTES>
<IMAGES>
    <IMG>gc1z808_0.jpg<URL>http://img.geocaching.com/cache/8f823eb4-ac5e-46d5-a8e5-8e07323ea83a.jpg</URL></IMG>
    <IMG>GC1Z808_0.jpg<URL>http://img.geocaching.com/cache/8f823eb4-ac5e-46d5-a8e5-8e07323ea83a.jpg</URL></IMG>
    <IMGTEXT>GC1Z808_0</IMGTEXT>
    <IMGTEXT>Wiesenm&#252;hle</IMGTEXT>
</IMAGES>
<TRAVELBUGS>
</TRAVELBUGS>
<URL><![CDATA[]]></URL>
<SOLVER><![CDATA[]]></SOLVER>
    <CACHE  name = "Der Siebenm&#252;hlenbach #05 - Die Wiesenm&#252;hle" owner = "Gollum &amp; Galadriel" lat = "51,164183333333" lon = "10,426166666667" hidden = "2009-10-06" wayp = "GC1Z808" status = "" ocCacheID = "" lastSyncOC = "20100419225015" num_recommended = "0" num_found = "-1" attributesYes = "2233387845634" attributesNo = "0" boolFields="1922" byteFields="33688074" attributesYes1 = "0" attributesNo1 = "0" />
</CACHEDETAILS>
