<?xml version="1.0" encoding="ISO-8859-1"?>
<CACHEDETAILS>
<VERSION value = "3"/>
<DETAILS><![CDATA[<br><b>Der Siebenmühlenbach</b><br />
ist der Seebach, welcher unterhalb des Ortes Seebach in die Unstrut
mündet. An ihm sind neun Mühlen auszumachen, sieben davon stehen in
der ehemaligen Vogtey Dorla. Westlich von Oberdorla liegen die
Quellen des Melchiorbrunnens, des großen und kleinen Kainsprung und
200 Meter nördlich dieser drei Quellen die Dittelhainsquelle.
Dieses Quellgebiet hat reichlich Überläufer, welche dann den
Siebenmühlenbach bilden. Auf wenigen Kilometern seines Laufes trieb
der fleißige Seebach sieben Mühlen, wodurch sein Name entstand.
Diese Mühlen tragen die Namen Riedmühle, Zengsmühle, Probst- oder
Kompstmühle, Markt- oder Knüttelsmühle, Wiesenmühle, Grundmühle und
Dorfmühle. Um den steten Lauf des Wassers zu nutzen, wurde bei Tag
und Nacht gearbeitet. Somit waren die Müller neben den
Nachtwächtern die ersten Schichtarbeiter im Dorfe. Bei längerer
Trockenheit ließ die Kraft des Baches nach, die Mühlen standen
still. Um dem Abhilfe zu schaffen, ließen sich die Müller gemeinsam
einen kleinen Stau zwischen Melchiorbrunnen und Riedmühle bauen.
Nun konnte jeder, abwechselnd und stundenweise, mahlen.<br />
<br />
<b>Die Marktmühle</b><br />
befindet sich in der Langulaer Straße, welche früher Marktgasse
hieß, also an der Stelle, wo früher Markt abgehalten wurde, daher
der Name. Nach Erkrankung des letzten Marktmüllers 1950 haben noch
zwei Pächter in diesem Betrieb gemüllert.<br />
<br />
<img src=
"http://img.geocaching.com/cache/f2cc9b2c-848b-4a4e-a4c8-a362d0e43d2e.jpg" />
<br />
<b>Daten</b><br />
Mahltechnik: Mühlsteine - Walzenstuhl<br />
Wassergefälle: 4,2 m<br />
Rad-Durchmesser: 3,5 m<br />
Rad-Breite: 1,0 m zweites Rad 0,9 m<br />
Anzahl Schaufeln: 40<br />
Anzahl Räder: 2 oberschlächtige<br />
Leistung am Rad: 8,5-9 KW bei 13-15 U/min<br />
Zusatzantriebe: Francis-Turbine, Diesel, E-Motor<br />
<br />
<b>Cache</b><br />
Dieser Cache gehört zur Serie "Der Siebenmühlenbach". Die Serie
besteht aus den sieben Mühlencaches GC1Z7YY, GC1Z7ZB, GC1Z7ZE,
GC1Z7ZY, GC1Z808, GC1Z80H, GC1Z80Y und dem Bonuscache GC1Z81G. Im
Logbuch findet ihr jeweils eine Zahl für den Bonus. Riedmühle und
Bonus liegen gute 3 km auseinander, es ist also keine Runde!<br />]]></DETAILS>
<COUNTRY><![CDATA[Germany]]></COUNTRY>
<STATE><![CDATA[Thüringen]]></STATE>
<ATTRIBUTES>
   <ATT>bicycles-yes.gif</ATT>
   <ATT>stroller-yes.gif</ATT>
   <ATT>kids-yes.gif</ATT>
   <ATT>parking-yes.gif</ATT>
   <ATT>dogs-yes.gif</ATT>
   <ATT>motorcycles-yes.gif</ATT>
</ATTRIBUTES>
<HINTS><![CDATA[rgjnf gvrsretryrtg]]></HINTS>
<LOGS>
<OWNLOGID></OWNLOGID>
<OWNLOG><![CDATA[]]></OWNLOG>
<LOG><![CDATA[<img src='icon_smile.gif'>&nbsp;2010-04-10 by emacs2003<br><br />schnell gefunden.<br />]]></LOG>
<LOG><![CDATA[<img src='icon_smile.gif'>&nbsp;2010-04-04 by Die_Unstrut-Hainis<br><br />Gemeinsam mit Magi007 geloggt.<br>TFTC<br>Die_Unstrut-Hainis<br />]]></LOG>
<LOG><![CDATA[<img src='icon_smile.gif'>&nbsp;2010-04-04 by Magi007<br><br />Trotz einiger muggel mit den unstrut hainis doch noch gefunden<br>TFCT<br />]]></LOG>
<LOG><![CDATA[<img src='icon_smile.gif'>&nbsp;2010-04-04 by Sebi2010<br><br />dank tip gefunden....<br />]]></LOG>
<LOG><![CDATA[<img src='icon_smile.gif'>&nbsp;2010-04-02 by thegorbi<br><br />Heute auf einer Radtour alle Mühlen des Siebenmühlenbachs besucht. Herrlicher Sonnenschein und eine schöne Runde ergaben zusammen einen riesigen Spaß.<p>thegorbi sagt herzlichen Dank<br />]]></LOG>
<LOG><![CDATA[<img src='icon_smile.gif'>&nbsp;2010-03-28 by gloomy<br><br />Feine Sache. VG und Danke, gloomy!<br />]]></LOG>
<LOG><![CDATA[<img src='icon_smile.gif'>&nbsp;2010-03-28 by saheimast<br><br />Netter Cache, im strahlenden Sonnenschein mit Fhuti und Satchmo gelogt...<br />]]></LOG>
<LOG><![CDATA[<img src='icon_smile.gif'>&nbsp;2010-03-28 by Satchmo77<br><br />Auf einer ausgedehnten Tour durch das Mühlhausener Umland mit Fhuti83 und Saheimast auch diesen geloggt. TFTC<br />]]></LOG>
<LOG><![CDATA[<img src='icon_smile.gif'>&nbsp;2010-03-28 by Fhuti83<br><br />Schöner Cache. Schnell gefunden und gelogt. Unterwegs mit satchmo77 und saheimast. TFTC<br />]]></LOG>
<LOG><![CDATA[<img src='icon_smile.gif'>&nbsp;2010-03-27 by hekebe18<br><br /> 	<img src='http://www.geocaching.com/images/icons/icon_smile_big.gif' border=0 align=middle> schnell gefunden und geloggt.<br>TFTC hekebe18<br />]]></LOG>
<LOG><![CDATA[<img src='icon_smile.gif'>&nbsp;2010-03-21 by Wickeda87<br><br />Nach einer schlitterpartie von Carrie 88 schnell gefunden..<br />]]></LOG>
<LOG><![CDATA[<img src='icon_smile.gif'>&nbsp;2010-03-20 by rageracer<br><br />Heute vor der Arbeit noch schnell das letzte fehlende Puzzleteil gefunden.<br>Der Cache war genau da wo ich ihn das letzte mal schon vergeblich gesucht habe,<br>deshalb dauerte die Suche heute auch nur ein paar Sekunden.<br>und jetzt ab zum Bonus...<p>#108 --- 20.03.2010 --- 8.20 Uhr<p>TFTC<p>[This entry was edited by rageracer on Saturday, March 20, 2010 at 2:45:38 PM.]<br />]]></LOG>
<LOG><![CDATA[<img src='icon_enabled.gif'>&nbsp;2010-03-19 by Gollum &amp; Galadriel<br><br />weiter geht's<br />]]></LOG>
<LOG><![CDATA[<img src='icon_disabled.gif'>&nbsp;2010-03-14 by Gollum &amp; Galadriel<br><br />der hat wohl jemandem gefallen <img src='http://www.geocaching.com/images/icons/icon_smile_angry.gif' border=0 align=middle><br />]]></LOG>
<LOG><![CDATA[<img src='icon_sad.gif'>&nbsp;2010-03-11 by rageracer<br><br />Trotz sehr gutem GPS Empfang leider nicht gefunden.<br>Habe eine Vermutung wo er sein könnte, kam aber im Moment nicht so richtig ran.<br>Oder ich war einfach nur blind. Aber ich komme wieder...  	<img src='http://www.geocaching.com/images/icons/icon_smile_wink.gif' border=0 align=middle><p>rageracer<br />]]></LOG>
<LOG><![CDATA[<img src='icon_smile.gif'>&nbsp;2010-01-23 by Jon&amp;Liz<br><br />#136<p>2te Station der Mühlenserie in Dorla.<p>Vielen Dank! Jon & Liz<br />]]></LOG>
<LOG><![CDATA[<img src='icon_smile.gif'>&nbsp;2009-12-29 by Schippi38<br><br />Auf der gemeinsamen Jahresabschlußtour mit Geofutz<br>gut und schnell gefunden.<p>Danke sagt Schippi38!<br />]]></LOG>
<LOG><![CDATA[<img src='icon_smile.gif'>&nbsp;2009-12-27 by hblack<br><br />Zusammen mit G Spot (beim abendlichen Streifzug durch die beiden "Dorlas") nach kurzer Suche gefunden. T4T$!<br />]]></LOG>
<LOG><![CDATA[<img src='icon_smile.gif'>&nbsp;2009-12-27 by two rubsners<br><br />Auf der Mühlentour konnte er uns nicht verborgen bleiben.<br />]]></LOG>
<LOG><![CDATA[<img src='icon_smile.gif'>&nbsp;2009-12-27 by Grottenolm87<br><br />Heute auf kleiner Nachmittagstour gefunden. TFTC<p>Der Grottenolm<br />]]></LOG>
<LOG><![CDATA[<img src='icon_smile.gif'>&nbsp;2009-12-12 by mediamarkt1990<br><br />Schnell und Super gefunden TFTC<br />]]></LOG>
<LOG><![CDATA[<img src='icon_smile.gif'>&nbsp;2009-12-12 by Hardcore-UH<br><br />schnell und gut gefunden<br>TFTC<br />]]></LOG>
<LOG><![CDATA[<img src='icon_smile.gif'>&nbsp;2009-12-06 by Kruemel68<br><br />Auch hier kamen wir auf unserer Nikolausrunde vorbei. Schöne Vepackung....am Versteck war es lediglich etwas, wie soll ich sagen, schmierig....<p><br>Grüße Christel und Stefan<br />]]></LOG>
<LOG><![CDATA[<img src='icon_smile.gif'>&nbsp;2009-11-30 by Rosenquartett<br><br />gut und schnell gefunden.<br>danke fürs zeigen und grüße<br />]]></LOG>
<LOG><![CDATA[<img src='icon_smile.gif'>&nbsp;2009-11-21 by fox-hunter_I<br><br />Bei schönem Samstagwetter schnell gefunden und gelogt...TFTC ... und weiter gehts :-)<br>Gruß<br>und bis Montag, fox-hunter_I<br />]]></LOG>
<LOG><![CDATA[<img src='icon_smile.gif'>&nbsp;2009-11-14 by ISI69<br><br />TFTC - Heute auf Thüringen Tour mit Brabus74 gut gefunden und schnell geloggt<br />]]></LOG>
<LOG><![CDATA[<img src='icon_smile.gif'>&nbsp;2009-11-14 by Brabus74<br><br />TFTC - Heute auf Thüringen Tour mit ISI69 gut gefunden und gelogged. Brabus74<br />]]></LOG>
<LOG><![CDATA[<img src='icon_smile.gif'>&nbsp;2009-11-11 by mnieft<br><br />Sehr schön.<p>Danke dafür<br />]]></LOG>
<LOG><![CDATA[<img src='icon_smile.gif'>&nbsp;2009-11-07 by GeoSittiche<br><br />Was es nicht alles für Cachebehälter gibt.Ich hatte die Beschaffenheit des Bodens unterschätzt und ihn kurzerhand ausgemessen<img src='http://www.geocaching.com/images/icons/icon_smile_blackeye.gif' border=0 align=middle>.Bis hier schöne Mühlenserie<img src='http://www.geocaching.com/images/icons/icon_smile_big.gif' border=0 align=middle>.<br>TFTC<br>die GeoSittiche<br />]]></LOG>
<LOG><![CDATA[<img src='icon_note.gif'>&nbsp;2009-11-01 by Bara68<br><br />Eine Muggelfrau wollte hier einfach nicht weggehen - somit habe ich diesen Cache heute nicht weiter gesucht. Bara68<br />]]></LOG>
<LOG><![CDATA[<img src='icon_smile.gif'>&nbsp;2009-10-31 by DerkleineKallimunkel<br><br />...unterwegs mit den Kallimunkels...<br>Danke sagt DkK<br />]]></LOG>
<LOG><![CDATA[<img src='icon_smile.gif'>&nbsp;2009-10-31 by kallimunkel<br><br />Tja hier mußten wir gar 2x hin, ich hatte natürlich die Bonuszahl vergessen...<br>Danke sagen die Kallimunkels<br />]]></LOG>
<LOG><![CDATA[<img src='icon_smile.gif'>&nbsp;2009-10-31 by dop3<br><br />fix gefunden. hier noch schnell mit Team Kallimunkel geloggt<br />]]></LOG>
<LOG><![CDATA[<img src='icon_smile.gif'>&nbsp;2009-10-25 by Ullina<br><br />Auf der heutigen Mühlentour mit Karolli auch diesen Cache schnell gefunden. Schade, dass diese Mühle nicht mehr so gut erhalten ist.<br> 	<img src='http://www.geocaching.com/images/icons/icon_smile_big.gif' border=0 align=middle> Ullina<br />]]></LOG>
<LOG><![CDATA[<img src='icon_smile.gif'>&nbsp;2009-10-25 by Karolli<br><br />Zusammen mit Ullina die Mühlenserie besucht!<br>Die Serie haben wir genutzt, um bei sonnigem Wetter durch Oberdorla zu spazieren. Wir waren alle positive überrascht, ansonsten kennt man ja nur das Randgebiet, wenn man auf dem Weg nach Mühlhausen daran vorbeifährt!<br>Der Cache war schnell gefunden!<br>TFTC  <br />]]></LOG>
<LOG><![CDATA[<img src='icon_smile.gif'>&nbsp;2009-10-23 by Hor_andy<br><br /><br>Zusammen mit Traveler77 mal endlich Zeit gefunden die vielen neuen Caches anzugehen.<br>Hier ging es wieder schnell, war ja auch einfach.<br>TFTC<br><br />]]></LOG>
<LOG><![CDATA[<img src='icon_smile.gif'>&nbsp;2009-10-23 by Traveler77<br><br />Im Team mit Hor_Andy konnte sich das "Döslein" nicht lange verbergen. <img src='http://www.geocaching.com/images/icons/icon_smile_wink.gif' border=0 align=middle> TFTC<br />]]></LOG>
<LOG><![CDATA[<img src='icon_smile.gif'>&nbsp;2009-10-22 by uhri<br><br />Auf Mühlentour auch diese Dose gut gefunden.<br>TFTC Uhri<br />]]></LOG>
<LOG><![CDATA[<img src='icon_smile.gif'>&nbsp;2009-10-21 by Knuellfuchs<br><br />Gut und schnell gefunden. Danke für`s Verstecken. <img src='http://www.geocaching.com/images/icons/icon_smile.gif' border=0 align=middle> Der Knüllfuchs<br />]]></LOG>
<LOG><![CDATA[<img src='icon_smile.gif'>&nbsp;2009-10-18 by Kammerf&#246;rster<br><br />Mal eine kleine Runde durch Oberdorla gedreht und immer mal wieder auf die Suche gegangen... ach ja!<p>Danke<br />]]></LOG>
<LOG><![CDATA[<img src='icon_smile.gif'>&nbsp;2009-10-14 by fianna<br><br />Auf der Fahrt zum Event ahnten Pixie und ich schon furchtbares. Den ganzen Tag Regen, denn wir fuhren vor dem Regen her.<br>In Seebach trafen wir auf das altbewährte "The Summer Is Magic!-TourTeam 2009 " (Team Fribu70 & Schnuba77,Pixie07, Hoffis und spät ThomasM80). Man ging mit etwas regnerischer Stimmung<br>an das Geocachetagwerk Die Regenpause beim Event „Haus am See“ wurde für einige Caches in der<br>Umgebung benutzt. Vielen Dank bis bald im Wald - fianna -<br><br />]]></LOG>
<LOG><![CDATA[<img src='icon_smile.gif'>&nbsp;2009-10-10 by pixie07<br><br />Mit fianna, dem Team Fribu70 & Schnuba77 und den Feldbahnern ging es heute bei meist regnerischem Wetter zum "Haus am See"-Event.<br>Nachmittags ließ der Regen nach, da brachen wir zu dieser interessanten Reihe auf, deren Listings vieles über Technik und Geschichte der Mühlen zu bieten haben - toll gemacht, sowas gefällt mir sehr!<br>Der nächste Stopp auf unserer Spazierfahrt durch Oberdorla. Dank Hint nach kurzer Suche gut gefunden. Aber auch hier war jemand anders im Rudel schneller als ich ...<br>Vielen Dank,<br>pixie07<br />]]></LOG>
<LOG><![CDATA[<img src='icon_smile.gif'>&nbsp;2009-10-10 by Feldbahner<br><br />Während des Events haben wir zusammen mit anderen Cachern die Chance genutzt, um in der regenfreien Zeit diese schöne Serie zu suchen.<br>Mit uns auf der Suche waren Fianna, Pixie07, Team fire & ice, Eichsgenossen, Team Fribu70 & Schnuba77 und Kaputtes Licht.<br>Bei so einer geballten Menge an erfahrenen Cachern konnte gar nichts mehr schief gehen und so haben wir den Cache schnell gefunden!<p>TFTC<br>die Feldbahner<br><br />]]></LOG>
<LOG><![CDATA[<img src='icon_smile.gif'>&nbsp;2009-10-10 by Team Fire &amp; Ice<br><br />Gemeinsam mit Hondje Amanda waren wir heute hier beim Stammtisch.<p>Im großen Team ging es von dort aus zur Mühlenserie. Schöne Verstecke und interessante Microdosen erwarteten uns hier. <img src='http://www.geocaching.com/images/icons/icon_smile_big.gif' border=0 align=middle><p>Vielen Dank und Grüße<p>Team Fire & Ice<br>Steffi und Heiko<br />]]></LOG>
<LOG><![CDATA[<img src='icon_smile.gif'>&nbsp;2009-10-10 by Hondje Amanda<br><br />Auf Eventtour hier gewesen, und zwischendurch noch diese Serie be- und gesucht. <br>TFTC<p>Hondje Amanda <img src='http://www.geocaching.com/images/icons/icon_smile_kisses.gif' border=0 align=middle><br />]]></LOG>
<LOG><![CDATA[<img src='icon_smile.gif'>&nbsp;2009-10-10 by Team Fribu70 &amp; Schnuba77<br><br /><b><font> <font face="comic sans ms">Während des Events haben wir zusammen mit anderen Cachern die Chance genutzt, um in der regenfreien Zeit diese schöne Serie zu suchen.<br>Mit uns auf der Suche waren Fianna, Pixie07, Team fire & ice, Eichsgenossen, die Feldbahner und Kaputtes Licht.<br>Bei so einer geballten Menge an erfahrenen Cachern konnte hier ja nichts schief gehen und so haben wir den Cache schnell gefunden!<p>Vielen Dank für den schönen Cache und viele Grüße</b><p><b><font><br>T<font color="blue">e</font><font color="red">a</font><font color="purple">m</font> <font color="pink">F</font><font color="orange">r</font><font color="yellow">i</font><font color="green">b</font><font color="black">u</font><font color="blue">7</font><font color="red">0</font> <font color="purple">&</font> <font color="pink">S</font><font color="orange">c</font><font color="yellow">h</font><font color="green">n</font><font color="black">u</font><font color="blue">b</font><font color="red">a</font><font color="purple">7</font><font color="orange">7</font><br>Found with Cachebox!<br></b><br />]]></LOG>
<LOG><![CDATA[<img src='icon_smile.gif'>&nbsp;2009-10-10 by Eichsgenossen<br><br />Wärend einer Regenpause mit mehreren Teams losgezogen um diese Mühle und den zugehörigen Cache aufzusuchen.<br>Danke dem Owner für's Zeigen dieser Lokation und diese Serie.Weiter gehts zur Nächsten....<br>Herzl.Grüße sagt Winfried/Eichsgenossen<br />]]></LOG>
<LOG><![CDATA[<img src='icon_smile.gif'>&nbsp;2009-10-10 by geofutz<br><br />Nach dem Event diese Serie noch mal in Angriff genommen.<br>Noch mal schnell "abgetaucht" und schnell entdeckt.<p><font color="blue">Danke für <b># 1160 </b></font><br><font color="green"><b><i>Gruß aus dem Eichsfeld und BYE Geofutz. <img src='http://www.geocaching.com/images/icons/icon_smile_wink.gif' border=0 align=middle></i></b></font><br><br />]]></LOG>
<LOG><![CDATA[<img src='icon_smile.gif'>&nbsp;2009-10-10 by KaputtesLicht<br><br />Vom Stammtisch aus in kleiner Gruppe zu dieser tollen Serie aufgebrochen! Vielen Dank fürs zeigen!<br />]]></LOG>
<LOG><![CDATA[<img src='icon_smile.gif'>&nbsp;2009-10-08 by David+Chrissi<br><br />Gestern entdeckt und heute gleich los und eine schöne Tour durch Ober- und Niederdorla gemacht.<br>Danke fürs zeigen.<br>TFTC<br>Davd+Chrissi<br />]]></LOG>
<LOG><![CDATA[<img src='icon_smile.gif'>&nbsp;2009-10-07 by Hoffi1986<br><br />Das Frauchen schrie:" Da können wir ja hinlaufen!" Denkste!<img src='http://www.geocaching.com/images/icons/icon_smile_evil.gif' border=0 align=middle><br>Soviel zum Thema Frauen und Orientierung, aber dann schnell gefunden!<br>TFTC<br />]]></LOG>
<LOG><![CDATA[<img src='icon_smile.gif'>&nbsp;2009-10-07 by Rumpel&amp;Schw&#228;rzchen<br><br />Bei diesem Mühlencache war auch ich dem Wasser schon sehr nahe! <img src='http://www.geocaching.com/images/icons/icon_smile_shock.gif' border=0 align=middle> Dabei wurde der Cache in seiner schönen Verpackung gesichtet.<p>TFTC sagt der Rumpel (vom R&S Team).<p># 702 / 07.10.2009 13:50<br />]]></LOG>
<LOG><![CDATA[<img src='icon_smile.gif'>&nbsp;2009-10-07 by Mueckenfett<br><br />Station 2 der Serie, aber glücklich ohne nass zu werden entdeckt,<br>denn mit Glück nicht ins wasser gestürzt <img src='http://www.geocaching.com/images/icons/icon_smile_blackeye.gif' border=0 align=middle><br>Tom<br />]]></LOG>
<LOG><![CDATA[<img src='icon_greenlight.gif'>&nbsp;2009-10-06 by Servatius Sebaldus<br><br />Published<br />]]></LOG>
</LOGS>
<NOTES><![CDATA[]]></NOTES>
<IMAGES>
    <IMG>gc1z7zy_0.jpg<URL>http://img.geocaching.com/cache/f2cc9b2c-848b-4a4e-a4c8-a362d0e43d2e.jpg</URL></IMG>
    <IMG>GC1Z7ZY_0.jpg<URL>http://img.geocaching.com/cache/f2cc9b2c-848b-4a4e-a4c8-a362d0e43d2e.jpg</URL></IMG>
    <IMGTEXT>GC1Z7ZY_0</IMGTEXT>
    <IMGTEXT>Marktm&#252;hle</IMGTEXT>
</IMAGES>
<TRAVELBUGS>
</TRAVELBUGS>
<URL><![CDATA[]]></URL>
<SOLVER><![CDATA[]]></SOLVER>
    <CACHE  name = "Der Siebenm&#252;hlenbach #04 - Die Marktm&#252;hle" owner = "Gollum &amp; Galadriel" lat = "51,163433333333" lon = "10,42185" hidden = "2009-10-06" wayp = "GC1Z7ZY" status = "" ocCacheID = "" lastSyncOC = "20100419225113" num_recommended = "0" num_found = "-1" attributesYes = "34364590082" attributesNo = "0" boolFields="1922" byteFields="33689354" attributesYes1 = "0" attributesNo1 = "0" />
</CACHEDETAILS>
