<?xml version="1.0" encoding="ISO-8859-1"?>
<CACHEDETAILS>
<VERSION value = "3"/>
<DETAILS><![CDATA[<br><b>Der Siebenmühlenbach</b><br />
ist der Seebach, welcher unterhalb des Ortes Seebach in die Unstrut
mündet. An ihm sind neun Mühlen auszumachen, sieben davon stehen in
der ehemaligen Vogtey Dorla. Westlich von Oberdorla liegen die
Quellen des Melchiorbrunnens, des großen und kleinen Kainsprung und
200 Meter nördlich dieser drei Quellen die Dittelhainsquelle.
Dieses Quellgebiet hat reichlich Überläufer, welche dann den
Siebenmühlenbach bilden. Auf wenigen Kilometern seines Laufes trieb
der fleißige Seebach sieben Mühlen, wodurch sein Name entstand.
Diese Mühlen tragen die Namen Riedmühle, Zengsmühle, Probst- oder
Kompstmühle, Markt- oder Knüttelsmühle, Wiesenmühle, Grundmühle und
Dorfmühle. Um den steten Lauf des Wassers zu nutzen, wurde bei Tag
und Nacht gearbeitet. Somit waren die Müller neben den
Nachtwächtern die ersten Schichtarbeiter im Dorfe. Bei längerer
Trockenheit ließ die Kraft des Baches nach, die Mühlen standen
still. Um dem Abhilfe zu schaffen, ließen sich die Müller gemeinsam
einen kleinen Stau zwischen Melchiorbrunnen und Riedmühle bauen.
Nun konnte jeder, abwechselnd und stundenweise, mahlen.<br />
<br />
<b>Die Dorfmühle</b><br />
befindet sich mitten in Niederdorla. Ihren Namen hat sie wohl von
ihrer zentralen Lage. Die Zuführung des Mühlgrabens gleicht einem
Kunstwerk. Das Wasser läuft über eine Brücke (s. <a href=
"http://www.geocaching.com/seek/cache_details.aspx?guid=4b865765-c01f-43eb-9904-bcba252ab1fa">
GC1X1KN</a>) und unterquert mehrfach die Straße, ehe es das
Wasserrad erreicht. Die Mühle ist technische bestens ausgestattet.
Es gehört eine Silo-Anlage dazu, um Getreide und Mehl
zwischenzulagern. Leider hat aber auch diese Mühle das Mahlen
eingestellt.<br />
<img src=
"http://img.geocaching.com/cache/9eb73fd7-74fd-4380-b2af-182619f7becc.jpg" />
<br />
<b>Daten</b><br />
Mahltechnik: Mühlsteine-Walzenstuhl<br />
Wassergefälle: 4,0 m<br />
Rad-Durchmesser: 3,2 m<br />
Rad-Breite: 1,0 m zweites Rad 0,8 m<br />
Anzahl Schaufeln: 44<br />
Anzahl Räder: 1 ober- und 1 unterschlächtiges<br />
Leistung am Rad: 7,5-8 KW bei 15-20 U/min<br />
Zusatzantriebe: Francis-Turbine, Diesel, E-Motor<br />
<br />
<b>Cache</b><br />
Dieser Cache gehört zur Serie "Der Siebenmühlenbach". Die Serie
besteht aus den sieben Mühlencaches GC1Z7YY, GC1Z7ZB, GC1Z7ZE,
GC1Z7ZY, GC1Z808, GC1Z80H, GC1Z80Y und dem Bonuscache GC1Z81G. Im
Logbuch findet ihr jeweils eine Zahl für den Bonus. Riedmühle und
Bonus liegen gute 3 km auseinander, es ist also keine Runde!<br />]]></DETAILS>
<COUNTRY><![CDATA[Germany]]></COUNTRY>
<STATE><![CDATA[Thüringen]]></STATE>
<ATTRIBUTES>
   <ATT>bicycles-yes.gif</ATT>
   <ATT>stroller-yes.gif</ATT>
   <ATT>kids-yes.gif</ATT>
   <ATT>parking-yes.gif</ATT>
   <ATT>wheelchair-yes.gif</ATT>
   <ATT>dogs-yes.gif</ATT>
   <ATT>motorcycles-yes.gif</ATT>
</ATTRIBUTES>
<HINTS><![CDATA[ebgjrvß]]></HINTS>
<LOGS>
<OWNLOGID></OWNLOGID>
<OWNLOG><![CDATA[]]></OWNLOG>
<LOG><![CDATA[<img src='icon_smile.gif'>&nbsp;2010-04-10 by emacs2003<br><br />dank Hinweis gleich gefunden<br />]]></LOG>
<LOG><![CDATA[<img src='icon_smile.gif'>&nbsp;2010-04-10 by diekuschis<br><br />Auf unserer heutigen Mühlentour unter den Augen frühlingsputzwütiger Muggles gefunden.  <img src='http://www.geocaching.com/images/icons/icon_smile_cool.gif' border=0 align=middle><br>TFTC<br />]]></LOG>
<LOG><![CDATA[<img src='icon_smile.gif'>&nbsp;2010-04-04 by butzi<br><br />Man ist ja gleich auf den Riesenfrosch fixiert. Doch ganz so einfach ist es nun doch nicht...<br>TFTC  -  Butzi<br />]]></LOG>
<LOG><![CDATA[<img src='icon_smile.gif'>&nbsp;2010-04-04 by Die_Unstrut-Hainis<br><br />Gemeinsam mit Magi007 geloggt.<br>TFTC<br>Die_Unstrut-Hainis<br />]]></LOG>
<LOG><![CDATA[<img src='icon_smile.gif'>&nbsp;2010-04-04 by Magi007<br><br />Sehr schnell gefunden<br>TFTC<br />]]></LOG>
<LOG><![CDATA[<img src='icon_smile.gif'>&nbsp;2010-04-04 by Sascha75<br><br />Das Offensichtliche wird gern übersehen.<br />]]></LOG>
<LOG><![CDATA[<img src='icon_smile.gif'>&nbsp;2010-04-03 by Pirolina<br><br />schöne Dose oder was soll man dazu sagen *grübel* Sehr schöner Ort - Danke fürs Zeigen - Pirolina<br />]]></LOG>
<LOG><![CDATA[<img src='icon_smile.gif'>&nbsp;2010-04-03 by FeuerFloh<br><br />Nach dem Mittelpunkt von Deutschland diesen besucht und gefunden (16:20 Uhr).<br>Das war für mich eine neue Versteckvariante gewesen <img src='http://www.geocaching.com/images/icons/icon_smile.gif' border=0 align=middle><br>Zum Glück ist der große Frosch in der Nähe nicht vor unser Auto gesprungen <img src='http://www.geocaching.com/images/icons/icon_smile_wink.gif' border=0 align=middle><p>Danke für das Herloggen sagt <font color="red">FeuerFloh</font> (#187)<br />]]></LOG>
<LOG><![CDATA[<img src='icon_smile.gif'>&nbsp;2010-04-02 by thegorbi<br><br />Heute auf einer Radtour alle Mühlen des Siebenmühlenbachs besucht. Herrlicher Sonnenschein und eine schöne Runde ergaben zusammen einen riesigen Spaß.<p>thegorbi sagt herzlichen Dank<br />]]></LOG>
<LOG><![CDATA[<img src='icon_smile.gif'>&nbsp;2010-03-28 by gloomy<br><br />Und schon waren die Koordinaten für den Bonus komplett. VG und Danke, gloomy!<br />]]></LOG>
<LOG><![CDATA[<img src='icon_smile.gif'>&nbsp;2010-03-28 by saheimast<br><br />Fix gefunden trotz kurz vorm Hungertod, gemeinsam mit Fhuti und  Satchmo...TFTC<br />]]></LOG>
<LOG><![CDATA[<img src='icon_smile.gif'>&nbsp;2010-03-28 by Fhuti83<br><br />Schöner Cache. Schnell gefunden und gelogt. Unterwegs mit satchmo77 und saheimast. TFTC<br />]]></LOG>
<LOG><![CDATA[<img src='icon_smile.gif'>&nbsp;2010-03-28 by Satchmo77<br><br />Auf einer ausgedehnten Tour durch das Mühlhausener Umland mit Fhuti83 und Saheimast auch diesen geloggt. TFTC<br />]]></LOG>
<LOG><![CDATA[<img src='icon_smile.gif'>&nbsp;2010-03-18 by HeiligerJoghurt<br><br />tolles Versteck<br>Danke fürs Suchen<br><br />]]></LOG>
<LOG><![CDATA[<img src='icon_smile.gif'>&nbsp;2010-03-11 by hekebe18<br><br /><img src='http://www.geocaching.com/images/icons/icon_smile_big.gif' border=0 align=middle>  Trotz beginnender Dunkelheit schnell noch geloggt. Cachebehälter ist super.<br>TFTC hekebe18<br />]]></LOG>
<LOG><![CDATA[<img src='icon_smile.gif'>&nbsp;2010-02-06 by beagle67<br><br />Heute auf Tour mit Axel und unserem Beagle gewesen. Nettes Versteck für einen schnellen Cach zwischendurch, der sich auch noch originell präsentiert.<br>---06.02.2010---15.30Uhr--<br>TFTC<br />]]></LOG>
<LOG><![CDATA[<img src='icon_smile.gif'>&nbsp;2010-01-23 by Jon&amp;Liz<br><br />#140<p>6te und für heute die letzte Station der Mühlenserie in Dorla.<p>Cachebehälter optimal getarnt aber schwierig aufzubekommen!<p>Vielen Dank! Jon & Liz<br><br />]]></LOG>
<LOG><![CDATA[<img src='icon_smile.gif'>&nbsp;2010-01-07 by rageracer<br><br />Heute auf kleiner abendlicher Cache-Tour mit Gastcacher Jörgi <br>auch diesen Cache schnell gefunden. Eigentlich waren wir uns schon vorher<br>sicher das er dort ist, dank des Hints.<br>Übrigens ein sehr schöner Cachebehälter, hat mir gut gefallen! <img src='http://www.geocaching.com/images/icons/icon_smile_cool.gif' border=0 align=middle><p>rageracer --- 07.01.10 --- 20.25 Uhr<p>TFTC<br />]]></LOG>
<LOG><![CDATA[<img src='icon_smile.gif'>&nbsp;2009-12-29 by Schippi38<br><br />Auf der gemeinsamen Jahresabschlußtour mit Geofutz<br>gut und schnell gefunden.<p>Danke sagt Schippi38!<br />]]></LOG>
<LOG><![CDATA[<img src='icon_smile.gif'>&nbsp;2009-12-27 by hblack<br><br />Zusammen mit G Spot (beim abendlichen Streifzug durch die beiden "Dorlas") nach kurzer Suche gefunden. T4T$!<br />]]></LOG>
<LOG><![CDATA[<img src='icon_smile.gif'>&nbsp;2009-12-27 by fwsmily<br><br />Gegen 23 Uhr mit der Gast schnell und gut gefunden bin !<br />]]></LOG>
<LOG><![CDATA[<img src='icon_smile.gif'>&nbsp;2009-12-27 by Grottenolm87<br><br />Heute auf kleiner Nachmittagstour gefunden. TFTC<p>Der Grottenolm<br />]]></LOG>
<LOG><![CDATA[<img src='icon_smile.gif'>&nbsp;2009-12-19 by Hausmeisterei<br><br />Schönes Fleckchen, Dank dem Owner!<br />]]></LOG>
<LOG><![CDATA[<img src='icon_smile.gif'>&nbsp;2009-12-12 by mediamarkt1990<br><br />Schnell und Super gefunden TFTC<br />]]></LOG>
<LOG><![CDATA[<img src='icon_smile.gif'>&nbsp;2009-12-12 by Hardcore-UH<br><br />schnell und gut gefunden<br>TFTC<br />]]></LOG>
<LOG><![CDATA[<img src='icon_smile.gif'>&nbsp;2009-12-06 by Kruemel68<br><br />Die Spannung stieg, der letzte vor dem Bonus. Auch hier fanden wir wieder einen gut getarnten Cache....<p>Danke dafür...<p>Christel & Stefan<br />]]></LOG>
<LOG><![CDATA[<img src='icon_smile.gif'>&nbsp;2009-11-30 by Rosenquartett<br><br />gut und schnell gefunden. es regnete in strömen. als ich gerade beim loggen war öffneten sich ringsherum alle autotüren und die bauarbeiter beendeten ihre mittagspause. uff! <br>danke fürs zeigen und grüße<br />]]></LOG>
<LOG><![CDATA[<img src='icon_smile.gif'>&nbsp;2009-11-22 by GeoSittiche<br><br />Auf der Mühlenrunde den Cache,der mit perfekter Tarnung sich ins Ambiente ein passt,<br>gut gefunden.Ein Meisterwerk ist auch der Frosch,wie wir meinen.<br>TFTC<br>die GeoSittiche <br />]]></LOG>
<LOG><![CDATA[<img src='icon_smile.gif'>&nbsp;2009-11-21 by fox-hunter_I<br><br />Auf dem Weg zum Samstag Kaffeekränzchen bei Muttern und Vadder schon im Vorbeifahren gesehen (im Rückspiegel des cache-mobiles ;-) und dann auf dem Rückweg in schönes Dunkelheit gelogt...TFTC .... und weiter gehts zur Riedmühle und zum Bonus ... <br>Gruß<br>Fox-hunter_I und bis Montag ihr Beiden!<br />]]></LOG>
<LOG><![CDATA[<img src='icon_smile.gif'>&nbsp;2009-11-14 by ISI69<br><br />TFTC - Heute auf Thüringen Tour mit Brabus74 gut gefunden und schnell geloggt<br />]]></LOG>
<LOG><![CDATA[<img src='icon_smile.gif'>&nbsp;2009-11-14 by Brabus74<br><br />TFTC - Heute auf Thüringen Tour mit ISI69 gut gefunden und gelogged. Brabus74<br />]]></LOG>
<LOG><![CDATA[<img src='icon_smile.gif'>&nbsp;2009-11-01 by Bara68<br><br />Hier wartete ein handwerklich gut gemachter Behälter auf mich. Obwohl nebenan Kinder spielten konnte ich den Behälter problemlos finden und unbemerkt wieder ins Versteck zurück befördern. Bara68<br />]]></LOG>
<LOG><![CDATA[<img src='icon_smile.gif'>&nbsp;2009-10-31 by DerkleineKallimunkel<br><br />...unterwegs mit den Kallimunkels...<br>Danke sagt DkK<br />]]></LOG>
<LOG><![CDATA[<img src='icon_smile.gif'>&nbsp;2009-10-31 by kallimunkel<br><br />Super schneller Drive in! Danke sagen die Kallimunkels<br />]]></LOG>
<LOG><![CDATA[<img src='icon_smile.gif'>&nbsp;2009-10-31 by dop3<br><br />als vorletztes unserer Mühlentour schnell davor angehalten und geloggt. dann ging es nochmal ab zu #1<br>TFTC<br />]]></LOG>
<LOG><![CDATA[<img src='icon_smile.gif'>&nbsp;2009-10-25 by Ullina<br><br />Dies ist der Drive-In der Mühlenserie. Mit dem Auto rangefahren, Karo ist raus, hat den Cache zum loggen ins Auto geholt, hat ihn dann wieder versteckt. Mit der letzten Zahl für den Bonus die Koords berechnet und weiter ging die Fahrt zum Bonuscache.<br> 	<img src='http://www.geocaching.com/images/icons/icon_smile_big.gif' border=0 align=middle> Ullina<br />]]></LOG>
<LOG><![CDATA[<img src='icon_smile.gif'>&nbsp;2009-10-25 by Karolli<br><br />Zusammen mit Ullina die Mühlenserie besucht!<br>Ein schöner Drive-In! Schnell geloggt und weiter geht's zum Bonus!<br>TFTC<br />]]></LOG>
<LOG><![CDATA[<img src='icon_smile.gif'>&nbsp;2009-10-23 by Hor_andy<br><br /><br>Zusammen mit Traveler77 mal endlich Zeit gefunden die vielen neuen Caches anzugehen.<br>Der ging auch aus dem Auto heraus.<br>TFTC<br><br />]]></LOG>
<LOG><![CDATA[<img src='icon_smile.gif'>&nbsp;2009-10-23 by Traveler77<br><br />Im Team mit Hor_Andy konnte sich das "Döslein" nicht lange verbergen. <img src='http://www.geocaching.com/images/icons/icon_smile_wink.gif' border=0 align=middle> TFTC<br />]]></LOG>
<LOG><![CDATA[<img src='icon_smile.gif'>&nbsp;2009-10-21 by Knuellfuchs<br><br />Gut und schnell gefunden. Danke für`s Verstecken. Der Knüllfuchs<br />]]></LOG>
<LOG><![CDATA[<img src='icon_smile.gif'>&nbsp;2009-10-21 by uhri<br><br />Das schöne Wetter am Nachmittag noch mal genutzt um den Mühlencache anzugehen.<br>Schickes Versteck.<br>TFTC Uhri<br />]]></LOG>
<LOG><![CDATA[<img src='icon_smile.gif'>&nbsp;2009-10-16 by GeoXpedition<br><br />War schnell endeckt.<p>TFTC<br />]]></LOG>
<LOG><![CDATA[<img src='icon_smile.gif'>&nbsp;2009-10-14 by fianna<br><br />Auf der Fahrt zum Event ahnten Pixie und ich schon furchtbares. Den ganzen Tag Regen, denn wir fuhren vor dem Regen her.<br>In Seebach trafen wir auf das altbewährte "The Summer Is Magic!-TourTeam 2009 " (Team Fribu70 & Schnuba77,Pixie07, Hoffis und spät ThomasM80). Man ging mit etwas regnerischer Stimmung<br>an das Geocachetagwerk Die Regenpause beim Event „Haus am See“ wurde für einige Caches in der<br>Umgebung benutzt. Vielen Dank bis bald im Wald - fianna -<br><br />]]></LOG>
<LOG><![CDATA[<img src='icon_smile.gif'>&nbsp;2009-10-12 by coolbahia<br><br />Na das war ja mal ein geniales Versteck.<br>Mussten vor dem Heben aber erst warten bis sich<br>die Horde Muggel davor verzogen hatte.<br>TFTC coolbahia<br />]]></LOG>
<LOG><![CDATA[<img src='icon_smile.gif'>&nbsp;2009-10-10 by two rubsners<br><br />Ganz vergessen auch diesen Cache zu loggen.TFTC<br />]]></LOG>
<LOG><![CDATA[<img src='icon_smile.gif'>&nbsp;2009-10-10 by Vista-Freund<br><br />Ein einfaches Versteck, ein drive in so zu sagen. <img src='http://www.geocaching.com/images/icons/icon_smile_wink.gif' border=0 align=middle> Aber ein schöner Cachebehälter war’s. <img src='http://www.geocaching.com/images/icons/icon_smile_big.gif' border=0 align=middle> <br>Vielen Danke für den Cache sagt Vista-Freund.<br><br />]]></LOG>
<LOG><![CDATA[<img src='icon_smile.gif'>&nbsp;2009-10-10 by water&amp;sun<br><br />Ein richtig gut gemachter fixer Drive-in! Genau richtig bei mistigem Wetter. Vielen Dank und herzliche Grüße aus Jena.<br />]]></LOG>
<LOG><![CDATA[<img src='icon_smile.gif'>&nbsp;2009-10-10 by pixie07<br><br />Mit fianna, dem Team Fribu70 & Schnuba77 und den Feldbahnern ging es heute bei meist regnerischem Wetter zum "Haus am See"-Event.<br>Nachmittags ließ der Regen nach, da brachen wir und einige andere zu dieser interessanten Reihe auf, deren Listings vieles über Technik und Geschichte der Mühlen zu bieten haben - toll gemacht, sowas gefällt mir sehr!<br>Weiter durch Niederdorla mit interessanten Ansichten und Fachwerkhäusern. Dieses Versteck war dank dem Hint schon von weitem auszumachen, die Dose schnell geborgen.<br>Vielen Dank,<br>pixie07<br />]]></LOG>
<LOG><![CDATA[<img src='icon_smile.gif'>&nbsp;2009-10-10 by Feldbahner<br><br />Während des Events haben wir zusammen mit anderen Cachern die Chance genutzt, um in der regenfreien Zeit diese schöne Serie zu suchen.<br>Mit uns auf der Suche waren Fianna, Pixie07, Team fire & ice, Eichsgenossen, Team Fribu70 & Schnuba77 und Kaputtes Licht.<br>Bei so einer geballten Menge an erfahrenen Cachern konnte gar nichts mehr schief gehen und so haben wir den Cache schnell gefunden!<p>TFTC<br>die Feldbahner<br />]]></LOG>
<LOG><![CDATA[<img src='icon_smile.gif'>&nbsp;2009-10-10 by Team Fire &amp; Ice<br><br />Gemeinsam mit Hondje Amanda waren wir heute hier beim Stammtisch.<p>Im großen Team ging es von dort aus zur Mühlenserie. Schöne Verstecke und interessante Microdosen erwarteten uns hier. <img src='http://www.geocaching.com/images/icons/icon_smile_big.gif' border=0 align=middle><p>Vielen Dank und Grüße<p>Team Fire & Ice<br>Steffi und Heiko<br />]]></LOG>
<LOG><![CDATA[<img src='icon_smile.gif'>&nbsp;2009-10-10 by Hondje Amanda<br><br />Auf Eventtour hier gewesen, und zwischendurch noch diese Serie be- und gesucht. <br>TFTC<p>Hondje Amanda <img src='http://www.geocaching.com/images/icons/icon_smile_kisses.gif' border=0 align=middle><br />]]></LOG>
<LOG><![CDATA[<img src='icon_smile.gif'>&nbsp;2009-10-10 by Team Fribu70 &amp; Schnuba77<br><br /><b><font> <font face="comic sans ms">Während des Events haben wir zusammen mit anderen Cachern die Chance genutzt, um in der regenfreien Zeit diese schöne Serie zu suchen.<br>Mit uns auf der Suche waren Fianna, Pixie07, Team fire & ice, Eichsgenossen, die Feldbahner und Kaputtes Licht.<br>Bei so einer geballten Menge an erfahrenen Cachern konnte hier ja nichts schief gehen und so haben wir den Cache schnell gefunden!<p>Vielen Dank für den schönen Cache und viele Grüße</b><p><b><font><br>T<font color="blue">e</font><font color="red">a</font><font color="purple">m</font> <font color="pink">F</font><font color="orange">r</font><font color="yellow">i</font><font color="green">b</font><font color="black">u</font><font color="blue">7</font><font color="red">0</font> <font color="purple">&</font> <font color="pink">S</font><font color="orange">c</font><font color="yellow">h</font><font color="green">n</font><font color="black">u</font><font color="blue">b</font><font color="red">a</font><font color="purple">7</font><font color="orange">7</font><br>Found with Cachebox!<br></b><br />]]></LOG>
<LOG><![CDATA[<img src='icon_smile.gif'>&nbsp;2009-10-10 by Eichsgenossen<br><br />Wärend einer Regenpause mit mehreren Teams losgezogen um diese Mühle und den zugehörigen Cache aufzusuchen.Sehr schöne Tarnung....<br>Danke dem Owner für's Zeigen dieser Lokation und dieser Serie.Weiter gehts zur Nächsten....<br>Herzl.Grüße sagt Winfried/Eichsgenossen<br />]]></LOG>
<LOG><![CDATA[<img src='icon_smile.gif'>&nbsp;2009-10-10 by KaputtesLicht<br><br />Vom Stammtisch aus in kleiner Gruppe zu dieser tollen Serie aufgebrochen! Vielen Dank fürs zeigen!<br />]]></LOG>
<LOG><![CDATA[<img src='icon_smile.gif'>&nbsp;2009-10-10 by geofutz<br><br />Auf dem Weg zum Event noch schnell mitgenommen.<br><font color="blue">Danke für <b># 1153 </b></font><br><font color="green"><b><i>Gruß aus dem Eichsfeld und BYE Geofutz. <img src='http://www.geocaching.com/images/icons/icon_smile_wink.gif' border=0 align=middle></i></b></font><br><br />]]></LOG>
<LOG><![CDATA[<img src='icon_smile.gif'>&nbsp;2009-10-08 by David+Chrissi<br><br />Gestern entdeckt und heute gleich los und eine schöne Tour durch Ober- und Niederdorla gemacht.<br>Danke fürs zeigen.<br>TFTC<br>Davd+Chrissi<br />]]></LOG>
<LOG><![CDATA[<img src='icon_smile.gif'>&nbsp;2009-10-07 by Hoffi1986<br><br />Angehalten, abgeschnallt und losgerannt! <img src='http://www.geocaching.com/images/icons/icon_smile_big.gif' border=0 align=middle><br>War das ein Spaß, aber ich hatte ihn zuerst.<br>TFTC<br />]]></LOG>
<LOG><![CDATA[<img src='icon_smile.gif'>&nbsp;2009-10-07 by Rumpel&amp;Schw&#228;rzchen<br><br />Bei diesem Mühlencache musste ich ein wenig warten, denn zu viele Muggels waren hier unterwegs. Aber dann war das tolle Versteck entdeckt, hat mir gefallen.<p>TFTC sagt der Rumpel (vom R&S Team).<p># 704 / 07.10.2009 14:20<br />]]></LOG>
<LOG><![CDATA[<img src='icon_smile.gif'>&nbsp;2009-10-07 by Mueckenfett<br><br />Station 7 der Serie war schnell entdeckt.<br>Tom<br />]]></LOG>
<LOG><![CDATA[<img src='icon_greenlight.gif'>&nbsp;2009-10-06 by Servatius Sebaldus<br><br />Published<br />]]></LOG>
</LOGS>
<NOTES><![CDATA[]]></NOTES>
<IMAGES>
    <IMG>gc1z80y_0.jpg<URL>http://img.geocaching.com/cache/9eb73fd7-74fd-4380-b2af-182619f7becc.jpg</URL></IMG>
    <IMG>GC1Z80Y_0.jpg<URL>http://img.geocaching.com/cache/9eb73fd7-74fd-4380-b2af-182619f7becc.jpg</URL></IMG>
    <IMGTEXT>GC1Z80Y_0</IMGTEXT>
    <IMGTEXT>Dorfm&#252;hle</IMGTEXT>
</IMAGES>
<TRAVELBUGS>
</TRAVELBUGS>
<URL><![CDATA[]]></URL>
<SOLVER><![CDATA[]]></SOLVER>
    <CACHE  name = "Der Siebenm&#252;hlenbach #07 - Die Dorfm&#252;hle" owner = "Gollum &amp; Galadriel" lat = "51,16115" lon = "10,444966666667" hidden = "2009-10-06" wayp = "GC1Z80Y" status = "" ocCacheID = "" lastSyncOC = "20100419224829" num_recommended = "0" num_found = "-1" attributesYes = "2233387845634" attributesNo = "0" boolFields="1922" byteFields="33688074" attributesYes1 = "0" attributesNo1 = "0" />
</CACHEDETAILS>
