<?xml version="1.0" encoding="ISO-8859-1"?>
<CACHEDETAILS>
<VERSION value = "3"/>
<DETAILS><![CDATA[<br><b>Der Siebenmühlenbach</b><br />
ist der Seebach, welcher unterhalb des Ortes Seebach in die Unstrut
mündet. An ihm sind neun Mühlen auszumachen, sieben davon stehen in
der ehemaligen Vogtey Dorla. Westlich von Oberdorla liegen die
Quellen des Melchiorbrunnens, des großen und kleinen Kainsprung und
200 Meter nördlich dieser drei Quellen die Dittelhainsquelle.
Dieses Quellgebiet hat reichlich Überläufer, welche dann den
Siebenmühlenbach bilden. Auf wenigen Kilometern seines Laufes trieb
der fleißige Seebach sieben Mühlen, wodurch sein Name entstand.
Diese Mühlen tragen die Namen Riedmühle, Zengsmühle, Probst- oder
Kompstmühle, Markt- oder Knüttelsmühle, Wiesenmühle, Grundmühle und
Dorfmühle. Um den steten Lauf des Wassers zu nutzen, wurde bei Tag
und Nacht gearbeitet. Somit waren die Müller neben den
Nachtwächtern die ersten Schichtarbeiter im Dorfe. Bei längerer
Trockenheit ließ die Kraft des Baches nach, die Mühlen standen
still. Um dem Abhilfe zu schaffen, ließen sich die Müller gemeinsam
einen kleinen Stau zwischen Melchiorbrunnen und Riedmühle bauen.
Nun konnte jeder, abwechselnd und stundenweise, mahlen.<br />
<br />
<b>Die Probstmühle</b><br />
ist die älteste Mühle des Dorfes. Sie gehörte zum Stift Peter und
Paul, also dem Probst, dem obersten aller Mönche. Die Mühle hat
keine Wohnräume. Sie befindet sich in einem herrlichen Fachwerkbau.
Die technische Einrichtung wurde nach einem Brand 1947
erneuert.<br />
<img src=
"http://img.geocaching.com/cache/a7254325-a20e-4b39-87ba-9720d18f722b.jpg" />
<br />
<b>Daten</b><br />
Mahltechnik: Mühlsteine-Walzenstuhl<br />
Wassergefälle: 3,8 m<br />
Rad-Durchmesser: 3,0 m<br />
Rad-Breite: 1,2 m<br />
Anzahl Schaufeln: 40<br />
Anzahl Räder: 1 oberschlächtiges<br />
Leistung am Rad: 8,5-9 KW bei 15-18 U/min<br />
Zusatzantriebe: Dampfturbine, Diesel, E-Motor<br />
<br />
<b>Cache</b><br />
Dieser Cache gehört zur Serie "Der Siebenmühlenbach". Die Serie
besteht aus den sieben Mühlencaches GC1Z7YY, GC1Z7ZB, GC1Z7ZE,
GC1Z7ZY, GC1Z808, GC1Z80H, GC1Z80Y und dem Bonuscache GC1Z81G. Im
Logbuch findet ihr jeweils eine Zahl für den Bonus. Riedmühle und
Bonus liegen gute 3 km auseinander, es ist also keine Runde!<br />]]></DETAILS>
<COUNTRY><![CDATA[Germany]]></COUNTRY>
<STATE><![CDATA[Thüringen]]></STATE>
<ATTRIBUTES>
   <ATT>bicycles-yes.gif</ATT>
   <ATT>stroller-yes.gif</ATT>
   <ATT>kids-yes.gif</ATT>
   <ATT>parking-yes.gif</ATT>
   <ATT>wheelchair-yes.gif</ATT>
   <ATT>dogs-yes.gif</ATT>
   <ATT>motorcycles-yes.gif</ATT>
</ATTRIBUTES>
<HINTS><![CDATA[zntargvfpu, Ubuyenhz, AbeqBfg]]></HINTS>
<LOGS>
<OWNLOGID></OWNLOGID>
<OWNLOG><![CDATA[]]></OWNLOG>
<LOG><![CDATA[<img src='icon_smile.gif'>&nbsp;2010-04-10 by emacs2003<br><br />lange gesucht, genial versteckt<br />]]></LOG>
<LOG><![CDATA[<img src='icon_smile.gif'>&nbsp;2010-04-10 by diekuschis<br><br />Auf unserer heutigen Mühlentour gefunden.<br>TFTC<br />]]></LOG>
<LOG><![CDATA[<img src='icon_smile.gif'>&nbsp;2010-04-04 by Sebi2010<br><br />nach dem 5. Anlauf....<br />]]></LOG>
<LOG><![CDATA[<img src='icon_smile.gif'>&nbsp;2010-04-02 by thegorbi<br><br />Heute auf einer Radtour alle Mühlen des Siebenmühlenbachs besucht. Herrlicher Sonnenschein und eine schöne Runde ergaben zusammen einen riesigen Spaß.<p>thegorbi sagt herzlichen Dank<br />]]></LOG>
<LOG><![CDATA[<img src='icon_smile.gif'>&nbsp;2010-03-28 by gloomy<br><br />Hier war es schon komplizierter, ungesehen ans Ziel zu gelangen. VG und Danke, gloomy!<br />]]></LOG>
<LOG><![CDATA[<img src='icon_smile.gif'>&nbsp;2010-03-28 by saheimast<br><br />Fix gefunden trotz kurz vorm Hungertod, gemeinsam mit Fhuti und  Satchmo...TFTC<br />]]></LOG>
<LOG><![CDATA[<img src='icon_smile.gif'>&nbsp;2010-03-28 by Satchmo77<br><br />Auf einer ausgedehnten Tour durch das Mühlhausener Umland mit Fhuti83 und Saheimast auch diesen geloggt. TFTC<br />]]></LOG>
<LOG><![CDATA[<img src='icon_smile.gif'>&nbsp;2010-03-28 by Fhuti83<br><br />Schöner Cache. Schnell gefunden und gelogt. Unterwegs mit satchmo77 und saheimast. TFTC<br />]]></LOG>
<LOG><![CDATA[<img src='icon_smile.gif'>&nbsp;2010-03-21 by Wickeda87<br><br />Und weiter geht's...<br />]]></LOG>
<LOG><![CDATA[<img src='icon_smile.gif'>&nbsp;2010-03-11 by rageracer<br><br />Heute auf kleiner Tour mit Jörgi den ersten des Abends schnell gefunden.<p>#96 --- 11.03.2010 --- 18.45 Uhr<p>TFTC<br />]]></LOG>
<LOG><![CDATA[<img src='icon_smile.gif'>&nbsp;2010-03-07 by hekebe18<br><br /> 	<img src='http://www.geocaching.com/images/icons/icon_smile_big.gif' border=0 align=middle> Bei schönem Wetter einen Ausflug gemacht und hier schnell mal geloggt.<br>TFTC hekebe18<br />]]></LOG>
<LOG><![CDATA[<img src='icon_smile.gif'>&nbsp;2010-02-06 by beagle67<br><br />Heute auf Tour mit Axel und unserem Beagle gewesen. Nach kurzer Sucherei doch schnell gefunden. Bei dem heutigen Wetter fast alles muggelfrei. Schönes Versteck für einen Cach zwischendurch.<br>---06.02.2010---15.05Uhr--<br>TFTC<br />]]></LOG>
<LOG><![CDATA[<img src='icon_smile.gif'>&nbsp;2010-01-23 by Jon&amp;Liz<br><br />#137<p>3te Station der Mühlenserie in Dorla.<p>Vielen Dank! Jon & Liz<br />]]></LOG>
<LOG><![CDATA[<img src='icon_smile.gif'>&nbsp;2009-12-29 by Schippi38<br><br />Auf der gemeinsamen Jahresabschlußtour mit Geofutz<br>gut und schnell gefunden.<p>Danke sagt Schippi38!<br />]]></LOG>
<LOG><![CDATA[<img src='icon_enabled.gif'>&nbsp;2009-12-29 by Gollum &amp; Galadriel<br><br />Da waren Besserverstecker am Werk. Man sollte die Dose schon wieder da verstecken, wo man sie findet.<br>Jetzt passt es mit dem Spoiler wieder.<br> <br />]]></LOG>
<LOG><![CDATA[<img src='icon_disabled.gif'>&nbsp;2009-12-28 by Gollum &amp; Galadriel<br><br />Kontrolle fällig<br />]]></LOG>
<LOG><![CDATA[<img src='icon_smile.gif'>&nbsp;2009-12-27 by hblack<br><br />Zusammen mit G Spot (beim abendlichen Streifzug durch die beiden "Dorlas") nach ausgiebiger Suche gefunden. T4T$!<br />]]></LOG>
<LOG><![CDATA[<img src='icon_sad.gif'>&nbsp;2009-12-27 by two rubsners<br><br />Trotz Hint war der Cache nicht auffundbar, ist wohl weg. Aber wir kommen wieder.<br />]]></LOG>
<LOG><![CDATA[<img src='icon_sad.gif'>&nbsp;2009-12-27 by Grottenolm87<br><br />Leider konnten wir diesen Cache nicht finden, da er auch nach erneuter Überprüfung mit Spoilerbild augenscheinlich nicht da war. <br>Der Cache wird aber irgendwann nachgeholt.<br />]]></LOG>
<LOG><![CDATA[<img src='icon_smile.gif'>&nbsp;2009-12-12 by mediamarkt1990<br><br />Schnell und Super gefunden TFTC<br />]]></LOG>
<LOG><![CDATA[<img src='icon_smile.gif'>&nbsp;2009-12-12 by Hardcore-UH<br><br />schnell und gut gefunden<br>TFTC<br />]]></LOG>
<LOG><![CDATA[<img src='icon_smile.gif'>&nbsp;2009-12-06 by Kruemel68<br><br />Schön anzuschaun diese restaurierte Mühle. Und dann zum Cache. Hohlräume über Hohlräume....aber irgendwann hatten wir den richtigen erwischt.<p>Es grüßen<p>Christel & Stefan<br />]]></LOG>
<LOG><![CDATA[<img src='icon_smile.gif'>&nbsp;2009-11-21 by fox-hunter_I<br><br />Bei schönem Samstagwetter schnell gefunden und gelogt...TFTC ... und weiter gehts :-)<br>Gruß<br>und bis Montag, fox-hunter_I<br />]]></LOG>
<LOG><![CDATA[<img src='icon_smile.gif'>&nbsp;2009-11-11 by mnieft<br><br />Fühlte mich auch nur beobachtet in diesem Ort. Aber dann doch noch geloggt.<p>TFTC<br />]]></LOG>
<LOG><![CDATA[<img src='icon_smile.gif'>&nbsp;2009-11-07 by GeoSittiche<br><br />Ach war das ein nerviges Loggen,denn gerade als wir dort ankamen ging die Sirene los und ganz Oberdorla schaute aus dem Fenster.<br>Auch ohne Cache ist dieser Platz einen Besuch wert wegen der in takten Wasserradmechanik.Schönes Versteck.<br>TFTC<br>die GeoSittiche<br />]]></LOG>
<LOG><![CDATA[<img src='icon_smile.gif'>&nbsp;2009-11-01 by Bara68<br><br />Den 3. Cache hier konnte ich ohne Spoilerbild und ohne Muggels gut und sicher finden. Ein schön gestalteter Cachebehälter - leider etwas zu klein - wartet auf den nächsten Finder. Bara68<br />]]></LOG>
<LOG><![CDATA[<img src='icon_smile.gif'>&nbsp;2009-10-31 by DerkleineKallimunkel<br><br />...unterwegs mit den Kallimunkels...<br>Danke sagt DkK<br />]]></LOG>
<LOG><![CDATA[<img src='icon_smile.gif'>&nbsp;2009-10-31 by kallimunkel<br><br />...hier gesellten wir uns zu dop3 & sandra und gemeinsam taten wir unauffällig...<br>Grüße an dieser Stelle und Danke sagen die Kallimunkels<br />]]></LOG>
<LOG><![CDATA[<img src='icon_smile.gif'>&nbsp;2009-10-31 by dop3<br><br />fix Gefunden. am Versteck angekommen haben uns die Kallimunkels überrascht die die Mühlentour  rückwärts absolvierten.<p>TFTC <br />]]></LOG>
<LOG><![CDATA[<img src='icon_smile.gif'>&nbsp;2009-10-25 by Ullina<br><br />Auf unserer gemeinsamen Tour mit Karolli gefunden. Hier mussten wir etwas länger suchen und wurden dabei immer wieder von Muggeln gestört. Also sind der Fotoappartat und der Hund im Wasser doch ein super Alibi. 	<img src='http://www.geocaching.com/images/icons/icon_smile_wink.gif' border=0 align=middle><br>Ullina 	<img src='http://www.geocaching.com/images/icons/icon_smile_big.gif' border=0 align=middle><br />]]></LOG>
<LOG><![CDATA[<img src='icon_smile.gif'>&nbsp;2009-10-25 by Karolli<br><br />Zusammen mit Ullina die Mühlenserie besucht!<br>Hier mussten wir schon etwas länger suchen und als wir den Schatz endlich entdeckt hatten, reichte meine Fingerkraft irgendwie nicht mehr aus, so dass Olli den Schatz bergen musste.<br>Arni war wie immer im Wasser und Ina nur am Fotografieren!<br>TFTC <br />]]></LOG>
<LOG><![CDATA[<img src='icon_smile.gif'>&nbsp;2009-10-23 by Hor_andy<br><br /><br>Zusammen mit Traveler77 mal endlich Zeit gefunden die vielen neuen Caches anzugehen.<br>Durch Zufall fix entdeckt.<br>TFTC<br><br />]]></LOG>
<LOG><![CDATA[<img src='icon_smile.gif'>&nbsp;2009-10-23 by Traveler77<br><br />Im Team mit Hor_Andy konnte sich das "Döslein" nicht lange verbergen. <img src='http://www.geocaching.com/images/icons/icon_smile_wink.gif' border=0 align=middle> TFTC<br />]]></LOG>
<LOG><![CDATA[<img src='icon_smile.gif'>&nbsp;2009-10-22 by uhri<br><br />Auf Mühlentour auch diesen gut gefunden.<br>TFTC Uhri<br />]]></LOG>
<LOG><![CDATA[<img src='icon_smile.gif'>&nbsp;2009-10-21 by Knuellfuchs<br><br />Gut und schnell gefunden. Danke für`s Verstecken. <img src='http://www.geocaching.com/images/icons/icon_smile.gif' border=0 align=middle> Der Knüllfuchs<br />]]></LOG>
<LOG><![CDATA[<img src='icon_smile.gif'>&nbsp;2009-10-18 by Kammerf&#246;rster<br><br />Mal eine kleine Runde durch Oberdorla gedreht und immer mal wieder auf die Suche gegangen... ach ja!<p>Danke<br />]]></LOG>
<LOG><![CDATA[<img src='icon_smile.gif'>&nbsp;2009-10-14 by fianna<br><br />Auf der Fahrt zum Event ahnten Pixie und ich schon furchtbares. Den ganzen Tag Regen, denn wir fuhren vor dem Regen her.<br>In Seebach trafen wir auf das altbewährte "The Summer Is Magic!-TourTeam 2009 " (Team Fribu70 & Schnuba77,Pixie07, Hoffis und spät ThomasM80). Man ging mit etwas regnerischer Stimmung<br>an das Geocachetagwerk Die Regenpause beim Event „Haus am See“ wurde für einige Caches in der<br>Umgebung benutzt. Vielen Dank bis bald im Wald - fianna -<br><br />]]></LOG>
<LOG><![CDATA[<img src='icon_smile.gif'>&nbsp;2009-10-10 by pixie07<br><br />Mit fianna, dem Team Fribu70 & Schnuba77 und den Feldbahnern ging es heute bei meist regnerischem Wetter zum "Haus am See"-Event.<br>Nachmittags ließ der Regen nach, da brachen wir zu dieser interessanten Reihe auf, deren Listings vieles über Technik und Geschichte der Mühlen zu bieten haben - toll gemacht, sowas gefällt mir sehr!<br>Und weiter ging unsere Spazierfahrt durch Oberdorla. Dank Hint haben wir die Dose gut gefunden.<br>Vielen Dank,<br>pixie07<br />]]></LOG>
<LOG><![CDATA[<img src='icon_smile.gif'>&nbsp;2009-10-10 by Feldbahner<br><br />Während des Events haben wir zusammen mit anderen Cachern die Chance genutzt, um in der regenfreien Zeit diese schöne Serie zu suchen.<br>Mit uns auf der Suche waren Fianna, Pixie07, Team fire & ice, Eichsgenossen, Team Fribu70 & Schnuba77 und Kaputtes Licht.<br>Bei so einer geballten Menge an erfahrenen Cachern konnte gar nichts mehr schief gehen und so haben wir den Cache schnell gefunden!<p>TFTC<br>die Feldbahner<br><br />]]></LOG>
<LOG><![CDATA[<img src='icon_smile.gif'>&nbsp;2009-10-10 by Team Fire &amp; Ice<br><br />Gemeinsam mit Hondje Amanda waren wir heute hier beim Stammtisch.<p>Im großen Team ging es von dort aus zur Mühlenserie. Schöne Verstecke und interessante Microdosen erwarteten uns hier. <img src='http://www.geocaching.com/images/icons/icon_smile_big.gif' border=0 align=middle><p>Vielen Dank und Grüße<p>Team Fire & Ice<br>Steffi und Heiko<br />]]></LOG>
<LOG><![CDATA[<img src='icon_smile.gif'>&nbsp;2009-10-10 by Hondje Amanda<br><br />Auf Eventtour hier gewesen, und zwischendurch noch diese Serie be- und gesucht. <br>TFTC<p>Hondje Amanda <img src='http://www.geocaching.com/images/icons/icon_smile_kisses.gif' border=0 align=middle><br />]]></LOG>
<LOG><![CDATA[<img src='icon_smile.gif'>&nbsp;2009-10-10 by Team Fribu70 &amp; Schnuba77<br><br /><b><font> <font face="comic sans ms">Während des Events haben wir zusammen mit anderen Cachern die Chance genutzt, um in der regenfreien Zeit diese schöne Serie zu suchen.<br>Mit uns auf der Suche waren Fianna, Pixie07, Team fire & ice, Eichsgenossen, die Feldbahner und Kaputtes Licht.<br>Bei so einer geballten Menge an erfahrenen Cachern konnte hier ja nichts schief gehen und so haben wir den Cache schnell gefunden!<br>Unsere gefundene Abkürzung stellte sich leider als Sackgasse heraus.<p>Vielen Dank für den schönen Cache und viele Grüße</b><p><b><font><br>T<font color="blue">e</font><font color="red">a</font><font color="purple">m</font> <font color="pink">F</font><font color="orange">r</font><font color="yellow">i</font><font color="green">b</font><font color="black">u</font><font color="blue">7</font><font color="red">0</font> <font color="purple">&</font> <font color="pink">S</font><font color="orange">c</font><font color="yellow">h</font><font color="green">n</font><font color="black">u</font><font color="blue">b</font><font color="red">a</font><font color="purple">7</font><font color="orange">7</font><br>Found with Cachebox!<br></b><br />]]></LOG>
<LOG><![CDATA[<img src='icon_smile.gif'>&nbsp;2009-10-10 by Eichsgenossen<br><br />Wärend einer Regenpause beim Stammtisch ,mit mehreren Teams aufgebrochen um diese Mühle zu besuchen ..<br> Danke dem Owner für's Zeigen dieser Lokation und den Cache,-Und ab zur Nächsten.... <br>Herzl.Grüße sagt Winfried/Eichsgenossen<br><br />]]></LOG>
<LOG><![CDATA[<img src='icon_smile.gif'>&nbsp;2009-10-10 by geofutz<br><br />Nach dem Event diese Serie noch mal in Angriff genommen.<br>Leider von der falschen Seite angefahren, so also kein Drive-In.<br>Nach kurzem Spaziergang schnell gefunden.<p><font color="blue">Danke für <b># 1158 </b></font><br><font color="green"><b><i>Gruß aus dem Eichsfeld und BYE Geofutz. <img src='http://www.geocaching.com/images/icons/icon_smile_wink.gif' border=0 align=middle></i></b></font><br><br />]]></LOG>
<LOG><![CDATA[<img src='icon_smile.gif'>&nbsp;2009-10-10 by KaputtesLicht<br><br />Vom Stammtisch aus in kleiner Gruppe zu dieser tollen Serie aufgebrochen! Vielen Dank fürs zeigen!<br />]]></LOG>
<LOG><![CDATA[<img src='icon_smile.gif'>&nbsp;2009-10-08 by David+Chrissi<br><br />Gestern entdeckt und heute gleich los und eine schöne Tour durch Ober- und Niederdorla gemacht.<br>Haben hier den Telefonjoker ziehen müssen.Danke fürs zeigen.<br>TFTC<br>Davd+Chrissi<br />]]></LOG>
<LOG><![CDATA[<img src='icon_smile.gif'>&nbsp;2009-10-07 by Hoffi1986<br><br />Es klappert die Mühle am rauschenden bach, klippklapp! <img src='http://www.geocaching.com/images/icons/icon_smile_big.gif' border=0 align=middle><br>Ein Griff, wenn man das Spoilerbild zu verstehen weiss. <img src='http://www.geocaching.com/images/icons/icon_smile_tongue.gif' border=0 align=middle><br>TFTC<br />]]></LOG>
<LOG><![CDATA[<img src='icon_smile.gif'>&nbsp;2009-10-07 by Rumpel&amp;Schw&#228;rzchen<br><br />Nachdem ich zum 2. Mal hier war, konnte ich den Kleinen (mit ein bisschen Überlegen) finden, auch ohne Spoilerbild. Beim 1. Versuch suchte ich vergebens und habe dann abgebrochen, als 2 Handwerkstransporter neben der Brücke hielten und nicht verschwinden wollten.<p>TFTC sagt der Rumpel (vom Rumpel&Schwärzchen Team).<p># 705 / 07.10.2009 14:30<br />]]></LOG>
<LOG><![CDATA[<img src='icon_smile.gif'>&nbsp;2009-10-07 by Mueckenfett<br><br />Station 4 der Serie schnell entdeckt,<br>auch ohne Spoiler, <br>denn fast an selber Stelle wollte ich auch einen kleinen Schatz verstecken.<br>Tom<br />]]></LOG>
<LOG><![CDATA[<img src='icon_greenlight.gif'>&nbsp;2009-10-06 by Servatius Sebaldus<br><br />Published<br />]]></LOG>
</LOGS>
<NOTES><![CDATA[]]></NOTES>
<IMAGES>
    <IMG>gc1z7ze_0.jpg<URL>http://img.geocaching.com/cache/a7254325-a20e-4b39-87ba-9720d18f722b.jpg</URL></IMG>
    <IMG>GC1Z7ZE_0.jpg<URL>http://img.geocaching.com/cache/a7254325-a20e-4b39-87ba-9720d18f722b.jpg</URL></IMG>
    <IMG>GC1Z7ZE_1.jpg<URL>http://img.geocaching.com/cache/b1710cd7-754c-48b4-9ea5-9971a77ea4ef.jpg</URL></IMG>
    <IMGTEXT>GC1Z7ZE_0</IMGTEXT>
    <IMGTEXT>Probstm&#252;hle</IMGTEXT>
    <IMGTEXT>Spoiler</IMGTEXT>
</IMAGES>
<TRAVELBUGS>
</TRAVELBUGS>
<URL><![CDATA[]]></URL>
<SOLVER><![CDATA[]]></SOLVER>
    <CACHE  name = "Der Siebenm&#252;hlenbach #03 - Die Probstm&#252;hle" owner = "Gollum &amp; Galadriel" lat = "51,163766666667" lon = "10,41935" hidden = "2009-10-06" wayp = "GC1Z7ZE" status = "" ocCacheID = "" lastSyncOC = "20100419225159" num_recommended = "0" num_found = "-1" attributesYes = "2233387845634" attributesNo = "0" boolFields="1922" byteFields="33688079" attributesYes1 = "0" attributesNo1 = "0" />
</CACHEDETAILS>
