<?xml version="1.0" encoding="ISO-8859-1"?>
<CACHEDETAILS>
<VERSION value = "3"/>
<DETAILS><![CDATA[<br><b>Der Siebenmühlenbach</b><br />
ist der Seebach, welcher unterhalb des Ortes Seebach in die Unstrut
mündet. An ihm sind neun Mühlen auszumachen, sieben davon stehen in
der ehemaligen Vogtey Dorla. Westlich von Oberdorla liegen die
Quellen des Melchiorbrunnens, des großen und kleinen Kainsprung und
200 Meter nördlich dieser drei Quellen die Dittelhainsquelle.
Dieses Quellgebiet hat reichlich Überläufer, welche dann den
Siebenmühlenbach bilden. Auf wenigen Kilometern seines Laufes trieb
der fleißige Seebach sieben Mühlen, wodurch sein Name entstand.
Diese Mühlen tragen die Namen Riedmühle, Zengsmühle, Probst- oder
Kompstmühle, Markt- oder Knüttelsmühle, Wiesenmühle, Grundmühle und
Dorfmühle. Um den steten Lauf des Wassers zu nutzen, wurde bei Tag
und Nacht gearbeitet. Somit waren die Müller neben den
Nachtwächtern die ersten Schichtarbeiter im Dorfe. Bei längerer
Trockenheit ließ die Kraft des Baches nach, die Mühlen standen
still. Um dem Abhilfe zu schaffen, ließen sich die Müller gemeinsam
einen kleinen Stau zwischen Melchiorbrunnen und Riedmühle bauen.
Nun konnte jeder, abwechselnd und stundenweise, mahlen.<br />
<br />
<b>Die Riedmühle</b><br />
befindet sich ca. 500 m außerhalb der Dorfgrenze Oberdorlas in
westlicher Richtung, unmittelbar am Melchiorbrunnen, noch vor dem
Zufluss der Dittelhainsquelle. Sie wurde 1512 erstmals erwähnt und
zunächst als Mahl- und von 1937-1954 als Sägemühle genutzt. 1954
erwarb die LPG das Geschäft und baute vom Holz des abgerissenen
Sägewerkes einen Schafstall. Heute dient die Riedmühle lediglich
als Wohnhaus.<br />
<br />
<b>Daten</b><br />
Mahltechnik: Getreidemühle-Sägewerk<br />
Wassergefälle: 4,5 m<br />
Rad-Durchmesser: 3,5 m<br />
Rad-Breite: 1,2 m<br />
Anzahl Schaufeln: 48<br />
Anzahl Räder: 1 oberschlächtiges<br />
Leistung am Rad: 10-11 KW bei 15-18 U/min<br />
Zusatzantriebe: Francis-Turbine, E-Motor<br />
<br />
<b>Cache</b><br />
Dieser Cache gehört zur Serie "Der Siebenmühlenbach". Die Serie
besteht aus den sieben Mühlencaches GC1Z7YY, GC1Z7ZB, GC1Z7ZE,
GC1Z7ZY, GC1Z808, GC1Z80H, GC1Z80Y und dem Bonuscache GC1Z81G. Im
Logbuch findet ihr jeweils eine Zahl für den Bonus. Riedmühle und
Bonus liegen gute 3 km auseinander, es ist also keine Runde!<br />
Begebt euch zur Mühle an den o.g. Koordinaten, zählt die Fenster
auf der Giebelseite und die Schornsteine.<br />
Das Döslein solltet ihr nun finden bei:<br />
N51° 09.(Fenster x 97)<br />
E010 °24.(Schornsteine x 192)<br />]]></DETAILS>
<COUNTRY><![CDATA[Germany]]></COUNTRY>
<STATE><![CDATA[Thüringen]]></STATE>
<ATTRIBUTES>
   <ATT>bicycles-yes.gif</ATT>
   <ATT>stroller-yes.gif</ATT>
   <ATT>kids-yes.gif</ATT>
   <ATT>parking-yes.gif</ATT>
   <ATT>wheelchair-yes.gif</ATT>
   <ATT>dogs-yes.gif</ATT>
   <ATT>motorcycles-yes.gif</ATT>
</ATTRIBUTES>
<HINTS><![CDATA[zntargvfpu]]></HINTS>
<LOGS>
<OWNLOGID></OWNLOGID>
<OWNLOG><![CDATA[]]></OWNLOG>
<LOG><![CDATA[<img src='icon_smile.gif'>&nbsp;2010-04-10 by emacs2003<br><br />etwas gesucht, gut getarnt<br />]]></LOG>
<LOG><![CDATA[<img src='icon_smile.gif'>&nbsp;2010-04-02 by thegorbi<br><br />Heute auf einer Radtour alle Mühlen des Siebenmühlenbachs besucht. Herrlicher Sonnenschein und eine schöne Runde ergaben zusammen einen riesigen Spaß.<p>thegorbi sagt herzlichen Dank<br />]]></LOG>
<LOG><![CDATA[<img src='icon_smile.gif'>&nbsp;2010-03-28 by gloomy<br><br />Sehr früh am Morgen konnte die Serie begonnen werden. VG und Danke, gloomy!<br />]]></LOG>
<LOG><![CDATA[<img src='icon_smile.gif'>&nbsp;2010-03-28 by saheimast<br><br />Fix gefunden trotz kurz vorm Hungertod, gemeinsam mit Fhuti und Satchmo...TFTC<br />]]></LOG>
<LOG><![CDATA[<img src='icon_smile.gif'>&nbsp;2010-03-28 by Satchmo77<br><br />Auf einer ausgedehnten Tour durch das Mühlhausener Umland mit Fhuti83 und Saheimast auch diesen geloggt. TFTC<br />]]></LOG>
<LOG><![CDATA[<img src='icon_smile.gif'>&nbsp;2010-03-28 by Fhuti83<br><br />Schöner Cache. Schnell gefunden und gelogt. Unterwegs mit satchmo77 und saheimast. TFTC<br />]]></LOG>
<LOG><![CDATA[<img src='icon_smile.gif'>&nbsp;2010-03-26 by hekebe18<br><br />Heute bei herrlichem Wetter im drittem Anlauf endlich geloggt.<img src='http://www.geocaching.com/images/icons/icon_smile_tongue.gif' border=0 align=middle><br>Hatten wohl schon Ostereier auf den Augen,der ist aber auch gut getarnt. <br>Danke fürs verstecken hekebe18<br />]]></LOG>
<LOG><![CDATA[<img src='icon_smile.gif'>&nbsp;2010-03-16 by rageracer<br><br />So im dritten Anlauf geloggt.<br>Beim ersten Mal, letzten Donnerstag, waren die Akkus vom GPS leer.<br>Beim zweiten Mal, gestern Abend, hats geregnet und ich hab den kleinen im Dunkeln nicht entdeckt.<br>Aber heute früh dann auf Anhieb gefunden.<br>Das Wiederverstecken gestaltete sich ebenso schwierig.<br>Ich wurde zwei mal von Muggeln vom Verstecken abgehalten. Was machen die denn alle um diese Zeit dort hinten???<br>Schöner Cache und super Tarnung.  	<img src='http://www.geocaching.com/images/icons/icon_smile_approve.gif' border=0 align=middle><p>Jetzt fehlt mir nur noch die Marktmühle. Ich hoffe der Cache ist bald wieder verfügbar.<br>Es grüßt rageracer<p>#104 --- 16.03.2010 --- 8.45 Uhr<p>TFTC<br />]]></LOG>
<LOG><![CDATA[<img src='icon_smile.gif'>&nbsp;2010-03-03 by beagle67<br><br />Vor ein paar Wochen das Final schon klar gemacht und heute auf kleiner Cachrunde schnell geloggt.<br>#63---03.03.2010---20.00Uhr---<br>TFTC<br><img src='http://www.geocaching.com/images/icons/icon_smile.gif' border=0 align=middle><br />]]></LOG>
<LOG><![CDATA[<img src='icon_smile.gif'>&nbsp;2009-12-29 by Schippi38<br><br />Wie Geofutz schon geschrieben hat, taten wir uns hier wirklich etwas<br>schwer. Aber nach langen hin und her, beim rechnen und suchen<br>konnten wir den wirklich gut getarnten Behälter dann in unseren Händen halten.<p>Danke sagt Schippi38!<br />]]></LOG>
<LOG><![CDATA[<img src='icon_smile.gif'>&nbsp;2009-12-29 by geofutz<br><br />Heute zusammen mit Schippi38 eine kleine Jahresabschluß-Tour gemacht.<br>Da die # 01 für den Bonus noch fehlte, stand der heute fest auf unserem Plan.<br>Hier taten wir uns doch etwas schwer, da wir die Schornsteine falsch gezählt hatten.<br>Nachdem wir dann irgendwo auf der Wiese standen, die Sache noch mal neu angefahren.<br>Die Suche hat dann schon etwas gedauert. Der war aber auch verdammt gut "abgetarnt" !<br><font size="2"><font face="comic sans ms"> <font color="red"><b>Danke für # 1355</b></font><br><i><b><font color="blue">Einen guten Rutsch und alles Gute für das neue Jahr ! Gruß und <img src='http://www.geocaching.com/images/icons/icon_smile_wink.gif' border=0 align=middle> BYE Geofutz <img src='http://www.geocaching.com/images/icons/icon_smile_wink.gif' border=0 align=middle></i></b></font><br><br />]]></LOG>
<LOG><![CDATA[<img src='icon_smile.gif'>&nbsp;2009-12-27 by two rubsners<br><br />Auch diesen auf der heutigen Tour gefunden. TFTC<br />]]></LOG>
<LOG><![CDATA[<img src='icon_smile.gif'>&nbsp;2009-12-27 by Grottenolm87<br><br />Heute auf kleiner Nachmittagstour gefunden. TFTC<p>Der Grottenolm<br />]]></LOG>
<LOG><![CDATA[<img src='icon_smile.gif'>&nbsp;2009-12-12 by mediamarkt1990<br><br />Schnell und Super gefunden TFTC<br />]]></LOG>
<LOG><![CDATA[<img src='icon_smile.gif'>&nbsp;2009-12-12 by Hardcore-UH<br><br />schnell und gut gefunden<br>TFTC<br />]]></LOG>
<LOG><![CDATA[<img src='icon_smile.gif'>&nbsp;2009-12-06 by Kruemel68<br><br />Auf großer Nikolausrunde gefunden. Nette Dose, hatten wir so auch noch nicht, Weiter geht`s ...<p>Es grüßen Christel und Stefan<br />]]></LOG>
<LOG><![CDATA[<img src='icon_smile.gif'>&nbsp;2009-11-22 by fox-hunter_I<br><br />So nun ist die Serie vollständig und der Bonus ist in guter Reichweite ... war heute aber auch nicht leicht zu finden der Lange <img src='http://www.geocaching.com/images/icons/icon_smile.gif' border=0 align=middle> , mal ein "Dose" mit Idee, die uns hat schmunzeln lassen. Sehr gute Idee Ihr Beiden!<br>TFTC<br>fox-hunter_I<br />]]></LOG>
<LOG><![CDATA[<img src='icon_smile.gif'>&nbsp;2009-11-14 by ISI69<br><br />TFTC - Heute auf Thüringen Tour mit Brabus74 gut gefunden und schnell geloggt<br />]]></LOG>
<LOG><![CDATA[<img src='icon_smile.gif'>&nbsp;2009-11-14 by Brabus74<br><br />TFTC - Heute auf Thüringen Tour mit ISI69 gut gefunden und gelogged. Brabus74<br />]]></LOG>
<LOG><![CDATA[<img src='icon_smile.gif'>&nbsp;2009-11-07 by GeoSittiche<br><br />Auf der Rücktour von Heyerode die Mühlentour begonnen.Wir sind erst mal in die Wallachei um dann noch mal zur Mühle zurück zu fahren und genau zu schauen.<img src='http://www.geocaching.com/images/icons/icon_smile_wink.gif' border=0 align=middle>Der Mühlenhund hatte schon ganz nervös Laut gegeben.<img src='http://www.geocaching.com/images/icons/icon_smile_angry.gif' border=0 align=middle>Doch dann konnte sich das sehr gut getarnte Döschen nicht mehr verstecken.<br>TFTC<br>die GeoSittiche  <br />]]></LOG>
<LOG><![CDATA[<img src='icon_smile.gif'>&nbsp;2009-11-01 by Bara68<br><br />Auf meiner heutigen Tour war dieser hier der erste, den ich besuchen konnte. Nachdem ich mich erstmal ein wenig verrechnet hatte, ging es dann zur richtigen Stelle. Hier waren heute Nachmittag viele Muggel unterwegs. Nachdem die Muggels weg waren habe ich den schön gestalteten Behälter finden können. Leider hat sich das geklebte Teil in der Dose gelöst. Bara68<br />]]></LOG>
<LOG><![CDATA[<img src='icon_smile.gif'>&nbsp;2009-10-31 by DerkleineKallimunkel<br><br />...unterwegs mit den Kallimunkels...<br>Danke sagt DkK<br />]]></LOG>
<LOG><![CDATA[<img src='icon_smile.gif'>&nbsp;2009-10-31 by kallimunkel<br><br />Der Kleine hatte sich gut versteckt, wir sind sogar nochmal zur Mühle, um zu überprüfen...<br>Aber dann hielten wir ihn doch in unsreren Händen...<br>Danke sagen die Kallimunkels<br />]]></LOG>
<LOG><![CDATA[<img src='icon_smile.gif'>&nbsp;2009-10-31 by dop3<br><br />mit dem schnell ermittelten Zahlen ab zum final. dort angekommen hatten wir warscheinlich tomaten auf den augen. wir haben dann erstmal mit #2 weiter gemacht. nachdem wir dann mit #7 fertig waren sind wir dann kurz vor einbruch der dunkelheit nochmal zurückgekehrt nur diesmal mit sofortigen erfolg.<p>TFTC<br />]]></LOG>
<LOG><![CDATA[<img src='icon_smile.gif'>&nbsp;2009-10-25 by Ullina<br><br />Heute bei schönem Herbstwetter mit Karolli auf Cacherunde gegangen. Schöner kleiner Multi, der Cachefundort hat unserem Hund besonders gefallen.<br> 	<img src='http://www.geocaching.com/images/icons/icon_smile_big.gif' border=0 align=middle> Ullina<br />]]></LOG>
<LOG><![CDATA[<img src='icon_smile.gif'>&nbsp;2009-10-25 by Karolli<br><br />Heute waren wir mit Ullina unterwegs und haben die 7 Mühlen besucht!<br>Das war unser 1. und nach kurzer Suche haben wir mit Adleraugen den Schatz erspäht.<br>So kann's weitergehen!<br>TFTC<br />]]></LOG>
<LOG><![CDATA[<img src='icon_smile.gif'>&nbsp;2009-10-23 by Hor_andy<br><br /><br>Zusammen mit Traveler77 mal endlich Zeit gefunden die vielen neuen Caches anzugehen.<br>Hier wurden wir am Start direkt angegackert "Was fäählt dänn??", auf unsere Antwort "Einen Schatz!" reagierte die Dame mit Frustration <img src='http://www.geocaching.com/images/icons/icon_smile_angry.gif' border=0 align=middle>.<br>Der Cache war dann schnell gefunden. Hätten wir gleich an den Bonus gedacht, hätten wir auch nicht nochmal kommen müssen.<br>TFTC<br><br />]]></LOG>
<LOG><![CDATA[<img src='icon_smile.gif'>&nbsp;2009-10-23 by Traveler77<br><br />Im Team mit Hor_Andy die aufgabe gelöst und mit dem "Döslein" belohnt worden. <img src='http://www.geocaching.com/images/icons/icon_smile_wink.gif' border=0 align=middle> TFTC<br />]]></LOG>
<LOG><![CDATA[<img src='icon_smile.gif'>&nbsp;2009-10-22 by uhri<br><br />Richtig gezählt und gerechnet. Das Döschen aber erst auf den zweiten Blick entdeckt.<br>TFTC Uhri<br />]]></LOG>
<LOG><![CDATA[<img src='icon_smile.gif'>&nbsp;2009-10-18 by Kammerf&#246;rster<br><br />Mal eine kleine Runde durch Oberdorla gedreht und immer mal wieder auf die Suche gegangen... ach ja!<p>Danke<br />]]></LOG>
<LOG><![CDATA[<img src='icon_smile.gif'>&nbsp;2009-10-14 by fianna<br><br />Auf der Fahrt zum Event ahnten Pixie und ich schon furchtbares. Den ganzen Tag Regen, denn wir fuhren vor dem Regen her.<br>In Seebach trafen wir auf das altbewährte "The Summer Is Magic!-TourTeam 2009 " (Team Fribu70 & Schnuba77,Pixie07, Hoffis und spät ThomasM80). Man ging mit etwas regnerischer Stimmung<br>an das Geocachetagwerk Die Regenpause beim Event „Haus am See“ wurde für einige Caches in der<br>Umgebung benutzt. Vielen Dank bis bald im Wald - fianna -<br><br />]]></LOG>
<LOG><![CDATA[<img src='icon_smile.gif'>&nbsp;2009-10-10 by pixie07<br><br />Mit fianna, dem Team Fribu70 & Schnuba77 und den Feldbahnern ging es heute bei meist regnerischem Wetter zum "Haus am See"-Event.<br>Nachmittags ließ der Regen nach, da brachen wir zu dieser interessanten Reihe auf, deren Listings vieles über Technik und Geschichte der Mühlen zu bieten haben - toll gemacht, sowas gefällt mir sehr!<br>Bei der ersten Mühle stellten wir uns nicht sehr geschickt an. Einer verließ sich auf den anderen, und bald standen wir vor einem Acker, und unsere Navis zeigten unisono mitten hinein ... Aber am Ende wurde doch alles gut <img src='http://www.geocaching.com/images/icons/icon_smile.gif' border=0 align=middle>, und wir konnten die schöne Dose bergen.<br>Vielen Dank,<br>pixie07<br />]]></LOG>
<LOG><![CDATA[<img src='icon_smile.gif'>&nbsp;2009-10-10 by Feldbahner<br><br />Während des Events haben wir zusammen mit anderen Cachern die Chance genutzt, um in der regenfreien Zeit diese schöne Serie zu suchen.<br>Mit uns auf der Suche waren Fianna, Pixie07, Team fire & ice, Eichsgenossen, Team Fribu70 & Schnuba77 und Kaputtes Licht.<br>Bei so einer geballten Menge an erfahrenen Cachern konnte gar nichts mehr schief gehen und so haben wir den Cache schnell gefunden!<br>Wir haben unser Cachemobil rechtzeitig auf einer Wiese Abgestellt so das die Schlammtour nur zu Fuß weiter ging  	<img src='http://www.geocaching.com/images/icons/icon_smile_wink.gif' border=0 align=middle><p>TFTC<br>die Feldbahner<br><br />]]></LOG>
<LOG><![CDATA[<img src='icon_smile.gif'>&nbsp;2009-10-10 by Team Fire &amp; Ice<br><br />Gemeinsam mit Hondje Amanda waren wir heute hier beim Stammtisch.<p>Im großen Team ging es von dort aus zur Mühlenserie. Schöne Verstecke und interessante Microdosen erwarteten uns hier. <img src='http://www.geocaching.com/images/icons/icon_smile_big.gif' border=0 align=middle><p>Vielen Dank und Grüße<p>Team Fire & Ice<br>Steffi und Heiko<br />]]></LOG>
<LOG><![CDATA[<img src='icon_smile.gif'>&nbsp;2009-10-10 by Hondje Amanda<br><br />Auf Eventtour hier gewesen, und zwischendurch noch diese Serie be- und gesucht. <br>TFTC<p>Hondje Amanda <img src='http://www.geocaching.com/images/icons/icon_smile_kisses.gif' border=0 align=middle><br />]]></LOG>
<LOG><![CDATA[<img src='icon_smile.gif'>&nbsp;2009-10-10 by Team Fribu70 &amp; Schnuba77<br><br /><b><font> <font face="comic sans ms">Während des Events haben wir zusammen mit anderen Cachern die Chance genutzt, um in der regenfreien Zeit diese schöne Serie zu suchen.<br>Mit uns auf der Suche waren Fianna, Pixie07, Team fire & ice, Eichsgenossen, die Feldbahner und Kaputtes Licht.<br>Bei so einer geballten Menge an erfahrenen Cachern konnte hier ja nichts schief gehen und so haben wir den Cache schnell gefunden!<br>Von wegen, alle rechneten irgendwie falsch und so landeten wir auf einer tollen Reise über verschlammte Wege mitten auf einem Rübenacker.  Das konnte ja nicht sein, in welcher Rübe sollte denn jetzt die Dose stecken? Also nochmal gerechnet und den Fehler gefunden und somit auch das richtige Cacheversteck!<br>Schönes Versteck!!!<br>Wer putzt jetzt eigentlich unser Cachemobil? <img src='http://www.geocaching.com/images/icons/icon_smile_wink.gif' border=0 align=middle><p>Vielen Dank für den schönen Auftakt und viele Grüße</b><p><b><font><br>T<font color="blue">e</font><font color="red">a</font><font color="purple">m</font> <font color="pink">F</font><font color="orange">r</font><font color="yellow">i</font><font color="green">b</font><font color="black">u</font><font color="blue">7</font><font color="red">0</font> <font color="purple">&</font> <font color="pink">S</font><font color="orange">c</font><font color="yellow">h</font><font color="green">n</font><font color="black">u</font><font color="blue">b</font><font color="red">a</font><font color="purple">7</font><font color="orange">7</font><br>Found with Cachebox!<br></b><p><br />]]></LOG>
<LOG><![CDATA[<img src='icon_smile.gif'>&nbsp;2009-10-10 by Eichsgenossen<br><br />Wärend einer Regenpause beim Stammtisch ,mit mehreren Teams aufgebrochen um diese Mühle zu besuchen .Wie sich doch der Eine auf den Anderen verlässt,denn promt haben wir uns verzählt und landeten mitten auf'nem Feld wo natürlich nix zu finden war.Da wurde der Tel.-Joker bemüht und der gut getarnte Cachebehälter war dann aufgespürt,wo nun das Logbuch rundgereicht wurde.Und ab zur Nächsten.... .<br> Danke dem Owner für's Zeigen dieser Lokation und den Cache,<br>Herzl.Grüße sagt Winfried/Eichsgenossen<br><br />]]></LOG>
<LOG><![CDATA[<img src='icon_smile.gif'>&nbsp;2009-10-10 by KaputtesLicht<br><br />Vom Stammtisch aus in kleiner Gruppe zu dieser tollen Serie aufgebrochen! Vielen Dank fürs zeigen!<br />]]></LOG>
<LOG><![CDATA[<img src='icon_smile.gif'>&nbsp;2009-10-08 by David+Chrissi<br><br />Gestern entdeckt und heute gleich los und eine schöne Tour durch Ober- und Niederdorla gemacht.<br>Danke fürs zeigen.<br>TFTC<br>Davd+Chrissi<br />]]></LOG>
<LOG><![CDATA[<img src='icon_smile.gif'>&nbsp;2009-10-07 by Hoffi1986<br><br />Ich sag nur Frauen und das Listing lesen! Mannoman, die hat sich doch tatsächlich verrechnet und wir standen mitten auf'm Acker! Also nochmal gezählt (verzählt hatte sie sich auch noch) und neu gerechnet und dann waren wir endlich richtig!<br>TFTC<br />]]></LOG>
<LOG><![CDATA[<img src='icon_smile.gif'>&nbsp;2009-10-07 by Rumpel&amp;Schw&#228;rzchen<br><br />Beim 1. Versuch erfolglos abgebrochen. Beim 2. Versuch immer noch erfolglos: Das gibt's doch nicht! Dann die Cachebeschreibung raus gekramt und gesehen, dass es sich hier um ein Multi-Cache und kein Tradi handelt! <img src='http://www.geocaching.com/images/icons/icon_smile_dead.gif' border=0 align=middle> <img src='http://www.geocaching.com/images/icons/icon_smile_angry.gif' border=0 align=middle> <img src='http://www.geocaching.com/images/icons/icon_smile_dead.gif' border=0 align=middle><br>Anschließend zum Final begeben und gesucht, gesucht und gefunden! Der Kleine hat sich wirklich gut getarnt. Ich konnte mich sogar in's jungfräuliche Logbuch eintragen!<p>TFTC sagt der Rumpel (vom Rumpel&Schwärzchen Team).<p># 706 / 07.10.2009 14:55<br />]]></LOG>
<LOG><![CDATA[<img src='icon_smile.gif'>&nbsp;2009-10-07 by Mueckenfett<br><br />Gut gezählt, richtig gerechnet und den gut getarnten kleinen entdeckt,<br>aber der Rumpel war immer noch vor mir <img src='http://www.geocaching.com/images/icons/icon_smile_shock.gif' border=0 align=middle><br>Tom<br />]]></LOG>
<LOG><![CDATA[<img src='icon_greenlight.gif'>&nbsp;2009-10-06 by Servatius Sebaldus<br><br />Published<br />]]></LOG>
</LOGS>
<NOTES><![CDATA[]]></NOTES>
<IMAGES>
</IMAGES>
<TRAVELBUGS>
</TRAVELBUGS>
<URL><![CDATA[]]></URL>
<SOLVER><![CDATA[]]></SOLVER>
    <CACHE  name = "Der Siebenm&#252;hlenbach #01 - Die Riedm&#252;hle" owner = "Gollum &amp; Galadriel" lat = "51,161866666667" lon = "10,411083333333" hidden = "2009-10-06" wayp = "GC1Z7YY" status = "" ocCacheID = "" lastSyncOC = "20100419225400" num_recommended = "0" num_found = "-1" attributesYes = "2233387845634" attributesNo = "0" boolFields="1922" byteFields="33753615" attributesYes1 = "0" attributesNo1 = "0" />
</CACHEDETAILS>
