<?xml version="1.0" encoding="ISO-8859-1"?>
<CACHEDETAILS>
<VERSION value = "3"/>
<DETAILS><![CDATA[<br><b>Der Siebenmühlenbach</b><br />
ist der Seebach, welcher unterhalb des Ortes Seebach in die Unstrut
mündet. An ihm sind neun Mühlen auszumachen, sieben davon stehen in
der ehemaligen Vogtey Dorla. Westlich von Oberdorla liegen die
Quellen des Melchiorbrunnens, des großen und kleinen Kainsprung und
200 Meter nördlich dieser drei Quellen die Dittelhainsquelle.
Dieses Quellgebiet hat reichlich Überläufer, welche dann den
Siebenmühlenbach bilden. Auf wenigen Kilometern seines Laufes trieb
der fleißige Seebach sieben Mühlen, wodurch sein Name entstand.
Diese Mühlen tragen die Namen Riedmühle, Zengsmühle, Probst- oder
Kompstmühle, Markt- oder Knüttelsmühle, Wiesenmühle, Grundmühle und
Dorfmühle. Um den steten Lauf des Wassers zu nutzen, wurde bei Tag
und Nacht gearbeitet. Somit waren die Müller neben den
Nachtwächtern die ersten Schichtarbeiter im Dorfe. Bei längerer
Trockenheit ließ die Kraft des Baches nach, die Mühlen standen
still. Um dem Abhilfe zu schaffen, ließen sich die Müller gemeinsam
einen kleinen Stau zwischen Melchiorbrunnen und Riedmühle bauen.
Nun konnte jeder, abwechselnd und stundenweise, mahlen.<br />
<br />
<b>Die Grundmühle</b><br />
befindet sich in der Ortschaft Niederdorla. Wann die Mühle zuletzt
betrieben wurde, ist unbekannt. In dem weitläufigen Gehöft wurde
die beste Landwirtschaft der Vogtei betrieben. Etwa 1950 brannte
auch diese Mühle fast völlig nieder und wurde unter schwierigsten
Umständen wieder aufgebaut. Der damalige Besitzer E. Müller war
wohl einer der fähigsten Bauern und Viehzüchter der Region. Bis
1990 witschaftete in den Mauern der Grundmühle die LPG Tierzucht
"IX. Parteitag" Niederdorla<br />
<img src=
"http://img.geocaching.com/cache/f03eb191-c740-4117-abe1-b5585f7c43a9.jpg" />
<br />
<b>Daten</b><br />
Mahltechnik: Mühlsteine<br />
Wassergefälle: 6,5 m<br />
Rad-Durchmesser: 4,5 m<br />
Rad-Breite: 1,2 m<br />
Anzahl Schaufeln: 62<br />
Anzahl Räder: 1 oberschlächtiges<br />
Leistung am Rad: 12,5-13 KW bei 10-12 U/min<br />
<br />
<b>Cache</b><br />
Dieser Cache gehört zur Serie "Der Siebenmühlenbach". Die Serie
besteht aus den sieben Mühlencaches GC1Z7YY, GC1Z7ZB, GC1Z7ZE,
GC1Z7ZY, GC1Z808, GC1Z80H, GC1Z80Y und dem Bonuscache GC1Z81G. Im
Logbuch findet ihr jeweils eine Zahl für den Bonus. Riedmühle und
Bonus liegen gute 3 km auseinander, es ist also keine Runde!<br />]]></DETAILS>
<COUNTRY><![CDATA[Germany]]></COUNTRY>
<STATE><![CDATA[Thüringen]]></STATE>
<ATTRIBUTES>
   <ATT>wheelchair-no.gif</ATT>
   <ATT>bicycles-yes.gif</ATT>
   <ATT>stroller-yes.gif</ATT>
   <ATT>kids-yes.gif</ATT>
   <ATT>dogs-yes.gif</ATT>
</ATTRIBUTES>
<HINTS><![CDATA[8. erpugf]]></HINTS>
<LOGS>
<OWNLOGID></OWNLOGID>
<OWNLOG><![CDATA[]]></OWNLOG>
<LOG><![CDATA[<img src='icon_smile.gif'>&nbsp;2010-04-10 by emacs2003<br><br />genial versteckt<br />]]></LOG>
<LOG><![CDATA[<img src='icon_smile.gif'>&nbsp;2010-04-10 by diekuschis<br><br />Auf unserer heutigen Mühlentour gefunden.<br>TFTC<br />]]></LOG>
<LOG><![CDATA[<img src='icon_smile.gif'>&nbsp;2010-04-04 by Die_Unstrut-Hainis<br><br />Gemeinsam mit Magi007 geloggt.<br>TFTC<br>Die_Unstrut-Hainis<br />]]></LOG>
<LOG><![CDATA[<img src='icon_smile.gif'>&nbsp;2010-04-04 by Magi007<br><br />Zusammen mit den unstrut-hainis geufnden<br>TFTC<br />]]></LOG>
<LOG><![CDATA[<img src='icon_smile.gif'>&nbsp;2010-04-04 by Sascha75<br><br />Misstrauischer aber nicht Missmutiger Bauer :)<br />]]></LOG>
<LOG><![CDATA[<img src='icon_smile.gif'>&nbsp;2010-04-03 by Pirolina<br><br />mit FeuerFloh gefunden. Ich hab die zwei Enten-Muggel in Schach gehalten  	<img src='http://www.geocaching.com/images/icons/icon_smile_wink.gif' border=0 align=middle> Danke fürs Zeigen, vorbei an diesem wunderschönen alten Baum. Pirolina<br />]]></LOG>
<LOG><![CDATA[<img src='icon_smile.gif'>&nbsp;2010-04-03 by FeuerFloh<br><br />Nach dem Besuch von Deutschlands Mittelpunkt entdeckten wir (+Pirolina) bei der Fahrt zu diesem Cache eine sehr große,  <a href="http://de.wikipedia.org/wiki/Datei:Mahllinde.jpg" target="_blank" rel="nofollow"> 600-jährige Mahllinde in Niederorla</a>.<br>Am Cache beobachten uns zwei Muggel-Enten <p>Danke für das Herloggen sagt <font color="red">FeuerFloh</font> (#188)<p>out: TB turtle<br />]]></LOG>
<LOG><![CDATA[<img src='icon_smile.gif'>&nbsp;2010-04-02 by thegorbi<br><br />Heute auf einer Radtour alle Mühlen des Siebenmühlenbachs besucht. Herrlicher Sonnenschein und eine schöne Runde ergaben zusammen einen riesigen Spaß.<p>In: TB<p>thegorbi sagt herzlichen Dank<br />]]></LOG>
<LOG><![CDATA[<img src='icon_smile.gif'>&nbsp;2010-03-28 by gloomy<br><br />Musste 2 Hunde-Muggle abwarten und habe die Zeit für's Frühstück genutzt. VG und Danke, gloomy!<br />]]></LOG>
<LOG><![CDATA[<img src='icon_smile.gif'>&nbsp;2010-03-28 by saheimast<br><br />Begleitet von  Ente und Gans gemeinsam mit Fhuti und Satchmo gefunden. TFTC<br />]]></LOG>
<LOG><![CDATA[<img src='icon_smile.gif'>&nbsp;2010-03-28 by Fhuti83<br><br />Schöner Cache. Schnell gefunden und gelogt. Unterwegs mit satchmo77 und saheimast. TFTC<br />]]></LOG>
<LOG><![CDATA[<img src='icon_smile.gif'>&nbsp;2010-03-28 by Satchmo77<br><br />Auf einer ausgedehnten Tour durch das Mühlhausener Umland mit Fhuti83 und Saheimast auch diesen geloggt. TFTC<br />]]></LOG>
<LOG><![CDATA[<img src='icon_smile.gif'>&nbsp;2010-03-18 by HeiligerJoghurt<br><br />sehr schön gemacht <br>Danke<br />]]></LOG>
<LOG><![CDATA[<img src='icon_smile.gif'>&nbsp;2010-03-16 by hekebe18<br><br /> 	<img src='http://www.geocaching.com/images/icons/icon_smile_big.gif' border=0 align=middle> Dank Hint schnell gefunden und geloggt.<br>TFTC hekebe18<br />]]></LOG>
<LOG><![CDATA[<img src='icon_smile.gif'>&nbsp;2010-03-08 by Wickeda87<br><br />Schön gemacht,wenn man es weiß 
,eigentlich ganz einfach....<br />]]></LOG>
<LOG><![CDATA[<img src='icon_smile.gif'>&nbsp;2010-03-06 by Carrie88<br><br /><strong>N 51° 09.629 E 010° 26.177</strong><br /><br />bei schnee garnicht mal so einfach aber trotzdem noch gefunden<br />]]></LOG>
<LOG><![CDATA[<img src='icon_smile.gif'>&nbsp;2010-03-02 by rageracer<br><br />Hatte heute früh noch etwas Zeit und hab mich auf den Weg zu dieser Mühle gemacht.<br>Ich hatte schon eine Idee was zu zählen war, aber dort angekommen hab ich erstmal was falsches gezählt. 	<img src='http://www.geocaching.com/images/icons/icon_smile_blush.gif' border=0 align=middle><br>Aber anhand der Koordinaten war eigentlich klar was zu zählen war und meine Vermutung hatte sich doch bestätigt.<br>Schönes Versteck.<p>#83 --- 02.03.2010 --- 8.50 Uhr<p>TFTC<br><br />]]></LOG>
<LOG><![CDATA[<img src='icon_smile.gif'>&nbsp;2010-01-23 by Jon&amp;Liz<br><br />#139<p>5te Station der Mühlenserie in Dorla.<p>Vielen Dank! Jon & Liz<br />]]></LOG>
<LOG><![CDATA[<img src='icon_smile.gif'>&nbsp;2009-12-29 by Schippi38<br><br />Auf der gemeinsamen Jahresabschlußtour mit Geofutz<br>gut und schnell gefunden.<p>Danke sagt Schippi38!<br />]]></LOG>
<LOG><![CDATA[<img src='icon_smile.gif'>&nbsp;2009-12-27 by hblack<br><br />Zusammen mit G Spot (beim abendlichen Streifzug durch die beiden "Dorlas") nach kurzer Suche gefunden. T4T$!<br />]]></LOG>
<LOG><![CDATA[<img src='icon_smile.gif'>&nbsp;2009-12-27 by two rubsners<br><br />Auf unseren gemeinsamen Tour mit dem Grottenolm auch diesen gefunden. Es gibt etliche Dinge, bie denen man bis acht zählen kann. Hat ein wenig gedauert, aber dann hat es geklickt.<br />]]></LOG>
<LOG><![CDATA[<img src='icon_smile.gif'>&nbsp;2009-12-27 by Grottenolm87<br><br />Heute auf kleiner Nachmittagstour gefunden. TFTC<p>Der Grottenolm<br />]]></LOG>
<LOG><![CDATA[<img src='icon_smile.gif'>&nbsp;2009-12-12 by mediamarkt1990<br><br />Schnell und Super gefunden TFTC<br />]]></LOG>
<LOG><![CDATA[<img src='icon_smile.gif'>&nbsp;2009-12-12 by Hardcore-UH<br><br />schnell und gut gefunden<br>TFTC<br />]]></LOG>
<LOG><![CDATA[<img src='icon_note.gif'>&nbsp;2009-12-06 by Kruemel68<br><br />Coin IN<br />]]></LOG>
<LOG><![CDATA[<img src='icon_smile.gif'>&nbsp;2009-12-06 by Kruemel68<br><br />Hier hats ein paar Minuten gedauert, bis wir die Eselsbrücke verstanden hatten. Dann ging es aber ganz fix.<br>Danke fürs Herführen.<p>Christel und Stefan<br />]]></LOG>
<LOG><![CDATA[<img src='icon_smile.gif'>&nbsp;2009-11-22 by GeoSittiche<br><br />Beim Angriff auf den Cache war gerade der Besitzer dabei,seine Enten einzusammeln.<br>Um keine Aufmerksamkeit zu erwecken wurde kurzer Hand Nr. 7 vorgezogen um dann mit dem letzten Dämmerlicht zuzugreifen.<br>TFTC<br>die GeoSittiche <br />]]></LOG>
<LOG><![CDATA[<img src='icon_smile.gif'>&nbsp;2009-11-21 by fox-hunter_I<br><br />Bei schönem Samstagwetter doch etwas länger suchen müssen, da sind aber auch viele Dinge die das 8. sein können :-)...kurz vor der Abreise doch noch mal nachgedacht und an der richtigen Stelle gesucht...haha, da war er endlich...TFTC ... und weiter gehts :-)<br>Gruß<br>und bis Montag, fox-hunter_I<br />]]></LOG>
<LOG><![CDATA[<img src='icon_smile.gif'>&nbsp;2009-11-14 by ISI69<br><br />TFTC - Heute auf Thüringen Tour mit Brabus74 gut gefunden und schnell geloggt<br />]]></LOG>
<LOG><![CDATA[<img src='icon_smile.gif'>&nbsp;2009-11-14 by Brabus74<br><br />TFTC - Heute auf Thüringen Tour mit ISI69 gut gefunden und gelogged. Brabus74<br />]]></LOG>
<LOG><![CDATA[<img src='icon_smile.gif'>&nbsp;2009-11-01 by Bara68<br><br />Bei der Grundmühle haben mich viele tierische Muggels bei der kurzen und erfolgreichen Suche beobachtet. Dank des Hints konnte ich die schöne Dose schnell finden. Bara68<br />]]></LOG>
<LOG><![CDATA[<img src='icon_smile.gif'>&nbsp;2009-10-31 by DerkleineKallimunkel<br><br />...unterwegs mit den Kallimunkels...<br>Danke sagt DkK<br />]]></LOG>
<LOG><![CDATA[<img src='icon_smile.gif'>&nbsp;2009-10-31 by kallimunkel<br><br />Hier wurde es schon etwas dunkel...aber dank des Hints gut gefunden und muggelfrei geloggt...<br>Danke sagen die Kallimunkels<br />]]></LOG>
<LOG><![CDATA[<img src='icon_smile.gif'>&nbsp;2009-10-31 by dop3<br><br />Hier konnten wir fix das versteck ausfindig machen. Beim loggen kam der Mühlenbesitzer aus dem Haus und stellte die Mülltonnen Raus und schaute uns komisch an... als er wieder weg war haben wir dann die Box wieder versteckt..<br>TFTC<br />]]></LOG>
<LOG><![CDATA[<img src='icon_smile.gif'>&nbsp;2009-10-25 by Ullina<br><br />Hier mussten wir uns etwas Zeit lassen, zuerst waren da die Muggels und dann kann der Hint hier viel bedeuten.......<br>Aber nach gemeinsamen Überlegen mit Karolli war der Schatz dann schnell gefunden und auch schnell wieder versteckt, weil die nächsten Muggels auf ihrem Sonntagsspaziergang an der Mühle vorbeikamen.<br> 	<img src='http://www.geocaching.com/images/icons/icon_smile_big.gif' border=0 align=middle> Ullina<br><br />]]></LOG>
<LOG><![CDATA[<img src='icon_smile.gif'>&nbsp;2009-10-25 by Karolli<br><br />Zusammen mit Ullina die Mühlenserie besucht!<br>Nachdem die argwöhnischen Bewohner/Gäste der Mühle endlich zum Sonntagsspaziergang aufgebrochen waren, konnten wir suchen und nach der richtigen Eingebung den Schatz in den Händen halten.<br>TFTC<br />]]></LOG>
<LOG><![CDATA[<img src='icon_smile.gif'>&nbsp;2009-10-23 by Hor_andy<br><br /><br>Zusammen mit Traveler77 mal endlich Zeit gefunden die vielen neuen Caches anzugehen.<br>Hier muss der Hint auf 7. geändert werden, ach nee wir haben ihn einfach wieder richtig versteckt.<br>TFTC<br><br />]]></LOG>
<LOG><![CDATA[<img src='icon_smile.gif'>&nbsp;2009-10-23 by Traveler77<br><br />Im Team mit Hor_Andy konnte sich das "Döslein" nicht lange verbergen. <img src='http://www.geocaching.com/images/icons/icon_smile_wink.gif' border=0 align=middle> TFTC<br />]]></LOG>
<LOG><![CDATA[<img src='icon_smile.gif'>&nbsp;2009-10-21 by Knuellfuchs<br><br />Gut und schnell gefunden. Danke für`s Verstecken. <img src='http://www.geocaching.com/images/icons/icon_smile.gif' border=0 align=middle> Der Knüllfuchs<br>Schönen Gruß an den freundlichen Mitcacher, der unser Anliegen gleich erkannt hat !!<br />]]></LOG>
<LOG><![CDATA[<img src='icon_smile.gif'>&nbsp;2009-10-21 by uhri<br><br />Das schöne Wetter am Nachmittag noch mal genutzt um den Mühlencache anzugehen.<br>Als ich Richtung Zielpunkt kam war da schon jemand am wusseln.<br>Urlauber aus dem benachbarten Bundesland Hessen hatten das Döslein schon gefunden. <br>Also brauchte ich nur noch loggen. <br>Nochmal Danke und viele Grüße nach Hessen.<br>TFTC Uhri<br />]]></LOG>
<LOG><![CDATA[<img src='icon_smile.gif'>&nbsp;2009-10-14 by fianna<br><br />Auf der Fahrt zum Event ahnten Pixie und ich schon furchtbares. Den ganzen Tag Regen, denn wir fuhren vor dem Regen her.<br>In Seebach trafen wir auf das altbewährte "The Summer Is Magic!-TourTeam 2009 " (Team Fribu70 & Schnuba77,Pixie07, Hoffis und spät ThomasM80). Man ging mit etwas regnerischer Stimmung<br>an das Geocachetagwerk Die Regenpause beim Event „Haus am See“ wurde für einige Caches in der<br>Umgebung benutzt. Vielen Dank bis bald im Wald - fianna -<br><br />]]></LOG>
<LOG><![CDATA[<img src='icon_smile.gif'>&nbsp;2009-10-10 by water&amp;sun<br><br />Hier hatten wir eine etwas komische Begegnung mit den Anwohnern des Bauernhofes. Heraus kam eine Dame, die uns anschnarrte: "Heute sind keine da." Da glaubte sie doch allen Ernstes wir wollen die Forellen aus dem Bach fangen!!! Dann fuhr sie uns an: "Die Ente ist auch nicht mehr da." Ich war etwas fassungslos. <img src='http://www.geocaching.com/images/icons/icon_smile_shock.gif' border=0 align=middle><p>Sehen wir denn wirklich aus wie Wilderer? Wir fingen nun ein freundliches Gespräch über ihre Katze an, gaben uns als Naturbeobachter aus und ließen es uns nicht nehmen, ein wenig umher zu schauen. Der Argwohn blieb. Nun kam der Mann. Wieder wurden wir verhört. Was wir mit dem Auto, das ein "AP" hat und nicht hierher gehört, an dieser Stelle machen würden. <img src='http://www.geocaching.com/images/icons/icon_smile_blackeye.gif' border=0 align=middle><p>Unser netter small-talk half nicht. In die Nähe des Caches zu gehen, wagten wir auch nicht recht. Dennoch erspähte ich bei einer "Naturbeobachtung" die Dose. <img src='http://www.geocaching.com/images/icons/icon_smile_approve.gif' border=0 align=middle><p>Das war ja blöd! Den Cache direkt vor der Nase habend, wichen die uns nicht von der Pelle! <img src='http://www.geocaching.com/images/icons/icon_smile_angry.gif' border=0 align=middle><p>Es half alles nichts. So mussten wir uns erst einmal trollen. <img src='http://www.geocaching.com/images/icons/icon_smile_dissapprove.gif' border=0 align=middle><br>Aber so ganz klammheimlich Nachts, kurz vor unserer Heimfahrt, klappte es: Da holten wir die Kiste und loggten gaaanz vorsichtig. Das verräterische AP-Cachemobil hatten wir extra ein paar m weiter im Wohngebiet geparkt und diesmal störte uns niemand. <p><img src='http://www.geocaching.com/images/icons/icon_smile_tongue.gif' border=0 align=middle> <img src='http://www.geocaching.com/images/icons/icon_smile_tongue.gif' border=0 align=middle> <img src='http://www.geocaching.com/images/icons/icon_smile_tongue.gif' border=0 align=middle> <p>Der Cache wird uns in Erinnerung bleiben. Vielen Dank und herzliche Grüße aus dem Weimarer Land.<br />]]></LOG>
<LOG><![CDATA[<img src='icon_smile.gif'>&nbsp;2009-10-10 by Vista-Freund<br><br />Hier mussten wir doch glatt erst mal aufstecken. Die Leute aus dem Bauernhof hinter der Brücke kamen neugierig angelaufen. <img src='http://www.geocaching.com/images/icons/icon_smile_dead.gif' border=0 align=middle> Sie hatten Angst um die Forellen im Bach und eine Ente im Baum, die aber gar nicht mehr da war. Sie konnten nicht verstehen was wir denn an der einfachen Brücke so toll finden. Erst als wir uns entfernten, sind sie auch wieder zurück, aber ganz langsam. Und wir... wir sind im Dunkeln noch einmal wieder gekommen und haben uns die Dose gegriffen. <img src='http://www.geocaching.com/images/icons/icon_smile_big.gif' border=0 align=middle> <br>Vielen Danke für den Cache sagt Vista-Freund.<br><br />]]></LOG>
<LOG><![CDATA[<img src='icon_smile.gif'>&nbsp;2009-10-10 by pixie07<br><br />Mit fianna, dem Team Fribu70 & Schnuba77 und den Feldbahnern ging es heute bei meist regnerischem Wetter zum "Haus am See"-Event.<br>Nachmittags ließ der Regen nach, da brachen wir und einige andere zu dieser interessanten Reihe auf, deren Listings vieles über Technik und Geschichte der Mühlen zu bieten haben - toll gemacht, sowas gefällt mir sehr!<br>Fortsetzung unserer Spazierfahrt in Niederdorla! Dank Hint war diese Dose recht schnell gefunden.<br>Vielen Dank,<br>pixie07<br />]]></LOG>
<LOG><![CDATA[<img src='icon_smile.gif'>&nbsp;2009-10-10 by Feldbahner<br><br />Während des Events haben wir zusammen mit anderen Cachern die Chance genutzt, um in der regenfreien Zeit diese schöne Serie zu suchen.<br>Mit uns auf der Suche waren Fianna, Pixie07, Team fire & ice, Eichsgenossen, Team Fribu70 & Schnuba77 und Kaputtes Licht.<br>Bei so einer geballten Menge an erfahrenen Cachern konnte gar nichts mehr schief gehen und so haben wir den Cache schnell gefunden!<p>TFTC<br>die Feldbahner<br><br />]]></LOG>
<LOG><![CDATA[<img src='icon_smile.gif'>&nbsp;2009-10-10 by Team Fire &amp; Ice<br><br />Gemeinsam mit Hondje Amanda waren wir heute hier beim Stammtisch.<p>Im großen Team ging es von dort aus zur Mühlenserie. Schöne Verstecke und interessante Microdosen erwarteten uns hier. <img src='http://www.geocaching.com/images/icons/icon_smile_big.gif' border=0 align=middle><p>Vielen Dank und Grüße<p>Team Fire & Ice<br>Steffi und Heiko<br />]]></LOG>
<LOG><![CDATA[<img src='icon_smile.gif'>&nbsp;2009-10-10 by Hondje Amanda<br><br />Auf Eventtour hier gewesen, und zwischendurch noch diese Serie be- und gesucht. <br>TFTC<p>Hondje Amanda <img src='http://www.geocaching.com/images/icons/icon_smile_kisses.gif' border=0 align=middle><br />]]></LOG>
<LOG><![CDATA[<img src='icon_smile.gif'>&nbsp;2009-10-10 by Team Fribu70 &amp; Schnuba77<br><br /><b><font> <font face="comic sans ms">Während des Events haben wir zusammen mit anderen Cachern die Chance genutzt, um in der regenfreien Zeit diese schöne Serie zu suchen.<br>Mit uns auf der Suche waren Fianna, Pixie07, Team fire & ice, Eichsgenossen, die Feldbahner und Kaputtes Licht.<br>Bei so einer geballten Menge an erfahrenen Cachern konnte hier ja nichts schief gehen und so haben wir den Cache schnell gefunden!<p>Vielen Dank für den schönen Cache und viele Grüße</b><p><b><font><br>T<font color="blue">e</font><font color="red">a</font><font color="purple">m</font> <font color="pink">F</font><font color="orange">r</font><font color="yellow">i</font><font color="green">b</font><font color="black">u</font><font color="blue">7</font><font color="red">0</font> <font color="purple">&</font> <font color="pink">S</font><font color="orange">c</font><font color="yellow">h</font><font color="green">n</font><font color="black">u</font><font color="blue">b</font><font color="red">a</font><font color="purple">7</font><font color="orange">7</font><br>Found with Cachebox!<br></b><br />]]></LOG>
<LOG><![CDATA[<img src='icon_smile.gif'>&nbsp;2009-10-10 by Eichsgenossen<br><br />Wärend einer Regenpause mit mehreren Teams losgezogen um diese Mühle und den zugehörigen Cache aufzusuchen. Dank dem Hint war's Versteck schnell gefunden.<br>Danke dem Owner für's Zeigen dieser Lokation und diese Serie.Weiter gehts zur Nächsten....<br>Herzl.Grüße sagt Winfried/Eichsgenossen<br />]]></LOG>
<LOG><![CDATA[<img src='icon_smile.gif'>&nbsp;2009-10-10 by geofutz<br><br />Nach dem Event diese Serie noch mal in Angriff genommen.<br>Mit dem Hint schnell gefunden.<p><font color="blue">Danke für <b># 1156 </b></font><br><font color="green"><b><i>Gruß aus dem Eichsfeld und BYE Geofutz. <img src='http://www.geocaching.com/images/icons/icon_smile_wink.gif' border=0 align=middle></i></b></font><br><br />]]></LOG>
<LOG><![CDATA[<img src='icon_smile.gif'>&nbsp;2009-10-10 by KaputtesLicht<br><br />Vom Stammtisch aus in kleiner Gruppe zu dieser tollen Serie aufgebrochen! Vielen Dank fürs zeigen!<br />]]></LOG>
<LOG><![CDATA[<img src='icon_smile.gif'>&nbsp;2009-10-08 by David+Chrissi<br><br />Gestern entdeckt und heute gleich los und eine schöne Tour durch Ober- und Niederdorla gemacht.<br>Danke fürs zeigen.<br>TFTC<br>Davd+Chrissi<br />]]></LOG>
<LOG><![CDATA[<img src='icon_smile.gif'>&nbsp;2009-10-07 by Hoffi1986<br><br />Auch hier mussten wir erst Muggels passieren lassen. Frauchen suchte nach einem Micro und ich konnte sagen:"Hab ihn!" <img src='http://www.geocaching.com/images/icons/icon_smile_big.gif' border=0 align=middle><br>TFTC<br />]]></LOG>
<LOG><![CDATA[<img src='icon_smile.gif'>&nbsp;2009-10-07 by Rumpel&amp;Schw&#228;rzchen<br><br />Bei der (für mich) letzten Mühle suchte ich zusammen mit Mückenfett. Der Cache war nach kurzer Suche schnell gefunden.<p>-no trade-<p>TFTC sagt der Rumpel (vom Rumpel&Schwärzchen Team).<p># 707 / 07.10.2009 15:30<br />]]></LOG>
<LOG><![CDATA[<img src='icon_smile.gif'>&nbsp;2009-10-07 by Mueckenfett<br><br />Station 6 der Serie, hier suchten wir gemeinsam den Schatz.<br>Tom<br />]]></LOG>
<LOG><![CDATA[<img src='icon_greenlight.gif'>&nbsp;2009-10-06 by Servatius Sebaldus<br><br />Published<br />]]></LOG>
</LOGS>
<NOTES><![CDATA[]]></NOTES>
<IMAGES>
    <IMG>gc1z80h_0.jpg<URL>http://img.geocaching.com/cache/f03eb191-c740-4117-abe1-b5585f7c43a9.jpg</URL></IMG>
    <IMG>GC1Z80H_0.jpg<URL>http://img.geocaching.com/cache/f03eb191-c740-4117-abe1-b5585f7c43a9.jpg</URL></IMG>
    <IMGTEXT>GC1Z80H_0</IMGTEXT>
    <IMGTEXT>Grundm&#252;hle</IMGTEXT>
</IMAGES>
<TRAVELBUGS>
</TRAVELBUGS>
<URL><![CDATA[]]></URL>
<SOLVER><![CDATA[]]></SOLVER>
    <CACHE  name = "Der Siebenm&#252;hlenbach #06 - Die Grundm&#252;hle" owner = "Gollum &amp; Galadriel" lat = "51,160483333333" lon = "10,436283333333" hidden = "2009-10-06" wayp = "GC1Z80H" status = "" ocCacheID = "" lastSyncOC = "20100419224859" num_recommended = "0" num_found = "-1" attributesYes = "34359871490" attributesNo = "2199023255552" boolFields="1922" byteFields="50466575" attributesYes1 = "0" attributesNo1 = "0" />
</CACHEDETAILS>
