<?xml version="1.0" encoding="ISO-8859-1"?>
<CACHEDETAILS>
<VERSION value = "3"/>
<DETAILS><![CDATA[<div style="color: rgb(255, 16, 16);" align="center">
<p><font face="georgia,times new roman,times,serif" size=
"6"><strong>Wenn der Cacher 3 Mal klingelt</strong></font></p>
<p><font face="georgia,times new roman,times,serif" size="6"><br />
<img src=
"http://img.geocaching.com/cache/92037d54-537a-4f52-99a5-647ee7ce8a04.jpg"
align="baseline" /><br /></font></p>
</div>

<br><p>Die Koordinaten oben geben die Seebacher Telefonzelle an. Um an
die Koordinaten für das Final zu kommen, müsst ihr das <a href=
"http://www.youtube.com/watch?v=D2I_LvMbmiE">Youtube-Rätsel</a>
lösen.</p>
<p>Du kannst deine errätselten Koordinaten beim <a href=
"http://www.geochecker.com/index.php?code=30f56cad945355b8007a0c42c5c280df&action=check&wp=4743323059304d&name=57656e6e20646572204361636865722033204d616c206b6c696e67656c74">
Geochecker.com</a> überprüfen.</p>
<p>Um den Cache zu heben benötigt Ihr ein Multitool.</p>
<p>Parkplatzkoordinaten gebe ich nicht an, da eine schöne Wanderung
zum Cache ansteht. Wenn ihr dann dort seid, ist in der Nähe eine
Bank mit Tisch zum verweilen und genießen der Aussicht.</p>
<p>Viel Spaß beim rätseln!</p>]]></DETAILS>
<COUNTRY><![CDATA[Germany]]></COUNTRY>
<STATE><![CDATA[Thüringen]]></STATE>
<ATTRIBUTES>
   <ATT>restrooms-no.gif</ATT>
   <ATT>water-no.gif</ATT>
   <ATT>wheelchair-no.gif</ATT>
   <ATT>ticks-yes.gif</ATT>
   <ATT>stroller-yes.gif</ATT>
   <ATT>winter-yes.gif</ATT>
   <ATT>available-yes.gif</ATT>
   <ATT>bicycles-yes.gif</ATT>
   <ATT>parking-yes.gif</ATT>
   <ATT>dogs-yes.gif</ATT>
</ATTRIBUTES>
<HINTS><![CDATA[Onhzfgnzz]]></HINTS>
<LOGS>
<OWNLOGID></OWNLOGID>
<OWNLOG><![CDATA[]]></OWNLOG>
<LOG><![CDATA[<img src='icon_smile.gif'>&nbsp;2010-04-17 by two rubsners<br><br />Im Team mit Kirsche 7a und Grottenolm diesen Cache gelöst. Mit der richtigen Idee war die Lösung ganzzzzzzzzz <img src='http://www.geocaching.com/images/icons/icon_smile_wink.gif' border=0 align=middle><img src='http://www.geocaching.com/images/icons/icon_smile_wink.gif' border=0 align=middle><img src='http://www.geocaching.com/images/icons/icon_smile_wink.gif' border=0 align=middle> einfach. Wir waren sogar so frech und sind mit Grottenolms Cachemobil bis fast an den Cache gefahren und ernteten ein Kopfschütteln vom Owner. In: TB<br />]]></LOG>
<LOG><![CDATA[<img src='icon_smile.gif'>&nbsp;2010-04-17 by Grottenolm87<br><br />Na also, dass das Rätsel 3 sterne diffculty braucht.....das war ja sooooooooo einfach <img src='http://www.geocaching.com/images/icons/icon_smile_shock.gif' border=0 align=middle><p>also lieber hoffi, gib uns doch mal ne richtig harte nuss, damit wir auch was zu tun haben <p>TFTC  Der Grottenolm<p>PS: Diesen log bitte nicht allzu ernst nehmen <img src='http://www.geocaching.com/images/icons/icon_smile_blackeye.gif' border=0 align=middle>, ist doch nicht so gemeint<br />]]></LOG>
<LOG><![CDATA[<img src='icon_smile.gif'>&nbsp;2010-04-17 by Kirsche 7a<br><br />Zusammen mit TwoRubsners schnell geloggt.<br>TFTC sagt Kirsche7a<br />]]></LOG>
<LOG><![CDATA[<img src='icon_smile.gif'>&nbsp;2010-04-05 by monalisa812<br><br />der ist voll toll, in der gegend war ich schonmal und dachte geil.........<br>also mach weiter so........<br>TFTC<br />]]></LOG>
<LOG><![CDATA[<img src='icon_smile.gif'>&nbsp;2010-04-02 by Hardcore-UH<br><br />Heute mal auf meiner Motorradtour gedacht den kannste mal gleich mitnehmen <img src='http://www.geocaching.com/images/icons/icon_smile_cool.gif' border=0 align=middle> das Rätsel ist gut gemacht auch wenn ich es ein wenig anders als andere gelöst habe <img src='http://www.geocaching.com/images/icons/icon_smile_wink.gif' border=0 align=middle> Hoffi weiß was ich meine .<br>Danach noch bei Hoffi vorbei geschaut und ein bischen gekwasselt <img src='http://www.geocaching.com/images/icons/icon_smile.gif' border=0 align=middle>  TFTC gruß Fips PS. mach weiter so.<br />]]></LOG>
<LOG><![CDATA[<img src='icon_smile.gif'>&nbsp;2010-02-06 by Hor_andy<br><br /><br>Da dank G&G's Hint die Lösung schon länger klar war, ging es nun heute zur Dose. Gott sei Dank kennt MapSource einige Wege mehr als GoogleMaps sonst wäre es ein weiterer Weg geworden.<br>Nettes Rätsel, bitte nicht mehr davon.<br>TFTC<br><br />]]></LOG>
<LOG><![CDATA[<img src='icon_smile.gif'>&nbsp;2010-02-06 by Traveler77<br><br />Im Team mit Hor_Andy die Finallocation besucht. Leider war heute die Aussicht nicht so toll. Tolles Rätsel. <img src='http://www.geocaching.com/images/icons/icon_smile_wink.gif' border=0 align=middle> TFTC<br>P.S. Den Coin von Tom habe ich geholt, es war der CA UR#1 Geocoin. <img src='http://www.geocaching.com/images/icons/icon_smile_big.gif' border=0 align=middle><br />]]></LOG>
<LOG><![CDATA[<img src='icon_smile.gif'>&nbsp;2010-01-23 by Mueckenfett<br><br />Endlich war auch dieses Rätsel gelöst und zum Final gedüst.<br>Tolle Finallocation mit super Box.<br>Was getauscht hatte ich auch,<br>aber oh schreck was hatte ich hinein gelegt <img src='http://www.geocaching.com/images/icons/icon_smile_shock.gif' border=0 align=middle><br>Da muß ich wohl nochmal hin <img src='http://www.geocaching.com/images/icons/icon_smile_blackeye.gif' border=0 align=middle><br>Tom<br />]]></LOG>
<LOG><![CDATA[<img src='icon_smile.gif'>&nbsp;2010-01-03 by heilaender123<br><br />Heute auf Sonntagstour mit gastcacherin Anke eine Runde durch Seebach gemacht und Scheiß die Wand an , bei 17 cm Schnee das Döschen gut gefunden !<br>Dank an Hoffi1986 . Wir wußten gar nicht wie schön es in und um Seebach herrum ist.<br>Auch eine tolle idee mit dem Telefon ,es hat mir sehr viel Kopfzerbrechen bereitet .<br>Aber geloggt der Heilaender123<p>                                                     <img src='http://www.geocaching.com/images/icons/icon_smile_big.gif' border=0 align=middle>   <img src='http://www.geocaching.com/images/icons/icon_smile_big.gif' border=0 align=middle>   <img src='http://www.geocaching.com/images/icons/icon_smile_big.gif' border=0 align=middle><br />]]></LOG>
<LOG><![CDATA[<img src='icon_smile.gif'>&nbsp;2009-12-29 by qt10709<br><br />Die ersten Versuche, den Code anhand akustischer Vergleichs-"Messungen" daheim zu knacken waren natürlich aussichtslos. Also wurde nach einem elektronischen Helferlein gesucht, aber auch hier benötigten wir mehrere Anläufe bis der richtigte aufgespürt war. In Summe haben wir die Datei gefühlte 1000 mal gehört, was schon an seelische Grausamkeit grenzt, aber was tut man nicht alles für einen Cache!<p>Dieser selber war dann schnell gefunden und ein Coin platziert. Danke für dieses schöne Rätsel und den Cache!<p><br />]]></LOG>
<LOG><![CDATA[<img src='icon_note.gif'>&nbsp;2009-12-21 by Hor_andy<br><br /><br>Hier ist nicht nur die Heimarbeit ist hier etwas schwieriger, scheinbar wird auch der Weg zum Final eine mittelgroße Aufgabe, zumindest bei momentanen Wetterverhältnissen.<br><br />]]></LOG>
<LOG><![CDATA[<img src='icon_smile.gif'>&nbsp;2009-12-16 by AT-AT<br><br />Von gollumgandalf die Lösung abgestaubt und gemeinsam zum Final geschritten. Wieder am Auto, fehlte das GPS <img src='http://www.geocaching.com/images/icons/icon_smile_shock.gif' border=0 align=middle> Also, mittlerweile im Dunkeln, noch einmal zur Dose.<br>Danke für das tolle Rätsel.<br />]]></LOG>
<LOG><![CDATA[<img src='icon_smile.gif'>&nbsp;2009-12-16 by Gollum &amp; Galadriel<br><br />Sch... die Wand an, ein geiles Rätsel <img src='http://www.geocaching.com/images/icons/icon_smile_big.gif' border=0 align=middle> Die Lösung war ziemlich schnell gefunden. Was es aber auch nicht alles gibt.<br>Heute war nun endlich Zeit für den Spaziergang zum Final.<br>Danke für den Spaß.<p>[This entry was edited by gollumgandalf on Wednesday, December 16, 2009 at 9:37:55 AM.]<br />]]></LOG>
<LOG><![CDATA[<img src='icon_smile.gif'>&nbsp;2009-12-13 by David+Chrissi<br><br />                     <img src='http://www.geocaching.com/images/icons/icon_smile_big.gif' border=0 align=middle> <img src='http://www.geocaching.com/images/icons/icon_smile_big.gif' border=0 align=middle> <img src='http://www.geocaching.com/images/icons/icon_smile_big.gif' border=0 align=middle> 2 <img src='http://www.geocaching.com/images/icons/icon_smile_big.gif' border=0 align=middle> <img src='http://www.geocaching.com/images/icons/icon_smile_big.gif' border=0 align=middle> <img src='http://www.geocaching.com/images/icons/icon_smile_big.gif' border=0 align=middle><br>Nach dem wunderbaren Event in Kammerforst heute Abend dann gleich noch mitgenommen und geloggt.<br>Das Rätsel hat uns super gut gefallen...Vielen lieben Dank<br>TFTC<p>David+Chrissi   <img src='http://www.geocaching.com/images/icons/icon_smile_big.gif' border=0 align=middle><br />]]></LOG>
<LOG><![CDATA[<img src='icon_smile.gif'>&nbsp;2009-12-13 by GeoSittiche<br><br />Danke für das vorgezogene Weihnachtsgeschenk - FTF.<br>Ein nettes Rätsel,was bei der technischen Realisierung einen gewissen <br>Wiederholungszwang hat.<img src='http://img.groundspeak.com/forums/emoticons/signal/bad_boy_a.gif' width=19 height=19 border=0 align=middle><br>Das Richtige für einen Telefonmann.<br>TFTC<br>die GeoSittiche<br />]]></LOG>
<LOG><![CDATA[<img src='icon_greenlight.gif'>&nbsp;2009-12-13 by Servatius Sebaldus<br><br />Published<br />]]></LOG>
<LOG><![CDATA[<img src='icon_note.gif'>&nbsp;2009-12-12 by Hoffi1986<br><br />Der FTF ist verschenkt, also keine Eile... <img src='http://www.geocaching.com/images/icons/icon_smile.gif' border=0 align=middle><br>Coin in<br />]]></LOG>
</LOGS>
<NOTES><![CDATA[]]></NOTES>
<IMAGES>
    <IMG>gc20y0m_0.jpg<URL>http://img.geocaching.com/cache/92037d54-537a-4f52-99a5-647ee7ce8a04.jpg</URL></IMG>
    <IMG>GC20Y0M_0.jpg<URL>http://img.geocaching.com/cache/92037d54-537a-4f52-99a5-647ee7ce8a04.jpg</URL></IMG>
    <IMGTEXT>GC20Y0M_0</IMGTEXT>
    <IMGTEXT>Telefon</IMGTEXT>
</IMAGES>
<TRAVELBUGS>
  <tb guid="0c893865-3811-4bce-a2cf-e39482182338"><name><![CDATA[Black Sheep]]></name><![CDATA[Wants to befriend as many cachers as possible.]]></tb>
</TRAVELBUGS>
<URL><![CDATA[]]></URL>
<SOLVER><![CDATA[]]></SOLVER>
    <CACHE  name = "Wenn der Cacher 3 Mal klingelt" owner = "Hoffi1986" lat = "51,164883333333" lon = "10,514066666667" hidden = "2009-12-12" wayp = "GC20Y0M" status = "" ocCacheID = "" lastSyncOC = "20100419230134" num_recommended = "0" num_found = "-1" attributesYes = "4707288352771" attributesNo = "3299071754240" boolFields="1930" byteFields="34083870" attributesYes1 = "0" attributesNo1 = "0" />
</CACHEDETAILS>
