<?xml version="1.0" encoding="ISO-8859-1"?>
<CACHEDETAILS>
<VERSION value = "3"/>
<DETAILS><![CDATA[<div style="color: rgb(255, 16, 16);" align="center">
<strong><font face="impact" size="6">Sagenschatz - das Görmarsche
Kreuz</font></strong></div>
<p>Nach dem Vorbild in und um Bad Hersfeld, jetzt auch hier. Vielen
Dank an smeagol für die tolle Inspiration.</p>
<p align="center"><img src=
"http://img.geocaching.com/cache/06f408a0-3f91-4089-8363-1927d2c7d437.jpg"
align="baseline" /> </p>

<br><p>Um 1800 sind durch das Herausbrechen des linken Steilufers der
Unsrut Menschenskelette zutage getreten. Ebenso fand man verrostete
Stücke von alten Schwertern. Man erzählt in Görmar seit vielen
Jahren, dass an dieser Stelle vor undenklichen Zeiten eine Schlacht
stattgefunden habe. Der Kaiser habe mit seinem Gefolge auf der
rechten Seite gestanden, die Feinde aber auf der linken; es sollen
Dänen oder Schweden gewesen sein.</p>
<p>Im Jahre 1970 wurde von Mitarbeitern des Heimatmuseums in der
Nähe des Herrensteins (gotisches Steinkreuz) bei Görmar das
Doppelgrab zweier Männer, vielleicht Brüder, geborgen. Beide Männer
waren enthauptet worden. Als Grabbeigabe fand man sich ein
Rittersporn aus Eisen.</p>
<p>Die Sage berichtet, dass es in der Nähe des Steinkreuzes nicht
geheuer sei. Niemand gehe dort gern und ohne Gruseln zu
mitternächtlicher Stunde vorüber. Während der Geisterstunde könne
man hier einen Reiter ohne Kopf sehen, der durch sein plötzliches,
unheimliches Erscheinen und Vorbeigaloppieren verspäteten Wanderern
und Neugierigen Todesschrecken einjagte, von dem sich diese nur
schwer oder auch gar nicht erholen würden.</p>
<p>Eure Aufgabe ist es dieses Kreuz, wenn möglich bei Tage,
aufzusuchen und das Lager des Ritters zu finden.</p>
<p>Ich habe den Kopflosen Reiter eines Nachts beobachten können. Er
hat ein geheimes Lager in 410 Metern bei 49° vom Görmarschen Kreuz
entfernt.</p>
<p>Geschichte: Ausgeprägt gotische Kreuzform. Seitlich
nasenbesetzt, Schaft beidseitig gegenüber dem vierten Arm
zurückgesetzt. Mächtig. Südseite, eingeritzt auf dem Querbalken:
Gleichschenkliges Kreuz, dahinter: ALB hOPPhE Dicht ober- und
unterhalb der Zeile je eine geritzte Linie. In Urkunden wird das
Kreuz 1347 ("vier ackere bis dem nuwen crutze") und 1386 ("III
agros in campo Germar apud Crucem") erwähnt. Möglicherweise in
einem eng begrenzten Zeitraum vor 1347 errichtet.</p>
<p>Viel Spaß beim Suchen.</p>]]></DETAILS>
<COUNTRY><![CDATA[Germany]]></COUNTRY>
<STATE><![CDATA[Thüringen]]></STATE>
<ATTRIBUTES>
   <ATT>stealth-yes.gif</ATT>
   <ATT>winter-yes.gif</ATT>
   <ATT>available-yes.gif</ATT>
   <ATT>motorcycles-yes.gif</ATT>
   <ATT>bicycles-yes.gif</ATT>
   <ATT>scenic-yes.gif</ATT>
   <ATT>onehour-yes.gif</ATT>
   <ATT>wheelchair-yes.gif</ATT>
   <ATT>parking-yes.gif</ATT>
   <ATT>dogs-yes.gif</ATT>
</ATTRIBUTES>
<HINTS><![CDATA[Fgrvaunhsra erpugf]]></HINTS>
<LOGS>
<OWNLOGID></OWNLOGID>
<OWNLOG><![CDATA[]]></OWNLOG>
<LOG><![CDATA[<img src='icon_smile.gif'>&nbsp;2010-04-04 by Zwergpiraten<br><br />Kreuz durch einen netten Hinweis gefunden und dann auch das Final schnell entdeckt...<p>ahrr ahrr,<br>die <font color="green">Zwerg</font>piraten<br />]]></LOG>
<LOG><![CDATA[<img src='icon_smile.gif'>&nbsp;2010-03-11 by Eichsgenossen<br><br />Aufenthalt in Mühlhausen und Umgebung..."welchen "- haste noch nicht ...? Richtung Görmar-.-- hatte das Kreuz gar nicht dort vermutet,aber Dank seiner Größe ...<br>Das Final war dann schnell aufgespürt.<br>HG und DFDC sagt der Eichsgenosse<br><br />]]></LOG>
<LOG><![CDATA[<img src='icon_smile.gif'>&nbsp;2010-03-07 by AT-AT<br><br />Endlich war das Lager des kopflosen Reiters schneefrei.<br>Vielen Dank fürs Rätsel.<br />]]></LOG>
<LOG><![CDATA[<img src='icon_smile.gif'>&nbsp;2010-03-07 by Karolli<br><br />Nach ein wenig Suchen im Netz auch dieses Rätsel gelöst.<br>Danke für den Cache. Olli<br><br />]]></LOG>
<LOG><![CDATA[<img src='icon_smile.gif'>&nbsp;2010-02-11 by rageracer<br><br />Heute Abend bei knietiefem Schnee und Schneegestöber geloggt.<br>Das war echt Schwerstarbeit dort hinzukommen.<br>Ansonsten gut zu finden.<p>#68 --- 11.02.2010 --- 19.40 Uhr<p>TFTC<br />]]></LOG>
<LOG><![CDATA[<img src='icon_smile.gif'>&nbsp;2010-01-23 by beagle67<br><br />Gestern am Rechner mit der Topo Deutschland die Peilung erledigt und heute schnell geloggt.<p>---23.01.2010---13.05Uhr---<br>beagle 67<br>TFTC<br />]]></LOG>
<LOG><![CDATA[<img src='icon_smile.gif'>&nbsp;2010-01-17 by GeoSittiche<br><br />Kein Sonntag ohne Cache.Nachdem das Kreuz gefunden war,konnte sich die Dose dank der ausreichend vorhandenen Fußspuren nicht mehr lang verstecken - Schneespoiler.<br>TFTC<br>die GeoSittiche<br />]]></LOG>
<LOG><![CDATA[<img src='icon_smile.gif'>&nbsp;2010-01-16 by Darmsaft<br><br />TFTC!<p>Hat mir sehr gut gefallen, wie ein Wilder durch den Schnee zu springen =)<br />]]></LOG>
<LOG><![CDATA[<img src='icon_smile.gif'>&nbsp;2010-01-16 by Prinzessin_Mimi<br><br />Schöne Aktion gewesen :D<br>Die Dose ist im Winter eher ungünstig versteckt .... Also erst Hardcoe-UH, dann Darmsaft vorgelaufen und ich bin in die großen Löcher, die sie mit ihren Schuhen hinterlassen habe, hinterhergesprungen :D<br />]]></LOG>
<LOG><![CDATA[<img src='icon_smile.gif'>&nbsp;2010-01-16 by Hardcore-UH<br><br />heute auf gemeinsamer tour mit Prinzessin Mimi und Darmsaft Trotz 50cm Schnee gefunden und gelogt<br>TFTC gruß Fips Team Hardcore-UH<p><br />]]></LOG>
<LOG><![CDATA[<img src='icon_smile.gif'>&nbsp;2010-01-09 by R&#252;ben<br><br />schön gemachter cache! haben fast bis zu den kniekehlen im schnee gesteckt! aber haben ihn dann schnell gefunden!<br>TFTC<br />]]></LOG>
<LOG><![CDATA[<img src='icon_smile.gif'>&nbsp;2010-01-09 by monalisa812<br><br />ich wusste schon wochen vorher wo dieses kreuz sein sollte, und siehe da in der nacht vom freitag zum samstag haben wir ihn gemacht, und auch gleich gefunden! ist schon ganz schön krass bei dem wetter! naja aber macht halt immer spaß, wenn man fündig wird<br />]]></LOG>
<LOG><![CDATA[<img src='icon_smile.gif'>&nbsp;2010-01-09 by mediamarkt1990<br><br />bei einer schönen tour mit monalisa und rüben super gefunden hatten bei den misst wetter gans schön frostbäulen an den knochen TFTC<br />]]></LOG>
<LOG><![CDATA[<img src='icon_smile.gif'>&nbsp;2010-01-08 by heilaender123<br><br />Heute schnell mal mitgenommen.<br>Danke sagt der<br>Heilaender123<br><img src='http://www.geocaching.com/images/icons/icon_smile_big.gif' border=0 align=middle>   <img src='http://www.geocaching.com/images/icons/icon_smile_big.gif' border=0 align=middle>   <img src='http://www.geocaching.com/images/icons/icon_smile_big.gif' border=0 align=middle><br />]]></LOG>
<LOG><![CDATA[<img src='icon_smile.gif'>&nbsp;2009-12-27 by Kruemel68<br><br />Heute um 10:15 Uhr bei strahlendem Sommenschein gefunden. <p>Die frostigen Temperaturen ermöglichten uns auch, den oberen Weg zu nutzen....<p>Danke für diesen schönen "Kreuzweg".<p>Christel & Stefan<p>IN: TB<br />]]></LOG>
<LOG><![CDATA[<img src='icon_smile.gif'>&nbsp;2009-12-26 by Mueckenfett<br><br />Auf Festtagsverdauungstour auch dieses Fragezeichen abgearbeitet <img src='http://www.geocaching.com/images/icons/icon_smile_wink.gif' border=0 align=middle><br>Der rechte Weg zum Final war dann doch der bessere.<br>Der Linke wird bei anhaltenden Tauwetter noch matschiger <img src='http://www.geocaching.com/images/icons/icon_smile_shock.gif' border=0 align=middle><br>Die Box war schnell entdeckt.<br>Tom & Silke<br />]]></LOG>
<LOG><![CDATA[<img src='icon_smile.gif'>&nbsp;2009-12-26 by DasKnie<br><br />Fix gefunden, da das Kreuz an meiner Laufstrecke liegt. Aber den Container bzw. das Versteck kannte ich noch nicht. Bei Tagen mit Witterung wie heute empfehle ich jedem, den unteren Weg zu nehmen. Sonst sehen die Schuhe aus wie Gaul! :-)<p>TFTC sagt Das Knie<br />]]></LOG>
<LOG><![CDATA[<img src='icon_smile.gif'>&nbsp;2009-12-24 by dop3<br><br />Heute nochmal schnell zum Kreuz gefahren, gepeilt und fix gefunden.<p> Frohe Weihnachtstage und ein guten rutsch ins neue Jahr. <p>mfg dop3& sandra<br />]]></LOG>
<LOG><![CDATA[<img src='icon_smile.gif'>&nbsp;2009-12-19 by uhri<br><br />Das Kreuz gefunden, richtig gepeilt und im Lager des Ritters den Cache gehoben.<br>Schöne Geschichte um das Steinkreuz.<br>TFTC Uhri+Braut<br />]]></LOG>
<LOG><![CDATA[<img src='icon_smile.gif'>&nbsp;2009-12-15 by Gollum &amp; Galadriel<br><br />Vor der Arbeit schnell das Kreuz aufgenommen, nach Feierabend dann ab zum Final.<br>Das Kreuz samt Sage war mir schon lange ein Dorn im Auge <img src='http://www.geocaching.com/images/icons/icon_smile_wink.gif' border=0 align=middle> jetzt hat es endlich sein verdientes Döslein <img src='http://www.geocaching.com/images/icons/icon_smile_big.gif' border=0 align=middle><br>Fein gemacht.<br>Vielen Dank und viele Grüße<br>out: coin<br />]]></LOG>
<LOG><![CDATA[<img src='icon_smile.gif'>&nbsp;2009-12-14 by David+Chrissi<br><br />Heute Abend im Netz entdeckt und dann gleich losgefahren und den Tollen Schatz geborgen...<br>Das Kreuz war uns sehr bekannt, weil wir fast jeden Tag vorbeifahren...<img src='http://www.geocaching.com/images/icons/icon_smile_wink.gif' border=0 align=middle><br>TFTC<br>David+Chrissi  <img src='http://www.geocaching.com/images/icons/icon_smile_big.gif' border=0 align=middle><br />]]></LOG>
<LOG><![CDATA[<img src='icon_smile.gif'>&nbsp;2009-12-14 by Hor_andy<br><br /><br>Vielen Dank an Hoffi für das vorgezogene Weihnachtsgeschenk zusammen mit dem Traveler77 hier den FTF zu machen.<br>Das Kreuz ist ja schon lange bekannt, daher war es nicht schwer. Nachdem es unseren Kleinen gestern abend schon zu spät war, gingen wir heute zum Feierabend diesen neuen Cache an und waren auch erfolgreich.<br>Schöne Sage. TFTC<br><br />]]></LOG>
<LOG><![CDATA[<img src='icon_greenlight.gif'>&nbsp;2009-12-14 by Beppo Strassenkehrer<br><br />Published<br />]]></LOG>
<LOG><![CDATA[<img src='icon_smile.gif'>&nbsp;2009-12-13 by Traveler77<br><br />Da haben wir uns heute zur Geocaching - Weihnachtsfeier am Reckenbühl getroffen, und da bekommt man doch gleich vom Hoffi so´n schönes FTF - Weihnachtsgeschenk. Recht herzlichen Dank lieber Weihnachtsmann ähh lieber Hoffi. <img src='http://www.geocaching.com/images/icons/icon_smile_wink.gif' border=0 align=middle> TFTC<br />]]></LOG>
<LOG><![CDATA[<img src='icon_note.gif'>&nbsp;2009-12-12 by Hoffi1986<br><br />der FTF ist verschenkt, also keine Eile<br>Coin in<p>[This entry was edited by Hoffi1986 on Sunday, December 13, 2009 at 3:24:16 AM.]<br />]]></LOG>
</LOGS>
<NOTES><![CDATA[]]></NOTES>
<IMAGES>
    <IMG>gc20zy4_0.jpg<URL>http://img.geocaching.com/cache/06f408a0-3f91-4089-8363-1927d2c7d437.jpg</URL></IMG>
    <IMG>GC20ZY4_0.jpg<URL>http://img.geocaching.com/cache/06f408a0-3f91-4089-8363-1927d2c7d437.jpg</URL></IMG>
    <IMGTEXT>GC20ZY4_0</IMGTEXT>
    <IMGTEXT>Das Kreuz</IMGTEXT>
</IMAGES>
<TRAVELBUGS>
</TRAVELBUGS>
<URL><![CDATA[]]></URL>
<SOLVER><![CDATA[]]></SOLVER>
    <CACHE  name = "Sagenschatz - das G&#246;rmarsche Kreuz" owner = "Hoffi1986" lat = "51,196666666667" lon = "10,488333333333" hidden = "2009-12-13" wayp = "GC20ZY4" status = "" ocCacheID = "" lastSyncOC = "20100419230339" num_recommended = "0" num_found = "-1" attributesYes = "6615330195459" attributesNo = "0" boolFields="1922" byteFields="50861076" attributesYes1 = "0" attributesNo1 = "0" />
</CACHEDETAILS>
