<?xml version="1.0" encoding="ISO-8859-1"?>
<CACHEDETAILS>
<VERSION value = "3"/>
<DETAILS><![CDATA[<div style="color: rgb(255, 16, 16);" align="center">
<p><font face="impact" size="6">Berühmte Mühlhäuser # 5 - Erika
Riemann</font></p>
<p><img src=
"http://img.geocaching.com/cache/7c03cad1-9f64-432c-931b-aaaa87ea038c.jpg"
align="baseline" /> </p>
</div>

<br><p>Ein Mädchestreich, der ihr ganzes Leben veränderte. Eine
Schleife an Stalins Bart. Sie schreibt:"... trat ich an das Bild
heran und malte mit dem Lippenstift eine kecke Schleife um den
Schnauzbart."</p>
<p>Jemand muss sie verpfiffen haben, denn schon kurze Zeit später
beginnt für Erika eine achtjährige Odyssee durch ostdeutsche
Zuchthäuser und Lager mit Stationen wie Bautzen, Sachsenhausen und
Hoheneck.</p>
<p>Doch Erika Riemann hatte in ihren jungen Jahren einen Traum, sie
wollte Artistin werden. Doch eine angerfangene Friseurlehre war
nicht das Wahre. Sie malte sich immer wieder aus, wie es wohl wäre
im Rampenlicht zu stehen. Dazu nähte ihre Mutter ihr dieses tolle
Kostüm, in dem sie hier posiert.</p>
<p align="center"><img src=
"http://img.geocaching.com/cache/1218b1e9-a012-4b2c-b622-7b3c8af88ebc.jpg"
align="baseline" /></p>
<p>Doch wo wurde dieses Bild gemacht?</p>
<p>Wann wurde dieses Bild gemacht? Nenne das Jahr ABCD.</p>
<p>Finde das Atelier des Fotografen und peile von Eingang aus A
(B-D-C) D Meter in [(B*11) + C - A]°.</p>
<p>Viel Spaß beim Suchen!</p>
<p>Noch eine Bemerkung am Rande:<br />
Ich habe Erika Riemann selbst bei einer Lesung in der Schule erlebt
und war gefesselt! Das Buch ist sehr lesenswert.</p>]]></DETAILS>
<COUNTRY><![CDATA[Germany]]></COUNTRY>
<STATE><![CDATA[Thüringen]]></STATE>
<ATTRIBUTES>
   <ATT>wheelchair-no.gif</ATT>
   <ATT>stroller-yes.gif</ATT>
   <ATT>stealth-yes.gif</ATT>
   <ATT>winter-yes.gif</ATT>
   <ATT>night-yes.gif</ATT>
   <ATT>available-yes.gif</ATT>
   <ATT>bicycles-yes.gif</ATT>
   <ATT>public-yes.gif</ATT>
   <ATT>dogs-yes.gif</ATT>
</ATTRIBUTES>
<HINTS><![CDATA[Yrfg qnf Ohpu, rf ybuag fvpu!<br>Svany: pn. mjrv Zrgre Uöur]]></HINTS>
<LOGS>
<OWNLOGID></OWNLOGID>
<OWNLOG><![CDATA[]]></OWNLOG>
<LOG><![CDATA[<img src='icon_smile.gif'>&nbsp;2010-02-28 by Erithacus Rubecula<br><br />Abgestaubt!<br>Zusammen mit den Eichsgenossen und Team Kumunst auf Tour gewesen. Dabei auch hier vorbei geschaut und nach kurzer Suche fündig geworden, allerdings nur dank der guten Vorarbeit der Eichsgenossen. Danke fürs Verstecken.<br />]]></LOG>
<LOG><![CDATA[<img src='icon_smile.gif'>&nbsp;2010-02-28 by Team Kumunst<br><br />Auf unserer heutigen Mysteryrunde durch Mühlhausen wurden wir hier fündig.<br>Was für ein kniffeliges Rätsel !. Hier konnte die wunderschöne Bücherei von Mühlhausen und die geballte Cacherkraft der Eichsgenossen und Erithacus Rubecula gut eingesetzt werden.<br>Danke und Gruß<br>Team Kumunst<br />]]></LOG>
<LOG><![CDATA[<img src='icon_smile.gif'>&nbsp;2010-02-28 by Eichsgenossen<br><br />Der Cache hat mich schon Nerven gekostet. Nach zweimaligem Besuch in der Bibliothek lagen die gesuchten Zahlen vor. Beim nächsten Stadtbesuch dann an falscher Stelle gesucht.Heute hatte ich mein Frauchen ,Erit.Rub.und Team Kumunst mit---wieder den gepeilte Umkreis abgesucht--- promt findet mein Weibchen das Döslein, ..."da muß ich erst mitkommen..."- war der erste Satz...<br>Das Buch in dem ich mehrere Seiten gelesen habe und ein Stück der Lebensgeschichte erfuhr, hätte ich schon gerne ausgeliehen, aber nachfolgende Cacher sollen ja auch Gelegenheit haben....<br>Herzl.Dank dem Owner für diesen schönen und anspruchsvollen Cache sagen die Eichsgenossen<br />]]></LOG>
<LOG><![CDATA[<img src='icon_smile.gif'>&nbsp;2010-02-06 by Hor_andy<br><br /><br>FI2010<br>Da uns nach längerer Cacheabstinenz langsam der Kragen eng wurde, war es heute an der Zeit wieder loszuziehen. Nachdem uns die Bibo das Jahr und den Fotografen verraten hatte bliebe alsletzte Schwierigkeit noch das Finden des Studios. Wir starteten an einer vermuteten Stelle und peilten kurioserweise an die richtige Ausgangsposition zum Peilen, also nochmal das ganze und da war die Dose.<p>In der Bibo habe ich es nicht auf der reinen Datensuche belassen, sondern etwas in dem Buch geschökert,schon krass die Sache. Aber machen diese Geschichten den Frau Riemann zu einer berühmten Mühlhäuserin, besonders da sie den größten Teil ihres Lebens anderswo verbracht hat? Ich weiß nicht recht.<br><br />]]></LOG>
<LOG><![CDATA[<img src='icon_smile.gif'>&nbsp;2010-02-06 by Traveler77<br><br />Schon seit einiger Zeit war die Lösung des Rätsels klar. Heute nun im Team mit Hor_Andy losgezogen und das "Döslein" geborgen. <img src='http://www.geocaching.com/images/icons/icon_smile_wink.gif' border=0 align=middle> TFTC<br />]]></LOG>
<LOG><![CDATA[<img src='icon_smile.gif'>&nbsp;2009-12-29 by David+Chrissi<br><br />Die Antwort des Rätsels Lösung lag schon lange vor uns, doch heute Nachmittag bestätigte uns der Owner unseren Lösungsvorschlag und so konnten wir am frühen Abend bei heftigem Schneegestöber loggen.<p>Vielen Dank für das aufzeigen, eines weiteren Berühmten Mühlhäusers. Wer weiß wer noch so alles kommt ... <img src='http://www.geocaching.com/images/icons/icon_smile_question.gif' border=0 align=middle><p>Auf diesem weg senden wir ganz liebe Grüße<br>David+Chrissi <img src='http://www.geocaching.com/images/icons/icon_smile.gif' border=0 align=middle><p><br />]]></LOG>
<LOG><![CDATA[<img src='icon_smile.gif'>&nbsp;2009-12-28 by AT-AT<br><br />Auf nachweihnachtlicher Gutscheineinlösetour durch die Stadt gleich ein paar Dosen gesammelt. Die Lösung war natürlich abgeguckt <img src='http://www.geocaching.com/images/icons/icon_smile_blush.gif' border=0 align=middle><br>Danke fürs Verstecken<br />]]></LOG>
<LOG><![CDATA[<img src='icon_smile.gif'>&nbsp;2009-12-27 by Zwergpiraten<br><br />Das Jahr konnte man danke ein wenige googlen relativ einfach bestimmen. Den Rest konnte man dann nur noch durch fundierte Mühlhausen-Kenntnisse ermitteln.<p>Danke für eine weitere Mühlhäuser Berühmtheit <img src='http://img.groundspeak.com/forums/emoticons/signal/bad_boy_a.gif' width=19 height=19 border=0 align=middle><p>ahrr ahrr,<br>die <font color="green">Zwerg</font>piraten<br />]]></LOG>
<LOG><![CDATA[<img src='icon_smile.gif'>&nbsp;2009-12-27 by GeoSittiche<br><br />Mit messerscharfem Kombinieren etwas Internetz ein wenig Mühlhausenkenntnis und dem notwendigem Cacherglück kamen wir auch ohne Buch zum erhofften Behältnis.<img src='http://www.geocaching.com/images/icons/icon_smile_big.gif' border=0 align=middle><br>Mit einigen Gastcachern auf sonntäglicher Runde unterwegs.<br>TFTC<br>die GeoSittiche<br />]]></LOG>
<LOG><![CDATA[<img src='icon_smile.gif'>&nbsp;2009-12-26 by Kruemel68<br><br />Mit Gastcacherin Oma E. haben wir uns heute auf den Weg zur Peilung gemacht und den Kleinen schnell und gut gefunden, die Daten haben gut gepaßt.<p>Danke für das schöne Rätsel und die Erweiterung der Serie.<p>Christel & Stefan<br />]]></LOG>
<LOG><![CDATA[<img src='icon_smile.gif'>&nbsp;2009-12-26 by Mueckenfett<br><br />Toll ein weiterer Mühlhäuser.<br>Das Buch ist auch in unseren Besitz,<br>nur noch keine Zeit gehabt <img src='http://www.geocaching.com/images/icons/icon_smile_wink.gif' border=0 align=middle><br>Das Rätsel war dan schnell gelöst und heute angefahren.<br>Im hellen keine Problem mit dem Finden.<br>Tom & Silke<br />]]></LOG>
<LOG><![CDATA[<img src='icon_smile.gif'>&nbsp;2009-12-26 by dop3<br><br />Nachdem der Weihnachts  Besuch im Bett war (0:00 Uhr) sind wir los und wollten den Cache loggen. die Koordinaten waren schnell errechnet da wir das Buch zuhause hatten. Das Fotostudio haben wir mit Hilfe von meinen Eltern auch fix finden können. Nachdem wir an den Final koords angekommen waren hatten wir warscheinlich Tomaten auf den Augen oder eventuell war auch der Empfang etwas schlecht. Wir haben dann nochmal bei Hoffi nachgefragt der dann unsere ermittelten Koords bestätigte nach einiger Suche haben wir dann das gut getarnte Döslein gefunden.<p>TFTC  Sandra & dop3<br />]]></LOG>
<LOG><![CDATA[<img src='icon_greenlight.gif'>&nbsp;2009-12-22 by ApproV<br><br />Published<br />]]></LOG>
<LOG><![CDATA[<img src='icon_smile.gif'>&nbsp;2009-12-22 by Gollum &amp; Galadriel<br><br />Vielen Dank an Hoffi für das Weihnachts-FTF-Geschenk und die lehrreiche Erweiterung dieser interessanten Serie.<br>Frauchen hatte gleich den richtigen Riecher, was das Fotoatelier anging. Ein kurzer Besuch in der Bibo brachte dann die Gewissheit (ein Exemplar haben wir mitgenommen, aber es gibt zum Glück mehrere <img src='http://www.geocaching.com/images/icons/icon_smile_big.gif' border=0 align=middle>). Dank Ortskenntnis war die Adresse schnell ausgemacht, fix gepeilt und das Döschen war unser <img src='http://www.geocaching.com/images/icons/icon_smile_big.gif' border=0 align=middle><br>EIN FROHES FEST EUCH ALLEN!<br />]]></LOG>
</LOGS>
<NOTES><![CDATA[]]></NOTES>
<IMAGES>
    <IMG>gc20tgj_0.jpg<URL>http://img.geocaching.com/cache/7c03cad1-9f64-432c-931b-aaaa87ea038c.jpg</URL></IMG>
    <IMG>gc20tgj_1.jpg<URL>http://img.geocaching.com/cache/1218b1e9-a012-4b2c-b622-7b3c8af88ebc.jpg</URL></IMG>
    <IMG>GC20TGJ_0.jpg<URL>http://img.geocaching.com/cache/7c03cad1-9f64-432c-931b-aaaa87ea038c.jpg</URL></IMG>
    <IMG>GC20TGJ_1.jpg<URL>http://img.geocaching.com/cache/1218b1e9-a012-4b2c-b622-7b3c8af88ebc.jpg</URL></IMG>
    <IMGTEXT>GC20TGJ_0</IMGTEXT>
    <IMGTEXT>GC20TGJ_1</IMGTEXT>
    <IMGTEXT>ER1</IMGTEXT>
    <IMGTEXT>ER2</IMGTEXT>
</IMAGES>
<TRAVELBUGS>
</TRAVELBUGS>
<URL><![CDATA[]]></URL>
<SOLVER><![CDATA[]]></SOLVER>
    <CACHE  name = "Ber&#252;hmte M&#252;hlh&#228;user # 5" owner = "Hoffi1986" lat = "51,2" lon = "10,495833333333" hidden = "2009-12-22" wayp = "GC20TGJ" status = "" ocCacheID = "" lastSyncOC = "20100419230923" num_recommended = "0" num_found = "-1" attributesYes = "4449654278147" attributesNo = "2199023255552" boolFields="1922" byteFields="34083880" attributesYes1 = "0" attributesNo1 = "0" />
</CACHEDETAILS>
