<?xml version="1.0" encoding="ISO-8859-1"?>
<CACHEDETAILS>
<VERSION value = "3"/>
<DETAILS><![CDATA[<br>"Ach zieh mich raus, zieh mich raus, sonst verbrenn ich! Ich bin
schon längst ausgebacken! ....."<br />
Tja, so geht's im Märchen. Unser Brot aber hat das Weite gesucht.
Es verdrückte sich aus dem abgebildeten alten Steinofen, der sich
natürlich nicht an den o.g. Koordinaten befindet, aber auch nicht
weiter als 2 km entfernt ist. Die einzige Spur zum Brot befindet
sich an der Ofenklappe. Auf ihr steht ein kleiner Text.<br />
Zählt die Buchstaben der mittleren Reihe = A. Zählt dann, wie oft
der Buchstabe E im gesamten Text vorkommt = B.<br />
Peilt nun (A x 20) Meter und (B x 30 + 10) Grad. Dort solltet ihr
dann das flüchtige Logbrot finden. Seid aber nett zu ihm und passt
auf die Dornen auf.<br />
<br />
<img src=
"http://img.geocaching.com/cache/54c33b5e-ccf8-4abc-b506-e8e41c9d274d.jpg"
border="0" />]]></DETAILS>
<COUNTRY><![CDATA[Germany]]></COUNTRY>
<STATE><![CDATA[Thüringen]]></STATE>
<ATTRIBUTES>
   <ATT>wheelchair-no.gif</ATT>
   <ATT>bicycles-yes.gif</ATT>
   <ATT>thorn-yes.gif</ATT>
   <ATT>winter-yes.gif</ATT>
   <ATT>parking-yes.gif</ATT>
   <ATT>dogs-yes.gif</ATT>
   <ATT>motorcycles-yes.gif</ATT>
</ATTRIBUTES>
<HINTS><![CDATA[Svany: ubuyre Onhz mjvfpura Qbeara]]></HINTS>
<LOGS>
<OWNLOGID></OWNLOGID>
<OWNLOG><![CDATA[]]></OWNLOG>
<LOG><![CDATA[<img src='icon_smile.gif'>&nbsp;2010-04-04 by Karolli<br><br />Auf einer kleinen Fettverbrennungsrunde <img src='http://www.geocaching.com/images/icons/icon_smile_evil.gif' border=0 align=middle> mit dem Bike das Brot gesucht und gefunden.<br>Irgendwie hatte ich immer nach einem Bäcker Ausschau gehalten <img src='http://www.geocaching.com/images/icons/icon_smile_cool.gif' border=0 align=middle><br>Vielen Dank für das kleine Rätsel.<br />]]></LOG>
<LOG><![CDATA[<img src='icon_smile.gif'>&nbsp;2010-03-29 by dop3<br><br />Nach langer suche nach dem Ofen haben wir endlich mal das Brot gefunden. :)<p>TFTC dop3&sandra<br />]]></LOG>
<LOG><![CDATA[<img src='icon_smile.gif'>&nbsp;2010-03-05 by klins<br><br />Der Sherlock-Geocoin hat uns heute hier her gelockt. Zuerst war es gar nicht so einfach. Wir mussten uns unter die Einheimischen mischen, um uns dem Fall zu nähern. Aber geschickt und zielstrebig fanden wir kurz vor´m Aufgeben durch Zufall den entscheidenden Hinweis  	<img src='http://www.geocaching.com/images/icons/icon_smile.gif' border=0 align=middle><br>Dann war es gar nicht mehr schwer...<p>Herzlichen Dank<br>Klins & das Klein-Team + Samuel<br />]]></LOG>
<LOG><![CDATA[<img src='icon_smile.gif'>&nbsp;2010-02-07 by GeoSittiche<br><br />Urige Backtechnik konnten wir bestaunen und das nette Final könnte auch etwas Wärme vom Ofen vertragen,denn es musste erst vom Schnee befreit werden.Doch Dank sicherer Dose war das kein Problem.Danke fürs Zeigen.<img src='http://www.geocaching.com/images/icons/icon_smile_big.gif' border=0 align=middle><img src='http://www.geocaching.com/images/icons/icon_smile_big.gif' border=0 align=middle><img src='http://www.geocaching.com/images/icons/icon_smile_big.gif' border=0 align=middle><br>Coin in<br>TFTC<br>die GeoSittiche <br />]]></LOG>
<LOG><![CDATA[<img src='icon_smile.gif'>&nbsp;2010-01-04 by Hoffi1986<br><br /><font color="red">Heute, auf meiner kleinen Abschiedstour, habe ich das kleine Brot noch gefunden! Bis in 3 Monaten! <img src='http://www.geocaching.com/images/icons/icon_smile.gif' border=0 align=middle><br>TFTC</font><br />]]></LOG>
<LOG><![CDATA[<img src='icon_smile.gif'>&nbsp;2009-12-30 by uhri<br><br />Heute eher zufällig darauf gestossen und auch gleich das Verschwundene Brot geborgen.  <br>Danke fürs zeigen.<br>TFTC Uhri+Braut<br />]]></LOG>
<LOG><![CDATA[<img src='icon_smile.gif'>&nbsp;2009-12-29 by Hor_andy<br><br /><br>Schicker Ofen, ich hätte ihn nicht gesehen. Da wir bei der Weihnachtsfeier unaufmerksam waren durften wir heute nochmal her und diesen cache loggen. Ein Hint wäre evtl. hilfreich, wir habe zwar nicht lange gesucht, ich hätte da aber wahrscheinlich nicht (gleich) gesucht.<br>Märchenhafter Cache.<br>TFTC<br><br />]]></LOG>
<LOG><![CDATA[<img src='icon_smile.gif'>&nbsp;2009-12-29 by Traveler77<br><br />Das Öflein war zur Weihnachtsfeier schon erkundet worden. Heute nun noch mal im Team mit Hor_Andy gepeilt und das verschwundene Brot gefunden. <img src='http://www.geocaching.com/images/icons/icon_smile_wink.gif' border=0 align=middle> TFTC<br />]]></LOG>
<LOG><![CDATA[<img src='icon_smile.gif'>&nbsp;2009-12-27 by FTT<br><br />Das letzte Mal erstmal schön vorbeigefahren, aber heute mit biba das "Knusperhäuschen" entdeckt...Der Rest war dann Formsache.<br>TFTC<br>Out: TB<br />]]></LOG>
<LOG><![CDATA[<img src='icon_smile.gif'>&nbsp;2009-12-27 by biba1981<br><br />zusammen mit FTT das brot gesucht und dann auch gefunden<img src='http://www.geocaching.com/images/icons/icon_smile_tongue.gif' border=0 align=middle><br />]]></LOG>
<LOG><![CDATA[<img src='icon_smile.gif'>&nbsp;2009-12-16 by David+Chrissi<br><br />Bei der heutigen kleinen Nachmittagstour, haben wir unser Schätzchen geloggt. Der Backofen war schenll gefunden... Schöner Spaziergang in winterlicher Atmosphäre.<p>David+Chrissi<br />]]></LOG>
<LOG><![CDATA[<img src='icon_smile.gif'>&nbsp;2009-12-13 by Mueckenfett<br><br />Vor der Weihnachtsfeier doch noch entdeckt.<br>Tom<br />]]></LOG>
<LOG><![CDATA[<img src='icon_greenlight.gif'>&nbsp;2009-12-12 by Beppo Strassenkehrer<br><br />Published<br />]]></LOG>
</LOGS>
<NOTES><![CDATA[]]></NOTES>
<IMAGES>
    <IMG>gc21pzz_0.jpg<URL>http://img.geocaching.com/cache/54c33b5e-ccf8-4abc-b506-e8e41c9d274d.jpg</URL></IMG>
    <IMG>GC21PZZ_0.jpg<URL>http://img.geocaching.com/cache/54c33b5e-ccf8-4abc-b506-e8e41c9d274d.jpg</URL></IMG>
    <IMGTEXT>GC21PZZ_0</IMGTEXT>
    <IMGTEXT>Ofen</IMGTEXT>
</IMAGES>
<TRAVELBUGS>
</TRAVELBUGS>
<URL><![CDATA[]]></URL>
<SOLVER><![CDATA[]]></SOLVER>
    <CACHE  name = "Das verschwundene Brot" owner = "Gollum &amp; Galadriel" lat = "51,133333333333" lon = "10,416666666667" hidden = "2009-12-10" wayp = "GC21PZZ" status = "" ocCacheID = "" lastSyncOC = "20100419230654" num_recommended = "0" num_found = "-1" attributesYes = "4535490185218" attributesNo = "2199023255552" boolFields="1922" byteFields="50861086" attributesYes1 = "0" attributesNo1 = "0" />
</CACHEDETAILS>
