<?xml version="1.0" encoding="ISO-8859-1"?>
<CACHEDETAILS>
<VERSION value = "3"/>
<DETAILS><![CDATA[Woher hat wohl Mühlhausen seinen Namen... :--)))
<br>Finde den abgebildeten Stein !
<p><img src=
"http://img.geocaching.com/cache/8609a550-bd26-4547-9821-8cd3f77564cd.jpg" />
Wenn dir das gelungen ist, zähl bitte, um den wievielten (der Form
und Größe gleichartigen) Stein es sich handelt. Die Zahl sei = X.
Nun peile von Deinem Standort aus (11 * X Meter) in (4 * X °).
Begib dich zum loggen dorthin. Hinweis zur Final Location: der
Nutzer dieses Platzes ist eingeweiht. Viel Spaß und eine Bitte:
auch bei diesem Cache gilt: bitte im Log nicht spoilern.</p>]]></DETAILS>
<COUNTRY><![CDATA[Germany]]></COUNTRY>
<STATE><![CDATA[Thüringen]]></STATE>
<ATTRIBUTES>
   <ATT>campfires-no.gif</ATT>
   <ATT>climbing-no.gif</ATT>
   <ATT>wheelchair-no.gif</ATT>
   <ATT>stroller-yes.gif</ATT>
   <ATT>night-yes.gif</ATT>
   <ATT>available-yes.gif</ATT>
   <ATT>bicycles-yes.gif</ATT>
   <ATT>kids-yes.gif</ATT>
   <ATT>dogs-yes.gif</ATT>
</ATTRIBUTES>
<HINTS><![CDATA[Svany: va zvaqrfgraf mjrvzrgremjnamvt Uöur mjvfpura I 560 haq FS58]]></HINTS>
<LOGS>
<OWNLOGID></OWNLOGID>
<OWNLOG><![CDATA[]]></OWNLOG>
<LOG><![CDATA[<img src='icon_smile.gif'>&nbsp;2010-04-10 by uhri<br><br />Im zweiten Anlauf endlich zum Abschluss gebracht.<br>Das Steine zählen .... naja ihr wißt schon.<br>Der Rest war ein Spaziergang.<p>TFTC Uhri+Braut<br><br />]]></LOG>
<LOG><![CDATA[<img src='icon_smile.gif'>&nbsp;2010-02-28 by Team Kumunst<br><br />......und wenn sie nichts gefunden hätten, so würden sie immer noch um das Gebäude rennen.....<br>Tolle Idee !!<br>Danke und Gruß<br>Team Kumunst<br />]]></LOG>
<LOG><![CDATA[<img src='icon_smile.gif'>&nbsp;2010-02-09 by beagle67<br><br />Heute endlich geloggt. An welchem Gebäude die Mühle ist war mir bekannt, aber wo? Dank einer Chronik habe ich dieses Rätsel am Wochenende lösen können. Das finden des Cachs gestaltete sich etwas schwieriger, da die "gefühlten" Meter zu viel waren und ich nie bis zu der Stelle gegangen bin. Dank eines Tips von "rageracer" ging es dann sehr schnell.<br>---09.02.2010---11.45Uhr---<p>TFTC <br />]]></LOG>
<LOG><![CDATA[<img src='icon_smile.gif'>&nbsp;2010-01-29 by Zwergpiraten<br><br />Nach einem ersten erfolglosen Versuch heute doch noch den richtigen Stein gefunden. Den Cache dann zu finden war auch nicht schwer, allerdings wurden wir dabei mehrfach angesprochen, ob man uns helfen könne oder ob wir Probleme hätten....von Geocaching und von der Tatsache das sich dort einer verbirgt wussten die Besitzer anscheinend nichts <img src='http://www.geocaching.com/images/icons/icon_smile_sad.gif' border=0 align=middle>. Das hat die Freude an diesem schönem Rätsel ein wenig getrübt...<br>arhh, arhh die Zwergpiraten<br />]]></LOG>
<LOG><![CDATA[<img src='icon_smile.gif'>&nbsp;2010-01-14 by rageracer<br><br />Nachdem ich herrausgefunden hatte an welchem Bauwerk der Stein ist, ihn aber 2 mal vergeblich gesucht hatte, musste nun mein Joker die Spürnase Jörgi mit. Dummerweise hatte ganz in der Nähe gerade ein Automuggel versucht im Schnee zu wenden und ist dabei rückwärts eine Treppe hinunter gefahren.<br>Demzufolge war das Muggelaufkommen anfangs ziemlich hoch. Zum Glück machten sich aber alle Muggel, inkl. der Fahrer des PKW,<br>relativ schnell aus dem Staub und die Suche konnte beginnen.<br>Jörgi hatte den Stein dann auch sehr schnell und als ich gerade mit zählen anfing, kam auch noch ein Ordnungsamtmuggel auf uns zu,<br>da er dachte es sei unser Auto! Jörgi konnte ihn ganz gut ablenken und in ein Gespräch verwickeln, so das ich in Ruhe zählen und peilen konnte.<br>Ab da war es dann ein Kinderspiel den Cache zu finden, auch wenn der Hinweis nicht ganz korrekt ist.<br>Eigentlich müsste es heißen zwischen VS60 und SF58!<p>Alles in allem ein sehr schöner Cache und eine tolle Herausforderung.<p>Aber warum ist denn jetzt dieser Stein an dem Bauwerk???<p>rageracer --- 14.01.10 --- 14.30 Uhr<p>TFTC<br><br />]]></LOG>
<LOG><![CDATA[<img src='icon_smile.gif'>&nbsp;2010-01-09 by GeoSittiche<br><br />In der ganzen Bekanntschaft herum gefragt,bis endlich der richtige Hinweis kam.Am Ende einer Fahrradtour mit der MTBs,die wir bei diesem Wetter nur empfehlen können,fündig geworden.<br>Der Cache ist ja ziemlich schneesicher getarnt.<br>TFTC<br>die GeoSittiche<br />]]></LOG>
<LOG><![CDATA[<img src='icon_smile.gif'>&nbsp;2010-01-04 by biba1981<br><br />ja FTT hat ja schon alles geschrieben aber hat ja alles hingehauen<br />]]></LOG>
<LOG><![CDATA[<img src='icon_smile.gif'>&nbsp;2010-01-04 by FTT<br><br />Nach ewig langem Suchen nach dem Ort des Steins(wobei unzählige Leute befragt worden) endlich gefunden.Doch dann gings los, wie Zählen???? So eindeutig find ich das in der Beschreibung nicht...Natürlich auch prompt die falsche Zahl gewählt.Also musste externe Hilfe (Joker Hoffi) ran...mit der richtigen Zahl war es dann auch kein Problem.Nach kurzem Warten, wegens Muggles, dann ziemlich zielsicher zugegriffen und in Ruhe geloggt.<br />]]></LOG>
<LOG><![CDATA[<img src='icon_smile.gif'>&nbsp;2010-01-02 by Erithacus Rubecula<br><br />Abgestaubt!<br>Zusammen mit den Eichsgenossen waren wir heute auf großer Mühlhausentour. Nach mehreren Umrundungen möglicher Stellen für das gesuchte hat Winfried dann doch einen Telefonjoker gezogen. So war es uns nach einiger Suche doch noch möglich den Final zu finden. Danke fürs Verstecken und Zeigen.<br />]]></LOG>
<LOG><![CDATA[<img src='icon_smile.gif'>&nbsp;2010-01-02 by Eichsgenossen<br><br />Neues Jahr,neues Glück-- Heute mit Erith.Rub. in Mühlhausen auf Tour. Da wir angereist und Vorbereitet mit einen Tip  an welchem Objekt zu Suchen ist ,hat es mindestens eine Stunde gedauert,bis wir den Stein endeckt haben. Bei dem weiteren Steinezählen gabs dann auch noch Unstimmigkeiten,aber ......<br>Schön das es in Mühlhausen immer wieder was Neues zu endecken gibt<br>Noch ein gesundes neues Jahr an Stefan und Christel und liebe Grüße,sagen die Eichsgenossen<br />]]></LOG>
<LOG><![CDATA[<img src='icon_smile.gif'>&nbsp;2009-12-28 by AT-AT<br><br />Auf nachweihnachtlicher Gutscheineinlösetour durch die Stadt gleich ein paar Dosen gesammelt. Die Lösung war natürlich von gollumgandalf abgeguckt. Cooles Final-Versteck.<br>Danke fürs Verstecken<br />]]></LOG>
<LOG><![CDATA[<img src='icon_smile.gif'>&nbsp;2009-12-12 by Grottenolm87<br><br />Mit einem Tipp von den two rubsners konnte ich diesen Cache dann auch noch lösen. TFTC<p>Der Grottenolm<br />]]></LOG>
<LOG><![CDATA[<img src='icon_smile.gif'>&nbsp;2009-12-12 by Hoffi1986<br><br />Oh Mann, wie gemein ist der denn!!!<br>Nach langer Suche mit den Hinweisen mehrerer Mühlhäuser Einwohner dann gestern Abend endlich zugeschlagen.<br>TFTC<br />]]></LOG>
<LOG><![CDATA[<img src='icon_smile.gif'>&nbsp;2009-12-09 by Hor_andy<br><br /><br>Na das war ein Spass zu später Stunde, irgendwie haben wir nicht kapiert was man wie zählen soll (obwohl es scheinbar eindeutig da steht). Also haben wir einfach die Stadt nach möglichen Verstecken abgesucht und dann doch den kleinen Fiesen entdeckt.<br>TFTC<br> <br />]]></LOG>
<LOG><![CDATA[<img src='icon_smile.gif'>&nbsp;2009-12-09 by Traveler77<br><br />Da half nur noch Harald Schmidt weiter. Der wusste den Platz sofort. Also im Team mit Hor_Andy losgedüst, Steine gezählt und das "Döslein" aus seinem Versteck geborgen. So lernt man Mühlhausen immer besser kennen. <img src='http://www.geocaching.com/images/icons/icon_smile_wink.gif' border=0 align=middle> TFTC<br />]]></LOG>
<LOG><![CDATA[<img src='icon_smile.gif'>&nbsp;2009-12-06 by two rubsners<br><br />Dank der Hinweise (von Cachern und eines Stadtführers) nun im Hellen besser gefunden als vor ein paar Tagen im Dunkeln. Nun schnell geloogt und ab zum Mittagessen. TFTC<br />]]></LOG>
<LOG><![CDATA[<img src='icon_smile.gif'>&nbsp;2009-12-05 by Team Fire &amp; Ice<br><br />Gemeinsam mit Hondje Amanda ging es heute Richtung Mühlhausen.<br>Ja, was soll man dazu schon sagen. Durch die kleine Stadtführung bei der letzten Kirmes wußten wir noch, wo sich der Platz des Fotos befindet. Auch die kleine Anekdote bzw. Sage hat man uns damals erklärt. Also sind wir heute hin um den letzten Teil des Rätsels zu lösen. Tolle Idee und schönes Versteck. <img src='http://www.geocaching.com/images/icons/icon_smile_wink.gif' border=0 align=middle><p>Vielen Dank und Grüße an die Ownerfamilie sowie ein schönes Fest<p>Team Fire & Ice<br>Heiko<br />]]></LOG>
<LOG><![CDATA[<img src='icon_smile.gif'>&nbsp;2009-12-05 by Hondje Amanda<br><br />Mit meinem Herrchen war ich heute unterwegs zu Onkel Tom.<br>Auf dem Weg dorthin waren wir noch etwas cachen. <img src='http://www.geocaching.com/images/icons/icon_smile_big.gif' border=0 align=middle><br>Hier hat mein Herrchen zur Kirmes gut aufgepasst, als wir eine kleine Spezialführung durch Mühlhausen erhalten haben. <br>Schon damals konnten wir die Geschichte zu diesem Ort erfahren.<p>Vielen Dank und Grüße vom<p>Hondje Amanda<br />]]></LOG>
<LOG><![CDATA[<img src='icon_note.gif'>&nbsp;2009-12-02 by Kruemel68<br><br />@Darmsaft: Vielleicht hätte ja der FREUND UND HELFER weiterhelfen können :-))) Fragen kost nix <br />]]></LOG>
<LOG><![CDATA[<img src='icon_smile.gif'>&nbsp;2009-12-01 by dop3<br><br />Heute abend mit David+Chrissi unterwegs gewesen und das Rätsel um die (Zwick) Mühle lösen können. Ohne Hilfe von David+Chrissi hätte ich bestimmt nie die Mühle entdeckt.<br>TFTC dop3<br />]]></LOG>
<LOG><![CDATA[<img src='icon_smile.gif'>&nbsp;2009-12-01 by David+Chrissi<br><br />Auf der Abendlichen Tour mit Dop3 gefunden.<br>Waren gestern schon da, konnten aber den Final nicht finden.<br>Deshalb heute nochmal hin und siehe da, Bingo!!<img src='http://www.geocaching.com/images/icons/icon_smile_big.gif' border=0 align=middle><br>Den Stein konnten wir auf Anhieb finden, da mein Opa Steinmetz ist, war das ganze kein großes Problem..<p>Danke fürs zeigen.<br>TFTC<p>David+Chrissi   <img src='http://www.geocaching.com/images/icons/icon_smile_wink.gif' border=0 align=middle><br />]]></LOG>
<LOG><![CDATA[<img src='icon_greenlight.gif'>&nbsp;2009-11-29 by Servatius Sebaldus<br><br />Published<br />]]></LOG>
<LOG><![CDATA[<img src='icon_note.gif'>&nbsp;2009-11-29 by Hor_andy<br><br /><br>Difficulty: 2,5 ???<br>Terrain: 1,5 ???  (bei 2,2m)<p>Wieder mal ein schönes "Fragezeichen" in unserer Stadt<br> <br />]]></LOG>
<LOG><![CDATA[<img src='icon_smile.gif'>&nbsp;2009-11-29 by Mueckenfett<br><br />Gegen 18 Uhr schlugen die Neuen im Netz im Minutentakt auf.<br>Dieser war der Zweite FTF der abendlichen Tour und gar nicht so einfach.<br>Mal gut das ich das gesuchte Bild und seine Geschichte kannte, <br>aber 2,20m war schon eine gute Höhe, da mußte dich ganz schön strecken.<br>Tom<br><br />]]></LOG>
<LOG><![CDATA[<img src='icon_note.gif'>&nbsp;2009-11-29 by Kruemel68<br><br />Hab mal Andys Anregung aufgegriffen un die Sterne neu vergeben.....Happy Hunting....<br />]]></LOG>
<LOG><![CDATA[<img src='icon_note.gif'>&nbsp;2009-11-29 by Darmsaft<br><br />Wir wollten die ganzen neuen Caches in Mhl machen, darunter auch der. Uns ist zu Beginn komplett entgangen, dass es ja ein Mystery ist :(<br>Und jetzt ratet mal, wohin die Koordinaten zeigen? Haargenau auf den Vordereingang der Polizeistation von Mühlhausen!<br>Ich würde die mal ein bisschen ändern, es gibt ja immer ein paar Doofe wie uns <img src='http://www.geocaching.com/images/icons/icon_smile_big.gif' border=0 align=middle><br />]]></LOG>
<LOG><![CDATA[<img src='icon_smile.gif'>&nbsp;2009-11-29 by Gollum &amp; Galadriel<br><br />Nicht an der Polizeistation sondern an einem Reck-Dich-Döschen gelandet.<br>Ganz schön knifflige Sache, oder besser gesagt...verzwickt <img src='http://www.geocaching.com/images/icons/icon_smile_big.gif' border=0 align=middle><br>Danke fürs Verstecken.<br />]]></LOG>
</LOGS>
<NOTES><![CDATA[]]></NOTES>
<IMAGES>
    <IMG>gc21gkv_0.jpg<URL>http://img.geocaching.com/cache/8609a550-bd26-4547-9821-8cd3f77564cd.jpg</URL></IMG>
    <IMG>GC21GKV_0.jpg<URL>http://img.geocaching.com/cache/8609a550-bd26-4547-9821-8cd3f77564cd.jpg</URL></IMG>
    <IMGTEXT>GC21GKV_0</IMGTEXT>
    <IMGTEXT>Das Objekt der Begierde</IMGTEXT>
</IMAGES>
<TRAVELBUGS>
</TRAVELBUGS>
<URL><![CDATA[]]></URL>
<SOLVER><![CDATA[]]></SOLVER>
    <CACHE  name = "M&#252;hlhausens (Zwick-) M&#252;hle ?" owner = "Kruemel" lat = "51,205916666667" lon = "10,4648" hidden = "2009-11-28" wayp = "GC21GKV" status = "" ocCacheID = "" lastSyncOC = "20100419230759" num_recommended = "0" num_found = "-1" attributesYes = "34360920067" attributesNo = "2199023255696" boolFields="1922" byteFields="50862371" attributesYes1 = "0" attributesNo1 = "0" />
</CACHEDETAILS>
