<?xml version="1.0" encoding="ISO-8859-1"?>
<CACHEDETAILS>
<VERSION value = "3"/>
<DETAILS><![CDATA[Eine neue, offene Serie ! Alle sind zum Mit- bzw. Weitermachen
eingeladen.
<br>Es tut sich was in Mühlhausen !
<p>Schon seit jeher ist Mühlhausen bekannt für kleine, historische
Gassen. Nun kommen offenbar auch noch neue hinzu. Und es tut sich
was....soll heißen, es wird umgestaltet und hübsch gemacht.</p>
<p>Viel Spaß beim Erkunden einiger Rückseiten Mühlhausens.</p>]]></DETAILS>
<COUNTRY><![CDATA[Germany]]></COUNTRY>
<STATE><![CDATA[Thüringen]]></STATE>
<ATTRIBUTES>
   <ATT>campfires-no.gif</ATT>
   <ATT>camping-no.gif</ATT>
   <ATT>scenic-no.gif</ATT>
   <ATT>stroller-yes.gif</ATT>
   <ATT>winter-yes.gif</ATT>
   <ATT>available-yes.gif</ATT>
   <ATT>bicycles-yes.gif</ATT>
   <ATT>restrooms-yes.gif</ATT>
   <ATT>wheelchair-yes.gif</ATT>
   <ATT>dogs-yes.gif</ATT>
</ATTRIBUTES>
<HINTS><![CDATA[va pn. 150 pz Uöur, avpug va Fgrva fbaqrea...]]></HINTS>
<LOGS>
<OWNLOGID></OWNLOGID>
<OWNLOG><![CDATA[]]></OWNLOG>
<LOG><![CDATA[<img src='icon_smile.gif'>&nbsp;2010-04-18 by Die Buhner<br><br />Wir waren gleich nach der Wende schon mal in Mühlhausen und haben den schönen Ort fast nicht wieder erkannt !Der Cache im Gässchen wollte sich zunächst uns nicht zeigen, dann hatte er letzlich doch keine Chance mehr und wurde entdeckt !<p>"Die Buhner"<br />]]></LOG>
<LOG><![CDATA[<img src='icon_smile.gif'>&nbsp;2010-04-11 by klins<br><br />...na, das war aber mal eine Aufgabe! Fast wären wir unverrichteter Dinge wieder abgezogen, da kam mir die richtige Idee...<br>Vielen Dank<br>Klins & das Klein-Team<br />]]></LOG>
<LOG><![CDATA[<img src='icon_smile.gif'>&nbsp;2010-04-09 by bondy57<br><br />Schöne Altstadt, Cache schnell gefunden und geloggt, DFDC.<br />]]></LOG>
<LOG><![CDATA[<img src='icon_smile.gif'>&nbsp;2010-03-30 by HeiligerJoghurt<br><br />Danke für die Fotologfreigabe - mangels Stift.<p>viele Grüße an alle<br />]]></LOG>
<LOG><![CDATA[<img src='icon_smile.gif'>&nbsp;2010-03-28 by hawkeye85<br><br />Auf dem Heimweg halt gemacht und geloggt<br>TFTC<br />]]></LOG>
<LOG><![CDATA[<img src='icon_smile.gif'>&nbsp;2010-03-27 by UlliSilke<br><br />Am Vorabend schon gesucht, aber ohne Lampe nicht gefunden. Heute nun konnte sich der Cache nicht lange verstecken. TFTC! UlliSilke<br />]]></LOG>
<LOG><![CDATA[<img src='icon_smile.gif'>&nbsp;2010-03-27 by saheimast<br><br />Einen erfolgreichen Caching-Tag mit Satchmo77 und Fhuti83 in Mühlhausen erlebt. TFTC<br />]]></LOG>
<LOG><![CDATA[<img src='icon_smile.gif'>&nbsp;2010-03-27 by Fhuti83<br><br />Schönes Gäßchen! Die Umgebung wird bestimmt bald wieder in "alten" Glanz erstrahllen. Unterwegs mit saheimast und satchmo77. TFTC<br />]]></LOG>
<LOG><![CDATA[<img src='icon_smile.gif'>&nbsp;2010-03-27 by Satchmo77<br><br />Auf Cachingtour mit Saheimast und Fhuti83 auch diesen gut gefunden! TFTC<br />]]></LOG>
<LOG><![CDATA[<img src='icon_smile.gif'>&nbsp;2010-03-18 by Stedolili<br><br />Beim zweiten Versuch gefunden, obwohl ich Heimvorteil hatte. Naja im Dunklen wohl auch schwer zu finden.<p>Danke.<br />]]></LOG>
<LOG><![CDATA[<img src='icon_smile.gif'>&nbsp;2010-02-28 by Team Kumunst<br><br />Die Gassen von Mühlhausen sind wirklich sehenswert.<br>Danke und Gruß<br>Team Kumunst<br />]]></LOG>
<LOG><![CDATA[<img src='icon_smile.gif'>&nbsp;2010-02-28 by heilaender123<br><br />Tolles Versteck ,klasse Location<br>Danke fürs zeigen sagt der <br>Heilaender123 <img src='http://www.geocaching.com/images/icons/icon_smile.gif' border=0 align=middle><br />]]></LOG>
<LOG><![CDATA[<img src='icon_smile.gif'>&nbsp;2010-02-28 by gloomy<br><br />Kleiner Vormittagsspaziergang durch die Innenstadt. VG und Danke, gloomy!<br />]]></LOG>
<LOG><![CDATA[<img src='icon_smile.gif'>&nbsp;2010-02-27 by mausebaer13<br><br />Dieser Cache hat ganz schön Zeit in Anspruch genommen, obwohl er direkt vor der Nase lag.TFTC<br />]]></LOG>
<LOG><![CDATA[<img src='icon_smile.gif'>&nbsp;2010-02-23 by nor@x<br><br />Den kleinen trotz Schlitterpartie gut gefunden und geloggt. Wirklich eine nette kleine Ecke.<br>nor@x<br />]]></LOG>
<LOG><![CDATA[<img src='icon_smile.gif'>&nbsp;2010-02-11 by rageracer<br><br />Heute mit Gastcacher Jörgi schnell gefunden.<p>Das Logbuch müsste unbedingt mal erneuert werden.<p>#69 --- 11.02.2010 --- 20.10 Uhr<p>TFTC<br />]]></LOG>
<LOG><![CDATA[<img src='icon_smile.gif'>&nbsp;2010-02-05 by burnair<br><br />war ja gleich vor meiner haustür<br />]]></LOG>
<LOG><![CDATA[<img src='icon_smile.gif'>&nbsp;2010-01-24 by Straubi_1<br><br />Teamfund mit Kerny77<br>TFTC<br />]]></LOG>
<LOG><![CDATA[<img src='icon_smile.gif'>&nbsp;2010-01-24 by Kerny77<br><br />Schnell gefunden!<br>TFTC<br />]]></LOG>
<LOG><![CDATA[<img src='icon_smile.gif'>&nbsp;2010-01-16 by GICHTKNILCH<br><br />Aber auch ich bin Spuren (wenn auch veraltet) gefolgt und dadurch fündig geworden.<br>DFDC<br />]]></LOG>
<LOG><![CDATA[<img src='icon_smile.gif'>&nbsp;2010-01-16 by Mupfeline<br><br />Auf unserem Besuch in Mühlhausen auch hier vorbeigekommen und die Häuser bestaunt! Den Cache hatten Gichtknilch und ich schon vor den anderen in den Händen - und so hatten sie es einfacher und konnten unseren Spuren folgen... <img src='http://www.geocaching.com/images/icons/icon_smile_big.gif' border=0 align=middle><br>DFDC! Mupfeline #251<br />]]></LOG>
<LOG><![CDATA[<img src='icon_smile.gif'>&nbsp;2010-01-16 by chulupi<br><br />17.50 h | #254<br>Auf dem Weg vom der LP-Fabrik Claes über etwas lecker warmes Essen <img src='http://www.geocaching.com/images/icons/icon_smile_tongue.gif' border=0 align=middle> durch die hübschen Gäßchen kamen Mupfeline, GICHTKNILCH, Scolopendro und ich hier vorbei. Scolopendro und ich mussten noch loggen, die beiden anderen hatten schon - also hat jeder von und eine Ecke durchsucht und Scolopendro hatte flott das Döschen in den Händen. <img src='http://www.geocaching.com/images/icons/icon_smile_approve.gif' border=0 align=middle><br>TFTC!<br>chulupi<br />]]></LOG>
<LOG><![CDATA[<img src='icon_smile.gif'>&nbsp;2010-01-10 by TurnerOverdrive<br><br />Die Gasse zu finden war schon eine Herausforderung.<br />]]></LOG>
<LOG><![CDATA[<img src='icon_smile.gif'>&nbsp;2010-01-10 by Ausche<br><br />Heute zusammen mit TurnerOverdrive gefunden. TFTC<br />]]></LOG>
<LOG><![CDATA[<img src='icon_smile.gif'>&nbsp;2010-01-09 by R&#252;ben<br><br />schnell gefunden<br>TFTC<br />]]></LOG>
<LOG><![CDATA[<img src='icon_smile.gif'>&nbsp;2010-01-09 by monalisa812<br><br />mitten in der nacht bei schneesturm schnell gefunden<br />]]></LOG>
<LOG><![CDATA[<img src='icon_smile.gif'>&nbsp;2010-01-03 by Darmsaft<br><br />Recht einfach und schnell gefunden, TFTC ;)<br />]]></LOG>
<LOG><![CDATA[<img src='icon_smile.gif'>&nbsp;2010-01-03 by Prinzessin_Mimi<br><br />Der war schnell gefunden =)<br>TFTC<br />]]></LOG>
<LOG><![CDATA[<img src='icon_smile.gif'>&nbsp;2010-01-02 by Erithacus Rubecula<br><br />Abgestaubt!<br>Zusammen mit den Eichsgenossen waren wir heute auf großer Mühlhausentour. Dabei konnten wir uns diesen für uns neuen Tradi natürlich nicht entgehen lassen. Gut gefunden. Danke fürs Verstecken.<br />]]></LOG>
<LOG><![CDATA[<img src='icon_smile.gif'>&nbsp;2010-01-02 by keythie1<br><br />Bei meinem Neujahrsbesuch in meiner alten Heimatstadt dieses Gässchen entdeckt und gestaunt über die schönen Hinterseiten von MHL, die man damals nie zu Gesicht bekam (war wohl auch besser so), aber heute sehr interessant sind.<br>Dank meiner Gastcacherin Claudia konnte sich der Kleine nicht lange vor uns verstecken.<br>Vielen Dank fürs Herführen!!<br>TFTC Keythie<br />]]></LOG>
<LOG><![CDATA[<img src='icon_smile.gif'>&nbsp;2009-12-29 by caprikitty<br><br />trotz das ich nicht von hier bin kann ich sagen, dass ich schon ma hier in diesem gäßchen war, aber mehr durch zufall.<br>danke <br />]]></LOG>
<LOG><![CDATA[<img src='icon_smile.gif'>&nbsp;2009-12-28 by hblack<br><br />Mitcacher G Spot war hier sehr schnell fündig... T4T$!<br />]]></LOG>
<LOG><![CDATA[<img src='icon_smile.gif'>&nbsp;2009-12-28 by AT-AT<br><br />Auf nachweihnachtlicher Gutscheineinlösetour durch die Stadt gleich ein paar Dosen gesammelt. Zwischenzeitlich hatte ich schon kurze Orientierungsschwierigkeiten, wo ich da überhaupt bin.<br>Danke fürs Verstecken<br />]]></LOG>
<LOG><![CDATA[<img src='icon_smile.gif'>&nbsp;2009-12-27 by Zwergpiraten<br><br />In dieser Ecke hat es selbst uns als gebürtige Mühlhäuser noch nicht verschlagen. Danke fürs herlocken und den schönen Cache....<p>ahrr ahrr,<br>die <font color="green">Zwerg</font>piraten<br />]]></LOG>
<LOG><![CDATA[<img src='icon_smile.gif'>&nbsp;2009-12-24 by DasKnie<br><br />Heute im zweiten Anlauf gefunden, beim ersten Mal war wohl die Dose festgefroren.<br />]]></LOG>
<LOG><![CDATA[<img src='icon_smile.gif'>&nbsp;2009-12-22 by kdodonut<br><br />Bei Regen und matschigem Schnee während eines Weihnachtsbummels gut gefunden.<br>Gruß aus Niedersachsen,<br>und dfdc,<br>KdoDonut<br />]]></LOG>
<LOG><![CDATA[<img src='icon_smile.gif'>&nbsp;2009-12-19 by Eichsgenossen<br><br />Wärend noch Besorgungen für Weihnachten anstehn,war dieses namenlose und menschenleere Gäßchen willkommene -Ruhezohne-.<br>Dank Hint war das Döslein schnell endeckt---geloggt und wieder versteckt...<br>Herzliche Weihnachtsgrüße an die Owner sagen hiermit <br>Winfried&Silvia/Eichsgenossen<br />]]></LOG>
<LOG><![CDATA[<img src='icon_smile.gif'>&nbsp;2009-12-19 by uhri<br><br />Diesen Cache haben wir nach etwas suchen aus seinem<br>guten Versteck geborgen und geloggt.<br>Wieder mal was Neues von Mühlhausen gesehen.<br>TFTC Uhri+Braut<br />]]></LOG>
<LOG><![CDATA[<img src='icon_smile.gif'>&nbsp;2009-12-18 by Schippi38<br><br />Nach einem Einkaufsbummel mal einen kurzen<br>Abstecher gemacht und den Cache auch<br>überraschenderweise schnell gefunden.<p>Danke sagt Schippi38!<br />]]></LOG>
<LOG><![CDATA[<img src='icon_smile.gif'>&nbsp;2009-12-12 by Grottenolm87<br><br />Während eines Besuches des Wihnachtsmarktes einen kleinen Abstecher gemacht. TFTC<p>Der Grottenolm<br />]]></LOG>
<LOG><![CDATA[<img src='icon_smile.gif'>&nbsp;2009-12-12 by Hoffi1986<br><br />Mal eben fix versucht die Dose zu finden, doch das war nix. Nur mit einer Funzel bewaffnet und langem Suchen habe ich den Telefonjoker gezogen und dann leidlich erfahren müssen, wie blind ich doch war.<br>TFTC<p>PS: Ich war felsenfest überzeugt, dass das Döschen bei den Vögeln ist...<br />]]></LOG>
<LOG><![CDATA[<img src='icon_smile.gif'>&nbsp;2009-12-12 by Hor_andy<br><br /><br>Schickes kleines Gässchen,auf den Briefkästen ringsherum steht "Linsenstraße" drauf.<br>TFTC<br><br />]]></LOG>
<LOG><![CDATA[<img src='icon_smile.gif'>&nbsp;2009-12-12 by imme56<br><br />Bin heute durch mehrere verwinkelte kleine Gässchen gelaufen, die ich noch nicht kannte. Man gewinnt eine neue Sicht auf Mühlhausen. Danke fürs Zeigen. <br />]]></LOG>
<LOG><![CDATA[<img src='icon_smile.gif'>&nbsp;2009-12-12 by mediamarkt1990<br><br />Super gefunden Danke<br />]]></LOG>
<LOG><![CDATA[<img src='icon_smile.gif'>&nbsp;2009-12-11 by GeoSittiche<br><br />Wir als Mühlhäuser haben dieser geheime Ecke auch noch nicht erblickt.<br>Danke fürs Zeigen - ein wirklich kleines Logbuch und ein nettes Versteck.<br>TFTC<br>die GeoSittiche<br />]]></LOG>
<LOG><![CDATA[<img src='icon_smile.gif'>&nbsp;2009-12-10 by Karolli<br><br />Nr.199! Wir sind beeindruckt von den Mühlhäuser Hinterhöfen. Danke fürs Herführen! Auf geht's zum 200!<br />]]></LOG>
<LOG><![CDATA[<img src='icon_smile.gif'>&nbsp;2009-12-09 by floetenebs<br><br />Beim zweiten mal mit meiner Freundin sofort gefunden, eine Stunde vorher waren 2 Leutchen mit dem Ausbessern des Weges beschäftigt ... ein schönes Versteck an einer schönen Stelle ... die in der wärmeren Jahreszeit bestimmt noch sehr viel bunter aussieht. Danke, flötenebs<br />]]></LOG>
<LOG><![CDATA[<img src='icon_smile.gif'>&nbsp;2009-12-06 by Traveler77<br><br />Wiedermal was neues über Mühlhausen gelernt. Danke fürs zeigen. <img src='http://www.geocaching.com/images/icons/icon_smile_wink.gif' border=0 align=middle> TFTC<br />]]></LOG>
<LOG><![CDATA[<img src='icon_smile.gif'>&nbsp;2009-12-05 by Team Fire &amp; Ice<br><br />Gemeinsam mit Hondje Amanda ging es heute Richtung Mühlhausen.<br>Hier waren wir noch nicht. Wie auch, so versteckt wie dieser Ort liegt. <img src='http://www.geocaching.com/images/icons/icon_smile_big.gif' border=0 align=middle><br>Cooles Versteck und geniale "Dose".<p>Vielen Dank und Grüße<p>Team Fire & Ice<br>Heiko<br />]]></LOG>
<LOG><![CDATA[<img src='icon_smile.gif'>&nbsp;2009-12-05 by Hondje Amanda<br><br />Mit meinem Herrchen war ich heute unterwegs zu Onkel Tom.<br>Auf dem Weg dorthin waren wir noch etwas cachen. <img src='http://www.geocaching.com/images/icons/icon_smile_big.gif' border=0 align=middle><br>Den Cache haben wir fix gefunden. Tolles Versteck. Hut ab! <img src='http://www.geocaching.com/images/icons/icon_smile.gif' border=0 align=middle><p>Vielen Dank und Grüße vom<p>Hondje Amanda<br />]]></LOG>
<LOG><![CDATA[<img src='icon_smile.gif'>&nbsp;2009-12-05 by Tini1985<br><br />Nach dem Kino viertel Zwölf in tiefster Dunkelheit etwas gesucht und dann vom Adlerauge gefunden. Wirklich sehr schöne, verwinkelte Gässchen sind dort!!!<br>TFTC Tini1985<br />]]></LOG>
<LOG><![CDATA[<img src='icon_smile.gif'>&nbsp;2009-12-05 by Hardcore-UH<br><br />schnell gefunden<br>TFTC<br />]]></LOG>
<LOG><![CDATA[<img src='icon_smile.gif'>&nbsp;2009-12-04 by two rubsners<br><br />Auch im Dunkeln dank genauer Koordinaten gut gefunden. Interessant das Gässchen.<br />]]></LOG>
<LOG><![CDATA[<img src='icon_smile.gif'>&nbsp;2009-12-03 by Rurpot<br><br />Wir mussten ganz schön lange suchen (es war schon dunkel) um den Kleinen zu finden. Kurz vor der Kapitulation hatte Sara dann doch noch den richtigen Riecher :<br />]]></LOG>
<LOG><![CDATA[<img src='icon_smile.gif'>&nbsp;2009-12-03 by biba1981<br><br />nur gut das es schon etwas später war am tage etwas zu viel los an dieser stelle aber doch noch gefunden mit FTT<br />]]></LOG>
<LOG><![CDATA[<img src='icon_smile.gif'>&nbsp;2009-12-03 by FTT<br><br />Auf kleiner Spätabendtour mit biba981 letztendlich doch noch noch gefunden.Wollten schon aufgeben, dann aber doch noch entdeckt.<br>TFTC<br />]]></LOG>
<LOG><![CDATA[<img src='icon_smile.gif'>&nbsp;2009-12-01 by dop3<br><br />mit David+Chrissi unterwegs gewesen und die Dose trotz Dunkelheit Fix entdeckt.<br />]]></LOG>
<LOG><![CDATA[<img src='icon_smile.gif'>&nbsp;2009-11-30 by David+Chrissi<br><br />Heute Abend die neuen Caches gesehen und dann mal schnell los gefahren und diesen Tollen Cache gefunden.Ist ja eine Geniale Ecke.<br>Da kommt man ja sonst nicht so schnell hin..<p>Danke fürs zeigen..<p>TFTC<br>David+Chrissi   <img src='http://www.geocaching.com/images/icons/icon_smile_big.gif' border=0 align=middle><br />]]></LOG>
<LOG><![CDATA[<img src='icon_greenlight.gif'>&nbsp;2009-11-29 by Servatius Sebaldus<br><br />Published<br />]]></LOG>
<LOG><![CDATA[<img src='icon_smile.gif'>&nbsp;2009-11-29 by Mueckenfett<br><br />Gegen 18 Uhr schlugen die Neuen im Netz im Minutentakt auf.<br>Dieser war der Vierte FTF der abendlichen Tour und der Schwerste.<br>Auf dem Rückweg lief mir dann noch der Gollumgandalf übern Weg.<br>Tom<p><br>[This entry was edited by Mueckenfett on Tuesday, December 01, 2009 at 8:29:08 AM.]<br />]]></LOG>
<LOG><![CDATA[<img src='icon_smile.gif'>&nbsp;2009-11-29 by Gollum &amp; Galadriel<br><br />Ein ganz gemeines Versteck <img src='http://www.geocaching.com/images/icons/icon_smile_evil.gif' border=0 align=middle> Vor allem im Dunkeln und mit leeren Akkus.<br>Eine schöne Serie tut sich da auf. Sind schon ganz gespannt, was da noch kommt.<br>Danke fürs Zeigen.<br />]]></LOG>
</LOGS>
<NOTES><![CDATA[]]></NOTES>
<IMAGES>
</IMAGES>
<TRAVELBUGS>
</TRAVELBUGS>
<URL><![CDATA[]]></URL>
<SOLVER><![CDATA[]]></SOLVER>
    <CACHE  name = "M&#252;hlh&#228;user G&#228;&#223;chen # 1: Namenlos" owner = "Kruemel68" lat = "51,208716666667" lon = "10,458133333333" hidden = "2009-11-28" wayp = "GC21GD3" status = "" ocCacheID = "" lastSyncOC = "20100419230952" num_recommended = "0" num_found = "-1" attributesYes = "6631966377987" attributesNo = "1073741872" boolFields="1922" byteFields="33688079" attributesYes1 = "0" attributesNo1 = "0" />
</CACHEDETAILS>
