<?xml version="1.0" encoding="ISO-8859-1"?>
<CACHEDETAILS>
<VERSION value = "3"/>
<DETAILS><![CDATA[<div align="center"><font face="impact" size=
"6"><strong><span style="color: rgb(255, 16, 16);">Bist du
Cache-Süchtig? Are you
cache-addicted?<br><p align="center"><strong><font color="#FF0000" face=
"Comic Sans MS" size="7">Suche diesen Cache
nicht!!!</font></strong></p>
<p align="center"><font face="Comic Sans MS">Es gibt zahlreiche
Caches dieser Art auf der Welt.</font></p>
<p align="center"><font face="Comic Sans MS">Der erste Cache dieser
Art wurde vom Team Cheesehead kreiert und im Juli 2002
veröffentlicht.</font></p>
<p align="center"> <a href="http://www.imgbox.de"><img src=
"http://www.imgbox.de/users/Frittenbude70/cacher_small.gif" alt=
"Bilder hochladen" border="0" /></a></p>
<p align="center"><font face="Comic Sans MS" size="4">Wir wollen
Dir helfen, herauszufinden,</font></p>
<p align="center"><font face="Comic Sans MS" size="4">ob du ein
Geocaching-Problem hast.</font></p>
<p align="center"><font face="Comic Sans MS" size="4">Mach diesen
Cache wenigstens allein und ohne Muggels,</font></p>
<p align="center"><font face="Comic Sans MS" size="4">so dass Du
Deine Scham verbergen kannst,</font></p>
<p align="center"><font face="Comic Sans MS" size="4">wenn Du doch
zu schwach warst</font></p>
<p align="center"><font face="Comic Sans MS" size="4">und diesem
Cache nicht widerstehen konntest.</font></p>
<p align="center"><font face="Comic Sans MS" size="4">Hast Du ein
Geocaching-Problem?</font></p>
<p align="center"><font face="Comic Sans MS" size="4">Nur Du kannst
diese Frage beantworten!</font></p>
<p align="center"><font face="Comic Sans MS">Jedoch können die
folgenden Fragen dir helfen, herauszufinden,</font></p>
<p align="center"><font face="Comic Sans MS">ob du ein
Cachesüchtiger bist und nach der Beantwortung</font></p>
<p align="center"><font face="Comic Sans MS">der folgenden Fragen
wirst Du wissen,</font></p>
<p align="center"><font face="Comic Sans MS"> wie sehr Dein
Leben vom Cachen beeinflusst wird.</font></p>
<p align="center"> </p>
<p align="center"><strong><font face="Comic Sans MS">1. Schwänzt du
die Schule oder kommst zu spät an Deinen Arbeitsplatz wegen
Geocaching?</font></strong></p>
<p align="center"><strong><font face="Comic Sans MS">2. Hast Du
Probleme, wenn Geocaching von anderen abgelehnt
wird?</font></strong></p>
<p align="center"><strong><font face="Comic Sans MS">3. Brauchst Du
Geocaching um Spaß auf einer Party zu haben?</font></strong></p>
<p align="center"><strong><font face="Comic Sans MS">4. Verwendest
Du Geocaching um Dein Selbstwertgefühl
aufzubauen?</font></strong></p>
<p align="center"><strong><font face="Comic Sans MS">5. Brauchst Du
Geocaching um Dich entspannen zu können?</font></strong></p>
<p align="center"><strong><font face="Comic Sans MS">6. Hast Du
jemals versucht mit Geocaching aufzuhören und bist kläglich
gescheitert?</font></strong></p>
<p align="center"><strong><font face="Comic Sans MS">7. Denkst Du
an Geocaching sobald du aufwachst?</font></strong></p>
<p align="center"><strong><font face="Comic Sans MS">8. Bist Du
wegen Geocaching schon in Schwierigkeiten
gekommen?</font></strong></p>
<p align="center"><strong><font face="Comic Sans MS">9. Sehnst du
dich zu bestimmten Zeiten nach Geocaching?</font></strong></p>
<p align="center"><strong><font face="Comic Sans MS">10. Hast Du
finanzielle Probleme wegen Geocaching bekommen?</font></strong></p>
<p align="center"><strong><font face="Comic Sans MS">11.Belügst Du
andere, wie oft Du geocachen gehst?</font></strong></p>
<p align="center"><strong><font face="Comic Sans MS">12.Wünscht Du
dir, die Leute würden ihre Meinung über Geocaching
ändern?</font></strong></p>
<p align="center"><strong><font face="Comic Sans MS">13. Hast Du
eine spezielle Geocachingtasche, die immer fertig gepackt ist, um
sofort cachen zu gehen?</font></strong></p>
<p align="center"><strong><font face="Comic Sans MS">14. Überprüfst
Du die Geocaching-Webseite mehrmals am Tag?</font></strong></p>
<p align="center"><strong><font face="Comic Sans MS">15. Hast du im
Auto ein Navi, welches Du zum Geocachen
benutzt?</font></strong></p>
<p align="center"><strong><font face="Comic Sans MS">16.Sammelst Du
Telefonnummern, um stets einen Telefonjoker zu haben, falls du
nicht weiterkommst?</font></strong></p>
<p align="center"><strong><font face="Comic Sans MS">17.
Retuschierst du Fotos, um Caches loggen zu
können?</font></strong></p>
<p align="center"><strong><font face="Comic Sans MS">18. Sind dir
die Cacheorte egal, hauptsache es gibt einen
Statistikpunkt?</font></strong></p>
<p align="center"><strong><font face="Comic Sans MS">19. Versuchst
du aus jedem Cache einen "Drive in" zu machen, um so mehr Cache zu
finden?</font></strong></p>
<p align="center"><strong><font face="Comic Sans MS">20. Gehst du
bei jedem Wetter cachen?</font></strong></p>
<p align="center"> </p>
<p align="center"><font face="Comic Sans MS" size="4">Die Frage ist
jetzt, wie stark bist du, kannst du diesem Cache
widerstehen?</font></p>
<p align="center"><strong><font face="Comic Sans MS" size="4">-Hier
gibt es keine schöne Wandertour!</font></strong></p>
<p align="center"><strong><font face="Comic Sans MS" size="4">-Hier
gibt es keine atemberaubende Aussicht!</font></strong></p>
<p align="center"><strong><font face="Comic Sans MS" size="4">-Hier
gibt es keine tollen Sachen für Erstfinder!</font></strong></p>
<p align="center"><font face="Comic Sans MS" size="4">Der Cache
enthält nur das Logbuch</font></p>
<p align="center"><font face="Comic Sans MS" size="4">und ist an
einer uninteressanten Stelle versteckt!</font></p>
<p align="center"> <font face="Comic Sans MS">Guck unter den
Rand des Blumenkübels!</font></p>
<p align="center"> <a href="http://www.imgbox.de"><img src=
"http://www.imgbox.de/users/Frittenbude70/sqsmiley.gif" alt=
"Bilder hochladen" border="0" /></a></p>
<p align="center"><font face="Comic Sans MS" size="5">Wir wollen
Dir nur helfen!</font></p>
<p align="center"><font face="Comic Sans MS" size="5">Dieser Cache
ist ein Test, damit Du sehen kannst,</font></p>
<p align="center"><font face="Comic Sans MS" size="5">ob du
wirklich cachesüchtig bist!</font></p>
<p align="center"><strong><font face="Comic Sans MS" size=
"5">Beweise der Welt, dass du nicht cachesüchtig
bist!</font></strong></p>
<p align="center"><font face="Comic Sans MS" size=
"5">Wie?</font></p>
<p align="center"><strong><font color="#FF0000" face=
"Comic Sans MS" size="7">Ein Cachesüchtiger loggt diesen Cache als
gefunden!!!!!! Bist du nicht süchtig, schreibst du nur eine
Note!!!!!!<br /></font></strong></p>
<p align="center"><font face="Comic Sans MS">Viel
Glück!!!</font></p>
<p align="center"><font face="Comic Sans MS">Vielen Dank an Team
Frittenbude70 & Schnullerbacke77 für die Überlassung des
Quellcodes der Seite. Ihr seid die Besten!</font></p>
<a href="http://s05.flagcounter.com/more/gqa"><img src=
"http://s05.flagcounter.com/count/gqa/bg=FFFFFF/txt=000000/border=CCCCCC/columns=3/maxflags=18/viewers=0/labels=0/"
alt="free counters" border="0" /></a><br />
<a href=
"http://www.wunderground.com/weatherstation/WXDailyHistory.asp?ID=ID-999471">
<img src=
"http://banners.wunderground.com/cgi-bin/banner/ban/wxBanner?bannertype=pws250_metric&weatherstationcount=ID-999471"
alt="Weather Underground PWS ID-999471" border="0" height="150"
width="250" /></a><br />
<br />
<b>Dieser Cache ist auch bei</b> <a href=
"http://www.opencaching.de/viewcache.php?wp=OC9971" target=
"_blank"><img style=
"BORDER-TOP-WIDTH: 0px; BORDER-LEFT-WIDTH: 0px; BORDER-BOTTOM-WIDTH: 0px; BORDER-RIGHT-WIDTH: 0px"
alt="oc-Logo" src=
"http://www.opencaching.de/images/dull_entwurf_sun_klein.gif"
width="80" /></a> <b>logbar.</b><br />]]></DETAILS>
<COUNTRY><![CDATA[Germany]]></COUNTRY>
<STATE><![CDATA[Thüringen]]></STATE>
<ATTRIBUTES>
   <ATT>winter-no.gif</ATT>
   <ATT>night-no.gif</ATT>
   <ATT>climbing-no.gif</ATT>
   <ATT>hiking-no.gif</ATT>
   <ATT>scenic-no.gif</ATT>
   <ATT>onehour-yes.gif</ATT>
   <ATT>kids-yes.gif</ATT>
   <ATT>wheelchair-yes.gif</ATT>
   <ATT>parking-yes.gif</ATT>
   <ATT>dogs-yes.gif</ATT>
</ATTRIBUTES>
<HINTS><![CDATA[Qra oenhpug rva Füpugvtre qbpu avpug!]]></HINTS>
<LOGS>
<OWNLOGID></OWNLOGID>
<OWNLOG><![CDATA[]]></OWNLOG>
<LOG><![CDATA[<img src='icon_smile.gif'>&nbsp;2010-04-17 by two rubsners<br><br />Natürlich sind wir auch süchtig. Danke fürs Gespräch und bis zum Event maximale Cacheerfolge. TFTC<br />]]></LOG>
<LOG><![CDATA[<img src='icon_smile.gif'>&nbsp;2010-04-17 by Grottenolm87<br><br />tja was soll ich zu diesem cache sagen......geloggt <img src='http://www.geocaching.com/images/icons/icon_smile_tongue.gif' border=0 align=middle><p>TFTC Der Grottenolm<br />]]></LOG>
<LOG><![CDATA[<img src='icon_smile.gif'>&nbsp;2010-04-17 by Kirsche 7a<br><br />Süchtig sind wir zwar nicht, aber immerhin einer mehr in der statistik.<img src='http://www.geocaching.com/images/icons/icon_smile_shy.gif' border=0 align=middle><br>TFTC sagt Kirsche7a<br />]]></LOG>
<LOG><![CDATA[<img src='icon_smile.gif'>&nbsp;2010-04-16 by Black Hawk73<br><br />So den hier nun endlich auch loggen dürfen. Im 2. Anlauf hats nun endlich geklappt. Man war ich blind. Ich hatte ihn beim 1. mal schon zwischen den Fingern. Danke für deine schöne Lokation und Beste Cachergrüße an den Owner und den Ownerdaddy den ich kennengelernt habe.<br />]]></LOG>
<LOG><![CDATA[<img src='icon_smile.gif'>&nbsp;2010-04-10 by Reedy90<br><br />Natürlich bin ich Cachesüchtig! Allerdings nicht so schlimm wie du, doch ich bin es! Und nicht nur den Logg hat uns dieser Cache gebracht, sondern auch noch ein schönen "Kaffee-Geschwätz" mit Hoffi!<p>und ja noch mal ICH BON CACHESÜCHTIG....   Das es auch hervorsticht hoffi! ;)<p>TFTC<br />]]></LOG>
<LOG><![CDATA[<img src='icon_smile.gif'>&nbsp;2010-04-09 by mediamarkt1990<br><br />muss zugeben bin cache süchtig belüge andere um zu cachen habe neben mir auf den bett ein hefter mit schon vorbereiteten caches die ich noch machen muss das erste was ich mache ist an pc zu gehen was gibt es für neue um anschliesend ins praktische zu gehen <br>TFTC<br />]]></LOG>
<LOG><![CDATA[<img src='icon_smile.gif'>&nbsp;2010-03-28 by gloomy<br><br />Und die Cacher-Mama habe ich auch getroffen :-) VG und Danke, gloomy!<br />]]></LOG>
<LOG><![CDATA[<img src='icon_note.gif'>&nbsp;2010-03-26 by Hoffi1986<br><br />TB zur KM-Zählung rein und raus! <img src='http://www.geocaching.com/images/icons/icon_smile_big.gif' border=0 align=middle><br />]]></LOG>
<LOG><![CDATA[<img src='icon_smile.gif'>&nbsp;2010-03-20 by TcG71<br><br />(12:51:07/fwgb) Ok, dann werden wir es wohl auch sein... Na und ??? <img src='http://www.geocaching.com/images/icons/icon_smile_big.gif' border=0 align=middle><p>TcG71 & GeoBienchen<br />]]></LOG>
<LOG><![CDATA[<img src='icon_smile.gif'>&nbsp;2010-01-30 by biba1981<br><br />was für eine frage<img src='http://www.geocaching.com/images/icons/icon_smile_big.gif' border=0 align=middle> na klar doch fix gefunden das gute stück<img src='http://www.geocaching.com/images/icons/icon_smile_tongue.gif' border=0 align=middle><br />]]></LOG>
<LOG><![CDATA[<img src='icon_smile.gif'>&nbsp;2010-01-30 by FTT<br><br />Süchtig nicht, freu mich aber immer ein kleines Döschen in der Hand zu halten...<img src='http://www.geocaching.com/images/icons/icon_smile_big.gif' border=0 align=middle><br />]]></LOG>
<LOG><![CDATA[<img src='icon_smile.gif'>&nbsp;2010-01-26 by Nalenia<br><br />dann wohl süchtig...fix gefunden, aber die aber armen Anwohner, die dauernd belästigt werden<img src='http://www.geocaching.com/images/icons/icon_smile_wink.gif' border=0 align=middle><br />]]></LOG>
<LOG><![CDATA[<img src='icon_smile.gif'>&nbsp;2010-01-03 by Darmsaft<br><br />Mit Mimi und einem immer treuen Gastcacher (wenn der sich mal anmeldet und alle nachloggt, hat der über 80 Stück!) mitten in der Nacht noch gelacht.<br>Bei der Gelegenheit konnt ich gleich feststellen, ob meine Vermutun gestimmt hat. (Wie Hoffi wohl zu seinem Namen gekommen ist)<br />]]></LOG>
<LOG><![CDATA[<img src='icon_smile.gif'>&nbsp;2010-01-03 by Prinzessin_Mimi<br><br />Ich stehe dazu .... Ist auch schwer zu leugnen, wenn wir den nachts um 3 heimlich loggen, damit uns keiner erwischt :D<br />]]></LOG>
<LOG><![CDATA[<img src='icon_smile.gif'>&nbsp;2010-01-02 by Erithacus Rubecula<br><br />Abgestaubt!<br>Ja Ja Ja, wir sind schuldig, aber wir haben gar kein schlechtes Gewissen. Wir gestehen die Anklage und sind bereits auf dem Weg zum nächsten. Es gibt einfach kein schöneres Hobby als Geocaching. Danke fürs Verstecken.<br />]]></LOG>
<LOG><![CDATA[<img src='icon_smile.gif'>&nbsp;2010-01-02 by Eichsgenossen<br><br />"-Bekennen Sie sich schuldig?";"Geben Sie es doch zu, man hat Sie gesehn !" ---" ICH SAGE NIX OHNE MEINEN ANWALT": <br>Herzliche Grüße und noch ein gesundes neues Jahr sagt Winfried/Eichsgenossen<br />]]></LOG>
<LOG><![CDATA[<img src='icon_smile.gif'>&nbsp;2010-01-01 by Geo-Zwerge<br><br /> 1: nein <br> 2: nein <br> 3: nein <br> 4: nein <br> 5: jaein <br> 6: nein <br> 7: nein <br> 8: ja <br> 9: ja <br>10: nein <br>11: nein <br>12: ja manchmal schon <br>13: ja <br>14: nein <br>15: ja <br>16: ja <br>17: nein <br>18: manchmal schon <br>19: nö auf keinen fall <br>20: naja fast <p>wir bekennen uns als " FAST CACHESÜCHTIG " fehlt aber nicht allsoviel <img src='http://www.geocaching.com/images/icons/icon_smile_big.gif' border=0 align=middle> <img src='http://www.geocaching.com/images/icons/icon_smile_big.gif' border=0 align=middle> <img src='http://www.geocaching.com/images/icons/icon_smile_big.gif' border=0 align=middle><p>TFTC Die Geo-Zwerge olle Nase<br />]]></LOG>
<LOG><![CDATA[<img src='icon_smile.gif'>&nbsp;2010-01-01 by R&#252;ben<br><br />eindeutig süchtig! .................<br>danke für den cach<br />]]></LOG>
<LOG><![CDATA[<img src='icon_smile.gif'>&nbsp;2010-01-01 by monalisa812<br><br />mhm ich glaub bei dem wetter ist man cach süchtig! <br>danke für den cach.........<br />]]></LOG>
<LOG><![CDATA[<img src='icon_note.gif'>&nbsp;2010-01-01 by monalisa812<br><br />so..........bin ich nun cach süchtig oder nicht!? <br>oh nein ich kann nicht wieder stehen ich muss loggen :)<br />]]></LOG>
<LOG><![CDATA[<img src='icon_smile.gif'>&nbsp;2009-12-29 by heilaender123<br><br />Ein wenig Sucht hat noch keinem geschadet und wenn man schon mal hier ist und der Kübel steht vor dir !!!!<br>Dann schaute ich auch mal nach der Dose ob alles Ok ist .<br>Danke für den tollen Cacherabend <p>der Heilaender123<br />]]></LOG>
<LOG><![CDATA[<img src='icon_smile.gif'>&nbsp;2009-12-24 by Kruemel68<br><br />Diesen speziellen Cache haben wir uns für ein spezielles Datum aufgehoben. Die Beantwortung der Frage erübrigt sich damit hoffentlich :-))<br>Danke für diesen Spaß und: ho ho ho... !<p>Es grüßen<p>Christel und Stefan aus der Kreisstadt.<br><br />]]></LOG>
<LOG><![CDATA[<img src='icon_smile.gif'>&nbsp;2009-12-16 by AT-AT<br><br />Ich bin nicht süchtig, gehe aber gern immer mit <img src='http://www.geocaching.com/images/icons/icon_smile_big.gif' border=0 align=middle><br />]]></LOG>
<LOG><![CDATA[<img src='icon_smile.gif'>&nbsp;2009-12-16 by Gollum &amp; Galadriel<br><br />Kein bischen süchtig <img src='http://www.geocaching.com/images/icons/icon_smile_wink.gif' border=0 align=middle> Es ist halt nur dieses ständige Logbedürfnis <img src='http://www.geocaching.com/images/icons/icon_smile_big.gif' border=0 align=middle><br>Beim Loggen noch die Cachernachbarn getroffen.<br />]]></LOG>
<LOG><![CDATA[<img src='icon_smile.gif'>&nbsp;2009-12-15 by Hor_andy<br><br /><br>Ich bin auf keinen Fall süchtig, aber das sollte für dieses Log reichen, ich muß nämlich nochmal los und einige Schätze suchen. Bis bald...<br>TFTC<br><br />]]></LOG>
<LOG><![CDATA[<img src='icon_smile.gif'>&nbsp;2009-12-13 by GeoSittiche<br><br />Wir beantworten die Frage mit nein Aber es ist wie beim S.., wenn man mal angefangen hat ,kommt man nicht wieder los.<br> TFTC <br>die GeoSittiche<br />]]></LOG>
<LOG><![CDATA[<img src='icon_smile.gif'>&nbsp;2009-12-09 by Rumpel&amp;Schw&#228;rzchen<br><br />Ganz klar: Rumpel ist SÜCHTIG! Bei Schwärzchen ist es ein Hobby.<p>Erstaunlicherweise wurden die meisten Fragen mit NEIN beantwortet.<p>TFTC sagen Rumpel&Schwärzchen (Rumpel war vor Ort).<p># 783 / 09.12.2009 11:35<br />]]></LOG>
<LOG><![CDATA[<img src='icon_smile.gif'>&nbsp;2009-12-05 by Team Fire &amp; Ice<br><br />Gemeinsam mit Hondje Amanda ging es heute Richtung Mühlhausen.<br>Der Kleine lag genau auf dem Weg.<p>Die Antwort auf die Frage ist einfach 'JA', denn umsonst dokumentiert man seinen FUND ja nicht im Logbuch des Caches. <img src='http://www.geocaching.com/images/icons/icon_smile_wink.gif' border=0 align=middle> <br>Also waren wir heute hier, haben sogar den Owner getroffen und ein paar Neuigkeiten ausgetauscht. [(rofl)] <p>Vielen Dank und Grüße <img src='http://www.geocaching.com/images/icons/icon_smile_big.gif' border=0 align=middle><p>Team Fire & Ice<br>Heiko<p>[This entry was edited by Team Fire & Ice on Tuesday, December 08, 2009 at 1:44:02 AM.]<br />]]></LOG>
<LOG><![CDATA[<img src='icon_smile.gif'>&nbsp;2009-12-05 by Hondje Amanda<br><br />Mit meinem Herrchen war ich heute unterwegs zu Onkel Tom.<br>Auf dem Weg dorthin waren wir noch etwas cachen. <img src='http://www.geocaching.com/images/icons/icon_smile_big.gif' border=0 align=middle><br>Ja, daß sind wir! Warum sollten wir den Cache deshalb nur mit einer Note loggen? <img src='http://www.geocaching.com/images/icons/icon_smile_wink.gif' border=0 align=middle><p>Vielen Dank und Grüße vom<p>Hondje Amanda<br />]]></LOG>
<LOG><![CDATA[<img src='icon_note.gif'>&nbsp;2009-12-04 by caspar79<br><br />Na hallo und ob ich Cachesüchtig bin!!! würde ich sonst weil ich kein Auto hier habe an 2 Abenden über 20 km laufen nur um ein paar Caches zu finden????<br>Bin heute abend sogar dran vorbei gelaufen, wollte aber auf grund eines Muggels eine Ecke weiter nicht loggen und auffällig mit der Taschenlampe suchen. Bin bald wieder hier und dann wird der richtig ordentlich geloggt <img src='http://www.geocaching.com/images/icons/icon_smile_big.gif' border=0 align=middle><p>Caspar79<br />]]></LOG>
<LOG><![CDATA[<img src='icon_note.gif'>&nbsp;2009-12-02 by David+Chrissi<br><br />Natürlich sind wir nicht Cache-Süchtig, aber ins Logbuch wollten wir uns trotzdem eintragen!!<br>TFTC<p>David+Chrissi   <img src='http://www.geocaching.com/images/icons/icon_smile_big.gif' border=0 align=middle>   <img src='http://www.geocaching.com/images/icons/icon_smile_big.gif' border=0 align=middle>   <img src='http://www.geocaching.com/images/icons/icon_smile_big.gif' border=0 align=middle><br />]]></LOG>
<LOG><![CDATA[<img src='icon_smile.gif'>&nbsp;2009-12-02 by David+Chrissi<br><br />Natürlich sind wir nicht Cache-Süchtig, aber ins Logbuch wollten wir uns trotzdem eintragen!!<br>TFTC<p>David+Chrissi   <img src='http://www.geocaching.com/images/icons/icon_smile_big.gif' border=0 align=middle>   <img src='http://www.geocaching.com/images/icons/icon_smile_big.gif' border=0 align=middle>   <img src='http://www.geocaching.com/images/icons/icon_smile_big.gif' border=0 align=middle><br />]]></LOG>
<LOG><![CDATA[<img src='icon_smile.gif'>&nbsp;2009-11-30 by Traveler77<br><br />Eindeutig süchtig. <img src='http://www.geocaching.com/images/icons/icon_smile_wink.gif' border=0 align=middle> TFTC<br />]]></LOG>
<LOG><![CDATA[<img src='icon_smile.gif'>&nbsp;2009-11-29 by Mueckenfett<br><br />Im Schutze der Dunkelheit mich zur Dose geschlichen und geloggt <img src='http://www.geocaching.com/images/icons/icon_smile_big.gif' border=0 align=middle><br>Tom<br />]]></LOG>
<LOG><![CDATA[<img src='icon_smile.gif'>&nbsp;2009-11-29 by uhri<br><br />Süchtig!?<br>Die Einen sagen so, die Anderen so.<br>Hab aber gehört diese Sucht ist heilbar. <br>TFTC Uhri+Braut<br><br />]]></LOG>
<LOG><![CDATA[<img src='icon_smile.gif'>&nbsp;2009-11-28 by Traumpaar1<br><br />NEIN, wir sind nicht süchtig!!!<br>aber loggen wollten wir trotzdem <img src='http://www.geocaching.com/images/icons/icon_smile_big.gif' border=0 align=middle>       [nagut vieleicht ein kleines bisschen]<img src='http://www.geocaching.com/images/icons/icon_smile_tongue.gif' border=0 align=middle><br />]]></LOG>
<LOG><![CDATA[<img src='icon_note.gif'>&nbsp;2009-11-28 by thomasm80<br><br />Ich habe ein Dejà Vu...! <img src='http://www.geocaching.com/images/icons/icon_smile_big.gif' border=0 align=middle> <img src='http://www.geocaching.com/images/icons/icon_smile_wink.gif' border=0 align=middle> <img src='http://www.geocaching.com/images/icons/icon_smile.gif' border=0 align=middle> <img src='http://www.geocaching.com/images/icons/icon_smile_tongue.gif' border=0 align=middle><br />]]></LOG>
<LOG><![CDATA[<img src='icon_note.gif'>&nbsp;2009-11-28 by Hor_andy<br><br /><br>Eigentlich müßte Hoffi diesen hier ja als Found loggen. Das dürfte zu Gewissenskonflikten führen. <img src='http://www.geocaching.com/images/icons/icon_smile_wink.gif' border=0 align=middle><br>Ich mache hier erstmal nur eine Note (Nein, keine Duftnote!).<br><br />]]></LOG>
<LOG><![CDATA[<img src='icon_smile.gif'>&nbsp;2009-11-28 by Hardcore-UH<br><br />Juhu entlich FTF.<p>Dank Fips der mich heute früh aus dem Bett geklingelt hat, und mir sagte das drüben nen neuer Cache liegt einfach schnell noch was gegessen und mal rüber geschaut, der Cache war ja nicht schwer zu finden als Point-Cacher, trotzdem DANKE für den Cache.<br>Wurden auch gleich vom Owner seinen Elter angesprochen ob wir alles gefunden haben.<br>Also dann ein großes TFTC.<br />]]></LOG>
<LOG><![CDATA[<img src='icon_note.gif'>&nbsp;2009-11-28 by Mueckenfett<br><br />Ganz klar nicht süchtig <img src='http://www.geocaching.com/images/icons/icon_smile_big.gif' border=0 align=middle><br>aber nach den privaten Arbeiten werde ich mir den Kleinen schon holen <img src='http://www.geocaching.com/images/icons/icon_smile_tongue.gif' border=0 align=middle><br />]]></LOG>
<LOG><![CDATA[<img src='icon_greenlight.gif'>&nbsp;2009-11-27 by Servatius Sebaldus<br><br />Published<br />]]></LOG>
</LOGS>
<NOTES><![CDATA[]]></NOTES>
<IMAGES>
    <IMG>gc21dd2_0.gif<URL>http://www.imgbox.de/users/Frittenbude70/cacher_small.gif</URL></IMG>
    <IMG>gc21dd2_1.gif<URL>http://www.imgbox.de/users/Frittenbude70/sqsmiley.gif</URL></IMG>
    <IMG>gc21dd2_2.gif<URL>http://www.opencaching.de/images/dull_entwurf_sun_klein.gif</URL></IMG>
    <IMG>GC21DD2_3.jpg<URL>http://img.geocaching.com/cache/4cd9f172-c03a-4fa3-88bc-a1bd2a589569.jpg</URL></IMG>
    <IMGTEXT>GC21DD2_0</IMGTEXT>
    <IMGTEXT>GC21DD2_1</IMGTEXT>
    <IMGTEXT>GC21DD2_2</IMGTEXT>
    <IMGTEXT>Spoiler</IMGTEXT>
</IMAGES>
<TRAVELBUGS>
</TRAVELBUGS>
<URL><![CDATA[]]></URL>
<SOLVER><![CDATA[]]></SOLVER>
    <CACHE  name = "Bist du Cache-s&#252;chtig? Are you cache-addicted?" owner = "der S&#252;chtige" lat = "51,166666666667" lon = "10,513483333333" hidden = "2009-11-25" wayp = "GC21DD2" status = "" ocCacheID = "" lastSyncOC = "20100419230105" num_recommended = "0" num_found = "-1" attributesYes = "2199029680128" attributesNo = "4399121309824" boolFields="1922" byteFields="33688079" attributesYes1 = "0" attributesNo1 = "0" />
</CACHEDETAILS>
