<?xml version="1.0" encoding="ISO-8859-1"?>
<CACHEDETAILS>
<VERSION value = "3"/>
<DETAILS><![CDATA[Der ehemaligen Deutschordenskomturei der Unterstadt wurde um 1290
die Annenkapelle mit einem sehr schönen Kreuzrippengewölbe
angefügt.
<br>Ein Haus der Kirche und somit ein Haus der Begegung. Mit einer
kleinen Kapelle und einem liebenswerten Garten.
<p>Ansehen unbedingt empfohlen !<br />
<br />
Leider ist der Empfang vor Ort nicht so genau, mit dem Hint dürfte
es aber ganz gut klappen.</p>]]></DETAILS>
<COUNTRY><![CDATA[Germany]]></COUNTRY>
<STATE><![CDATA[Thüringen]]></STATE>
<ATTRIBUTES>
   <ATT>bicycles-no.gif</ATT>
   <ATT>motorcycles-no.gif</ATT>
   <ATT>hiking-no.gif</ATT>
   <ATT>wheelchair-no.gif</ATT>
   <ATT>stroller-yes.gif</ATT>
   <ATT>night-yes.gif</ATT>
   <ATT>kids-yes.gif</ATT>
   <ATT>dogs-yes.gif</ATT>
</ATTRIBUTES>
<HINTS><![CDATA[hagra]]></HINTS>
<LOGS>
<OWNLOGID></OWNLOGID>
<OWNLOG><![CDATA[]]></OWNLOG>
<LOG><![CDATA[<img src='icon_sad.gif'>&nbsp;2010-04-18 by mrkmhl<br><br />Trotz "intensiver" Suche nicht gefunden - gemuggelt?<br />]]></LOG>
<LOG><![CDATA[<img src='icon_sad.gif'>&nbsp;2010-04-03 by rageracer<br><br />Mit dem Hint kann doch eigentlich nur eine Stelle gemeint sein.<br>Mein GPS wollte mich auch in den Garten schicken, aber ich denke dort ist er nicht, Oder<img src='http://www.geocaching.com/images/icons/icon_smile_question.gif' border=0 align=middle><br>Auf jeden Fall habe ich ihn nicht gefunden, nicht das er schon wieder weg ist!?<p>Gruß rageracer<br />]]></LOG>
<LOG><![CDATA[<img src='icon_sad.gif'>&nbsp;2010-04-02 by Kateflight<br><br />Leider nicht gefunden:( kann sein das er im Garten lag, da waren aber leider alle Türen zu=(<br />]]></LOG>
<LOG><![CDATA[<img src='icon_smile.gif'>&nbsp;2010-03-16 by Stedolili<br><br />Kleiner Abendspaziergang, denn das Gute liegt so nah.<p>TFTC<br />]]></LOG>
<LOG><![CDATA[<img src='icon_smile.gif'>&nbsp;2010-03-11 by geofutz<br><br />Kleiner Spaziergang durch die Altstadt und mit dem Hint ruck zuck entdeckt.<br><font face="comic sans ms"> <font color="blue">Danke für <b><font color="red"># 1513 </font><br><font><font color="green"> Gruß aus dem Eichsfeld in Thüringen und</font> <i> <font color="blue"> <img src='http://www.geocaching.com/images/icons/icon_smile_wink.gif' border=0 align=middle> BYE Geofutz <img src='http://www.geocaching.com/images/icons/icon_smile_wink.gif' border=0 align=middle></i></b><br><br />]]></LOG>
<LOG><![CDATA[<img src='icon_smile.gif'>&nbsp;2010-03-07 by jasper366<br><br />Gut gefunden, leider hatten wir nix Zu Schreiben mit<br />]]></LOG>
<LOG><![CDATA[<img src='icon_smile.gif'>&nbsp;2010-03-04 by Richie1977<br><br />Heute um 10.30uhr sicher beim zweiten anlauf geloggt.Schade das es immer wieder leute gibt die einen cache zerstören oder umlegen.Trotzdem feiner!!!<p>TFTC!!<p>Richie1977<br />]]></LOG>
<LOG><![CDATA[<img src='icon_note.gif'>&nbsp;2010-03-02 by Kruemel68<br><br />Der war tatsächlich weg. Dose erneuert.<br />]]></LOG>
<LOG><![CDATA[<img src='icon_sad.gif'>&nbsp;2010-02-28 by Team Kumunst<br><br />Hier wurden wir heute leider nicht fündig.<br>Trotzdem Danke und Gruß<br>Team Kumunst<br />]]></LOG>
<LOG><![CDATA[<img src='icon_smile.gif'>&nbsp;2010-02-06 by KatPunn<br><br />Bei einem kleine Verdauungsspaziergang schnell gefunden..<img src='http://www.geocaching.com/images/icons/icon_smile_wink.gif' border=0 align=middle>..<p>Logbuch war sehr feucht, was sich bei der Jahreszeit nicht vermeiden läßt...<img src='http://www.geocaching.com/images/icons/icon_smile_sad.gif' border=0 align=middle>..<p>Danke & Gruß<br>KatPunn<br />]]></LOG>
<LOG><![CDATA[<img src='icon_smile.gif'>&nbsp;2010-01-24 by Straubi_1<br><br />Teamfund mit Kerny77<br>TFTC<br />]]></LOG>
<LOG><![CDATA[<img src='icon_smile.gif'>&nbsp;2010-01-24 by Kerny77<br><br />Schnell gefunden, der lachte uns ja schon entgegen!<br>TFTC<p>P.S.: Das Logbuch ist feucht!<br />]]></LOG>
<LOG><![CDATA[<img src='icon_smile.gif'>&nbsp;2010-01-16 by GICHTKNILCH<br><br />Mit Mupfeline gut gefunden.<br>DFDC<br />]]></LOG>
<LOG><![CDATA[<img src='icon_smile.gif'>&nbsp;2010-01-16 by Mupfeline<br><br />Zusammen mit Gichtknilch beim Bummeln durch den Ort diesen Cache auf dem Weg mitgenommen. Leider war das Logbuch ganz schön nass, müsste evtl. mal getauscht werden.<br>DFDC! Mupfeline #250<br />]]></LOG>
<LOG><![CDATA[<img src='icon_smile.gif'>&nbsp;2010-01-10 by TurnerOverdrive<br><br />Einer unserer ersten Cashes und ein schöner Winterspaziergang im verschneiten MHL.<br />]]></LOG>
<LOG><![CDATA[<img src='icon_smile.gif'>&nbsp;2010-01-10 by Ausche<br><br />Heute zusammen mit TurnerOverdrive gefunden. TFTC<br />]]></LOG>
<LOG><![CDATA[<img src='icon_smile.gif'>&nbsp;2010-01-02 by Erithacus Rubecula<br><br />Abgestaubt!<br>Zusammen mit den Eichsgenossen waren wir heute auf großer Mühlhausentour. Dabei konnten wir uns diesen für uns neuen Tradi natürlich nicht entgehen lassen. Gut gefunden. Danke fürs Verstecken. Anschließend haben wir unsere Spuren auch so gut es ging wieder verwischt. <br />]]></LOG>
<LOG><![CDATA[<img src='icon_smile.gif'>&nbsp;2010-01-02 by keythie1<br><br />Bei meinem Neujahrsbesuch in meiner alten Heimatstadt mit Gastcacherin Claudia die Box im Schutze der Dunkelheit bei Schneerieseln dank hint schnell entdeckt und geborgen. Schönes Versteck und schöne große Box, ideal um eine Coin da zu lassen.<br>TFTC Keythie<br>IN: Coin<br><br />]]></LOG>
<LOG><![CDATA[<img src='icon_smile.gif'>&nbsp;2010-01-01 by R&#252;ben<br><br />danke für den cach, logbuch ist nass und es war kein coin drin<br />]]></LOG>
<LOG><![CDATA[<img src='icon_smile.gif'>&nbsp;2010-01-01 by monalisa812<br><br />schöner cach, aber leider war kein coin drin!<br>und das logbuch ist nass.<br />]]></LOG>
<LOG><![CDATA[<img src='icon_smile.gif'>&nbsp;2009-12-29 by caprikitty<br><br />der war ja ma einfach zu finden, nur schwer zu bergen, wenn alle nase lang jemand vorbei kommt.<br>danke<br />]]></LOG>
<LOG><![CDATA[<img src='icon_smile.gif'>&nbsp;2009-12-28 by hblack<br><br /><img src='http://www.geocaching.com/images/icons/icon_smile.gif' border=0 align=middle> Danke für diesen Cache! <img src='http://www.geocaching.com/images/icons/icon_smile.gif' border=0 align=middle><br>Logged from my phone using the Geocache Navigator by Trimble<br />]]></LOG>
<LOG><![CDATA[<img src='icon_smile.gif'>&nbsp;2009-12-28 by AT-AT<br><br />Auf nachweihnachtlicher Gutscheineinlösetour durch die Stadt gleich ein paar Dosen gesammelt.<br>Danke fürs Verstecken<br />]]></LOG>
<LOG><![CDATA[<img src='icon_smile.gif'>&nbsp;2009-12-27 by Grottenolm87<br><br />Heute auf kleiner Nachmittagstour gefunden. TFTC<p>Der Grottenolm<br />]]></LOG>
<LOG><![CDATA[<img src='icon_smile.gif'>&nbsp;2009-12-27 by Zwergpiraten<br><br />Tut mir leid, aber das was "DasKnie" (Vorlogger) als "besser versteckt" gemacht hat, hatte leider eine unangenehmen Nachteil: Die Dose ist nämlich abgesoffen. Vielleicht sollte man hier mal das Logbuch austauschen.<p>Ansonsten: Danke für die Dose und den Punkt <img src='http://img.groundspeak.com/forums/emoticons/signal/tongue.gif' width=19 height=19 border=0 align=middle><p>ahrr ahrr,<br>die <font color="green">Zwerg</font>piraten<br />]]></LOG>
<LOG><![CDATA[<img src='icon_smile.gif'>&nbsp;2009-12-21 by DasKnie<br><br />Heute im Schnee gut gefunden. Die Dose hält dicht und ist wieder gut versteckt - mit der hellen Seite nach oben. Der nächste sollte sie dann wieder der Witterung anpassen.<p>IN: -<br>OUT: -<p>TFTC<br />]]></LOG>
<LOG><![CDATA[<img src='icon_smile.gif'>&nbsp;2009-12-19 by Eichsgenossen<br><br />Weihnachtseinkäufe--"... bin gleich wieder da" -- willkommene Abwechslung wärend meine -Damen- von einem Geschäft zum nächsten pilgern.<br>Das Besichtigen der Innenräume der Kapelle werde ich später einmal nachholen.<br>Das Versteck ist schon sehr gewagt...(Mut zum Risiko...)Dank Hint war das Döslein schnell endeckt---geloggt und wieder versteckt...<br>Herzliche Weihnachtsgrüße an die Owner sagen hiermit <br>Winfried&Silvia/Eichsgenossen<br />]]></LOG>
<LOG><![CDATA[<img src='icon_smile.gif'>&nbsp;2009-12-18 by Schippi38<br><br />Das ist ja schon ein recht dreistes Versteck!<p>Danke sagt Schippi38!<br />]]></LOG>
<LOG><![CDATA[<img src='icon_smile.gif'>&nbsp;2009-12-14 by imme56<br><br />Nach ddem Trubel vom Wochenende heute in aller Ruhe geloggt. <br>in/out: nix<br>DFDC<br />]]></LOG>
<LOG><![CDATA[<img src='icon_smile.gif'>&nbsp;2009-12-12 by Hoffi1986<br><br />Während des Weihnachtsmarktes schnell zugeschlagen und schnell wieder von dannen geschlichen. Hoffentlich hat's keiner gemerkt... <img src='http://www.geocaching.com/images/icons/icon_smile_wink.gif' border=0 align=middle><br>TFTC<p>In: Coin, die Kirchen besuchen möchte<br />]]></LOG>
<LOG><![CDATA[<img src='icon_smile.gif'>&nbsp;2009-12-11 by GeoSittiche<br><br />In der rush-hour des Weihnachtsmarktes um 21 Uhr zugeschlagen.<br>TFTC<br>die GeoSittiche<br />]]></LOG>
<LOG><![CDATA[<img src='icon_smile.gif'>&nbsp;2009-12-10 by Karolli<br><br />Hier wird gerade der Weihnachtsmarkt aufgebaut. Einen günstigen Moment genutzt um die Dose zu heben. 
TFTC<br />]]></LOG>
<LOG><![CDATA[<img src='icon_smile.gif'>&nbsp;2009-12-09 by uhri<br><br />Trotz hoher Muggeldichte unbemerkt gehoben und geloggt.<br>TFTC Uhri<br />]]></LOG>
<LOG><![CDATA[<img src='icon_smile.gif'>&nbsp;2009-12-09 by floetenebs<br><br />Der Cache war relativ leicht zu finden, ist aber nicht ganz muggelsicher versteckt. Schönen Dank, ich wäre dort sicher nicht vorbei gekommen. flötenebs<br />]]></LOG>
<LOG><![CDATA[<img src='icon_smile.gif'>&nbsp;2009-12-07 by Hor_andy<br><br /><br>Wo der liegt war schnell klar, trotzdem war ich überrascht wie frech das Versteck ist. Heute in laufendem Betrieb war es garnicht so einfach die Dose zu holen und noch schwerer wieder zu verstecken.<br>TFTC<br><br />]]></LOG>
<LOG><![CDATA[<img src='icon_smile.gif'>&nbsp;2009-12-06 by Traveler77<br><br />Schon oft hier vorbei gelaufen. Nun hat auch diese Location ihren Cache. Leider war der Garten heute nicht zugänglich. Aber ich komme wieder. <img src='http://www.geocaching.com/images/icons/icon_smile_wink.gif' border=0 align=middle> TFTC<br />]]></LOG>
<LOG><![CDATA[<img src='icon_smile.gif'>&nbsp;2009-12-05 by Team Fire &amp; Ice<br><br />Gemeinsam mit Hondje Amanda ging es heute Richtung Mühlhausen.<br>Auch hier sind wir schon oft vorbeigekommen. Wahrgenommen haben wir das Gebäude nie richtig, jetzt schon.<br>Der Kleine lag genau auf dem Weg zum Parkplatz.<p>Vielen Dank und Grüße<p>Team Fire & Ice<br>Heiko<br />]]></LOG>
<LOG><![CDATA[<img src='icon_smile.gif'>&nbsp;2009-12-05 by Hondje Amanda<br><br />Mit meinem Herrchen war ich heute unterwegs zu Onkel Tom.<br>Auf dem Weg dorthin waren wir noch etwas cachen. <img src='http://www.geocaching.com/images/icons/icon_smile_big.gif' border=0 align=middle><br>Den Cache haben wir fix gefunden. Schon oft sind wir an diesem Gebäude achtlos vorbeigelaufen, heute war es mal anders.<p>Vielen Dank und Grüße vom<p>Hondje Amanda<br />]]></LOG>
<LOG><![CDATA[<img src='icon_smile.gif'>&nbsp;2009-12-05 by Hardcore-UH<br><br />schnell gefunden<br>TFTC<br />]]></LOG>
<LOG><![CDATA[<img src='icon_smile.gif'>&nbsp;2009-12-04 by two rubsners<br><br />Gut und schnell gefunden. Danke.<br />]]></LOG>
<LOG><![CDATA[<img src='icon_smile.gif'>&nbsp;2009-12-03 by dop3<br><br />kurz gewartet bis die Chorgruppe weg war und dann fix zugegriffen<br>TFTC<br />]]></LOG>
<LOG><![CDATA[<img src='icon_smile.gif'>&nbsp;2009-12-03 by Rurpot<br><br />Erst waren wir (Die Klostertruppe) zur Jungen Gemeinde und anschließend haben wir den Cache vor der Haustür gefunden :D<br>Die, die dort jede Woche sind konnten es garnicht fassen, dass es sowas wie moderne Schatzsuche gibt ... und das direkt vor ihrem Gemeindehaus ^^<br><br />]]></LOG>
<LOG><![CDATA[<img src='icon_smile.gif'>&nbsp;2009-12-03 by biba1981<br><br />zusammen mit FTT gefunden zu später stunde<br />]]></LOG>
<LOG><![CDATA[<img src='icon_smile.gif'>&nbsp;2009-12-03 by FTT<br><br />Ein weiterer der heutigen Spätabendtour mit biba1981.Mit schöner Weihnachtsmusik im Hintergrund aus der Kapelle in Ruhe geloggt.<br>TFTC<br />]]></LOG>
<LOG><![CDATA[<img src='icon_smile.gif'>&nbsp;2009-12-01 by David+Chrissi<br><br />Auf der Heutigen Abend-Tour gefunden.Kannten diese Kapelle noch nicht.<br>Danke fürs zeigen..<br>TFTC<p>David+Chrissi<br />]]></LOG>
<LOG><![CDATA[<img src='icon_smile.gif'>&nbsp;2009-11-30 by mediamarkt1990<br><br />der erste cache am heutigen abend<br />]]></LOG>
<LOG><![CDATA[<img src='icon_greenlight.gif'>&nbsp;2009-11-29 by Servatius Sebaldus<br><br />Published<br />]]></LOG>
<LOG><![CDATA[<img src='icon_smile.gif'>&nbsp;2009-11-29 by Mueckenfett<br><br />Gegen 18 Uhr schlugen die Neuen im Netz im Minutentakt auf.<br>Dieser war der Erste FTF der abendlichen Tour und der einfachste.<br>Tom<br />]]></LOG>
<LOG><![CDATA[<img src='icon_smile.gif'>&nbsp;2009-11-29 by Darmsaft<br><br />Mit Mediamarkt und Mimi dort gewesen. Leider war Mückenfett mal wieder vor uns da :|<br>Im Ernst : Warum so ein kleines Logbuch, wenn die Dose viel mehr Platz bietet? <img src='http://www.geocaching.com/images/icons/icon_smile_big.gif' border=0 align=middle><br />]]></LOG>
<LOG><![CDATA[<img src='icon_smile.gif'>&nbsp;2009-11-29 by Gollum &amp; Galadriel<br><br />Gerade von der Cache-Tour wieder zu Hause ging es New, New, New.... und das fast vor der Haustür <img src='http://www.geocaching.com/images/icons/icon_smile_big.gif' border=0 align=middle><br>Der Mühlen-Mystery hat und dann etwas ausgebremst und so war natürlich schon einer vor uns am Werk. Das Döschen war aber noch fast warm <img src='http://www.geocaching.com/images/icons/icon_smile_big.gif' border=0 align=middle><br>Danke fürs Verstecken.<br />]]></LOG>
<LOG><![CDATA[<img src='icon_smile.gif'>&nbsp;2009-11-29 by Prinzessin_Mimi<br><br />TFTC =)<br />]]></LOG>
</LOGS>
<NOTES><![CDATA[]]></NOTES>
<IMAGES>
</IMAGES>
<TRAVELBUGS>
  <tb guid="df1e8732-c050-4dbf-992a-78d513957a1d"><name><![CDATA[[CnK] Visiting Churches]]></name><![CDATA[La mia missione consiste nell'andare in giro per il mondo e visitare Chiese, Abbazie e tutti gli altri luoghi di culto, indipendentemente dalla religione.
---
My goal is to walk around the world and visits Churches, Abbeys and any other "cult place", no matter the religion.
]]></tb>
</TRAVELBUGS>
<URL><![CDATA[]]></URL>
<SOLVER><![CDATA[]]></SOLVER>
    <CACHE  name = "Gottesh&#228;user - Annen Kapelle" owner = "Kruemel" lat = "51,206666666667" lon = "10,458216666667" hidden = "2009-11-28" wayp = "GC21GDY" status = "" ocCacheID = "" lastSyncOC = "20100419230822" num_recommended = "0" num_found = "-1" attributesYes = "34360920064" attributesNo = "2199023788034" boolFields="1930" byteFields="12935368463" attributesYes1 = "0" attributesNo1 = "0" />
</CACHEDETAILS>
