<?xml version="1.0" encoding="ISO-8859-1"?>
<CACHEDETAILS>
<VERSION value = "3"/>
<DETAILS><![CDATA[Dieser Cache führt Euch an "wichtige" Orte von Mühlhausen.
<br><br />
<p style="margin-bottom: 0cm; color: rgb(255, 115, 46);" align=
"center"><font size="5">Mein heimliches Laster</font></p>
<p style="margin-bottom: 0cm;" align="left"><font size=
"5"><font size="4"><br />
Um dieses zu Frönen,gibt es in Mühlhausen genug
Möglichkeiten.<br /></font> <strong><font size="4"><u>Start
:</u></font></strong> <font size="4">Begebt Euch an die
Startkoordinaten.Dort findet Ihr ein großes Schaufenster.<br />
Geht von der großen Scheibe in der Mitte aus.<br />
Über dieser sind weitere kleine Scheiben angeordnet.<br />
Diese Anzahl sei = A<br />
Diese Variablen sind zur Finalfindung nützlich.<br />
Auf geht&rsquo;s zur nächsten Location.<br />
51°.12(A-5)07<br />
10°27.6(Ax5+1)<br /></font> <font size="4"><u><strong>Station
1</strong><br /></u></font> <font size="4"><span style=
"text-decoration: none;">Jetzt solltet Ihr bei einer vergleichbaren
Location angekommen sein.</span></font></font></p>
<p style="margin-bottom: 0cm;" align="left"><font size=
"5"><font size="4"><span style="text-decoration: none;">Welche
Hausnummer hat diese???<br />
Der Wert sei = B<br /></span></font> <strong><font size=
"4"><u>Station 2</u></font></strong> <font size="4"><span style=
"text-decoration: none;"><br />
51°12.Bx9-6<br />
10°27.14xB-49<br />
Am Objekt der Begierde gibt es wieder was zu zählen.<br />
Wie viele grüne quadratische Ornament-Fliesen sind links zu
sehen?<br />
Der Wert sei = C<br /></span></font> <font size=
"4"><u><strong>Station 3</strong><br /></u></font> <font size=
"4"><span style="text-decoration: none;">51°12.Cx53+6<br />
10°27.BxC+81<br />
Wieder den richtigen Riecher gehabt?<br />
Wann schuf des Meister Hand dieses Haus?<br />
Dieses Jahr sei = D<br /></span></font></font></p>
<p style="margin-bottom: 0cm;"><font size=
"5"><strong><u><font size="4">Auf zum Final !!!</font></u></strong>
<font size="4"><span style="text-decoration: none;"><br />
51°12.D-BxA - 418<br />
10°27.A³</span></font> <font size="2"><span style=
"text-decoration: none;">&ndash;</span></font> <font size=
"4"><span style="text-decoration: none;">977<br />
Es ist ratsam,dem Cache zu den üblichen Öffnungszeiten zu gehen,
nicht dass mir Klagen kommen aber cacherelevant ist es nicht.<br />
<em>Auf zum Kalorien sammeln.</em><br />
<br /></span></font></font><br /></p>
<br />]]></DETAILS>
<COUNTRY><![CDATA[Germany]]></COUNTRY>
<STATE><![CDATA[Thüringen]]></STATE>
<ATTRIBUTES>
   <ATT>quads-no.gif</ATT>
   <ATT>motorcycles-no.gif</ATT>
   <ATT>bicycles-yes.gif</ATT>
   <ATT>winter-yes.gif</ATT>
   <ATT>kids-yes.gif</ATT>
   <ATT>stroller-yes.gif</ATT>
   <ATT>dogs-yes.gif</ATT>
</ATTRIBUTES>
<HINTS><![CDATA[Nhs qvr Mrurafcvgmra Evpughat Bfgra]]></HINTS>
<LOGS>
<OWNLOGID></OWNLOGID>
<OWNLOG><![CDATA[]]></OWNLOG>
<LOG><![CDATA[<img src='icon_smile.gif'>&nbsp;2010-04-17 by Reedy90<br><br />Vor ungefähr 30 min die Runde beendet!<p>TFTC<p>IN. COIN<br />]]></LOG>
<LOG><![CDATA[<img src='icon_smile.gif'>&nbsp;2010-04-09 by Hardcore-UH<br><br />so heute mal mit Monalisa812 die Runde angegangen...... ist ne sehr schöne Runde..... aber am Final mußte ich sagen das das nix für kleine Menschen ist, vorallem wenn man sehr klein ist........ nach langen würdgen den kleinen gehoben...... wurden zum glück nicht erschlagen.<p>im großen und ganzen nen schönes ding.<p>TFTC Basti von Hardcore-UH<br />]]></LOG>
<LOG><![CDATA[<img src='icon_smile.gif'>&nbsp;2010-04-09 by monalisa812<br><br />faszinierend was man alles so endecken kann!<br>so so geheimes laster, den hab ich verstanden grins<br>danke für den schönen cach!<br />]]></LOG>
<LOG><![CDATA[<img src='icon_smile.gif'>&nbsp;2010-04-03 by rageracer<br><br />Nachdem das Final schon vor einigen Wochen ausfindig gemacht wurde, ich aber nicht an den Bahälter rankam, weil er ganz nach hinten geschoben war,<br>sollte der Cache in Mein "gemeines" Laster umbenannt werden! <img src='http://www.geocaching.com/images/icons/icon_smile_big.gif' border=0 align=middle><br>Heute morgen hats dann endlich geklappt und die Dose konnte geborgen werden.<p>#117 --- 8.00 Uhr<p>TFTC<br />]]></LOG>
<LOG><![CDATA[<img src='icon_smile.gif'>&nbsp;2010-03-31 by GeoTigergirl<br><br />Der hat ja wirklich wunderbar in meine Frühstückspause gepasst.<p>TFTC<p>GeoTigergirl/31.03.2010/10:55 Uhr<br />]]></LOG>
<LOG><![CDATA[<img src='icon_smile.gif'>&nbsp;2010-03-27 by gloomy<br><br />Durch die Stadt gehe sowieso bei jedem MHL-Besuch, da passte dieser schöne Cache gut ins WE-Programm :-) VG und Danke, gloomy!<br />]]></LOG>
<LOG><![CDATA[<img src='icon_smile.gif'>&nbsp;2010-03-27 by saheimast<br><br />Einen erfolgreichen Caching-Tag mit Satchmo77 und Fhuti83 in Mühlhausen erlebt. TFTC<br />]]></LOG>
<LOG><![CDATA[<img src='icon_smile.gif'>&nbsp;2010-03-27 by Fhuti83<br><br />Wir konnten der Versuchung widerstehen und fanden dann schnell das Ziel. Unterwegs zusammen mit saheimast und satcmo77. TFTC<br />]]></LOG>
<LOG><![CDATA[<img src='icon_smile.gif'>&nbsp;2010-03-27 by Satchmo77<br><br />Auf Cachingtour mit Saheimast und Fhuti83 auch diesen gut gefunden! TFTC<br />]]></LOG>
<LOG><![CDATA[<img src='icon_note.gif'>&nbsp;2010-03-20 by GeoSittiche<br><br />Coin in und Cache-Kontrolle.<br>die GeoSittiche<br />]]></LOG>
<LOG><![CDATA[<img src='icon_smile.gif'>&nbsp;2010-02-28 by Erithacus Rubecula<br><br />Abgestaubt!<br>Zusammen mit den Eichsgenossen und Team Kumunst auf Tour gewesen. Dabei auch hier vorbei geschaut und nach kurzer Suche fündig geworden. Danke fürs Verstecken.<br />]]></LOG>
<LOG><![CDATA[<img src='icon_smile.gif'>&nbsp;2010-02-28 by Team Kumunst<br><br />Diese schöne Runde durch Mühlhausen haben wir heute vormittag bei bestem Wetter gedreht.<br>Danke und Gruß<br>Team Kumunst<br />]]></LOG>
<LOG><![CDATA[<img src='icon_smile.gif'>&nbsp;2010-02-21 by Karolli<br><br />Endlich taut's! Und das Cachen geht wieder los. Heute haben wir diese Runde in Angriff genommen und auch eine Möglichkeit gefunden dem Laster zu fröhnen und sich ein bisschen aufzuwärmen. <br>Die Kalorien wurden beim weiteren Cachen wieder abgebaut.<br>Danke für die Runde!<p>OUT: TB Zimmer 13<br>IN: Usedom Coin, TB<br />]]></LOG>
<LOG><![CDATA[<img src='icon_smile.gif'>&nbsp;2010-02-21 by beagle67<br><br />Heute schnell das Final gemacht. Nette Idee diese Runde , aber ich konnte allen Verführungskünsten wiederstehen.<br>Mit "Station 2" habe ich viele Jahre die Schulbank gedrückt.<br>---21.02.2010---07.50Uhr---<br>in--- Schlüsselanhänger<br>out---nix <br>TFTC<br>beagle67<br>#53<br />]]></LOG>
<LOG><![CDATA[<img src='icon_smile.gif'>&nbsp;2010-02-14 by Hoffi1986<br><br /><font color="red">Juhu, ein neuer Multi im Zuhause wartete auf mich!!! <img src='http://www.geocaching.com/images/icons/icon_smile_big.gif' border=0 align=middle></font><br><font color="blue">Heute bei Eiseskälte alle Stationen gut gefunden und am Ende mit dem Döschen belohnt worden. </font><br><font color="green">Als Student kennt man dieses Laster nur zu Gut und ich hab schon 'ne Menge dafür investiert. Ich kann auch leider nicht darauf verzichten...</font><br><font color="red">Vielen Dank für den Cache.</font><p>In: TB<br>Out: Coin<p>[This entry was edited by Hoffi1986 on Sunday, February 14, 2010 at 11:53:37 AM.]<br />]]></LOG>
<LOG><![CDATA[<img src='icon_smile.gif'>&nbsp;2010-02-13 by AT-AT<br><br />Mit Gollum & Galadriel auf Tour gesucht und gefunden.<br>TFTC<br />]]></LOG>
<LOG><![CDATA[<img src='icon_smile.gif'>&nbsp;2010-02-13 by Gollum &amp; Galadriel<br><br />Mann, hat der uns Nerven gekostet. Erst mit dem falschen Listing losgesockt, dann noch nen Zahlendreher eingebaut. Aber am Ende war alles gut.<br>Danke für die schöne Runde.<br />]]></LOG>
<LOG><![CDATA[<img src='icon_smile.gif'>&nbsp;2010-02-06 by Hor_andy<br><br /><br>Der lief parallel zu einem anderen Cache an, der Start war schnell gelöst. Die zweite Station verbarb sich kurz vor unseren Augen und weiter gings. Die dritte war klar, die vierte vermuteten wir kurz nebenan. Die thematische Verbindung des Caches mit dem Final erschloss sich uns nicht (so es eine gibt).<br>Aber kopfhoch, es gibt schlimmere Laster und diese eine hier teile ich mit euch.<br>TFTC<br><br />]]></LOG>
<LOG><![CDATA[<img src='icon_smile.gif'>&nbsp;2010-02-06 by Traveler77<br><br />Im Team mit Hor_Andy der süßen Versuchung widerstanden und am Ende mit dem "Döslein" belohnt worden. <img src='http://www.geocaching.com/images/icons/icon_smile_wink.gif' border=0 align=middle> TFTC<br />]]></LOG>
<LOG><![CDATA[<img src='icon_smile.gif'>&nbsp;2010-02-05 by Eichsgenossen<br><br />Das Laster hab ich auch -- und dafür muß man sich doch nicht schämen.<br>Beim Einkaufsbummel mit Familie konnte ich heute einfach nicht wiederstehn,ich mußte alleine meinem Laster nachgehn.An der 3.Station konnte ich der Verkäuferin in einem Gespräch den hilfreichen Tip entlocken und tatsächlich führte Dieser zur richtigen Jahreszahl.<br>Am Final war es ungewöhnlich muggelfrei und man konnte ungestört .....<br>Herzliche Grüße und DFDC sagt der Eichsgenosse<p>IN:COIN<br>OUT:COIN<br />]]></LOG>
<LOG><![CDATA[<img src='icon_smile.gif'>&nbsp;2010-02-02 by dop3<br><br />Heute endlich auch mal gefunden. Nachdem wir am Sonntag mit fehler rechneten und sinnlos in der stadt rumgefahren sind haben wir es heute nochmal mit der richtigen rechnung probiert, und somit konnten wir dem geheimen Laster auf die schliche kommen. 	<img src='http://www.geocaching.com/images/icons/icon_smile_big.gif' border=0 align=middle>  TFTC dop3&sandra<br />]]></LOG>
<LOG><![CDATA[<img src='icon_smile.gif'>&nbsp;2010-02-01 by David+Chrissi<br><br />Gestern angefangen, leider mit der Rechnung nicht ganz klar gekommen, also abgebrochen. In der Hoffnung einer der ersten zu sein, haben wir heute einen neuen Versuch gestartet und das Döschen gefunden.<p>Vielen dank fürs verstecken und ganz liebe Grüße senden<br>David+Chrissi <img src='http://www.geocaching.com/images/icons/icon_smile.gif' border=0 align=middle><br />]]></LOG>
<LOG><![CDATA[<img src='icon_smile.gif'>&nbsp;2010-01-31 by Kruemel68<br><br />Gemeinsam mit Mückenfett einige Stationen gelöst und schliesslich das Finale entdeckt. Danke für die nette Idee sagen<p>Christel und Stefan<br />]]></LOG>
<LOG><![CDATA[<img src='icon_smile.gif'>&nbsp;2010-01-31 by Mueckenfett<br><br />Vor der Führung in der Synagoge noch schnell die ersten Stationen bewältigt,<br>aber irgendwie war da ein kleiner Fehler im System entdeckt worden <img src='http://www.geocaching.com/images/icons/icon_smile_wink.gif' border=0 align=middle><br>Zusammen mit Kruemel 68 dann den Final erklommen.<br>Schön das wir ein weiteres Laster von euch kennen <img src='http://www.geocaching.com/images/icons/icon_smile_big.gif' border=0 align=middle><br>Tom<br />]]></LOG>
<LOG><![CDATA[<img src='icon_note.gif'>&nbsp;2010-01-31 by GeoSittiche<br><br />Da hatten sich in der Rechnung ein Paar Fehler eingeschlichen,<img src='http://www.geocaching.com/images/icons/icon_smile_shock.gif' border=0 align=middle> <br>auf die mich der Tom hingewiesen hat,danke dafür.<br>Aktueller Lösungsweg ab 31.01. - 16.00 Uhr<br>die GeoSittiche<br />]]></LOG>
<LOG><![CDATA[<img src='icon_greenlight.gif'>&nbsp;2010-01-30 by Servatius Sebaldus<br><br />Published<br />]]></LOG>
<LOG><![CDATA[<img src='icon_smile.gif'>&nbsp;2010-01-30 by Zwergpiraten<br><br />Beta-Tester....<br>Zu unserer Verteidigung muss man sagen, dass der Cache nach dem Beta-Test noch mal verändert wurde...<br>Schöne Locations...die man als Mühlhäuser kennen muss <img src='http://www.geocaching.com/images/icons/icon_smile_big.gif' border=0 align=middle><br>arhh, arhh die Zwergpiraten<br />]]></LOG>
</LOGS>
<NOTES><![CDATA[]]></NOTES>
<IMAGES>
</IMAGES>
<TRAVELBUGS>
  <tb guid="a40fd360-1b80-4daa-a891-40ab4fdf3b8a"><name><![CDATA[Surf'n Frog]]></name><![CDATA[This Surf'n Frog wants to visit the beaches of the world!]]></tb>
  <tb guid="8d685ea7-2d69-4717-bb0c-37b5ed4755f0"><name><![CDATA[3doxies' Traveling Tools of the Trade Geocoin]]></name><![CDATA[My mission is to travel around from cache to cache.  Please don't keep me, but move me on to another cache.
Thanks!]]></tb>
</TRAVELBUGS>
<URL><![CDATA[]]></URL>
<SOLVER><![CDATA[]]></SOLVER>
    <CACHE  name = "Mein geheimes Laster" owner = "GeoSittiche" lat = "51,209516666667" lon = "10,45245" hidden = "2010-01-29" wayp = "GC23EKY" status = "" ocCacheID = "" lastSyncOC = "20100419231056" num_recommended = "0" num_found = "-1" attributesYes = "4432406382594" attributesNo = "134742016" boolFields="1930" byteFields="50533391" attributesYes1 = "0" attributesNo1 = "0" />
</CACHEDETAILS>
