<?xml version="1.0" encoding="ISO-8859-1"?>
<CACHEDETAILS>
<VERSION value = "3"/>
<DETAILS><![CDATA[<center>
<h2>Bubergasse</h2>
</center>

<br><p align="center">seit 2002<br />
benannt nach Oskar Paul Buber<br />
1943-1952 Betreiber der Gastwirtschaft "Brunnenhof" Bubergasse Ecke
Brunnenstrasse<br />
Der Weg vom Schillerweg zur Gaststätte wurde erst 1961als
öffentlicher Weg angelegt,<br />
bis dahin gehörte er zum Grundstück der Gaststätte.<br />
Er wurde im Volksmund "Bubergasse" genannt.</p>]]></DETAILS>
<COUNTRY><![CDATA[Germany]]></COUNTRY>
<STATE><![CDATA[Thüringen]]></STATE>
<ATTRIBUTES>
   <ATT>motorcycles-no.gif</ATT>
   <ATT>bicycles-yes.gif</ATT>
   <ATT>stroller-yes.gif</ATT>
   <ATT>onehour-yes.gif</ATT>
   <ATT>available-yes.gif</ATT>
   <ATT>dogs-yes.gif</ATT>
</ATTRIBUTES>
<HINTS><![CDATA[1,80 ubpu-tehra-qre refgr rgjnf naqrer]]></HINTS>
<LOGS>
<OWNLOGID></OWNLOGID>
<OWNLOG><![CDATA[]]></OWNLOG>
<LOG><![CDATA[<img src='icon_smile.gif'>&nbsp;2010-04-18 by Die Buhner<br><br />Auf unserem Spaziergang durch die Stadt mussten wir natürlich auch diese Gasse suchen und den Cache nach kurzem Anlauf finden.<br>Vielen Dank sagen<p>"DIe BUhner"<br />]]></LOG>
<LOG><![CDATA[<img src='icon_smile.gif'>&nbsp;2010-04-18 by mrkmhl<br><br />Dank Hinweis schnell gefunden. TFTC.<br />]]></LOG>
<LOG><![CDATA[<img src='icon_smile.gif'>&nbsp;2010-04-11 by biba1981<br><br />schnell und gut gefunden<img src='http://www.geocaching.com/images/icons/icon_smile_big.gif' border=0 align=middle><br />]]></LOG>
<LOG><![CDATA[<img src='icon_smile.gif'>&nbsp;2010-04-09 by Hardcore-UH<br><br />Heute mal schnell einen kleinen Cache gerettet vor dem absturz..... aber trotzdem eine schöne Lokation....<p>TFTC<p>Basti von Hardcore-UH<br />]]></LOG>
<LOG><![CDATA[<img src='icon_smile.gif'>&nbsp;2010-04-09 by monalisa812<br><br />der cach ist auch sehr schön an sich, aber die leute die vor uns geloggt haben oder so, haben ihn mal nicht ordnungsgemäss so versteckt also, haben wir ihn mehr oder weniger gerettet! danke für´s zeigen<br>gruss mona<br />]]></LOG>
<LOG><![CDATA[<img src='icon_smile.gif'>&nbsp;2010-04-05 by KaputtesLicht<br><br />Auf dem Weg zum Bahnhof hier angehalten! Vielen Dank<br />]]></LOG>
<LOG><![CDATA[<img src='icon_smile.gif'>&nbsp;2010-03-30 by Hondje Amanda<br><br />Fix gefunden!<br>Liebe Grüße nach Mühlhausen!<p>Hondje Amanda <img src='http://www.geocaching.com/images/icons/icon_smile_kisses.gif' border=0 align=middle><br />]]></LOG>
<LOG><![CDATA[<img src='icon_smile.gif'>&nbsp;2010-03-30 by Team Fire &amp; Ice<br><br /><b>Nr. 3001 18:07 Uhr</b><p>Gemeinsam mit Hondje Amanda waren wir heute auf kleiner Tour.<br>Auch diesen Cache haben wir, dank der netten Bewohner ohne große Suche finden können. <img src='http://www.geocaching.com/images/icons/icon_smile_wink.gif' border=0 align=middle><p>Vielen Dank und Grüße vom<p><b><i>Team <font color="red">Fire</font> & <font color="blue">Ice</font></b><br>Steffi und Heiko</i><p>Trade:  no<br />]]></LOG>
<LOG><![CDATA[<img src='icon_smile.gif'>&nbsp;2010-03-29 by Kami79<br><br />erst mal den weg nunner und wieder nauf und in die falschen löcher geschaut - dann aber doch noch das dösle gefunden und um 19:45 ganz schnell geloggt...<p>DFDC Kami+kleinstrolch<br />]]></LOG>
<LOG><![CDATA[<img src='icon_smile.gif'>&nbsp;2010-03-28 by Gispi Hunters<br><br />Gut und schnell durch Anwohnerhilfe gefunden.<br>Eine Anwohnerin beobachtet täglich suchende Leute, hatte aber keine Erklärung für das Treiben.<p>TFTC Team "Gispi Hunters"<br />]]></LOG>
<LOG><![CDATA[<img src='icon_smile.gif'>&nbsp;2010-03-27 by UlliSilke<br><br />Im Vorbeigehen geloggt.TFTC. UlliSilke<br />]]></LOG>
<LOG><![CDATA[<img src='icon_smile.gif'>&nbsp;2010-03-27 by saheimast<br><br />Einen erfolgreichen Caching-Tag mit Satchmo77 und Fhuti83 in Mühlhausen erlebt. TFTC<br />]]></LOG>
<LOG><![CDATA[<img src='icon_smile.gif'>&nbsp;2010-03-27 by Fhuti83<br><br />Die Nachbarmuggel zeigten uns den Weg. Dann schnell zusammen mit saheimast und satchmo77 gefunden. TFTC<br />]]></LOG>
<LOG><![CDATA[<img src='icon_smile.gif'>&nbsp;2010-03-27 by Satchmo77<br><br />Auf Cachingtour mit Saheimast und Fhuti83 auch diesen gut gefunden! TFTC<br />]]></LOG>
<LOG><![CDATA[<img src='icon_smile.gif'>&nbsp;2010-03-16 by uhri<br><br />Tagsüber ganz schön muggelig. <br>Gut gefunden.<p>TFTC Uhri<br />]]></LOG>
<LOG><![CDATA[<img src='icon_smile.gif'>&nbsp;2010-03-13 by Kruemel68<br><br />Nach ein paar Minuten gefunden, unser GPS schickte uns allerdings ca. 15 m weiter.<p>Danke für die Fortsetzung der Serie,<p>Christel & Stefan<br />]]></LOG>
<LOG><![CDATA[<img src='icon_smile.gif'>&nbsp;2010-03-11 by Karolli<br><br />Heute haben wir nur eine ganz kleine Cache-Runde in MHL gedreht und dabei der Bubergasse einen kleinen Besuch abgestattet. Die Dose konnte sich nicht sehr lange vor uns verbergen.<br>TFTC<br />]]></LOG>
<LOG><![CDATA[<img src='icon_smile.gif'>&nbsp;2010-03-07 by Hoffi1986<br><br /><font color="blue">Gestern Nacht nicht gefunden, aber heute bei Tageslicht kein Problem mehr gewesen. Wenn dann noch das GPS spinnt, dann braucht man sich auch nicht zu wundern, dass man in der falschen Ecke sucht... <img src='http://www.geocaching.com/images/icons/icon_smile_tongue.gif' border=0 align=middle></font><br><font color="red">TFTC</font><br />]]></LOG>
<LOG><![CDATA[<img src='icon_smile.gif'>&nbsp;2010-03-05 by fox-hunter_I<br><br />Erst mal nachsehen was der Meister mit "der Erste etwas andere" meinte <img src='http://www.geocaching.com/images/icons/icon_smile_big.gif' border=0 align=middle> ... und dann wars geschehen.<br>Danke für den cache, gehe hier öfters auf dem Weg zur Therme lang, und jetzt immer mit einem Lächeln an diesem Versteck vorbei.<br>Gruß<br>fox-hunter_I<br />]]></LOG>
<LOG><![CDATA[<img src='icon_smile.gif'>&nbsp;2010-02-28 by Erithacus Rubecula<br><br />Abgestaubt!<br>Zusammen mit den Eichsgenossen und Team Kumunst auf Tour gewesen. Dabei auch hier vorbei geschaut und nach kurzer Suche fündig geworden. Danke fürs Verstecken.<br />]]></LOG>
<LOG><![CDATA[<img src='icon_smile.gif'>&nbsp;2010-02-28 by Team Kumunst<br><br />Die Gassen von Mühlhausen sind wirklich sehenswert !<br>Danke und Gruß<br>Team Kumunst<br />]]></LOG>
<LOG><![CDATA[<img src='icon_smile.gif'>&nbsp;2010-02-28 by Eichsgenossen<br><br />Bei einer Sonntags-mühlhausen- begehung mit Team Kumunst und Erit.Rub.war auch dieses Gäßchen besucht.So viele offene Fenster und die Stimmen aus diesen hätte beinahe zum Abbruch der Suche geführt, doch welche Tageszeit ist hier zum ungestörten Loggen angebracht? Fotos machen und Handy-tarnung waren hoffentlich erfolgreich....<br> HG und DFDC sagen die Eichsgenossen<br />]]></LOG>
<LOG><![CDATA[<img src='icon_smile.gif'>&nbsp;2010-02-27 by gloomy<br><br />Am Abend sind wir eine kleine Runde um den Block gelaufen und haben dabei diese Gasse nicht zum ersten mal mit eingebunden. VG und Danke, gloomy!<br />]]></LOG>
<LOG><![CDATA[<img src='icon_smile.gif'>&nbsp;2010-02-27 by Traveler77<br><br />Eine nette Gasse. Und wieder führte mich Geocaching hier durch. Danke für die kleine Geschichtslektion. <img src='http://www.geocaching.com/images/icons/icon_smile_wink.gif' border=0 align=middle> TFTC<br />]]></LOG>
<LOG><![CDATA[<img src='icon_smile.gif'>&nbsp;2010-02-27 by mausebaer13<br><br />Irgendwie fühlt man sich hier beobachtet, deshalb schnell geloggt und weiter! TFTC<br />]]></LOG>
<LOG><![CDATA[<img src='icon_smile.gif'>&nbsp;2010-02-27 by GeoSittiche<br><br />Bei den ersten Frühlingsstrahlen eine echt "breite" Gasse becacht.Ich glaube selbst als Mühlhäuser bin ich hier noch nicht durch gekommen.<br>TFTC<br>die GeoSittiche<br />]]></LOG>
<LOG><![CDATA[<img src='icon_smile.gif'>&nbsp;2010-02-27 by Zwergpiraten<br><br />Ha - wieder eine neue Gasse in Mühlhausen erfolgreich gefunden <img src='http://www.geocaching.com/images/icons/icon_smile_big.gif' border=0 align=middle> Danke fürs zeigen<p><br>ahrr ahrr,<br>Die Zwergpiraten<br />]]></LOG>
<LOG><![CDATA[<img src='icon_smile.gif'>&nbsp;2010-02-26 by David+Chrissi<br><br />Auch wir haben den Cache gestern im Netz gefunden und haben uns sofort in die Spur gemacht. Lieben Dank fürs zeigen.<br>PS: ES BESTEHT GROSSE MUGGELGEFAHR!!<br>David & Chrissi <br />]]></LOG>
<LOG><![CDATA[<img src='icon_smile.gif'>&nbsp;2010-02-26 by two rubsners<br><br />Winterpause vorbei. Haben Beagle nur um Minuten verpasst.<br>TFTC<br />]]></LOG>
<LOG><![CDATA[<img src='icon_smile.gif'>&nbsp;2010-02-26 by beagle67<br><br />Schneller Cach nach der Arbeit. Fix gefunden und geloggt.<br>---26.02.2010---18.50Uhr---<br>TFTC<br>#55 beagle67 <img src='http://www.geocaching.com/images/icons/icon_smile_big.gif' border=0 align=middle><br>Danke für den neuen Cach<br />]]></LOG>
<LOG><![CDATA[<img src='icon_smile.gif'>&nbsp;2010-02-26 by Gollum &amp; Galadriel<br><br />Oha, da leiden ja noch andere unter FTF-Entzug <img src='http://www.geocaching.com/images/icons/icon_smile_big.gif' border=0 align=middle><br>Das halbe Logbuch ist schon voll <img src='http://www.geocaching.com/images/icons/icon_smile_wink.gif' border=0 align=middle> Nur gut, dass es der Owner nicht weit hat.<br>Mutiges Versteck, aber solche leben ja bekanntlich am längsten.<br>LG<br />]]></LOG>
<LOG><![CDATA[<img src='icon_smile.gif'>&nbsp;2010-02-26 by Hor_andy<br><br />Erster.<br>Verglichen mit früher sind FTF's in letzter Zeit rar geworden, heute hat es zufällig mal wieder gepaßt. Die Holzfällerbande habe ich auch gesehen, da aber das geübte Cacherauge die Dose erspäht hatte bevor ich suchen mußte, ging es rasend schnell. Kurz weitergegangen und geloggt und dann zurück damit.<br>Das war das zweite Mal, das ich diese Gasse durchschritten habe, beide Male des Geocachings wegen.<br>TFTC<p>PS: endlich habe ich auch die Serie verstanden<img src='http://www.geocaching.com/images/icons/icon_smile_blush.gif' border=0 align=middle><br><br />]]></LOG>
<LOG><![CDATA[<img src='icon_smile.gif'>&nbsp;2010-02-26 by dop3<br><br />fix gefunden... ich kam mir sehr beobachtet vor :I<br />]]></LOG>
<LOG><![CDATA[<img src='icon_smile.gif'>&nbsp;2010-02-26 by rageracer<br><br />ERSTER!!!<br>Nein, Hor andy konnte ihn leider vor mir loggen.<br>Allerdings war ich schon 8.30 Uhr vor Ort. Doch 2 Holz heckselnde Muggel haben mich die ganze Zeit vom angrenzenden Grundstück aus beobachtet,<br>so das eine Suche unmöglich war. Also nochmal in der Mttagspause hin und geloggt.<br>Schade hab meinen 2. FTF nur knapp verpasst.<img src='http://www.geocaching.com/images/icons/icon_smile_dissapprove.gif' border=0 align=middle><br>Zumindest beim online loggen bin ich erster.  <img src='http://www.geocaching.com/images/icons/icon_smile_tongue.gif' border=0 align=middle><p>#77 --- 26.02.2010 --- 13.30 Uhr<p>TFTC<br />]]></LOG>
<LOG><![CDATA[<img src='icon_greenlight.gif'>&nbsp;2010-02-25 by Servatius Sebaldus<br><br />Published<br />]]></LOG>
</LOGS>
<NOTES><![CDATA[]]></NOTES>
<IMAGES>
</IMAGES>
<TRAVELBUGS>
</TRAVELBUGS>
<URL><![CDATA[]]></URL>
<SOLVER><![CDATA[]]></SOLVER>
    <CACHE  name = "M&#252;hlh&#228;user G&#228;&#223;chen # 2 Bubergasse" owner = "Mueckenfett" lat = "51,20385" lon = "10,455783333333" hidden = "2010-02-25" wayp = "GC242QB" status = "" ocCacheID = "" lastSyncOC = "20100419230604" num_recommended = "0" num_found = "-1" attributesYes = "34361837571" attributesNo = "524288" boolFields="1922" byteFields="33689359" attributesYes1 = "0" attributesNo1 = "0" />
</CACHEDETAILS>
