<?xml version="1.0" encoding="ISO-8859-1"?>
<CACHEDETAILS>
<VERSION value = "3"/>
<DETAILS><![CDATA[<p style="color: rgb(255, 16, 16);" align="center">
<strong><font face="arial,helvetica,sans-serif" size=
"7"> Mystery Street #2</font></strong></p>
<p align="center"><br /></p>
<div align="center">
<p><img src=
"http://img.geocaching.com/cache/aea85a78-e70e-42a6-9d03-10e114f70796.jpg"
align="baseline" /><br /></p>
</div>

<br><p align="center">Durch Zufall entdeckt und gleich wieder Was
versteckt.</p>
<p align="center">Habt ihr das gesuchte Straßenschild gefunden, so
seht euch um. Der Hint macht dann relativ schnell Sinn.</p>
<p align="center"> </p>
<p align="center"><strong>Viel Spaß beim Suchen!</strong><br /></p>]]></DETAILS>
<COUNTRY><![CDATA[Germany]]></COUNTRY>
<STATE><![CDATA[Thüringen]]></STATE>
<ATTRIBUTES>
   <ATT>stroller-yes.gif</ATT>
   <ATT>stealth-yes.gif</ATT>
   <ATT>winter-yes.gif</ATT>
   <ATT>available-yes.gif</ATT>
   <ATT>motorcycles-yes.gif</ATT>
   <ATT>bicycles-yes.gif</ATT>
   <ATT>onehour-yes.gif</ATT>
   <ATT>kids-yes.gif</ATT>
   <ATT>parking-yes.gif</ATT>
   <ATT>dogs-yes.gif</ATT>
</ATTRIBUTES>
<HINTS><![CDATA[ebg tryo]]></HINTS>
<LOGS>
<OWNLOGID></OWNLOGID>
<OWNLOG><![CDATA[]]></OWNLOG>
<LOG><![CDATA[<img src='icon_smile.gif'>&nbsp;2010-04-18 by FTT<br><br />Bei einer ganz kleinen Spazierrunde schnell gefunden und geloggt.<br>T4T$<br>Grüße Frank<br />]]></LOG>
<LOG><![CDATA[<img src='icon_smile.gif'>&nbsp;2010-04-11 by biba1981<br><br />schnell und gut gefunden<img src='http://www.geocaching.com/images/icons/icon_smile_big.gif' border=0 align=middle><br />]]></LOG>
<LOG><![CDATA[<img src='icon_smile.gif'>&nbsp;2010-04-05 by Kruemel68<br><br />Na endlich mal eine Fortsetzung der "Serie"...<p>Und wir finden es gar nicht soo schlimm, dass man auch mal ohne Koords auskommt. Ist zwar gegen die Regel, aber nehmt`s halt nicht so streng.<p><br>Danke und Grüße<p>Christel und Stefan<br />]]></LOG>
<LOG><![CDATA[<img src='icon_smile.gif'>&nbsp;2010-04-05 by Hardcore-UH<br><br />gestern im Netz entdeckt..... und heute gleich los gefahren...... sehr schön gemacht...... Danke für diesen schönen Cache....<p>Hoffi mach nur weiter so!!<p>MFG Basti von Hardcore-UH<br />]]></LOG>
<LOG><![CDATA[<img src='icon_smile.gif'>&nbsp;2010-04-05 by monalisa812<br><br />ein dickes danke schön an hoffi.........:)<br>ist es sehr schöner cach.........<br>TFTC gruß monalisa812<br />]]></LOG>
<LOG><![CDATA[<img src='icon_smile.gif'>&nbsp;2010-04-04 by beagle67<br><br />Gestern Abend im Netz den Cash entdeckt und heute früh gleich geloggt. Voriges Jahr schon einmal daran vorbeispaziert, daher kannte ich die Location. <br>#76---04.04.2010---10.00---<br>TFTC<br><br />]]></LOG>
<LOG><![CDATA[<img src='icon_smile.gif'>&nbsp;2010-04-04 by GeoSittiche<br><br />Nach ein wenig Recherche war der Weg frei.Wir sind so zu sagen mit drei Sachsen zum Ring gestiegen.<img src='http://www.geocaching.com/images/icons/icon_smile_wink.gif' border=0 align=middle><br>Nette Idee.<br>TFTC<br>die GeoSittiche<br />]]></LOG>
<LOG><![CDATA[<img src='icon_smile.gif'>&nbsp;2010-04-04 by Zwergpiraten<br><br />Thg qnf Puevf601 avpug nhpu tebßr Fhpuznfpuvara äaqrea xnaa <img src='http://www.geocaching.com/images/icons/icon_smile_tongue.gif' border=0 align=middle> Qvr Jrofvgr jne fpuba Fcbvyreserv nore qvr Retroavffr avpug <img src='http://www.geocaching.com/images/icons/icon_smile_clown.gif' border=0 align=middle><p>[ahrr ahrr,<br>die <font color="green">Zwerg</font>piraten] (<a href="cache_details.aspx?pf=&guid=9bc12207-642c-471a-bf15-cb55a6b3014a&decrypt=y&log=y&numlogs=" title="Decrypt">decrypt</a>)<br />]]></LOG>
<LOG><![CDATA[<img src='icon_smile.gif'>&nbsp;2010-04-03 by Fam.Marsch<br><br />Endlich mal am Sachsenring gewesen, dachte schon ich komm da nie hin ;).<br>Bei einer Tour mit Uhri und Braut gut gefunden.<br>TFTC<br>3/3 Fam.Marsch<br />]]></LOG>
<LOG><![CDATA[<img src='icon_smile.gif'>&nbsp;2010-04-03 by uhri<br><br />Eher durch Zufall darauf gestoßen und zusammen mit Fam.Marsch geloggt.<p>TFTC Uhri+Braut<br />]]></LOG>
<LOG><![CDATA[<img src='icon_smile.gif'>&nbsp;2010-04-03 by rageracer<br><br />Sachsenring-Stieg ??? Das ist doch ...<br>Meine Vermutung war richtig und so habe ich heute morgen die Dose schnell gefunden.<p>#118 --- 8.30 Uhr<p>TFTC<br />]]></LOG>
<LOG><![CDATA[<img src='icon_smile.gif'>&nbsp;2010-04-02 by Mueckenfett<br><br />Vor längerer Zeit mal an dem gesuchten Ort gewesen,<br>daher war das Finden der Location kein Problem <img src='http://www.geocaching.com/images/icons/icon_smile_big.gif' border=0 align=middle><br>Tom <br />]]></LOG>
<LOG><![CDATA[<img src='icon_smile.gif'>&nbsp;2010-04-02 by Traveler77<br><br />Heute schnell mal den mysteriösen Sachsenring besucht. und das Döslein geborgen. <img src='http://www.geocaching.com/images/icons/icon_smile_wink.gif' border=0 align=middle> <font color="red">TFTC</font><br><font color="blue">Bis bald im Wald</font><br />]]></LOG>
<LOG><![CDATA[<img src='icon_smile.gif'>&nbsp;2010-04-01 by Hor_andy<br><br /><br>Da wollte ich immer schon mal wissen, wo denn das nur ist. Nach kurzer Recherche war die Lösung klar.<br>Komisch, genau so einen Cache hat mir genau der Reviewer mal verweigert (wegen GPS und so), da hat Hoffi wohl bestochen. <img src='http://www.geocaching.com/images/icons/icon_smile_wink.gif' border=0 align=middle><br>TFTC<br><br />]]></LOG>
<LOG><![CDATA[<img src='icon_greenlight.gif'>&nbsp;2010-03-31 by Don Rocbeer<br><br />Published<br />]]></LOG>
<LOG><![CDATA[<img src='icon_smile.gif'>&nbsp;2010-03-31 by David+Chrissi<br><br />***STF***  2.!!!<br>Vorhin den Neuen im Netz endeckt, kurz recheriert und zur Location gefahren.Ne knappe Minute später kam dann noch Chris601, mit dem Ich dann gleich noch nen kleinen Schwatz gehalten hab.<img src='http://www.geocaching.com/images/icons/icon_smile_big.gif' border=0 align=middle> <img src='http://www.geocaching.com/images/icons/icon_smile_wink.gif' border=0 align=middle><p>Danke an Hoffi für das tolle Rätsel!  <img src='http://www.geocaching.com/images/icons/icon_smile_cool.gif' border=0 align=middle><p>TFTC<p>David+Chrissi<br />]]></LOG>
<LOG><![CDATA[<img src='icon_smile.gif'>&nbsp;2010-03-31 by Gollum &amp; Galadriel<br><br /><img src='http://www.geocaching.com/images/icons/icon_smile_big.gif' border=0 align=middle><img src='http://www.geocaching.com/images/icons/icon_smile_big.gif' border=0 align=middle><img src='http://www.geocaching.com/images/icons/icon_smile_big.gif' border=0 align=middle>FTF<img src='http://www.geocaching.com/images/icons/icon_smile_big.gif' border=0 align=middle><img src='http://www.geocaching.com/images/icons/icon_smile_big.gif' border=0 align=middle><img src='http://www.geocaching.com/images/icons/icon_smile_big.gif' border=0 align=middle><br>Die Location war sofort klar und der Kleine dann auch schnell entdeckt.<br>Nur: "Geocaching is a treasure hunting game where you <b><font color="red">use a GPS</font></b> to hide and seek containers ..."<br>Vielen Dank und viele Grüße<br />]]></LOG>
<LOG><![CDATA[<img src='icon_smile.gif'>&nbsp;2010-03-31 by two rubsners<br><br />Mit einem kleinen Hinweis von Cacherfreunden haben wir den Schatz gefunden. Vor Ort dabei noch eine interessante Unterhaltung gehabt.<br>Doch wozu haben wir eigentlich ein GPS??????<img src='http://www.geocaching.com/images/icons/icon_smile_sad.gif' border=0 align=middle><img src='http://www.geocaching.com/images/icons/icon_smile_wink.gif' border=0 align=middle><br />]]></LOG>
<LOG><![CDATA[<img src='icon_smile.gif'>&nbsp;2010-03-31 by dop3<br><br />auf der Suceh nach einem andern Cache sind wir hier schonmal vor ein paar wochen vorbeigekommen. Nachdem wir den neuen entdeckt haben sind wir gleich nochmal los (22:30) und haben den kleinen dann schnell entdecken können.<p>TFTC dop3&sandra<br />]]></LOG>
<LOG><![CDATA[<img src='icon_smile.gif'>&nbsp;2010-03-31 by caprikitty<br><br />Ein Blick und sonnenklar, da wollten wir doch Heute eh noch hin, und vor Ort festegestellt das schon welche da waren.<br />]]></LOG>
<LOG><![CDATA[<img src='icon_smile.gif'>&nbsp;2010-03-31 by Chris601<br><br />Das darf doch wohl nicht war sein?! :-) <p>Da sag ich dem Hoffi noch, dass das doch eigentlich die Fortsetzung der Mystery-Street werden könnte, und 3 Tage später erscheint es prompt auf meinem Radar.<p>Groß rätseln musste ich nicht :-) <p>Am Ziel angekommen traf ich David, der mich dann fragte, wie ich auf des Rätsels Lösung gekommen bin. :-)<p>Ich denke, hier können wir ggf noch etwas ausbauen, dass auch der GPSer einbezogen wird und vielleicht ein oder zwei Punkte bei "size" hinzukommen.<p>#570<p>(so, und nun werde ich erst mal eine verräterische Internetseite anpassen <img src='http://www.geocaching.com/images/icons/icon_smile_big.gif' border=0 align=middle> )<br />]]></LOG>
</LOGS>
<NOTES><![CDATA[]]></NOTES>
<IMAGES>
    <IMG>gc25wek_0.jpg<URL>http://img.geocaching.com/cache/aea85a78-e70e-42a6-9d03-10e114f70796.jpg</URL></IMG>
    <IMG>GC25WEK_0.jpg<URL>http://img.geocaching.com/cache/aea85a78-e70e-42a6-9d03-10e114f70796.jpg</URL></IMG>
    <IMGTEXT>GC25WEK_0</IMGTEXT>
    <IMGTEXT>Gesucht</IMGTEXT>
</IMAGES>
<TRAVELBUGS>
</TRAVELBUGS>
<URL><![CDATA[]]></URL>
<SOLVER><![CDATA[]]></SOLVER>
    <CACHE  name = "Mystery Street #2" owner = "Hoffi1986" lat = "51,201466666667" lon = "10,468133333333" hidden = "2010-03-30" wayp = "GC25WEK" status = "" ocCacheID = "" lastSyncOC = "20100419230219" num_recommended = "0" num_found = "-1" attributesYes = "4449593067523" attributesNo = "0" boolFields="1922" byteFields="34082585" attributesYes1 = "0" attributesNo1 = "0" />
</CACHEDETAILS>
