<?xml version="1.0" encoding="ISO-8859-1"?>
<CACHEDETAILS>
<VERSION value = "3"/>
<DETAILS><![CDATA[<br><h3 style="text-align: center;"><span style=
"color: rgb(0, 0, 255);"><span style=
"font-family: comic sans ms,cursive;">Hiermit laden wir euch alle
recht herzlich zum</span></span></h3>
<h1 style="text-align: center;"><span style=
"color: rgb(255, 140, 0);"><span style=
"font-family: comic sans ms,cursive;"><span style=
"font-size: 36px;">1. Thüringer Osterwichteln<br />
<img align="middle" alt="" src=
"http://img299.imageshack.us/img299/6628/easterbunny.gif" style=
"width: 150px; height: 150px; margin-top: 3px; margin-bottom: 3px;" />
</span></span></span></h1>
<h3 style="text-align: center;"><span style=
"color: rgb(0, 0, 255);"><span style=
"font-family: comic sans ms,cursive;">ein!</span></span></h3>
<br />
<center><span style=
"text-align: center;color: rgb(0, 0, 255);font-family: comic sans ms,cursive;">
Beginn: 15:00 Uhr<br />
Ende: vorraussichtlich 19:00 Uhr</span></center>
<p style="text-align: justify;"><span style=
"color: rgb(0, 0, 205);"><span style="font-size: 14px;"><span>Das
Event findet im Süd-Osten von Erfurt statt, und soll für
Erwachsene, aber auch für Kinder gleichermaßen eine lustige
Ostersuche werden.</span></span></span></p>
<p style="text-align: justify;"><span style=
"color: rgb(0, 0, 205);"><span style="font-size: 14px;"><span>Das
Prinzip ist ganz einfach: Jede Person, die teilnimmt, bringt eine
kleine eingepackte Osterüberraschung im Wert von 5 - 10 &euro; mit!
<img alt="Frohe Ostern" src=
"http://img225.imageshack.us/img225/6503/easterwallpaper0031024.jpg"
style=
"border-style: solid; border-width: 0px; margin: 2px; float: right; height: 188px; width: 250px;" />
 (Für alle, die erst ganz kurz dabei sind: Versucht etwas zu
finden, was Cacher-nützlich ist, und bringt nicht irgendwelche
Sachen mit, die es als kostenlose Beilage in diversen
Werbezeitungen gab. Sowas möchtet ihr selber nicht geschenkt
bekommen, und es sorgt für ein gewisses Frustpotential bei Cachern,
die sich richtig Mühe gemacht haben! Man kann auch mit wenig Geld
was Schönes auf die Beine stellen!)</span></span></span></p>
<p style="text-align: justify;"><span style=
"color: rgb(0, 0, 205);"><span style="font-size: 14px;"><span>Am
Eventort gibt es dann für die ganz Kleinen (insofern sich genügend
anmelden!) eine Extra-Suchwiese mit nicht so schwierigen
Verstecken. (Hier müssten die Eltern entsprechend für die
Oster-Überraschungen sorgen und diese dann auch für jedes
teilnehmende Kind mitbringen!)</span></span></span></p>
<p style="text-align: justify;"><span style=
"color: rgb(0, 0, 205);"><span style="font-size: 14px;"><span>Die
Großen müssen da schon etwas pfiffiger sein, und dürfen sich dann
auch in einem etwas größeren Areal
austoben.</span></span></span></p>
<p style="text-align: justify;"><span style=
"color: rgb(0, 0, 205);"><span style="font-size: 14px;"><span>Was
wird gesucht? Eier...Einfarbige, bunte, große, kleine, etc. Je mehr
man findet, desto besser.</span></span></span></p>
<p style="text-align: justify;"><span style=
"color: rgb(0, 0, 205);"><span style=
"font-size: 14px;"><span><img alt="Ei, ei, ei" src=
"http://img143.imageshack.us/img143/2373/ostereier1600.jpg" style=
"width: 180px; height: 135px; float: left;" />Und was hat man nun
davon? Ganz einfach: Am Ende wird es eine Auswertung geben, die
sich nach Anzahl gefundener Eier, deren Farben, oder besonderen
Merkmalen richtet. Dadurch verteilen sich dann alle Geschenke unter
den teilnehmenden Personen. (Hierbei wird es noch zu einer
spielerischen Interaktion aller Teilnehmenden kommen, aber da lasst
euch mal überraschen!) Keine Angst: Jeder kriegt ein Geschenk und
bestenfalls wird keiner sein eigenes Geschenk wieder mit nach Hause
nehmen! :)</span></span></span></p>
<p style="text-align: justify;"> </p>
<table align="center" border="1" cellpadding="1" cellspacing="1"
style="width: 329px; height: 123px;">
<tr>
<td><span style=
"color: rgb(0, 0, 255);"><u><strong>Team</strong></u></span></td>
<td style="text-align: center;"><span style=
"color: rgb(0, 0, 255);"><u><strong>Erwachsene</strong></u></span></td>
<td style="text-align: center;"><span style=
"color: rgb(0, 0, 255);"><u><strong>Kinder</strong></u></span></td>
</tr>
<tr>
<td><span style="color: rgb(0, 0, 255);">kruemeltiger</span></td>
<td style="text-align: center;"><span style=
"color: rgb(0, 0, 255);">2</span></td>
<td style="text-align: center;"><span style=
"color: rgb(0, 0, 255);">-</span></td>
</tr>
<tr>
<td><span style="color: rgb(0, 0, 255);">Yalla</span></td>
<td style="text-align: center;"><span style=
"color: rgb(0, 0, 255);">2</span></td>
<td style="text-align: center;"><span style=
"color: rgb(0, 0, 255);">2</span></td>
</tr>
<tr>
<td><span style="color: rgb(0, 0, 255);">Pimmon23</span></td>
<td style="text-align: center;"><span style=
"color: rgb(0, 0, 255);">3</span></td>
<td style="text-align: center;"><span style=
"color: rgb(0, 0, 255);">-</span></td>
</tr>
<tr>
<td><span style="color: rgb(0, 0, 255);">GG WG</span></td>
<td style="text-align: center;"><span style=
"color: rgb(0, 0, 255);">2</span></td>
<td style="text-align: center;"><span style=
"color: rgb(0, 0, 255);">-</span></td>
</tr>
<tr>
<td><span style="color: rgb(0, 0, 255);">hummel2</span></td>
<td style="text-align: center;"><span style=
"color: rgb(0, 0, 255);">2</span></td>
<td style="text-align: center;"><span style=
"color: rgb(0, 0, 255);">-</span></td>
</tr>
<tr>
<td><span style="color: rgb(0, 0, 255);">Sectio aurea</span></td>
<td style="text-align: center;"><span style=
"color: rgb(0, 0, 255);">2</span></td>
<td style="text-align: center;"><span style=
"color: rgb(0, 0, 255);">1</span></td>
</tr>
<tr>
<td><span style="color: rgb(0, 0, 255);">Koofi &
Schatzi</span></td>
<td style="text-align: center;"><span style=
"color: rgb(0, 0, 255);">2</span></td>
<td style="text-align: center;"><span style=
"color: rgb(0, 0, 255);">-</span></td>
</tr>
<tr>
<td><span style="color: rgb(0, 0, 255);">AlbatrosEF</span></td>
<td style="text-align: center;"><span style=
"color: rgb(0, 0, 255);">1</span></td>
<td style="text-align: center;"><span style=
"color: rgb(0, 0, 255);">-</span></td>
</tr>
<tr>
<td><span style="color: rgb(0, 0, 255);">Geocaching
Tine</span></td>
<td style="text-align: center;"><span style=
"color: rgb(0, 0, 255);">1</span></td>
<td style="text-align: center;"><span style=
"color: rgb(0, 0, 255);">-</span></td>
</tr>
<tr>
<td><span style="color: rgb(0, 0, 255);">Minizicke</span></td>
<td style="text-align: center;"><span style=
"color: rgb(0, 0, 255);">-</span></td>
<td style="text-align: center;"><span style=
"color: rgb(0, 0, 255);">1</span></td>
</tr>
<tr>
<td><span style="color: rgb(0, 0, 255);">IKKE.at</span></td>
<td style="text-align: center;"><span style=
"color: rgb(0, 0, 255);">1</span></td>
<td style="text-align: center;"><span style=
"color: rgb(0, 0, 255);">-</span></td>
</tr>
<tr>
<td><span style="color: rgb(0, 0, 255);">Hennehenne</span></td>
<td style="text-align: center;"><span style=
"color: rgb(0, 0, 255);">1</span></td>
<td style="text-align: center;"><span style=
"color: rgb(0, 0, 255);">-</span></td>
</tr>
<tr>
<td><span style="color: rgb(0, 0, 255);">spilles &
MiWü</span></td>
<td style="text-align: center;"><span style=
"color: rgb(0, 0, 255);">2</span></td>
<td style="text-align: center;"><span style=
"color: rgb(0, 0, 255);">-</span></td>
</tr>
<tr>
<td><span style="color: rgb(0, 0, 255);">Team Fire &
Ice</span></td>
<td style="text-align: center;"><span style=
"color: rgb(0, 0, 255);">2</span></td>
<td style="text-align: center;"><span style=
"color: rgb(0, 0, 255);">-</span></td>
</tr>
<tr>
<td><span style="color: rgb(0, 0, 255);">Hondje Amanda</span></td>
<td style="text-align: center;"><span style=
"color: rgb(0, 0, 255);">-</span></td>
<td style="text-align: center;"><span style=
"color: rgb(0, 0, 255);">1 <img src=
"http://www.geocaching.com/images/icons/icon_smile_wink.gif" /></span></td>
</tr>
<tr>
<td><span style="color: rgb(0, 0, 255);">trialhoschi</span></td>
<td style="text-align: center;"><span style=
"color: rgb(0, 0, 255);">2</span></td>
<td style="text-align: center;"><span style=
"color: rgb(0, 0, 255);">-</span></td>
</tr>
<tr>
<td><span style="color: rgb(0, 0, 255);">Nidolli und
Dr.A.Colian</span></td>
<td style="text-align: center;"><span style=
"color: rgb(0, 0, 255);">2</span></td>
<td style="text-align: center;"><span style=
"color: rgb(0, 0, 255);">1</span></td>
</tr>
<tr>
<td> </td>
<td style="text-align: center;"> </td>
<td style="text-align: center;"> </td>
</tr>
<tr>
<td> </td>
<td style="text-align: center;"> </td>
<td style="text-align: center;"> </td>
</tr>
<tr>
<td><span style=
"color: rgb(0, 128, 0);"><strong>Gesamt:</strong></span></td>
<td style="text-align: center;"><span style=
"color: rgb(0, 128, 0);"><strong>27</strong></span></td>
<td style="text-align: center;"><span style=
"color: rgb(0, 128, 0);"><strong>6</strong></span></td>
</tr>
</table>
<p style="text-align: center;"><img alt="" src=
"http://img203.imageshack.us/img203/2732/d2d7e06a1328b02cfdd4ae5.jpg"
style="width: 300px; height: 225px;" /></p>
<p style="text-align: justify;"><em><span style=
"color: rgb(0, 0, 205);"><span style="font-size: 14px;"><span>Da
wir bzgl. der Ausstattung des Events ein paar Kosten haben, möchten
wir zur Deckung der Ausgaben 2 &euro; Teilnahmegebühr pro
Erwachsenem erheben. (Kann sich je nach Teilnehmerzahl auch noch
reduzieren!)</span></span></span></em></p>
<p style="text-align: justify;"><span style=
"color: rgb(0, 0, 205);"><span style="font-size: 14px;">Wir würden
uns über rege Beteiligung freuen, und wünschen uns allen ein frohes
Osterfest!</span></span></p>
<center>
<p><img align="middle" height="80" src=
"http://img18.imageshack.us/img18/3164/nidollisstempeljx6.jpg" />
<span style="color: rgb(0, 0, 255);"><strong><span style=
"font-size: 14px;"><span style=
"font-family: comic sans ms,cursive;">und</span></span></strong></span>
<img align="middle" height="80" src=
"http://img252.imageshack.us/img252/7663/dracolianthemasterjkps2cn2.jpg" />
</p>
</center>]]></DETAILS>
<COUNTRY><![CDATA[Germany]]></COUNTRY>
<STATE><![CDATA[Thüringen]]></STATE>
<ATTRIBUTES>
   <ATT>wheelchair-no.gif</ATT>
   <ATT>stroller-yes.gif</ATT>
   <ATT>kids-yes.gif</ATT>
   <ATT>public-yes.gif</ATT>
   <ATT>parking-yes.gif</ATT>
   <ATT>dogs-yes.gif</ATT>
</ATTRIBUTES>
<HINTS><![CDATA[]]></HINTS>
<LOGS>
<OWNLOGID></OWNLOGID>
<OWNLOG><![CDATA[]]></OWNLOG>
<LOG><![CDATA[<img src='icon_attended.gif'>&nbsp;2010-04-05 by hummel2<br><br />Auch wir hatten am Osterwichteln viel Spaß <img src='http://www.geocaching.com/images/icons/icon_smile_big.gif' border=0 align=middle>.<br>Mal eine neue Art von Event, die wir in dieser Form noch nicht kannten.<br>Auch wenn es bei der Organisation vielleicht ein paar kleine "Fehler" gab, war das Event insgesammt sehr gelungen und schließlich ist niemand vollkommen.<br>Wir fanden, es war ein schöner Nachmittag, mit vielen netten und (vor allem für uns) neuen Cachern, regem Erfahrungsaustausch und wir freuen uns auf alle Fälle schon jetzt auf das nächste Wichteln <img src='http://www.geocaching.com/images/icons/icon_smile_tongue.gif' border=0 align=middle>.<br>Viele Grüße an alle und noch einmal vielen Dank an Nidolli und Dr.A.Colian, wir fanden´s super.<br>Britta und Angelo<br />]]></LOG>
<LOG><![CDATA[<img src='icon_note.gif'>&nbsp;2010-04-05 by GG WG<br><br />Hallo wir melden uns noch mal!<br>Die Kosten pro Person sind so doch ganz OK.<br>Wer sich aufreget, der brauchte ja nicht an der Suche teilzunehmen.<br>Nochmals besten Dank an die Ausrichter!!!!<br><img src='http://www.geocaching.com/images/icons/icon_smile_cool.gif' border=0 align=middle> War ein klasse Event mit viel Spaß <img src='http://www.geocaching.com/images/icons/icon_smile_cool.gif' border=0 align=middle><br>Gruß  GG WG<br />]]></LOG>
<LOG><![CDATA[<img src='icon_attended.gif'>&nbsp;2010-04-04 by Hennehenne<br><br />Das war mein erstes event und es hat mir gefallen. Die Wichtelei war ganz interessant und hat mich als Neuling gleichmal mit ein paar Dosen ausgerüstet, die ich sowieso schon im Auge hatte. Hat also gepasst. Überhaupt sah ich viele zufriedene Gesichter. Danke fürs Ausrichten sagt Hennehenne- Trade: 4 coin 1 TB in; 3 Coin 2 TB out<br />]]></LOG>
<LOG><![CDATA[<img src='icon_attended.gif'>&nbsp;2010-04-03 by Koofi<br><br />Auf unserem Ostercacheurlaub haben wir uns natürlich auch ein Osterevent ausgesucht. So ein Event in dieser Ausführung kannten wir auch noch nicht. Zusammen ging es mit einer kleinen Wanderung zum eigentlichen Zielort und der kam uns vom Vortag schon sehr bekannt vor. Da wir ein Wichtelgeschenk vorbereitet haben, hat sich Schatzi ausgeruht und sich köstlich über die Eierei amüsiert, ich durfte dann die Suche ohne Koordinaten antreten, was sich als nicht ganz einfach herausstellte, aber 3 oder 4 waren doch im Tütchen. Hier ist einfach der Spaß dabei zu sein im Vordergrund und nicht die vollste Tüte! Wir haben uns über unseren Coin gefreut, vielen Dank an die Osterwichtelschenker!<p>Und auch vielen Dank für die Organisation dieses schönen Events und liebe Grüße von uns und gute Besserung für Nidolli<br />]]></LOG>
<LOG><![CDATA[<img src='icon_attended.gif'>&nbsp;2010-04-03 by Hondje Amanda<br><br />Natürlich war auch ich hier mit dabei. Viel Spaß gehabt und auch das ein oder andere Ei gefunden.<p>Liebe Grüße<p>Hondje Amanda <img src='http://www.geocaching.com/images/icons/icon_smile_kisses.gif' border=0 align=middle><br />]]></LOG>
<LOG><![CDATA[<img src='icon_attended.gif'>&nbsp;2010-04-03 by Minizicke<br><br />Das war gestern ein Spaß!<br>Vielen Dank für das kleine aber feine Event zu Ostern.<br>Freu mich schon auf nächstes Jahr!<br>Viele Grüße TJ<br />]]></LOG>
<LOG><![CDATA[<img src='icon_attended.gif'>&nbsp;2010-04-03 by Geocaching Tine<br><br />Eine sehr schöne Idee mit dem Osterwichteln!<br>Vielen Dank für die Organisation!<br>Freu mich schon auf das Osterwichteln im nächsten Jahr!<br>LG Tine<p>#100#<br />]]></LOG>
<LOG><![CDATA[<img src='icon_attended.gif'>&nbsp;2010-04-03 by Team Fire &amp; Ice<br><br /><b>Nr. 3011 16:44 Uhr</b><p>Erst mal das Positive. Das Event ist eine super Idee, alle waren wirklich gut drauf und haben gemeinsam die Eier gesucht. Sogar die Erwachsenen hatten dabei sichtlich viel Spaß. Die Variante der Wichtelverteilung kannten wir so noch nicht und hat uns ebenfalls gut gefallen. Insgesamt haben die Organisatoren also wieder was Tolles auf die Beine gestellt. <p>Trotzdem gibt es von uns abschließend noch eine kleine Kritik.<br>Warum man bei einem Outdoorevent 2 € Teilnahmegebühr (!) nehmen muß, ist für uns unverständlich. Zumal nicht alle Mitglieder der einzelnen Teams an der Suche, die sicher Kosten verursacht hat, teilgenommen haben. Letztlich haben alle Teams hier bereits für die Wichtelgeschenke bezahlt. Das man ein Geschenk pro Person vorweisen muß, um an der Eiersuche dabei zu sein, war uns ehrlich gesagt nicht bewußt. Bedenkt man, daß bei Megaevents, bei denen Hallenmieten, Buttons, Sanitätsabsicherung, Ausdrucke von Eventdokumentation usw. als Ausgaben entstehen, die Kosten bei 10-15 € pro Team liegen und hier immer noch ein Eventcoin dabei ist, sind diese Kosten hier für uns zu hoch gegriffen. Grundsätzlich soll der reine Besuch eines Events immer <b>kostenlos</b> sein! Uns tuen die 2 € pro Person definitiv nicht weh, trotzdem sollte und darf es sich hier nicht einbürgern, das Gebühren für die blanke Eventteilnahme genommen werden. Anders ist es bei Wettbewerben, wie der Ostereiersuche. Die Kosten sind dann aber auch, in richtiger Relation, nur auf die Wettbewerbsteilnehmer zu verteilen.<p>Die einzige Alternative ist es daher für uns, die bereits von anderen Teams praktizierte Spendendose zu nutzen und auf Freiwilligkeit zu setzen. Überschüsse aus diesen Veranstaltungen, sollten dann aber auch für kommende Events genutzt werden. Auch dies wird ja bereits von bekannten Teams schon so gemacht.<p>Die Eventkoordinaten sollen auch nicht auf den Parkplatz zeigen, sondern immer auf den Eventplatz, sodaß nachfolgende oder kurzentschlossene Cacher ebenfalls mit dabei sein können. Wenn man diesen als Wegpunkt anlegt und dort einen Treffpunkt für die gemeinsame Wanderung zum Eventplatz ausmacht, ist es ja ok. <br>So hätten noch drei weitere Cacher den Weg zu uns gefunden und wären, trotz längerer Anreise, nicht am Ende entnervt nach hause gefahren.<p>Vielen Dank für die Organisation und Grüße vom<p><b><i>Team <font color="red">Fire</font> & <font color="blue">Ice</font></b><br>Steffi und Heiko</i><p>Trade: Coin rein, Coin raus<br />]]></LOG>
<LOG><![CDATA[<img src='icon_attended.gif'>&nbsp;2010-04-03 by GG WG<br><br />Man was für ein schönes Event. Mit allen anderen Cachern zusammen auf Ostereiersuche, und was da so noch versteckt war.<br>Tolle Idee, danke an alle und die Orga. <img src='http://www.geocaching.com/images/icons/icon_smile_cool.gif' border=0 align=middle><br>Frohe Ostern wünschen GG WG<br />]]></LOG>
<LOG><![CDATA[<img src='icon_attended.gif'>&nbsp;2010-04-03 by AlbatrosEF<br><br />Das war die erste Veranstaltung dieser Art für mich und ich fand es toll auch mal einige Leute kennenzulernen, deren Cache man gesucht und gefunden hat.<br>Die Verbindung mit dem Osterwichteln war toll und das Geschenk ist auch sehr unterhaltsam.<br>Vielen Dank an die Organisation und vielen Dank für die tolle Veranstaltung.<br>AlbatrosEF<br />]]></LOG>
<LOG><![CDATA[<img src='icon_attended.gif'>&nbsp;2010-04-03 by trialhoschi<br><br />Das war ein sehr schönes Event bei dem wir alte und neue Gesichter gesehen haben. Die Idee Ostereiersuche mit kombiniertem Wichteln fanden wir echt lustig. Danke für die tolle Organisation.<br> <br />]]></LOG>
<LOG><![CDATA[<img src='icon_attended.gif'>&nbsp;2010-04-03 by kruemeltiger<br><br />So... Das hat so richtig Spass gemacht... <p>Mal sehen was wir mit dem Spiegel alles so außerhalb des Geocachens anfangen können <img src='http://www.geocaching.com/images/icons/icon_smile_big.gif' border=0 align=middle>.<p>Vielen Dank ihr Beiden <br>Kruemeltigers<br />]]></LOG>
<LOG><![CDATA[<img src='icon_note.gif'>&nbsp;2010-04-03 by Pimmon23<br><br />Die geschenkten Coin noch mal schnell rein und wieder raus.<br />]]></LOG>
<LOG><![CDATA[<img src='icon_attended.gif'>&nbsp;2010-04-03 by spilles &amp; MiW&#252;<br><br />Das war unser erstes Event und wir fanden's toll. <img src='http://www.geocaching.com/images/icons/icon_smile.gif' border=0 align=middle> Endlich konnte man einigen Nicknames auch Gesichter zuordnen.<br>Die Eiersuche hat uns riesigen Spaß gemacht. Und das anschließende Rumwichteln war sehr unterhaltsam.<br>Alles in allem war es eine schöne Veranstaltung, bei der zahlreiche Erwachsene suchend im Wald umher steuerten. <img src='http://www.geocaching.com/images/icons/icon_smile_big.gif' border=0 align=middle><p>Einen Gruß nochmal an alle Mitstreiter, man sieht sich eventuell mal wieder.<br />]]></LOG>
<LOG><![CDATA[<img src='icon_attended.gif'>&nbsp;2010-04-03 by Yalla<br><br />Von Beginn an fanden wir diese Idee großartig und super geeignet, um zusammen mit den Kindern etwas in Sachen Geocaching unternehmen zu können. Vielen Dank an die Veranstalter Nidolli und Dr.A.Colian für die schöne kurzweilige Idee und die kindgerechte Extra-Suche. <img src='http://www.geocaching.com/images/icons/icon_smile_clown.gif' border=0 align=middle> Das auch unsere Jüngsten Caches finden können sei hiermit bewiesen. Das Wetter hat gehalten und allen hat es riesig Spass gemacht !!!<br><img src='http://www.geocaching.com/images/icons/icon_smile_cool.gif' border=0 align=middle><br />]]></LOG>
<LOG><![CDATA[<img src='icon_attended.gif'>&nbsp;2010-04-03 by Pimmon23<br><br />Das ist doch mal was - eine kombinierte Ostereiersuche mit Wichteln. Und das ganze dann auch noch als Event! Die Idee fanden wir gleich super... In Suhl beim Losfahren war noch sehr düsteres Wetter mit Regen, in der Gegend von Ilmenau entdeckten wir schon einen Regenbogen und am Eventort angekommen, war Sonnenschein. Wir haben einige bekannte Geocacher wiedergetroffen und neue kennen gelernt. Die Ostereiersuche war sehr unterhaltsam und die Wichtelgeschenke waren echt super! Wir haben jetzt in unserem Bestand 2 neue Coins und einen TB und ne komplette Cacheausrüstung zum Auslegen neuer Caches! Vielen Dank dafür und an die Veranstalter für die super Idee und das Verstecken der Eier!<br>So ein Event kann es kommendes Ostern gerne wieder geben.<br><br />]]></LOG>
<LOG><![CDATA[<img src='icon_note.gif'>&nbsp;2010-04-03 by Hennehenne<br><br />noch ein Coin.<br />]]></LOG>
<LOG><![CDATA[<img src='icon_rsvp.gif'>&nbsp;2010-04-03 by compiprofi<br><br />Wir versuchen es.....<br />]]></LOG>
<LOG><![CDATA[<img src='icon_note.gif'>&nbsp;2010-04-02 by Hennehenne<br><br />TB Abwurf!<br />]]></LOG>
<LOG><![CDATA[<img src='icon_note.gif'>&nbsp;2010-04-02 by spilles &amp; MiW&#252;<br><br />Wir werden pünktlich da sein. <img src='http://www.geocaching.com/images/icons/icon_smile.gif' border=0 align=middle><br>Da log ich mal unsere TBs/GCs auch ein.<br />]]></LOG>
<LOG><![CDATA[<img src='icon_rsvp.gif'>&nbsp;2010-04-02 by Nidolli<br><br />Dr.A.Colian und ich kommen natürlich auch und bringen Jenny, meine Nichte, mit... Also: 2 Erwachsene und 1 Kind. Wir zwei Erwachsenen können zwar leider nicht mitsuchen (da wir ja auch verstecken), aber ein Geschenk bringen wir selbstverständlich trotzdem jeder mit.<p>(Momentan sieht's übrigens so aus: Wenn alle, die sich angemeldet haben, kommen, liegen die Kosten pro Person schon nur noch bei €1 ,50. <img src='http://www.geocaching.com/images/icons/icon_smile.gif' border=0 align=middle>)<br />]]></LOG>
<LOG><![CDATA[<img src='icon_rsvp.gif'>&nbsp;2010-04-02 by trialhoschi<br><br />Wir melden auch mal an.<br>Wenn nichts dazwischen kommt sind wir auch dabei.<p>Viele liebe Grüße trialhoschi<br />]]></LOG>
<LOG><![CDATA[<img src='coord_update.gif'>&nbsp;2010-04-01 by OnkelFedja<br><br /><strong>N 50° 56.686 E 011° 04.752</strong><br /><br />** Coordinates Changed From **<br>N 50° 56.373 E 011° 04.615<br>Distance From Old: 1974.3 feet or 601.8 meters<br>Updating coordinates.<br>N 50° 56.686 E 011° 04.752<br />]]></LOG>
<LOG><![CDATA[<img src='icon_rsvp.gif'>&nbsp;2010-04-01 by Hondje Amanda<br><br />Ich komme natürlich auch mit...! Lasse doch meine Familie Ostern nicht allein!<p>Hondje Amanda <img src='http://www.geocaching.com/images/icons/icon_smile_kisses.gif' border=0 align=middle><br />]]></LOG>
<LOG><![CDATA[<img src='icon_note.gif'>&nbsp;2010-04-01 by Yalla<br><br />Wenn jemand einen Coin oder TB hat, der westlich reisen möchte? Wir fahren nach Ostern nach Amsterdam und ich könnte ihn mitnehmen.<p>Frohe Ostern<p>Yalla & Family<br />]]></LOG>
<LOG><![CDATA[<img src='icon_rsvp.gif'>&nbsp;2010-04-01 by Team Fire &amp; Ice<br><br />Na da schau mer ma vorbei <img src='http://www.geocaching.com/images/icons/icon_smile.gif' border=0 align=middle>! Und wir werden auch beim Wichteln mitmachen! <p>Liebe Grüße<br>Team Fire & Ice<br>Heiko und Steffi<br />]]></LOG>
<LOG><![CDATA[<img src='icon_note.gif'>&nbsp;2010-04-01 by Nidolli<br><br />Hallo zusammen,<p>ich möchte ein kleines Update zum Event geben. Wie wir leider nicht wussten, breitet sich das Militärgebiet ziemlich weit aus. Ein Anruf beim Kommandanten ergab jedoch, dass es Bereiche gibt, in denen wir uns aufhalten können, solange wir nix umgraben, oder uns zu auffällig verhalten. <img src='http://www.geocaching.com/images/icons/icon_smile_wink.gif' border=0 align=middle><p>Aus gegeben Anlass möchte ich deshalb die Koordinaten auf den Parkplatz legen, und den Treffpunkt dorthin verlegen. Wir werden dann geschlossen zum Suchort laufen. Das Gebiet ist dann eingegrenzt, und da können alle in Ruhe suchen. Ne kleine Kinderspielwiese wird es auch geben.<p>Wir möchten auch nochmal darauf hinweisen, dass JEDER, der kommt, ein Geschenk mitbringt! Das liegt an der Art der Geschenkverteilung, die dann stattfindet. Das seht ihr dann aber vor Ort, und jetzt wird nicht zuviel verraten. <img src='http://www.geocaching.com/images/icons/icon_smile_wink.gif' border=0 align=middle><p>Wir freuen uns auf Samstag!<p>Bis dann,<br>Nidolli und Dr.A.Colian<p>[This entry was edited by Nidolli on Friday, April 02, 2010 at 4:54:46 AM.]<br />]]></LOG>
<LOG><![CDATA[<img src='icon_note.gif'>&nbsp;2010-04-01 by Hennehenne<br><br />Coin und Tb log!<br />]]></LOG>
<LOG><![CDATA[<img src='icon_rsvp.gif'>&nbsp;2010-03-28 by spilles &amp; MiW&#252;<br><br />Wir werden auch zu zweit aufschlagen. Kinder haben wir keine im Schlepptau.<br>Da wir zusammen unter einem Nickname laufen, bringen wir auch ein Wichtelgeschenk mit. Natürlich nehmen wir auch nur eins wieder mit. <img src='http://www.geocaching.com/images/icons/icon_smile_wink.gif' border=0 align=middle><br />]]></LOG>
<LOG><![CDATA[<img src='icon_rsvp.gif'>&nbsp;2010-03-28 by Hennehenne<br><br />Wenn bis dahin nichts dazwischen kommt, bin ich dabei. Danke für die Einladung. 1 Erwachsener<br />]]></LOG>
<LOG><![CDATA[<img src='icon_note.gif'>&nbsp;2010-03-26 by GeoRobert11<br><br />Schade, Schade ich wäre so gern gekommen aber wenn ich an diesem Tag bei meiner eigenen Jugendweihe fehlen würde, ich glaub das würden meine Eltern nicht gut finden <img src='http://www.geocaching.com/images/icons/icon_smile_big.gif' border=0 align=middle>.<br>Ich wünsche Euch ein ganz tolles Event und schöne Ostern und vielleicht klapppt es ja das nächste mal.<br />]]></LOG>
<LOG><![CDATA[<img src='icon_rsvp.gif'>&nbsp;2010-03-25 by IKKE.at<br><br />Ich komme natürlich auch mit meinen beiden Mädels mit! <br>Freu mich schon! <br>1 Erwachsener. <br />]]></LOG>
<LOG><![CDATA[<img src='icon_rsvp.gif'>&nbsp;2010-03-24 by Minizicke<br><br />Ich komme auch mit Mama und Papa zusammen!<br>Bis nächste Woche!<br>1 Kind<br />]]></LOG>
<LOG><![CDATA[<img src='icon_rsvp.gif'>&nbsp;2010-03-24 by Geocaching Tine<br><br />Ich werde auch kommen. 1 Erwachsener<br>Vielen Dank für die Einladung und bis nächstes Wochenende!<br />]]></LOG>
<LOG><![CDATA[<img src='icon_rsvp.gif'>&nbsp;2010-03-23 by AlbatrosEF<br><br />Freue mich aufs Ostereier suchen.<br>1 Erwachsener <br>Danke für die Einladung<br>AlbatrosEF <br />]]></LOG>
<LOG><![CDATA[<img src='icon_note.gif'>&nbsp;2010-03-20 by Dr.A.Colian<br><br />Diesmal war Nidolli Schuld... :P<p>Aber nun hauts ja wieder hin! :)<p>Danke an yalla für die Schützenhilfe! ;)<p>Viele Grüße, und bis Ostern,<br>Dr.A.Colian<br />]]></LOG>
<LOG><![CDATA[<img src='icon_note.gif'>&nbsp;2010-03-20 by Yalla<br><br />In einem frühen Listing hab ich mal 15:00 Uhr gelesen.<p><img src='http://www.geocaching.com/images/icons/icon_smile_cool.gif' border=0 align=middle><br />]]></LOG>
<LOG><![CDATA[<img src='icon_rsvp.gif'>&nbsp;2010-03-20 by Koofi<br><br />Juchhu Ostereiersuchen ist angesagt, das ist ja fast wie Cachen... Wir werden ohne Kind kommen und ab 0.00 Uhr an den Koordinaten warten, oder doch etwas später? Vielleicht überlegt sich der Osterhase noch eine Uhrzeit<img src='http://www.geocaching.com/images/icons/icon_smile_big.gif' border=0 align=middle><p>Liebe Grüße bis zum Wiedersehen<br />]]></LOG>
<LOG><![CDATA[<img src='icon_rsvp.gif'>&nbsp;2010-03-19 by hummel2<br><br />Nachdem wir uns mit Nidolli "kurzgeschlossen" haben und das Event doch in unseren Zeitplan paßt, möchten auch wir unsere Teilnahme bestätigen.<br>Danke für die Einladung und viele Grüße, Britta und Angelo.<br />]]></LOG>
<LOG><![CDATA[<img src='icon_rsvp.gif'>&nbsp;2010-03-19 by GG WG<br><br />Wir wollem auch mal Ostereier suchen und nette Leute treffen, oder alte Bekannte!<br>Gruß  GG WG  aus Hessen<br />]]></LOG>
<LOG><![CDATA[<img src='icon_note.gif'>&nbsp;2010-03-18 by Nidolli<br><br />Ja ja... der Dr.A.Colian... hat er einfach die Zeit aus dem Listing rausgenommen... :P Beim Umformatieren... aber jetzt ist sie wieder drin...<p>Liebe Grüße,<br>Dr.A.Colian (von Nidolli's Account aus... :D)<br />]]></LOG>
<LOG><![CDATA[<img src='icon_rsvp.gif'>&nbsp;2010-03-18 by Pimmon23<br><br />Das Event klingt ja super!<p>Da melde ich uns 3 plus Hund mal ganz schnell an! Mal sehen, was wir im Urlaub für ein schönes Geschenk finden, aber die Coinshops liefern ja auch, wenn man im Urlaub ist <img src='http://www.geocaching.com/images/icons/icon_smile_big.gif' border=0 align=middle> (Dann wollen wir aber auch ne Coin zurückbekommen <img src='http://www.geocaching.com/images/icons/icon_smile_blush.gif' border=0 align=middle> )<p>Wir freues uns!<br />]]></LOG>
<LOG><![CDATA[<img src='icon_rsvp.gif'>&nbsp;2010-03-18 by Yalla<br><br />Sooo alle Termine geklärt. Wir kommen zu viert und nehmen auch alle teil! Ich werde gleich mal eine Bestellung in diversen Geocoinshops machen und die Coins bestellen, die ich gern gewinnen möchte! Alles klar? Einen Coin möchte ich zu Ostern !!!<br><img src='http://www.geocaching.com/images/icons/icon_smile_cool.gif' border=0 align=middle><p>Vielen Grüße, wir freuen uns auf Ostern!<p>Yalla & Family<br />]]></LOG>
<LOG><![CDATA[<img src='icon_note.gif'>&nbsp;2010-03-18 by Yalla<br><br />Sehr gern wäre ich mit der ganzen Family gekommen, aber wir haben im Verein eine Gegenveranstaltung.<br><img src='http://www.geocaching.com/images/icons/icon_smile_cool.gif' border=0 align=middle> Schade !!!<p>Viele Grüße aus Arnstadt von Yalla & Family<br />]]></LOG>
<LOG><![CDATA[<img src='icon_rsvp.gif'>&nbsp;2010-03-18 by kruemeltiger<br><br />Jup wir sind dabei<br># 1 und # 2<br />]]></LOG>
<LOG><![CDATA[<img src='icon_greenlight.gif'>&nbsp;2010-03-17 by OnkelFedja<br><br />Published<br />]]></LOG>
</LOGS>
<NOTES><![CDATA[]]></NOTES>
<IMAGES>
    <IMG>gc255hn_0.gif<URL>http://img299.imageshack.us/img299/6628/easterbunny.gif</URL></IMG>
    <IMG>gc255hn_1.jpg<URL>http://img225.imageshack.us/img225/6503/easterwallpaper0031024.jpg</URL></IMG>
    <IMG>gc255hn_2.jpg<URL>http://img143.imageshack.us/img143/2373/ostereier1600.jpg</URL></IMG>
    <IMG>gc255hn_3.gif<URL>http://www.geocaching.com/images/icons/icon_smile_wink.gif</URL></IMG>
    <IMG>gc255hn_4.jpg<URL>http://img203.imageshack.us/img203/2732/d2d7e06a1328b02cfdd4ae5.jpg</URL></IMG>
    <IMG>gc255hn_5.jpg<URL>http://img18.imageshack.us/img18/3164/nidollisstempeljx6.jpg</URL></IMG>
    <IMG>gc255hn_6.jpg<URL>http://img252.imageshack.us/img252/7663/dracolianthemasterjkps2cn2.jpg</URL></IMG>
    <IMGTEXT>GC255HN_0</IMGTEXT>
    <IMGTEXT>GC255HN_1</IMGTEXT>
    <IMGTEXT>GC255HN_2</IMGTEXT>
    <IMGTEXT>GC255HN_3</IMGTEXT>
    <IMGTEXT>GC255HN_4</IMGTEXT>
    <IMGTEXT>GC255HN_5</IMGTEXT>
    <IMGTEXT>GC255HN_6</IMGTEXT>
</IMAGES>
<TRAVELBUGS>
  <tb guid="548db718-664d-4085-a158-3ade3e17d74d"><name><![CDATA[Koofis Walpurgis 2008 Geocoin]]></name><![CDATA[Wandereventgeocoin]]></tb>
  <tb guid="2667193a-fb37-43de-908e-263d0445d7cb"><name><![CDATA[Schatzis Walpurgis 2008 Geocoin]]></name><![CDATA[There is currently no goal for this item.]]></tb>
</TRAVELBUGS>
<URL><![CDATA[]]></URL>
<SOLVER><![CDATA[]]></SOLVER>
    <CACHE  name = "1. Mittelth&#252;ringer Osterwichteln" owner = "Nidolli &amp; Dr.A.Colian" lat = "50,944766666667" lon = "11,0792" hidden = "2010-04-03" wayp = "GC255HN" status = "" ocCacheID = "" lastSyncOC = "20100419233409" num_recommended = "0" num_found = "-1" attributesYes = "34431174656" attributesNo = "2199023255552" boolFields="1930" byteFields="399636" attributesYes1 = "0" attributesNo1 = "0" />
</CACHEDETAILS>
