<?xml version="1.0" encoding="ISO-8859-1"?>
<CACHEDETAILS>
<VERSION value = "3"/>
<DETAILS><![CDATA[<br>Am Startpunkt siehst du eine Quelle. Wann wurde sie erstmals
erwähnt? =A<br />
Wie viel Kilogramm Chlorid tritt hier pro Tag an die Oberfläche? =B
<p>Bei N 51° 12,(B+40)&rsquo; E 10° 25,(A-393)&rsquo; findest du
einen Wegweiser. Welche Entfernung müsstest du zurücklegen, um
einem bärtigen Mann an ein monumentales Denkmal zu folgen? =C (in
Km)</p>
<p>Zu N 51° 12,(C+36)&rsquo; E 10° 25,(C+691) ist es nicht weit.
Hier hängt eine Informationstafel. Wer ist gelegentlicher Gast auf
der Insel? Die Anzahl seiner Buchstaben ergibt D. Seit wann brütet
die Kolbenente hier? =E</p>
<p>Nun begib dich zu N 51° 12,(2117-E)&rsquo; E 10°
25,(0,5*2^D)&rsquo;. Im näheren Umkreis stehen F gelbe Kästen,
welche sich dem Umweltschutz verschrieben haben. Bei Bedarf
solltest du sie nutzen!</p>
<p>Bild 1 befindet sich bei N 51° 12,0(F*26)&rsquo; E 10°
25,(F*143)&rsquo;. Vom roten Kreuz (siehe Bild 1) sind es circa
(2*D+F) Meter in (C+2*D+2*F) Grad wahrer Nordreferenz zum Cache.
Das Gurkenglas liegt am Fuß eines Baumstumpfes.</p>
<p>Viel Spaß!</p>
<p>Achtung: Zeitweise wird der Cache von ziemlich hohen
Brennnesseln bewacht. Du solltest darauf vorbereitet sein...</p>
<p>Startinhalt: Logbuch, Kuli, Bleistift + Spitzer
(drinlassen)<br />
zum Tauschen: kleiner Schnaps, Spiel "Befreie das Herz" (ohne
Gewalt), Reitling Nuggets, Münzen</p>
<p>P.S.: Ein Taschenrechner könnte hilfreich sein...</p>
<p>Achtung: Das Final ist momentan nur durch Klettern über eine
kleine Schranke und gleich danach über einen Wall von alten
Baumstämmen zu erreichen. Danach folgt auch nur purer Urwald.</p>]]></DETAILS>
<COUNTRY><![CDATA[Germany]]></COUNTRY>
<STATE><![CDATA[Thüringen]]></STATE>
<ATTRIBUTES>
   <ATT>bicycles-yes.gif</ATT>
   <ATT>kids-yes.gif</ATT>
   <ATT>available-yes.gif</ATT>
   <ATT>dogs-yes.gif</ATT>
</ATTRIBUTES>
<HINTS><![CDATA[]]></HINTS>
<LOGS>
<OWNLOGID></OWNLOGID>
<OWNLOG><![CDATA[]]></OWNLOG>
<LOG><![CDATA[<img src='icon_smile.gif'>&nbsp;2010-04-17 by David+Chrissi<br><br />Haben heute mal das schöne Wetter genutzt und diesen Cache angegangen & auf Anhieb gefunden.<br>Unsere Homezone wird immer übersichtlicher...<img src='http://www.geocaching.com/images/icons/icon_smile_wink.gif' border=0 align=middle>  <img src='http://www.geocaching.com/images/icons/icon_smile_approve.gif' border=0 align=middle><br>Hat richtig Spaß gemacht,<p>Danke für den tollen Cache<p>David+Chrissi<br />]]></LOG>
<LOG><![CDATA[<img src='icon_smile.gif'>&nbsp;2010-04-05 by mondenkind1970<br><br />Die Hinweise unserer Vorgänger sind durchaus enst zu nehmen. Erhöhtes Aufkommen von Tretminen !!! Auch ohne Peilung schnell geloggt.<br />]]></LOG>
<LOG><![CDATA[<img src='icon_smile.gif'>&nbsp;2010-04-02 by mausebaer13<br><br />Gefunden haben wir ihn, aber vorallem weil er unversteckt im Wald herumlag. Wir haben ihn jetzt wieder Notdürftig versteckt. Ob es noch der richtige Ort ist, wissen wir nicht. Viellecht sollte der Owner mal nach schauen. TFTC<br />]]></LOG>
<LOG><![CDATA[<img src='icon_sad.gif'>&nbsp;2009-11-22 by FroehlicheRadlerin<br><br />Nach seeeehr viel Rechnerei, wo ich mich ganz schön blamiert, aber am Ende doch das richtige Ergebnis raus hatte, sind wir die schöne Runde abgelaufen, mussten aber kurz vorm Final nochmal stoppen, weil offenbar der Wald auch beliebt ist für "dringende Bedürfnisse". Lecker. Na egal, jedenfalls schlugen wir uns dann tapfer durchs Unterholz, fanden aber keinen Cache, obwohl wir -natürlich!!- alles kurz und klein geschlagen haben. Der Nächste wird es vielleicht leichter haben  	<img src='http://www.geocaching.com/images/icons/icon_smile_wink.gif' border=0 align=middle>  Mit hungrigem Magen zogen wir nach 15 Minuten wieder ab, denn ein T-Joker hätte hier auch wenig gebracht. Trotzdem danke für die Runde, und vielleicht kommen wir nochmal her, um das Werk zu vollenden.<br />]]></LOG>
<LOG><![CDATA[<img src='icon_sad.gif'>&nbsp;2009-07-15 by Steve_owl<br><br />schöne Ecke hier <br>"gelegentlicher Gast auf der Insel" war für mich eindeutig mehrdeutig  - schade<br>Steve OWL<br />]]></LOG>
<LOG><![CDATA[<img src='icon_sad.gif'>&nbsp;2009-06-01 by Irrwitzer<br><br />Die Runde war ja sehr schön, wir sind auch über die Schranke und die Baumstämme geklettert ... aber der Urwald entpuppte sich als meterhoher undurchdringlicher Brennesselwald <img src='http://www.geocaching.com/images/icons/icon_smile_shock.gif' border=0 align=middle>. Selbst das Spoilerbild war kaum noch zu erkennen <img src='http://www.geocaching.com/images/icons/icon_smile_blackeye.gif' border=0 align=middle> ... wir haben die Suche schließlich mangels geeigneter Ausrüstung abgebrochen <img src='http://www.geocaching.com/images/icons/icon_smile_dead.gif' border=0 align=middle>.<br>Gruß Irrwitzer<br />]]></LOG>
<LOG><![CDATA[<img src='icon_smile.gif'>&nbsp;2009-04-12 by sticki_hazel<br><br />thx for this cache!! found it on easter sunday!<br />]]></LOG>
<LOG><![CDATA[<img src='icon_smile.gif'>&nbsp;2009-03-21 by dop3<br><br />Heute dieses Urgestein Mühlhauser Cache Geschichte gesucht und gefunden. An der Station mit der Tafel hatten wir zwar ein paar probleme aber aber nachdem die Probs geklärt waren gings ab zum Final, ganz schön urig das kleine Wäldchen. Ich kann mich noch daran erinnern wie ich damals hier immer mit dem Fahrrad langgefahren bin :)<p>TFTC dop3&sandra<br />]]></LOG>
<LOG><![CDATA[<img src='icon_smile.gif'>&nbsp;2009-03-13 by madd.in<br><br />Heute unter Aufsicht den Cache gut gefunden<p>tftc, <a href="http://madd.in" target="_blank" rel="nofollow">madd.in</a><br />]]></LOG>
<LOG><![CDATA[<img src='icon_smile.gif'>&nbsp;2008-12-13 by Hoffi1986<br><br />Ein schöner Multi, bei dem es an Station 2 ein bisschen klemmte, der Kolbenente sei dank, doch mit ein bisschen Raten hat es doch geklappt. Den finalen Peilungspunkt haben wir aufgrund des Schnees leider nicht gesehen, aber mit der Peilung von den letzten Koordinaten aus hat es auch wunderbar geklappt. Das finale Gurkenglas war dann durch ein bisschen Suchen auch schnell gefunden. TFTC<br />]]></LOG>
<LOG><![CDATA[<img src='icon_smile.gif'>&nbsp;2008-10-31 by GeoSittiche<br><br />Ein schöner Cache um Mühlhausens Wasserader,der jedoch im Bereich des Finals eine Überarbeitung nötig hätte.Der Punkt zum Peilen ist nur noch zu erahnen,da die Natur den ehemaligen Wanderweg zu überwuchern droht.<br>Trotzdem auch diesen Cache gern gehoben.<br>TFTC<br>die GeoSittiche<br />]]></LOG>
<LOG><![CDATA[<img src='icon_smile.gif'>&nbsp;2008-10-07 by LUPO.79<br><br />Auch dieses Urgestein Mühlhausens endlich zu Ende gebracht. Der Behälter hat wahrlich nen schöneren Platz verdient! <br>TFTC<br />]]></LOG>
<LOG><![CDATA[<img src='icon_smile.gif'>&nbsp;2008-06-14 by AT-AT<br><br />Mit gollumgandalf und Gastcacherin durch den Brennesselurwald geschlagen.<br>TFTC<br />]]></LOG>
<LOG><![CDATA[<img src='icon_smile.gif'>&nbsp;2008-06-14 by Gollum &amp; Galadriel<br><br />Heute haben wir uns auf die Suche nach diesem ehrwürdigen Cache begeben. Die Spuren des harten Kampfes vom Geo-Team Horsmar waren noch deutlich zu sehen. Und das mit kurzen Hosen? Respekt!<br>Wir mussten in diesem Urwald ganz schön suchen. Das Bild1 hatten wir natürlich nicht mit. Aber wer weiß, ob's was genützt hätte. Der Buchstabe E ist so ne Sache. Zum Glück gibts aber nur eine Zahl auf der Tafel. Zwischendurch wurden wir noch durch kräftige Regenschauer und einen zugelaufenen Hund aufgehalten (ist mittlerweile wo er hingehört). Es hat uns auf jeden Fall eine Menge Spaß gemacht, möge dieser besondere Cache noch lange erhalten bleiben!<br>Ach so, wir haben nen Zettel als Logbuch-Ersatz dagelassen. <br><br />]]></LOG>
<LOG><![CDATA[<img src='icon_smile.gif'>&nbsp;2008-06-08 by Traveler77<br><br />Da kann ich mich den Worten von Hor_Andy nur anschließen. <img src='http://www.geocaching.com/images/icons/icon_smile_wink.gif' border=0 align=middle> TFTC<br />]]></LOG>
<LOG><![CDATA[<img src='icon_smile.gif'>&nbsp;2008-06-08 by caprikitty<br><br />Trau mich fast gar nicht den hier zu loggen, aber wenn ich es nicht dürfte hätte mir der Adoptivpapa es verboten.<br>Danke für die nette, kleine Runde und die Bergung im noch dichteren Brennnesselurwald.<br />]]></LOG>
<LOG><![CDATA[<img src='icon_smile.gif'>&nbsp;2008-06-08 by Hor_andy<br><br />Tja Chris, auch "findbar" ist relativ, nachdem wir unsere (+Traveler77) Fehler bei der letzjährlichen Finalberechnung ausmerzen konnten, ging es in den Wald, mit kurzen Hosen bekleidet waren die Brennesseln schon eine Hürde (nicht das wir verweichlicht sind, aber irgendwann tut's doch weh). Trotz großflächiger Rodung (der Brennesseln) blieben wir erstmal erfolglos, nach dem 5K-Event-Abendessen nochmal los, diesmal den Ownér und seine Kitty mit dabei und siehe da, hätten wir 2m weiter "gewütet" wären wir erfolgreicher gewesen. Rüchzu dann gleich das Logbuch mit dem allerersten Logbucheintrag des 5000er mitgenommen und rumgezeigt. Das fetzt ein. <br>TFTC<br><br />]]></LOG>
<LOG><![CDATA[<img src='icon_note.gif'>&nbsp;2008-06-07 by gloomy<br><br />Hey, ein "neuer" Cache (that I haven't found) in der Umkreissuche - den müsste ich ja demnächst mal suchen gehen <img src='http://www.geocaching.com/images/icons/icon_smile_wink.gif' border=0 align=middle><br />]]></LOG>
<LOG><![CDATA[<img src='icon_note.gif'>&nbsp;2008-06-02 by Chris601<br><br />Ich habe bisher noch keine 100%ige Wartung/Kontrolle durchgeführt. Soviel erstmal zu mir als Schlafmütze <img src='http://www.geocaching.com/images/icons/icon_smile_wink.gif' border=0 align=middle>.<br>Passiert aber in den nächsten Tagen! <br>Alle Stationen inkl. Final sind aber vorhanden, deshalb steht der Cache auch erst mal auf "findbar".<p>Das ^-Zeichen (links neben der 1 auf der Tastatur) wird gern als "hoch" verwendet. Du suchst also "2 hoch D".<p>Viel Erfolg!<br />]]></LOG>
<LOG><![CDATA[<img src='icon_note.gif'>&nbsp;2008-06-02 by Hor_andy<br><br /><br>Na gut, dann soll es hier also weitergehen. Aber bitte erklärt doch mal was für ein Rechenzeichen das bei der 3. Stage sein soll (^) in der letzten Klammer nach "E10°25,(0,5*2" das habe ich nichtmal auf der Tastatur. Soll das eine Division sein<img src='http://www.geocaching.com/images/icons/icon_smile_question.gif' border=0 align=middle> Das Problem ist in den Logs schonmal aufgetaucht, ich habe keine Ahnung was das ist.<br>Help, help!<br><br />]]></LOG>
<LOG><![CDATA[<img src='icon_enabled.gif'>&nbsp;2008-06-02 by Chris601<br><br />So kanns gehen. Da "erbe" ich doch glatt den ersten Schatz, den ich jemals gesucht und gefunden habe.<br>Da dieser Cache wirklich schon ein "altes Mädchen" ist und es wirklich schade drum wäre, entschied ich mich mit gloomy schnell zu diesem Schritt. Vielen Dank nochmal!<p>Wichtig: Der Schatz existiert GENAU SO, wie er vor einigen Jahren gelegt wurde. Alle Hinweise und das Gurkenglas sind noch unverändert erhalten. Manchmal muss man aber schon genau hinsehen. Der Zahn der Zeit.. Ihr wisst..<br>Am meisten verändert hat sich die Gegend um den Final. Allein dafür war schon eine Anhebung der T-Wertung gerechtfertigt. Aber das Final gehört nunmal dort hin. Ohne lange Hosen würde ich ihn im Sommer aber nicht angehen.<br>Das Foto, was gloomy einst von der Final-Gegend gemacht hat, ist mit der heutigen Situation kaum noch vergleichbar.<p>Das werdet ihr aber alles sehen, wenn ihr diesen Fast-schon-Cache-Rentner angeht.<p>In den nächsten Tagen werde ich mal das Final-Glas in Ordnung bringen, säubern und ein neues Logbuch reinpacken. Bis dahin kann aber bedenkenlos das Alte genutzt werden.<br />]]></LOG>
<LOG><![CDATA[<img src='traffic_cone.gif'>&nbsp;2008-06-02 by fortwo<br><br />Hier geht es weiter!<br />]]></LOG>
<LOG><![CDATA[<img src='icon_note.gif'>&nbsp;2008-05-25 by Chris601<br><br />Ich war gestern mal vor Ort. Die Stationen konnte ich eigentlich alle finden. Den Final habe ich dann nicht weiter gesucht. Hast du den schon entfernt oder liegt der noch da? Falls ja, kann der Cache EIGENTLICH gesucht werden.<p>Wäre doch schade um meinen und vor allem Toms ersten gefundenen Schatz <img src='http://www.geocaching.com/images/icons/icon_smile_wink.gif' border=0 align=middle><p>PS: die künftige Wartung würde ich auch übernehmen!<br />]]></LOG>
<LOG><![CDATA[<img src='traffic_cone.gif'>&nbsp;2007-09-01 by gloomy<br><br />Mir wurde zugetragen, dass mittlerweile eine Zwischenstation fehlt. Leider habe ich damals den Cache nicht richtig dokumentiert, sodass ich jetzt nicht einfach die Aufgabenstellung verändern kann...<br>Aber nach 4 jahren waren hier ja schon eine Menge Geocacher und vielleicht gibt es ja demnächst wieder etwas neues im Bereich Popperöder Quelle / Schwanenteich...<br>VG, gloomy!<br>P.S.: Das Gurkenglas wird wohl gegen Weihnachten entfernt...<br />]]></LOG>
<LOG><![CDATA[<img src='icon_sad.gif'>&nbsp;2007-05-26 by Armodo<br><br />Leider mit zusammenarbeit mit cato44 nicht gefunden<br />]]></LOG>
<LOG><![CDATA[<img src='icon_sad.gif'>&nbsp;2007-05-26 by cato44<br><br />Während wir alle Stationen rasch abgegangen waren, mussten wir am Final aufgeben, da wir Buschmesser und ROUNDUP vergessen hatten.<br>Aber immerhin hat ein cato jetzt eine gute Rheumaprophylaxe... 	<img src='http://www.geocaching.com/images/icons/icon_smile_big.gif' border=0 align=middle><br>Im Herbst isser fällig!<br />]]></LOG>
<LOG><![CDATA[<img src='icon_smile.gif'>&nbsp;2006-12-03 by Grottenolm87<br><br />Habe meinen Account von Knutsch&Fleck in Grottenolm87 gewechselt. Sollte jemand damit Probleme haben, kann er diesen Log ohne Kommentar löschen.<br>I´ve changed my account from Knutsch&Fleck to Grottenolm87. The log can discharge momentarily if somebody disagree with this.  <br><br />]]></LOG>
<LOG><![CDATA[<img src='icon_smile.gif'>&nbsp;2006-12-03 by Eichsgenossen<br><br />Seid bereit! Immer bereit!<p>Schnell gefunden.<br>TFTC<br>15:22 Uhr<p>Die Eichsgenossen<br />]]></LOG>
<LOG><![CDATA[<img src='icon_smile.gif'>&nbsp;2006-12-03 by Erithacus Rubecula<br><br />Abgestaubt<p>Nach kurzer intensiver Suche und kleinen Problemen im Wald dann doch gefunden.<br>TFTC<br>15:21<p>Knutsch&Fleck<br />]]></LOG>
<LOG><![CDATA[<img src='icon_smile.gif'>&nbsp;2006-11-04 by Uzusmaximus<br><br />An einem schönen, leicht verregneten Novermbersamstag gehoben. Thx<br />]]></LOG>
<LOG><![CDATA[<img src='icon_smile.gif'>&nbsp;2006-07-20 by wolf4<br><br />Zum ersten Mal in Mühlhausen: Schön habt ihr es hier!<p>Den ersten gefunden Cache von Mückenfett wollte ich mir ja nicht entgehen lassen!<p>Die Koordinaten von Station 2 zeigten bei mir auf das Seeufer innerhalb der Umzäunung und nicht auf den Wegweiser, aber wenn man weiß was man sucht, geht es auch so. <p>Der Dschungel ist, gerade am Anfang, sehr dicht, aber man ist ja vorgewarnt. <p>In: Pin Hanseatic Cache Team<br>Out: TB Travel Mouse (die stank gar fürchterlich und wurde gerade gewaschen)<p>Danke & Gruß<br>WOLF4<br />]]></LOG>
<LOG><![CDATA[<img src='icon_smile.gif'>&nbsp;2006-07-08 by KaputtesLicht<br><br />Im zweiten Anlauf bei erneuter Brennesselrodung gefunden. Ist gar nicht so einfach, wenn über mehrere hundert Quadratmeter die Brennesseln höher sind, als ich groß bin.<p>Geschafft!!!!<br />]]></LOG>
<LOG><![CDATA[<img src='icon_smile.gif'>&nbsp;2006-07-08 by unwissenheit<br><br />Alsooooo Leute<p>Dieser Cache ist genau das Richtige für Hobby-IndianaJones, wie es heute KapuLi so ausdrückte !!!<br>Wir sind gezeichnet von den 2 bis 3 Brennnesseln die <br>da so an 1, 2 Stellen standen ... zieht euch langbeinig und langärmlig an.<br>Wenn ihr jedoch euch entscheidet in den nächsten Tagen dort zu cachen dann nehmen wir gern eure Dankbarkeiten<br>entgegen, denn es sieht dort jetzt etwas "gerodeteter" aus <br>um nich zu sagen "..wie als wenn jemand mit einer Machette <br>(wird das so geschrieben?) langgegangen wäre.." !!!<br>Theoretisch müsstet ihr jetzt sogar mit einer Fuhre Schotter anrücken und schon habt ihr nen 2.Stadtwald !<p>Nun hauptsache ist wir können dieses Kapitel jetzt geloggt abschliessen !!<br>Danke für diesen Cache ... weiter so ... <p>MfG Unwissenheit<br />]]></LOG>
<LOG><![CDATA[<img src='icon_note.gif'>&nbsp;2006-05-30 by Chris601<br><br />Cachekontrolle: Alles i.O. AAAABER:<p>Das Final ist momentan nur durch Klettern über eine kleine Schranke und gleich danach über einen Wall von alten Baumstämmen zu erreichen. Danach folgt auch nur purer Urwald. (Aus diesen Gründen könnte man vielleicht über eine Anhebung der Terrain-Klasse auf 2 oder 2,5 nachdenken. Ein Spaziergang ist es jedenfalls nicht mehr) Außerdem wurde der Baum gefällt, zu dessen Fuß der Cache liegt. Es ist jetzt also ein Baumstumpf. (sieht irgendwie so aus, als hätten die Waldarbeiter den Cache zwar gesehen, aber anschließend wieder gut getarnt <img src='http://www.geocaching.com/images/icons/icon_smile_wink.gif' border=0 align=middle>)<p>Da der Cache allerdings soo selten besucht wird, obwohl er so liebevoll gestaltet wurde, habe ich mal meinen "schrägen Vogel"-Geocoin hier hinterlegt. Da wird der nächste Besucher nicht lange auf sich warten lassen, hoff ich <img src='http://www.geocaching.com/images/icons/icon_smile_wink.gif' border=0 align=middle><p>Ciao Chris.<p>[This entry was edited by Chris601 on Tuesday, May 30, 2006 at 2:17:13 PM.]<br />]]></LOG>
<LOG><![CDATA[<img src='icon_smile.gif'>&nbsp;2005-10-26 by chaosfrau<br><br />auf einem kurztrip nach mühlhausen,haben wir mit diesem cache auch das geocaching das erste mal für uns entdeckt...und ich muss sagen, ich bin schon schwer suchtgefährdet ;-)vielen dank!<br />]]></LOG>
<LOG><![CDATA[<img src='icon_smile.gif'>&nbsp;2005-10-26 by miawallace<br><br />Mein erster Cache überhaupt. Ganz tollllllllll!!!!!!!<br>macht echt super Spaß!!!<br />]]></LOG>
<LOG><![CDATA[<img src='icon_smile.gif'>&nbsp;2005-09-23 by Chris601<br><br />Mein erster Cache überhaupt. Ich wohne auch nur 1000m davon entfernt und bin zu Fuss hin ;)<p>Schön gemachte Fragen. Nicht zu leicht, nicht zu schwer!<p>SUPER!<br />]]></LOG>
<LOG><![CDATA[<img src='icon_smile.gif'>&nbsp;2005-07-23 by Die Hasenschnitzels<br><br />Haben den Cache trotz anfänglicher Schwierigkeiten dann doch noch gefunden. Die gelben Kästen haben wir nicht gesehen, aber mit ein bißchen Hirnschmalz sind wir dann doch auf die richtigen Koords gekommen.<br>War ne schöne Runde. Danke für den Cache. No Trade<p>MfG Die Hasenschnitzels ausm Schwabenland<br />]]></LOG>
<LOG><![CDATA[<img src='big_smile.gif'>&nbsp;2005-06-29 by ApproV<br><br />Aufgrund freundlicher Hinweise von Vorfindern wurde der Cache-Typ auf "Multi" geändert. Ein "Traditional" ist es nur dann, wenn die gelistete Koordinate die des Caches selbst ist.<br>Danke für den Cache, ApproV.<br />]]></LOG>
<LOG><![CDATA[<img src='icon_smile.gif'>&nbsp;2005-05-15 by Grisu<br><br />Hi,<br>da wir das ganze Wochenende am Teich verbracht haben, war dieser Cache ein muss. Die Quelle ist wirklich sehr schön. Und der kleine Trip war auch nicht schlecht. Allerdings war da so ein kleines Problem mit den gelben Kästen. Die haben wir gefunden, aber die Rechnung um zu Ihnen zu gelangen haben wir nicht ganz verstanden.<p>Er war recht gut zu finden. Man sollte sich die Bilder übrigens in Farbe ausdrucken, dann ist das Ziel bestimmt leichter zu finden. Aber zum Glück gibt es ja auch noch die Wegpunkt Projektion ;-).<p>Der Cache könnte mal eine neue Tüte vertragen, oder die Tüte einfach wegschmeißen. Der ist bestimmt auch ohne Tüte dicht. <p>Wir haben nichts getauscht. Im Cache liegen aber ein paar Dinge die nicht dem Regelwerk entsprechen. Sie sollten vielleicht mal entfernt werden.<p>Noch einmal vielen Dank<br>und Grüße aus Münster,<p>Grisu<br><br />]]></LOG>
<LOG><![CDATA[<img src='icon_smile.gif'>&nbsp;2005-05-15 by Ette KCH<br><br />Im Rahmen eines Wochenendtrips nach Mühlhausen diesen Cache gut gefunden. Sehr schöne Gegend, vielen Dank und viele Grüße aus Münster,<br>Ette KCH<br />]]></LOG>
<LOG><![CDATA[<img src='icon_smile.gif'>&nbsp;2005-03-20 by S&#246;ckchen<br><br />Alle Aufgaben gelöst,tolle Ideen,Finale gut gefunden.<br>Silke<br />]]></LOG>
<LOG><![CDATA[<img src='icon_smile.gif'>&nbsp;2005-03-19 by kyffme<br><br />Trotz einsetzendem Regen und kaltem Wind war auch dieser Cache gut zu finden. Die Gegend dort ist Klasse! Durch die schönen Spielplätze bestens für Kinder geeignet.<br>Übrigens scheinen Baumfällarbeiten am Cache die Ursache für die aufgestellten Verbotsschilder zu sein. Die Waldarbeiter haben schon ganz schön beim Cache gewütet, ihn aber offensichtlich noch nicht gefunden.<br>Besten Dank und schöne Grüße von Henry aus Bad F.<p>in/out:-<br />]]></LOG>
<LOG><![CDATA[<img src='icon_smile.gif'>&nbsp;2005-01-01 by Kruemel68<br><br />Neujahrscache ! Nach kurzer Suche mit der ganzen SilvesterFeierTruppe gefunden ! Allen ein Frohes und gesundes Neues Jahr !<br>Krümel mit Jonathan ! <br />]]></LOG>
<LOG><![CDATA[<img src='icon_smile.gif'>&nbsp;2004-10-17 by Bara68<br><br />Die Aufgaben waren sehr gut und leicht zu lösen. Auch das Verbotsschild störte nicht, jedoch beginnt dadurch der Weg zum Cache zunehmend zu verwildern. Leider war im Wald der  GPS-Empfang sehr schlecht und Bild 1 und 2 hatte nicht dabei. Schade, denn beim zweiten Versuch mit den Bildern konnte ich dann den Cache sofort und ohne Probleme finden.<br>In/out: nichts<br />]]></LOG>
<LOG><![CDATA[<img src='icon_smile.gif'>&nbsp;2004-10-12 by muckel<br><br />Gut gefunden!<p>Grüße aus Hamburg<br>Muckel<br />]]></LOG>
<LOG><![CDATA[<img src='icon_smile.gif'>&nbsp;2004-09-29 by lindolf<br><br />Auf unserer Hessentour 24.-28.9.<br>Als wir etwa 100 Meter vor dem Objekt unserer Begierde standen, wies uns ein Schild darauf hin, das das Weitergehen wegen Lebengefahr untersagt ist. Der Grund für diese Gefahr ließ sich nicht nachvollziehen und man tut wegen einer solchen Dose schon viel. Also Augen zu und durch. Viel gefährlicher erschien mir am Ende die Bewachung durch Brennesseln und Kellerasseln.<img src='http://www.geocaching.com/images/icons/icon_smile_wink.gif' border=0 align=middle><br><br />]]></LOG>
<LOG><![CDATA[<img src='icon_note.gif'>&nbsp;2004-09-10 by DerAlte<br><br />Vom Stadtwald-Cache kommend, sind wir wieder zum nahe gelegenen schönen Schwanensee gefahren. Dabei haben wir gleich einen Abstecher zum dortigen Popperöder Wald-Cache gemacht, den wir bereits im Frühsommer aufgesucht hatten. Er war diesmal leicht zugänglich, da die gewaltigen Brennesseln alle vertrocknet und der Nachwuchs erst kniehoch waren.<br>Der Zugang zum Waldstück ist neuerdings durch ein Verbotsschild verwehrt; man kann es aber auch ignorieren!<br>In/out: Uhr/Wodka<br>DerAlte & Team<br><br />]]></LOG>
<LOG><![CDATA[<img src='icon_smile.gif'>&nbsp;2004-07-10 by Rosenquartett<br><br />Das war ein klasse Cache. Dabei mußte ich feststellen, ich hatte schon lange nicht mehr schriftlich multipliziert. Alle Koordinaten waren genau und der Cache in einen sehr guten Zustand. <br>Danke und Grüße vom Rosenquartett<br />]]></LOG>
<LOG><![CDATA[<img src='icon_smile.gif'>&nbsp;2004-05-26 by DerAlte<br><br />Für diese schöne Gegend hatten wir (meine Frau und ich) unsere Räder mitgenommen. Es war eine angenehme Tour, auch die Koordinaten waren exakt. Das böse Erwachen kam dann am Weg mit dem 'Kreuz', denn nun mußten wir weiter durch eine gewaltige Brennesselwiese! Zum Glück war schon jemand vorher da, der eine Schneise zum Cache gelegt hatte, ansonsten wären wir umgekehrt!<br>Trotzdem besten Dank für die schöne Tour und die niveauvollen Rätsel!<br>In/out: nichts <br>DerAlte <br />]]></LOG>
<LOG><![CDATA[<img src='icon_smile.gif'>&nbsp;2004-05-22 by qax66<br><br />Nach einer schönen Wanderung entlang des Sees mit genauen Koordinaten war es dann auf den letzten 25 Metern zum Cache vorbei! Ein fast undurchdringlicher mannshoher Brennessel-Wald versperrte den Zugang zum Cache, auch der Sat-Empfang im dichten Wald gab nur eine Genauigkeit von 22 m her. Zum Glück fand sich jemand, der mir den Weg zu der vom Foto her bekannten Baumgruppe bahnte, trotzdem waren die Brennesseln noch bis zum Abend zu spüren, die durch die Hose und das Hemd gegangen waren! Der Cache ist im Sommer nur mit Schutzbekleidung zu heben!<br>In/out: nichts<br>qax66<br />]]></LOG>
<LOG><![CDATA[<img src='icon_smile.gif'>&nbsp;2004-05-02 by DaMeista<br><br />Super Schnitzeljagd! <img src='http://www.geocaching.com/images/icons/icon_smile.gif' border=0 align=middle><br>War ein prima Tag für einen schönen Familien-Ausflug! Der Cache ist auch erstklassig kinderwagentauglich! Nachdem nach langer Diskussion endlich klargestellt war wieviele Milligramm ein Kilogramm hat, wurden alle weiteren Aufgaben erfolgreich gelöst und alle Punkte im Handumdrehen gefunden.<p>Vielen Dank an gloomy! Es hat wirklich Spaß gemacht! War einer der schönsten Caches die wir bislang heben durften.<p>DaMeista, Bastelmarie und Happy-Hunting-Baby Tobi<br />]]></LOG>
<LOG><![CDATA[<img src='icon_smile.gif'>&nbsp;2004-04-11 by ifindnix<br><br />Salvete!<br>Unser erster Urlaubstag in Thüringen bringt uns gleich eine reizvolle Tour mit Belohnung. Koordinaten sind korrekt. Eine kleine Kröte bewacht den Cache, konnte aber mit einer Fotosession abgelenkt werden. Diese hat hoffentlich allen Beteiligten Spaß gemacht.<br>In: Dalmatiner<br>Out: Italienische Münze<br>Gratias agimus.<br>Ifindnix & crew<br />]]></LOG>
<LOG><![CDATA[<img src='icon_smile.gif'>&nbsp;2004-03-04 by Mueckenfett<br><br />Habe heute meinen ersten Cache gefunden.<br>Bei so einem super Wetter war das total interresant und verlangt nach mehr.Die Suche kann weiter gehen.<br>Kompliment an "glommy".<br>out: nix<br>in:kleine Tüte Haribo<br>Gruß<br />]]></LOG>
<LOG><![CDATA[<img src='icon_smile.gif'>&nbsp;2004-02-08 by smeagol<br><br />Wow, dieser Cache hat mich einiges an Nerven gekostet ... Musste einigermaßen lange nach Stage 2 suchen, weil irgendwie was nicht mit meinen Koods hinhaute ... hab den erwähnten Wegweiser dann aber doch noch zufällig entdeckt und konnte daher weitermachen ... und dann hatte ich mir auch noch bestes Cacher-Wetter ausgesucht: Sturm, Schneeregen und Gewittergrollen im Hintergrund - als das führte dazu, dass ich schon nass bis auf die Haut war, bevor ich überhaupt stage 2 erreichte ... Aber wenn man schon ein ganzes Stückchen extra herfährt, hat man ja auch den Ehrgeiz, den Cache zu heben, oder?! ;) Also, hab ich ihn dann nach einiger Zeit auch entdeckt ...<br>Cache ist in gutem Zustand und auch die gelben Kästen sind noch da ... ;)!<br>Ist ne schöne Gegend hier und im Sommer ist hier bestimmt gut was los ... Vielen Dank für den netten cache!!<br>Gruß, Sméagol<br>in: nix<br>out: wahrscheinlich ne fette erkältung ... ;)<p>P.S.: Auf der Suche nach einem Plätzchen zum Aufwärmen bin ich dann in Mühlhausen auf ein nettes Lokal gestoßen: "Wirtshaus Antonius Mühle" (ungefähr bei N 51° 12.611 / E  010° 27.103) - nettes mittelalterliches, rustikales Ambiente, vernünftige Preise, gutes Essen :)<br />]]></LOG>
<LOG><![CDATA[<img src='icon_note.gif'>&nbsp;2004-01-26 by gloomy<br><br />Hallo,<br>war gestern wieder mal in der Gegend und hab den Cache begutachtet. Im Glas befindet sich kein Herz und im näheren Umfeld konnte ich es auch nicht entdecken.<br>Das "rote Kreuz" existiert natürlich nur auf dem Foto und nicht in Natura.<br>Die Koordinaten für die gelben Kästen sind korrekt. Hab den damals vermessenen Punkt auf den Meter genau wieder gefunden. Mein Cousin ist Zeuge! <img src='http://www.geocaching.com/images/icons/icon_smile.gif' border=0 align=middle> Und von dem Punkt sind alle gelben Kästen nicht weiter als 15m entfernt und deutlich zu sehen. Eventuell hatte sich deep green verrechnet oder beim Eingeben der Koordinaten vertippt.<br>Gruß<br />]]></LOG>
<LOG><![CDATA[<img src='icon_smile.gif'>&nbsp;2004-01-11 by deep green<br><br />9:30 Úhr<br>Wirklich ein feiner Cache mit angenehmen Aufgaben und in netter Umgebung. Nun bin ich auch einmal der 1. an einem Cache. Sehr gut getarnter Cache.<p>out: Herz (habs wohl liegen lassen...?)<br>in: Schlange<p>P.S.:Mir ist nicht ganz klar, was "rotes Kreuz" bedeutet. Außerdem konnte ich an der erhaltenen Position´keine gelben Kästen ausmachen (ich weiß schon welche gemeint sind).<br>Es ist, auch ohne diese Kenntnis mit ein wenig Logik lösbar.<p>Gruß aus Verden/Aller (ehemals Thüringen)<br>- deep green -<br />]]></LOG>
</LOGS>
<NOTES><![CDATA[]]></NOTES>
<IMAGES>
    <IMG>GCH73R_0.jpg<URL>http://img.geocaching.com/cache/102171_400.jpg</URL></IMG>
    <IMG>GCH73R_1.jpg<URL>http://img.geocaching.com/cache/102171_600.jpg</URL></IMG>
    <IMGTEXT>Bild 1</IMGTEXT>
    <IMGTEXT>Achtung, wilde Tiere!</IMGTEXT>
</IMAGES>
<TRAVELBUGS>
</TRAVELBUGS>
<URL><![CDATA[]]></URL>
<SOLVER><![CDATA[]]></SOLVER>
    <CACHE  name = "Popper&#246;der Wald Cache" owner = "gloomy (adoptiert von Chris601)" lat = "51,201" lon = "10,418083333333" hidden = "2003-11-10" wayp = "GCH73R" status = "" ocCacheID = "" lastSyncOC = "20100419230910" num_recommended = "0" num_found = "-1" attributesYes = "133123" attributesNo = "0" boolFields="1922" byteFields="67311892" attributesYes1 = "0" attributesNo1 = "0" />
</CACHEDETAILS>
