<?xml version="1.0" encoding="ISO-8859-1"?>
<CACHEDETAILS>
<VERSION value = "3"/>
<DETAILS><![CDATA[Dies ist zwar ein virtueller Cache (die Umgebung gebietet es so!),
den man jedoch persönlich besuchen muss, um einige Fragen zu
beantworten und den Fund nach erfolgter Bestätigung zu loggen.
Although this is a virtual cache you have to visit it personally to
answer some questions and log the found after your answers have
been confirmed.
<br>Der Ort lohnt sich besonders für alle, die ein bisschen Ruhe und
Natur suchen ... Einen guten Parkplatz findet man bei: N 50° 56.008
und E 010° 01.283.
<p>Am Zielpunkt angekommen, beantwortet bitte folgende Fragen:</p>
<p>1. Im Gebäude sind mehrere Infotafeln angebracht (Geocaching
bildet!). Anzahl der Infotafeln = X.</p>
<p>2. Y steht für den Namen des Gebäudes (15 Buchstaben - nach dem
Namen ausserhalb des Gebäudes suchen ...).</p>
<p>3. Wie oft ist auf den Infotafeln die gemeine Graugans (anser
anser) zu sehen? Anzahl = Z.</p>
<p>Die Lösungen ergeben eine eMail-Adresse nach folgendem Muster
(Bindestriche nicht vergessen!):</p>
<p>X-Y-Z@go4more.de (Beispiel: 8-Birdwatch-4@go4more.de)</p>
<p>An die richtige Adresse ein kurze eMail geschickt (ohne Betreff
oder Text) - und der Autoresponder erteilt die Freigabe zum Loggen!
Sollte die eMail jedoch unzustellbar zurückkommen, dann war die
Antwort leider (teilweise) falsch ...</p>
<p>Viel Spaß beim "Birdwatch" ...</p>
<p>*** english describtion ***</p>
<p>If you are looking for silence and nature this place is worth
visiting. A good parking place is near N 50° 56.008 and E 010°
01.283.</p>
<p>When you reached the destination please answer the following
questions:</p>
<p>1. Inside the building there are several information
panels.<br />
The number of panels = X</p>
<p>2. Y stands for the name of the building. It is composed of 15
letters.<br />
Look for the name outside of the building.</p>
<p>3. How often do you find the "common grey goose" (in German:
"gemeine Graugans", in Latin: "anser anser") on the information
panels?<br />
The number is = Z</p>
<p>Combine the answers using the following pattern to get an e-mail
address (don't forget the hyphens!):</p>
<p>X-Y-Z@go4more.de (Example: 8-Birdwatch-4@go4more.de)</p>
<p>Send a short e-mail (no subject, no body) to that address and
the autoresponder will give you clearance to log!</p>
<p>If the mail is bounced with an error message one or more of your
answers were wrong...</p>
<p>Have fun with "Birdwatch"...</p>]]></DETAILS>
<COUNTRY><![CDATA[Germany]]></COUNTRY>
<STATE><![CDATA[Thüringen]]></STATE>
<ATTRIBUTES>
   <ATT>bicycles-yes.gif</ATT>
   <ATT>scenic-yes.gif</ATT>
   <ATT>onehour-yes.gif</ATT>
   <ATT>kids-yes.gif</ATT>
   <ATT>parking-yes.gif</ATT>
   <ATT>wheelchair-yes.gif</ATT>
   <ATT>dogs-yes.gif</ATT>
</ATTRIBUTES>
<HINTS><![CDATA[]]></HINTS>
<LOGS>
<OWNLOGID></OWNLOGID>
<OWNLOG><![CDATA[]]></OWNLOG>
<LOG><![CDATA[<img src='icon_smile.gif'>&nbsp;2010-04-18 by thegorbi<br><br />Hier am Birdwatch haben wir eine kleine Pause eingelegt und die Birds gewatched. Da war schon einiges los in der Luft und das Gekreische war unüberhörbar.<br>Hätte nicht gedacht das hier so viele Vögel zu sehen wären.<br>Zusammen mit powerball auch erfolgreich die Antworten gefunden.<p>thegorbi sagt vielen Dank<br />]]></LOG>
<LOG><![CDATA[<img src='icon_smile.gif'>&nbsp;2010-04-18 by powerball1505<br><br />Interesting cache! Beautiful weather and loads of birds in the lakes.<br>We had a nice rest there. Visited together with TheGorbi<p>TFTC<br>Powerball1505<br />]]></LOG>
<LOG><![CDATA[<img src='icon_smile.gif'>&nbsp;2010-04-12 by mitrost<br><br />300. Wunderschöner cache s..... <img src='http://www.geocaching.com/images/icons/icon_smile_kisses.gif' border=0 align=middle><br>Du warst der Meinung,der Dreihundertste sollte schon etwas besonderes sein,<br>ich dachte mir,da hat er ja nicht ganz unrecht Aber warum nicht einen von Dir ausprobieren?<br>Also machte ich mich Heute nach der Arbeit auf den Weg zu diesem wunderschönen Plätzchen Erde,<br>das wir aber unbedingt bei Sonnenschein nocheinmal besuchen sollten!<br>Mein erster Weg endete in einer Sackgasse (zuminders für mein Fahrzeug),also ca.500m wieder<br>im Rückwärtsgang aber du weißt ja so schnell gibt man nicht auf.<br>Auf dem passenden Parkplatz angekommen mußte ich dann mit Regenschirm losziehen,<br>den ich dann aber nach einigen Metern wieder schließen konnte.Ich lief ein Stückchen durch Wald<br>,als ich aufeinmal meinen Augen nicht mehr traute.Der Anblick war genial.<br>Du sollst wissen,das mich bis Heute kein cache in eine so wunderschöne Landschaft geführt hat wie Dieser.<p>Tausen Dank,er war den 300sten wert.<br />]]></LOG>
<LOG><![CDATA[<img src='icon_smile.gif'>&nbsp;2010-04-04 by Schatzdose<br><br />Auf dem Weg zu dem Cache sind wir an einer Schafweide vorbeigekommen, auf der es eine Menge Osterlämmer zu bestaunen gab. Anschließend konnten wir einen Schwan beim Nestbau und zwei Störche auf ihrem Nest beobachten. Danach sind wir ganz dicht an einem Silberreiher vorbeigekommen. Außerdem gab es natürlich noch eine Menge mehr Vögel zu sehen. Und nach dem Regen- und Hagelschauer sind wir immerhin mit einem schönen Regenbogen belohnt worden :o))<p>[This entry was edited by Schatzdose on Sunday, April 04, 2010 at 11:51:58 AM.]<br />]]></LOG>
<LOG><![CDATA[<img src='icon_smile.gif'>&nbsp;2010-04-04 by Globus_007<br><br />GEFUNDEN!!!<br />]]></LOG>
<LOG><![CDATA[<img src='icon_smile.gif'>&nbsp;2010-04-04 by Diamond-Butterfly<br><br />Zusammen mit Globus_007 und Schatzdose habe ich mir gedacht, wenn wir schon am Ostereiersuchen sind, können wir doch gleich noch einen anderen Schatz suchen ;-)<br>Beschreibungsgemäß war der Cache sehr einfach zu heben, zu schaffen gemacht haben uns eher die äußeren Umstände: Nachdem wir unseren Weg mit dem Fahrrad über Schotter und durch Matsch gekämpft und erfolgreich alle Lösungen gefunden hatten, fing es leider an zu regnen/hageln. -.- Aber ein GeoCacher kennt keinen Schmerz :'D<br><br />]]></LOG>
<LOG><![CDATA[<img src='icon_smile.gif'>&nbsp;2010-04-03 by Team Platte<br><br />Gestern Abend sind wir noch schnell zu dem Beobachtungsposten marschiert, da war ja schon richtig viel los!<p>Toll, dass man das Fernglas sogar kostenlos bedienen darf :)<p>Gerade eben dann noch kurz die Bestätigung per E-Mail abgefragt und zum Glück eine bekommen ;)<br />]]></LOG>
<LOG><![CDATA[<img src='icon_smile.gif'>&nbsp;2010-03-28 by Cache-Time<br><br />Bei einer kleinen Radtour mit meiner Tochter schnell gelöst.<br>Schöne Gegend und in jedem Fall einen Ausflug wert...<p>Danke und Gruß<br>Cache-Time<br />]]></LOG>
<LOG><![CDATA[<img src='icon_smile.gif'>&nbsp;2010-03-17 by delfin115<br><br />da wäre Nils Holgerson aber froh mit den Gänsen. Eine super Gegend, danke an den Owner - merci pour le Cache<br />]]></LOG>
<LOG><![CDATA[<img src='icon_smile.gif'>&nbsp;2010-03-05 by K.R.C<br><br />Danke für den Cache sagt<p>K.R.C<br />]]></LOG>
<LOG><![CDATA[<img src='icon_smile.gif'>&nbsp;2010-03-04 by todti1978<br><br />schöner ort - und ich dachte schon es wäre eins der gebäude auf der anderen seite<br>und man soll es nicht glauben - da kommen doch tatsächlich zwei menschen<br>vorbei - aber ich brauchte diesmal ja nicht aufpassen - ist ja ein virtual chace :o)<p>todti1978 04.03.2010 17:00<p>p.s. logerlaubnis liegt vor<br />]]></LOG>
<LOG><![CDATA[<img src='icon_smile.gif'>&nbsp;2010-03-04 by nemalot<br><br />Hier kann man wirklich viel lernen. Die Tafeln enthalten viele interessante Informationen.<br>...und Ruhe und Natur gibt´s auch reichlich.<p>Danke für´s herführen!<br>nemalot<br />]]></LOG>
<LOG><![CDATA[<img src='icon_smile.gif'>&nbsp;2009-11-21 by geofutz<br><br /><b><font><font color="green"><b><i>Mein erster Virtual Cache</i></font></b><br><b><font size="2">Auf dem Weg zum Event nach Bad Hersfeld stand dieser fest auf meinem Programm.<br>Und was für ein toller Ort - wirklich sehenswert, sogar das Wetter stimmte an diesem Abend. !!!<br>Die Antworten waren schnell gefunden und die Log-Freigabe erfolgte umgehend.<br>Noch ganz nett mit einem älteren Herren unterhalten.<br><font face="comic sans ms"> <font color="blue">Danke für <b><font color="red"># 1284 </font><br><i>Gruß aus dem Eichsfeld/Thüringen und BYE Geofutz <img src='http://www.geocaching.com/images/icons/icon_smile_wink.gif' border=0 align=middle></i></b></font><br><br />]]></LOG>
<LOG><![CDATA[<img src='icon_smile.gif'>&nbsp;2009-10-25 by Heussi<br><br />Den hatten wir schon lange auf unserer ToDo-Liste!<br>Wir haben uns nur sehr schwer mit der Parkplatzsuche getan, die dauerte diesmal länger als der Hin- und Rückweg zum Cache!<br>Nach kurzem sonnigen Spaziergang war die Location erreicht und die Rätsel waren auch fix gelöst.<br>Nachdem wir an dem wunderbar ruhigem und idyllischen Ort noch eine Weile den gefiederten Freunden zugeschaut hatten, machten wir uns um 15.40 Uhr wieder entspannt auf den Rückweg.<p>Vielen Dank an Smeagol für das Zeigen dieses unberührten Stückchen Natur<br>von den Heussis<br>#1201<br />]]></LOG>
<LOG><![CDATA[<img src='icon_smile.gif'>&nbsp;2009-10-24 by Uewaggle<br><br />Da haben wir die heussis nur knapp eine Stunde verpasst. Wir waren vor euch da, ätsch. :-)) Tolle Location, die man auch einfach mal so aufsuchen kann. Die Vögel sind schon genial. TFTC #311<br />]]></LOG>
<LOG><![CDATA[<img src='icon_smile.gif'>&nbsp;2009-10-17 by Giratina<br><br />Mit FaZind die antworten schnell gefunden. Gruß Giratina<br />]]></LOG>
<LOG><![CDATA[<img src='icon_smile.gif'>&nbsp;2009-10-17 by fazind<br><br />Ein sehr schöner Ort, trotz Regen. Was man doch alles für Orte durch das Cachen kennen lernt. Vielen Dank, Gruß FaZind<br />]]></LOG>
<LOG><![CDATA[<img src='icon_smile.gif'>&nbsp;2009-10-03 by dagmarundroger<br><br />Ein wirklich schöner Ort. Trotz vieler Wander-Muggel konnten wir das Rätsel lösen.<br>Auch konnten wir einen Silberreiher und Kormorane entdecken.<br>Danke für das Zeigen dieses schönen Ortes.<br />]]></LOG>
<LOG><![CDATA[<img src='icon_smile.gif'>&nbsp;2009-09-12 by wauzi08<br><br /><br><font color="red"><b><img src='http://www.geocaching.com/images/icons/icon_smile.gif' border=0 align=middle> Auch ich war bei der "The Summer is Magic!"-Tour dabei! <img src='http://www.geocaching.com/images/icons/icon_smile.gif' border=0 align=middle></b></font><br><font color="blue">Als krönender Abschluss für den Cachetag haben wir auch diesen tollen Cache gefunden!<br>TFTC</font><br />]]></LOG>
<LOG><![CDATA[<img src='icon_smile.gif'>&nbsp;2009-09-12 by Team Fribu70 &amp; Schnuba77<br><br />The Summer is Magic-Tour, Part 7 - Die absoluten Beginner (Achtung: Insider! )<p>Auf West-Ost-Tour mit den Feldbahnern, Hoffi1986, Wauzi08 und ThomasM80.<p>Dieser Cache sollte schon lange gemacht und heute ergab sich endlich die Möglichkeit, diesen tollen Ort einmal anzuschauen. Hier haben wir uns ganz schön festgelabbert, so dass die Tour hier enden sollte. Es hat wieder richtig Spaß gemacht.<br>Vielen Dank für den schönen Cache und viele Grüße<p><b><font><br>T<font color="blue">e</font><font color="red">a</font><font color="purple">m</font> <font color="pink">F</font><font color="orange">r</font><font color="yellow">i</font><font color="green">b</font><font color="black">u</font><font color="blue">7</font><font color="red">0</font> <font color="purple">&</font> <font color="pink">S</font><font color="orange">c</font><font color="yellow">h</font><font color="green">n</font><font color="black">u</font><font color="blue">b</font><font color="red">a</font><font color="purple">7</font><font color="orange">7</font><p></b><p><br />]]></LOG>
<LOG><![CDATA[<img src='icon_smile.gif'>&nbsp;2009-09-12 by Hoffi1986<br><br /><b><font color="red">"The Summer Is Magic!-Tour 2009" Part 7, oder auch "Die absoluten Beginner" zusammen im Team mit Team FriBu70 & SchnuBa77, ThomasM80, wauzi08, den Feldbahnern und mir. </font><br><font color="orange">Wir machten uns auf, um den Abenteuerspielplatz Gerstungen unsicher zu machen.</font><br><font color="green">Ein sehr schöner Cache, der mir schon lange am Herzen lag und heute endlich gemacht wurde! Wir haben nach dem Lösen der Aufgaben noch ein paar Fotos gemacht und die Vögel beobachtet. Viele Grüße an den Owner!</font><br><font color="red">TFTC<br>Hoffi1986</font></b><br />]]></LOG>
<LOG><![CDATA[<img src='icon_smile.gif'>&nbsp;2009-09-12 by Feldbahner<br><br /><b><font color="red">"The Summer is Magic-Tour, Part 7 - Die absoluten Beginner (Achtung: Insider! <img src='http://www.geocaching.com/images/icons/icon_smile_wink.gif' border=0 align=middle> ) </font><p>Auf kleiner Tour mit ThomasM80, Hoffi1986, Wauzi08 und TEAM Fribu70&Schnuba77 durch Gerstungen und Obersuhl.<p>Vielen Dank für die super schnelle Logfreigabe.<p><br>Ein sehr schöner Platz zum Entspannen und Beobachten.<p>TFTC<br>die Feldbahner<p>[This entry was edited by Feldbahner on Tuesday, September 15, 2009 at 7:13:22 AM.]<br />]]></LOG>
<LOG><![CDATA[<img src='icon_smile.gif'>&nbsp;2009-09-02 by Airwolf26<br><br />Ein wunderschöner, lehrreicher, erholsamer Cache.<br>Danke für die super schnelle Logfreigabe.<p>DfdC Wolfgang aus NRW<br />]]></LOG>
<LOG><![CDATA[<img src='icon_smile.gif'>&nbsp;2009-08-14 by Starfreak<br><br />Sehr cooler Cach!! Hat viel Spaß gemacht und hat gleichzeitig noch was gelernt.<br>TFTC<br />]]></LOG>
<LOG><![CDATA[<img src='icon_smile.gif'>&nbsp;2009-08-05 by Freaky Finy<br><br />hat spass gemacht!<br>danke<br />]]></LOG>
<LOG><![CDATA[<img src='icon_smile.gif'>&nbsp;2009-08-05 by Sonnen Strahl<br><br />Sehr schönes, idyllisches Fleckchen. Haben uns ersteinmal gesetzt um die Ruhe und die Aussicht zu genießen.<p>Danke fürs Zeigen<br />]]></LOG>
<LOG><![CDATA[<img src='icon_smile.gif'>&nbsp;2009-08-05 by das Licht<br><br />da ich ja aus erfurt komme habe ich dann auch gleich mal über die grenze geschaut.<p>danke<br />]]></LOG>
<LOG><![CDATA[<img src='icon_smile.gif'>&nbsp;2009-07-28 by schwarzer Drachen<br><br />heute auf meiner runde gut gefunden, was gelernt! besonders gefallen hat mir der "obstweg" und das "insektenhotel". leider war ich für eine verkostung auf dem "obstweg" zur nicht richtigen zeit unterwegs. ich werd nochmal vorbeikommen!<br>danke für´s zeigen dieses schönen platzes sagt der<br>schwarzer drachen<br />]]></LOG>
<LOG><![CDATA[<img src='icon_smile.gif'>&nbsp;2009-07-17 by Hammertr&#228;ger<br><br />Danke für diesen tollen Cache. Sehr schöne ruhige Gegend<br />]]></LOG>
<LOG><![CDATA[<img src='icon_smile.gif'>&nbsp;2009-07-14 by schnubbelchen<br><br />Schönes Rätsel, und schöne Location !<p>TFTC<br>&<p>LG<p>schnubbelchen<br />]]></LOG>
<LOG><![CDATA[<img src='icon_smile.gif'>&nbsp;2009-07-13 by Brabus74<br><br />Danke fürs zeigen dieser schönen und ruhigen Location. Gleichzeitig ein guter Schutz vor dem einsetzenden Regenschauer. TFTC Brabus74<br />]]></LOG>
<LOG><![CDATA[<img src='icon_smile.gif'>&nbsp;2009-06-29 by BeLaRue<br><br />Danke für diesen wunderschönen Cache. <br />]]></LOG>
<LOG><![CDATA[<img src='icon_smile.gif'>&nbsp;2009-06-28 by Guardiano<br><br />Diesen auf dem Rückweg vom Trial-Wettkampf in Heringen gut gefunden. TFTC<br />]]></LOG>
<LOG><![CDATA[<img src='icon_smile.gif'>&nbsp;2009-05-27 by C/M<br><br />Unser erster Virtual überhaupt, und eine schöne, ruhige Gegend.  Für Vogelfotos braucht man dann aber schon eine enorme Brennweite. <img src='http://www.geocaching.com/images/icons/icon_smile_clown.gif' border=0 align=middle><br />]]></LOG>
<LOG><![CDATA[<img src='icon_smile.gif'>&nbsp;2009-05-02 by dreinull12<br><br />Zusammen mit ergodragonegg besucht. Das war ein richtig toller Kontrast zu den LPs die wir vorher besucht haben. Hier konnten wir ein paar Vögel beobachten und das schöne Wetter genießen.<p>Mein erster virtueller Cache wo ich wirklich 'anwesend' war :-)<p>Gruß und Danke<br>dreinull12 (#674)<br />]]></LOG>
<LOG><![CDATA[<img src='icon_smile.gif'>&nbsp;2009-05-02 by ergodragonegg<br><br />Das ist ja mal Urlaub!<br>Supergenialer Cache. Wird gleich in meine Favouritenliste aufgenommen!<p>Danke<p>#307<p>EDE<br />]]></LOG>
<LOG><![CDATA[<img src='icon_smile.gif'>&nbsp;2009-04-24 by qt10709<br><br />Ein sehr schöner Platz in der Abendsonne. Danke für's Zeigen.<br />]]></LOG>
<LOG><![CDATA[<img src='icon_smile.gif'>&nbsp;2009-04-15 by usawolf<br><br />Während einer Radtour das Rätsel des Birdwatch gelöst.<br />]]></LOG>
<LOG><![CDATA[<img src='icon_smile.gif'>&nbsp;2009-04-13 by 2runners<br><br />Schon früher mal an diesem schönen ort gewesen, aber noch nicht als geo-cacher <img src='http://www.geocaching.com/images/icons/icon_smile_wink.gif' border=0 align=middle><br>Unser erster Virtueller!!!<br>TFTC<br />]]></LOG>
<LOG><![CDATA[<img src='icon_smile.gif'>&nbsp;2009-04-04 by Team Capri-Sonne<br><br />Bei herrlichem Frühlingswetter mal wieder diesen Beobachtungsstand besucht. Das war zwar nicht unser erster Besuch dort, aber unser erser Besuch seit dem wir am cachen sind!<br>Vielen Dank dafür!<br />]]></LOG>
<LOG><![CDATA[<img src='icon_smile.gif'>&nbsp;2008-12-22 by Redstav<br><br />Hi,<p>heute bei der Thüringer Runde auch diesen schönen Cache mitgenommen.<br>Vielen Dank fürs zeigen.<p>MfG<br>Redstav & Geotina<br />]]></LOG>
<LOG><![CDATA[<img src='icon_smile.gif'>&nbsp;2008-12-10 by MisterL<br><br />Beim Festplatte aufräumen festgestellt, dass ich ganz vergessen hatte den zu loggen...<p>TFTV<br>L<br />]]></LOG>
<LOG><![CDATA[<img src='icon_smile.gif'>&nbsp;2008-12-07 by schalker01<br><br />Auf der Durchreise schnell mal rangefahren, um diesen virtuellen zu lösen...vielen Dank dafür.<p>schalker01 / 1L<br />]]></LOG>
<LOG><![CDATA[<img src='icon_smile.gif'>&nbsp;2008-11-16 by Sharky77<br><br />Zusammen mit Kerny77 rausgewandert.TFTC!<br />]]></LOG>
<LOG><![CDATA[<img src='icon_smile.gif'>&nbsp;2008-11-15 by Kerny77<br><br />Tolle Idee, toller Platz, TFTC!<br />]]></LOG>
<LOG><![CDATA[<img src='icon_smile.gif'>&nbsp;2008-11-11 by matthiast<br><br />Nach der Grenztour noch schnell gemacht....<p>TFTC Matthias<br />]]></LOG>
<LOG><![CDATA[<img src='icon_smile.gif'>&nbsp;2008-11-11 by habuk<br><br />Tolles Naturschutzgebiet, das (zumindestens bei schönem Wetter) zu langen Spaziergängen einlädt. <br>Danke an smeagol für den cache und die (dank autoresponder) schnelle Logerlaubnis.<br />]]></LOG>
<LOG><![CDATA[<img src='icon_smile.gif'>&nbsp;2008-10-31 by Thomas&amp;Dani<br><br />Gestern alles schnell gefunden <img src='http://www.geocaching.com/images/icons/icon_smile_tongue.gif' border=0 align=middle><p><br>################################################<br>Hallo,<p>Du hast den Cache "Birdwatch" (GCHMC0) erfolgreich gelöst und darfst nun loggen!! Ich hoffe, Dir hat die location gefallen - weiterhin happy hunting!! :-)<p>Gruß, Smeagol<br>################################################<p>TFTvC<br>Thomas&Dani<br />]]></LOG>
<LOG><![CDATA[<img src='icon_smile.gif'>&nbsp;2008-10-19 by L4yercake<br><br />gestern mit valentino rossi alle informationen gefunden.<br>vielen dank<br />]]></LOG>
<LOG><![CDATA[<img src='icon_smile.gif'>&nbsp;2008-10-19 by Valentino Rossi<br><br />Auf Gerstungen Tour zusammen mit L4ercake gefunden !!!<br>TFTC<br />]]></LOG>
<LOG><![CDATA[<img src='icon_smile.gif'>&nbsp;2008-10-16 by Anka07<br><br />Tolle Umgebung; hat mich an ähnliche Plätze in den Niederlanden und Dänemark erinnert. TFTC (183)<br />]]></LOG>
<LOG><![CDATA[<img src='icon_smile.gif'>&nbsp;2008-10-14 by Moor2007<br><br />TFTC sagt Moor2007<br />]]></LOG>
<LOG><![CDATA[<img src='icon_smile.gif'>&nbsp;2008-10-11 by AT-AT<br><br />Mit gollumgandalf diesen schönen Ort besucht.<br>TFTC<br />]]></LOG>
<LOG><![CDATA[<img src='icon_smile.gif'>&nbsp;2008-10-11 by Gollum &amp; Galadriel<br><br />Tolle Location. Danke für die schnelle Freigabe.<br>TFTC<br />]]></LOG>
<LOG><![CDATA[<img src='icon_smile.gif'>&nbsp;2008-08-30 by thomasm80<br><br />- 30.08.2008 / 17.45 Uhr -<p>Auf Spaziergang mit den Eltern, die gerne in den Rhäden unterwegs sind, diesen Cache gelöst.<p>Eigentlich nicht wirklich, aber ich erinnerte mich an "Birdwatch", schaute nach und fand die Aufgabe.<p>Da Vatter gerne fotografiert und auch in und an der Hütte einige Fotos knippste, war die Lösung im Nachhinein doch noch aus der Ferne möglich. <img src='http://www.geocaching.com/images/icons/icon_smile_wink.gif' border=0 align=middle><p>Zufallslog! Hehe...<p>TFTC<br>ThomasM80<p>GC#110<br>(beim Nächsten ist wohl eine Schnapsrunde fällig)<br />]]></LOG>
<LOG><![CDATA[<img src='icon_smile.gif'>&nbsp;2008-07-10 by patchworkfamilie<br><br />Danke !<br />]]></LOG>
<LOG><![CDATA[<img src='icon_smile.gif'>&nbsp;2008-07-10 by dovijo<br><br />Super Platz sogar Störche gesehen.Danke für´s schnelle freischalten.<br />]]></LOG>
<LOG><![CDATA[<img src='icon_smile.gif'>&nbsp;2008-07-10 by jugi99<br><br />Danke für die schnelle freigabe mein erster virtueller cach cool<br />]]></LOG>
<LOG><![CDATA[<img src='icon_smile.gif'>&nbsp;2008-06-05 by bup287<br><br />Danke an Semagol für den Cache und <br>den Autoresponder für die schnelle Freigabe :-)<p>Gruß<br>Stefan<br />]]></LOG>
<LOG><![CDATA[<img src='icon_smile.gif'>&nbsp;2008-05-22 by Ama.deus<br><br /># 029 18:00<p>Unser Zweiter für heute! Schöne Gegend!<br>TFTC Ama.deus & Bine<br />]]></LOG>
<LOG><![CDATA[<img src='icon_smile.gif'>&nbsp;2008-05-03 by Die Wilde 3<br><br />Interessanter Ort mit toller Beobachtungsmöglichkeit und kostenlosem Fernrohr. Da freuen sich die Besucher aus Schwaben besonders. Vielen Dank an Smeagol auch für die superschnelle Logerlaubnis.<p>Die Wilde 3<br />]]></LOG>
<LOG><![CDATA[<img src='icon_smile.gif'>&nbsp;2008-04-26 by woodwalker2006<br><br />Gefunden!<br>Schnelle Antwort, schneller Log!<br>TFTC<br>Woodwalker2006<br />]]></LOG>
<LOG><![CDATA[<img src='icon_smile.gif'>&nbsp;2008-04-13 by diainsel.de<br><br />Leider war das Wetter nicht so gut, aber es ist wirklich toll hier. <br>Danke für den Cache<br>Gruß Eberhard<br />]]></LOG>
<LOG><![CDATA[<img src='icon_smile.gif'>&nbsp;2008-02-21 by Christianus Rosencreutz<br><br />Logfreigabe kam dank Autoresponder prompt!<br>Danke für diesen virtuellen Cache!<br>Grüße<br>CR<br />]]></LOG>
<LOG><![CDATA[<img src='icon_smile.gif'>&nbsp;2008-01-06 by Darkghost<br><br />Danke für die schnelle Loggfreigabe.<br>TFTC<br>Gruss<br>Darkghost<br />]]></LOG>
<LOG><![CDATA[<img src='icon_smile.gif'>&nbsp;2007-12-03 by Die_4_Schwoba<br><br />#0616 / 20:20 Uhr:<p>Jetzt endlich hats geklappt :-)<p>TFTC und viele Grüße<br>Die_4_Schwoba<br><br />]]></LOG>
<LOG><![CDATA[<img src='icon_smile.gif'>&nbsp;2007-12-02 by muehle<br><br />Stürmisches Wetter konnte uns von einem Ausflug ins Naturschutzgebiet nicht abhalten. Bei der Umrundung des Feuchtbiotops sahen wir viele große Nilgänse und zwei Silberreiher. Ein schönes Stück Natur.<br />]]></LOG>
<LOG><![CDATA[<img src='icon_smile.gif'>&nbsp;2007-10-17 by Cauchy-Schwarz<br><br />Heute bei schönem Wetter mit Vinda und Begleiter Julian gelöst. Ich kannte den Rhäden bisher nur von der hessichen Seite aus, aber von hier hat man auch einen guten Blick <img src='http://www.geocaching.com/images/icons/icon_smile_approve.gif' border=0 align=middle>.<p>TFTC<p># 51<br />]]></LOG>
<LOG><![CDATA[<img src='icon_smile.gif'>&nbsp;2007-10-11 by michael01<br><br />Wirklich ein sehr schöner Ort hier.<br>Danke, auch für die schnelle Logfreigabe.<br>Viele Grüße<br>michael01<br />]]></LOG>
<LOG><![CDATA[<img src='icon_smile.gif'>&nbsp;2007-10-01 by eles78<br><br />Sehr idyllisch wars, wenn auch nur kurz.<br>Zum Finden der Lösung musste diesesmal die Umkreissuche herhalten.<br>Aber wer lesen kann ist klar im Vorteil.<br>No trade +<p>T4TVC<br><br />]]></LOG>
<LOG><![CDATA[<img src='icon_smile.gif'>&nbsp;2007-09-17 by JR849<br><br />Beim zweiten Mal hat's geklappt.<br>Vielen Dank für den Cache<br><font size="1"><font color="blue"><i>2654</i></font></font><br />]]></LOG>
<LOG><![CDATA[<img src='icon_smile.gif'>&nbsp;2007-09-07 by die eichhoernchen<br><br />Auf einer Pausenrunde "Birdwatch" gefunden.<p>Danke für den Cache<br />]]></LOG>
<LOG><![CDATA[<img src='icon_smile.gif'>&nbsp;2007-08-18 by JonnyH&#252;tchen<br><br />Echt cooles Teil für sonen Naturfreak wie mich.<br />]]></LOG>
<LOG><![CDATA[<img src='icon_smile.gif'>&nbsp;2007-08-18 by Kruemel68<br><br />Sehr schöner ruhiger Ort. Danke fürs Zeigen und danke für die schnelle Logfreigabe.<p>Stefan aus MHL/TH<br />]]></LOG>
<LOG><![CDATA[<img src='icon_smile.gif'>&nbsp;2007-06-09 by DENK<br><br />Während meine Kids in der Sporthalle in Obersuhl schwitzten, hat sich Ed vom Team DENK mal das Naturschutzgebiet angeschaut und ein bißchen fotografiert - das hat ausgereicht, um sich die Logfreigabe per e-mail heute zu holen..<br>Danke für den Cache - Saludos - DENK<br />]]></LOG>
<LOG><![CDATA[<img src='icon_smile.gif'>&nbsp;2007-03-31 by caro1<br><br />zusammen mit cato44 diesen cache gesucht und gefunden. sehr schön hier. danke an smeagol für den cache! <br />]]></LOG>
<LOG><![CDATA[<img src='icon_smile.gif'>&nbsp;2007-03-31 by cato44<br><br />Mit caro1 heute zum birdwatching gekommen! <br>Zu Beginn unserer Suche hat uns der Hinweis, dass man in einem Haus etwas recherchieren muss, so verunsichert, dass wir trotz unpassender Koordinaten erst bei der nahe gelegenen Naturschutzstation vorbei geschaut haben (Hinweistafel zeigte dies als einziges Haus an). Wegen der Lage und der knappen Öffnungszeiten (sonntags 10-12 Uhr) war schnell klar, dass des Rätsel's Lösung doch einfach bei den gegebenen Koordinaten zu erhalten ist...<br>Danke für's Zeigen der schönen Gegend, die jetzt besonders zum Vogelzug wieder sehr interessant sein dürfte!<br><br />]]></LOG>
<LOG><![CDATA[<img src='icon_smile.gif'>&nbsp;2007-01-05 by S&#246;ckchen<br><br />Schon vor einiger Zeit die Location besucht,aber erst heute die mail versendet <img src='http://www.geocaching.com/images/icons/icon_smile_big.gif' border=0 align=middle><br>Silke<br />]]></LOG>
<LOG><![CDATA[<img src='icon_smile.gif'>&nbsp;2006-11-09 by pecodu<br><br />Alles reibungslos :-) Alles noch an seinem Platz. Tolle Gegend, wenn es heute auch etwas eiskaltwindig gewesen ist.<br />]]></LOG>
<LOG><![CDATA[<img src='icon_smile.gif'>&nbsp;2006-08-22 by KaputtesLicht<br><br />Schnell und einfach alles gefunden! Schöner ruhiger Ort! Man braucht gar kein Geld in das Fernrohr zu stecken! Wunderbar!<br>Danke CIAO<br />]]></LOG>
<LOG><![CDATA[<img src='icon_smile.gif'>&nbsp;2006-08-22 by unwissenheit<br><br />Heute als 2ten Cache des Tages schnell gefunden und schnell gelöst!<br>Schöne ruhige Gegend!<br>Sehr empfehlenswert!!!!<p>ciao unwissenheit<br />]]></LOG>
<LOG><![CDATA[<img src='icon_maint.gif'>&nbsp;2006-07-23 by smeagol<br><br />... neuer Autoresponder - neues Glück ... <img src='http://www.geocaching.com/images/icons/icon_smile_big.gif' border=0 align=middle><br />]]></LOG>
<LOG><![CDATA[<img src='icon_smile.gif'>&nbsp;2006-07-22 by Aldokyl<br><br />Nach zwei vergeblichen Versuchen mit dem Autoresponder hat mir smeagol manuell und superschnell die Log-Freigabe erteilt. Danke.<br>Die Grenze hat hier ein wunderschönes Naturschutzgebiet geschaffen. Mein "Ersta Gäsch im Östen" könnte man sagen. <br>Danke für den Cache.<br />]]></LOG>
<LOG><![CDATA[<img src='icon_smile.gif'>&nbsp;2006-06-05 by sniffer-dog<br><br />Eine wirklich schöne Gegend, nur leider war das Wetter nicht ganz so optimal. Nach erfolgreichem Lösen des Caches, kam auch die Log-Erlaunis per Auto-Responder.<p>Vielen Dank und viele Grüße<br>Sniffer-Dog & Mora<br />]]></LOG>
<LOG><![CDATA[<img src='icon_smile.gif'>&nbsp;2006-05-12 by Bergschrat<br><br />Für diesen schönen Cache sollte man sich auch ruhig länger als eine Stunde gönnen! Vor einigen Jahren wäre man noch erschossen worden, wenn man versucht hätte den Cache zu erreichen! Empfehlenswert ist auch "Miss Green" in der Nähe und früher unerreichbar.<br>Laßt Euch vom Auto-responder nicht entmutigen: Smeagol ist netter als sein Name vermuten lässt und gibt Euch evtl. auch die Freigabe. <img src='http://www.geocaching.com/images/icons/icon_smile_wink.gif' border=0 align=middle><p>Danke Bergschrat<br />]]></LOG>
<LOG><![CDATA[<img src='icon_maint.gif'>&nbsp;2006-01-28 by smeagol<br><br />So ... nun gibt's auch nen neuen Autoresponder - bitte einfach wieder den Angaben in der Beschreibung folgen, dann sollte das klappen!!<br />]]></LOG>
<LOG><![CDATA[<img src='icon_smile.gif'>&nbsp;2006-01-15 by norby.de<br><br />Heute zum Abschluß noch den Virtual Cache besucht.<br>Gruß an Alle, Katrin und Norbert<img src='http://www.geocaching.com/images/icons/icon_smile_wink.gif' border=0 align=middle><br />]]></LOG>
<LOG><![CDATA[<img src='icon_smile.gif'>&nbsp;2006-01-13 by yogman<br><br />.... Erleichterung macht sich breit - die Antworten waren richtig und nur der Autoresponder war nicht mehr da - Danke an sméagol für die schnelle Info und die Erlaubnis zum loggen - die Location ist wirklich jeden Besuch wert - und bloß nicht die "optischen Keulen" vergessen.<p>Erster Virtual für 2006!<p>TNLNSL, THX4$ und so long<p><font face="comic sans ms"><font color="green"><b> YOGMAN </b></font><font face="verdana"> (Manz und Yogi) <p>Yogman is a proud member of the Team PLG<br />]]></LOG>
<LOG><![CDATA[<img src='icon_note.gif'>&nbsp;2006-01-13 by smeagol<br><br />... ich glaub ich kann helfen ... <img src='http://www.geocaching.com/images/icons/icon_smile_wink.gif' border=0 align=middle> ... schau mal in Dein Postfach, yogman ...<p>Leider funzt die bisherige Adresse wohl tatsächlich nicht mehr, daher bitte zunächst mal die Antworten einfach an smeagol.geocaching-at-onlinehome.de senden - ich melde mich dann baldmöglichst ... Beschreibung wird schnellstens geändert, sobald ich nen neuen remailer eingerichtet habe!!<p>Gruß, Sméagol<br />]]></LOG>
<LOG><![CDATA[<img src='icon_note.gif'>&nbsp;2006-01-13 by yogman<br><br />.... ich hätte da gerne ein Problem - war nämlich vor Ort - denke, dass ich die Aufgaben lösen konnte - und bekomme keine Antwort-Mail - da auch die direkte mail an smeagol@box.de scheitert, denke ich dass mit der ????@box.de etwas nicht in Ordnung zu sein scheint. Hatte auch an sméagol gemailt, aber auch da keine Antwort bekommen...... kann jemand helfen?<p><font face="comic sans ms"><font color="green"><b> YOGMAN </b></font><font face="verdana"> (Manz und Yogi) <br />]]></LOG>
<LOG><![CDATA[<img src='icon_note.gif'>&nbsp;2005-08-14 by smeagol<br><br />A virtual TB for a virtual cache ...<br />]]></LOG>
<LOG><![CDATA[<img src='icon_smile.gif'>&nbsp;2005-06-19 by Brausi<br><br />Das ist ja wirklich ein ganz prima Naturschutzgebiet! Danke für den Cache!<br>Axel "Brausi"<br />]]></LOG>
<LOG><![CDATA[<img src='icon_smile.gif'>&nbsp;2005-05-01 by gps-guru<br><br />Schoenes Naturschutzgebiet und mit 1. Mai Ausflug verbunden.<p>Vielen Dank fuer die schoene Idee<p>Ralf + Renate<br>gps-guru(s)<br />]]></LOG>
<LOG><![CDATA[<img src='icon_smile.gif'>&nbsp;2005-03-17 by windsandale<br><br />Hatte in der Nähe zu tun. So konnte ich das schöne Naturschutzgebiet auch mal kennenlernen.<br>Lieben Dank<br>Windsandale<br />]]></LOG>
<LOG><![CDATA[<img src='icon_smile.gif'>&nbsp;2004-10-20 by engeladus<br><br />vielen Dank für die schnelle Log-Freigabe.<p>engeladus<br />]]></LOG>
<LOG><![CDATA[<img src='icon_smile.gif'>&nbsp;2004-10-19 by Landmaus<br><br />Zusammen mit BWO heute ein bisschen im NSG nach dem rechten geschaut und siehe da, alles bestens. Danke und bis bald im Wald. <br>Trade<br>Out: Viel Aussicht<br>In: Fußspuren<br>Landmaus<br><br />]]></LOG>
<LOG><![CDATA[<img src='icon_smile.gif'>&nbsp;2004-10-17 by geko999<br><br />Tolle Idee und immer einen Ausflug wert, danke für den Cache!<p>Grüße<br>geko999/k<br />]]></LOG>
<LOG><![CDATA[<img src='icon_smile.gif'>&nbsp;2004-10-08 by Mueckenfett<br><br />Mal wieder mit dem Rad unterwegs und diese tolle Gegend entdeckt.Werde diesen Ort bestimmt nochmal besuchen.<br>Besten Dank für die Logerlaubnis.<br>Tom aus MHL/Thür.<br><br />]]></LOG>
<LOG><![CDATA[<img src='icon_smile.gif'>&nbsp;2004-09-05 by Frischluft-Tiger<br><br />Hallo,<p>Location locker gefunden und alles schnell gelöst. Nach dem "Reich der weissen Mütze" tut etwas Geocaching-Urlaub richtig gut. Tolle Idee ... und zur Belohnung gibt es auch noch ein Foto<p>Leute es lohnt sich - etwas Zeit, ein Fernglas und vielleicht eine Kamera mitzunehmen ...<p>Grüße und Danke,<br>M. from wwebbls<br>(heute: Frischluft-Tiger)<br />]]></LOG>
<LOG><![CDATA[<img src='icon_smile.gif'>&nbsp;2004-09-05 by wwebbls<br><br />Hallo, <p>Location locker gefunden und alles schnell gelöst. Nach dem "Reich der weissen Mütze" <img src='http://www.geocaching.com/images/icons/icon_smile_blackeye.gif' border=0 align=middle> tut etwas Geocaching-Urlaub richtig gut. Tolle Idee ... und zur Belohnung gibt es auch noch ein Foto <img src='http://www.geocaching.com/images/icons/icon_smile_wink.gif' border=0 align=middle><p>Leute es lohnt sich - etwas Zeit, ein Fernglas und vielleicht eine Kamera mitzunehmen ... <img src='http://www.geocaching.com/images/icons/icon_smile_cool.gif' border=0 align=middle><p>Grüße und Danke,<br>M. from wwebbls<br />]]></LOG>
<LOG><![CDATA[<img src='icon_smile.gif'>&nbsp;2004-09-04 by ABBA<br><br />04.09.2004  -  18:15<br>Bei Sonnenschein und sommerlich warmen Temperaturen habe ich mit dem Fahrrad zuerst die Marktschreier in Heringen auf dem Festplatz (10. Bergmanns- und Hüttenfest) besucht, dann weiter zur Cachesuche den Parkplatz über schöne Radwege angefahren. Die Hütte schnell gefunden und noch eine Weile die Vögel beobachtet. Bei Sonnenuntergang die Heimfahrt genossen.<p>Danke für diesen Virtual Cache.<p>Gruß von ABBA<br />]]></LOG>
<LOG><![CDATA[<img src='icon_smile.gif'>&nbsp;2004-08-09 by EiskaltesHaendchen<br><br />09.08.04 21:20 Uhr<p>Auch den zweiten sméagol Cache gut gefunden.<br>Wer diesen Cache macht sollte sich etwas Zeit<br>mitbringen. Diese hatte ich leider nicht. So<br>konnte ich nur schnell die Aufgaben lösen und<br>werde nochmal zu einem späteren Zeitpunkt mir<br>Zeit für die Natur rundherum nehmen.<p>Danke an smégol, der mal wieder ein idyllisches<br>Plätzchen ausfindig gemacht hat.<p>Ciao<br>EiskaltesHaendchen<p><br />]]></LOG>
<LOG><![CDATA[<img src='icon_smile.gif'>&nbsp;2004-06-20 by u.b.lucky<br><br />Unser zweiter Sméagol-Cache für heute! Die Cachelocation hat uns sehr gut gefallen. <br>Vielen Dank an Sméagol für diesen Cache!<p>Grüße von u.b.lucky<p>Wer kann uns denn etwas über die riesige, weiße Halde in der Nähe sagen? Irgendwie ist die ja auch beeindruckend.<br><br />]]></LOG>
<LOG><![CDATA[<img src='icon_smile.gif'>&nbsp;2004-05-15 by The Redheads<br><br />Haben den Punkt nach einem kurzen Spaziergang erreicht! Interessante Gegend. Und wir haben sogar einige Vögel beobachten können! Danke für diesen Cache!<p>The Redheads<br />]]></LOG>
<LOG><![CDATA[<img src='icon_smile.gif'>&nbsp;2004-03-18 by geoPirat<br><br />Als Nachtcache gelöst. Schade - der schöne Ausblick auf die bestimmt reizvolle Landschaft blieb mir so verwehrt. Danke an sméagol für diese feine Idee! Keep hunting!<br />]]></LOG>
<LOG><![CDATA[<img src='icon_smile.gif'>&nbsp;2004-02-23 by Jim Knopf und Lukas<br><br />Erster Cache des heutigen Tages. Die gefragten Dinge waren relativ schnell zu bestimmen. Lediglich bei Z war ich mir nicht ganz sicher. Aber die Mail liefert die Bestätigung ja prompt.<br>Danke für die Idee und fürs "Verstecken"!<br>Jim Knopf und Lukas<br><br />]]></LOG>
<LOG><![CDATA[<img src='icon_smile.gif'>&nbsp;2004-02-22 by Bayer<br><br />Herzlichen Glückwunsch!<p>Du hast den Cache "Birdwatch" erfolgreich gelöst und darfst nun im Internet loggen<p>An diesem Ort waren wir im Sommer mit den Fahrrädern.<br>Natur pur.<br>Geocaching vom Feinsten.<p>Danke smeragol<p>Gruß<br>Der Bayer<p>g+/h-bayer<p><br />]]></LOG>
<LOG><![CDATA[<img src='icon_smile.gif'>&nbsp;2004-02-14 by buntbaer<br><br />Es empfiehlt sich immer jemanden dabei zu haben der zählen/lesen kann.<br>Sonst würde ich jetzt noch dort stehen mit dem Handy in der Hand und auf ein Reply meiner Mail warten, danke Tanja.<p>So denn: Zitat:"Du hast den Cache "Birdwatch" erfolgreich gelöst und darfst nun im Internet loggen!!" <p>Danke schön.<br>Auch wenn das Wetter heute nicht das dollste war, so war es doch ein netter Ausflug.<br />]]></LOG>
<LOG><![CDATA[<img src='icon_note.gif'>&nbsp;2004-02-06 by smeagol<br><br /><img src='http://www.geocaching.com/images/icons/icon_smile.gif' border=0 align=middle> So, nu geht es wieder (hoffentlich - aber entsprechende Tests verliefen positiv ...!!) - also: Bahn frei für Sméagol's Cache Nr. 2 und Happy Hunting!<br>Gruß, Sméagol<p>P.S.: Im Zweifelsfall, wenn es mal wieder nicht klappt, ihr Euch aber sicher seid, die richtigen Antowrten zu haben, einfach 'ne kurze mail mit den Antworten an smeagol@box.de - diese Adresse hat bislang immer funktioniert ...!!!<br />]]></LOG>
<LOG><![CDATA[<img src='icon_note.gif'>&nbsp;2004-02-04 by smeagol<br><br /><img src='http://www.geocaching.com/images/icons/icon_smile_sad.gif' border=0 align=middle> Sorry - leider musste der Cache noch einmal kurzfristig vom Netz genommen werden, da der Autoresponder (pünktlich zum Start ...) spinnt, obwohl bei den Tests alles prima lief ... Sobald es geht, wird der Cache aber wieder verfügbar sein!! Sméagol<br />]]></LOG>
</LOGS>
<NOTES><![CDATA[]]></NOTES>
<IMAGES>
    <IMG>GCHMC0_0.jpg<URL>http://img.geocaching.com/cache/3649f14d-7cc0-4e4f-9d70-1e3814ab6240.jpg</URL></IMG>
    <IMGTEXT>Sme&#225;gol's Cacheinfo<DESC>... f&#252;r alle, die vorab etwas mehr &#252;ber das Ziel Ihrer Cachesuche wissen m&#246;chten!</DESC></IMGTEXT>
</IMAGES>
<TRAVELBUGS>
</TRAVELBUGS>
<URL><![CDATA[]]></URL>
<SOLVER><![CDATA[]]></SOLVER>
    <CACHE  name = "Birdwatch" owner = "smeagol" lat = "50,938616666667" lon = "10,01835" hidden = "2004-01-31" wayp = "GCHMC0" status = "" ocCacheID = "" lastSyncOC = "20100419232503" num_recommended = "0" num_found = "-1" attributesYes = "2200103421954" attributesNo = "0" boolFields="1922" byteFields="134483727" attributesYes1 = "0" attributesNo1 = "0" />
</CACHEDETAILS>
