<?xml version="1.0" encoding="ISO-8859-1"?>
<CACHEDETAILS>
<VERSION value = "3"/>
<DETAILS><![CDATA[<b>Der erste Webcamcache im Landkreis Hersfeld-Rotenburg!</b>
<p>Hier gilt es diesmal nicht, eine Cachebox zu finden, sondern
durch eine in der Nähe der Koordinaten angebrachte Webcam ein Foto
von Euch machen zu lassen!</p>
<p>Aufgrund der Besonderheit (webcam) ist dieser Cache
sinnvollerweise nur bei Tageslicht zu machen ...!!!</p>
<p><b>English describtion on demand!</b></p>

<br>Unter folgender Adresse solltet ihr immer ein relativ aktuelles
Foto der Webcam finden:
<p>http://www.goebels-schlosshotel.de/webcam/webcam2.jpg</p>
<p>Einen Fund loggen zu können ist nun ganz einfach: Ein Foto, auf
dem Ihr zu sehen seid (bitte möglichst nah an die Kamera rangehen -
am besten lasst Ihr Euch dabei von jemandem am Rechner
"fernsteuern" ...!) abspeichern (lassen) und zum Log ins Internet
stellen! Das war's fast ...</p>
<p>Da ich Euch das peinliche In-die-Luft-Strecken Eures GPS-Gerätes
oder irgendwelcher übderdimensionierter Namensschilder ersparen
möchte (wahrscheinlich seid ihr ja nicht ganz alleine an besagter
Stelle!! <img src=
"http://www.geocaching.com/images/icons/icon_smile_big.gif" border=
"0" align="middle" />), aber dennoch sicherstellen möchte, dass Ihr
vor Ort wart und das Webcam-Foto möglichst wirklich Euch und nicht
irgendwelche Geomuggels zeigt <img src=
"http://www.geocaching.com/images/icons/icon_smile_wink.gif"
border="0" align="middle" />, bitte ich Euch <b>vorab um eine email
(s. Profil), in der Ihr mir folgende Frage beantwortet:</b></p>
<p><b>Wieviel kostet ein Propekt mit Infos über das nahegelegene
historische Gebäude laut dortigem Aushang ...??</b></p>
<p>Überhaupt ist eben dieses Gebäude und sein "Drumherum" viel
sehenswerter als der Webcamstandort selbst (und ehrlich gesagt, der
einzige und wahre Grund, wieso hier ein Cache hin musste!!) ... -
schaut es Euch ruhig an, wenn Ihr wollt - der Eintrittspreis ist
erschwinglich!!</p>
<p><b>Und nun viel Spaß ...!!! <img src=
"http://www.geocaching.com/images/icons/icon_smile.gif" border="0"
align="middle" /></b></p>]]></DETAILS>
<COUNTRY><![CDATA[Germany]]></COUNTRY>
<STATE><![CDATA[Hessen]]></STATE>
<ATTRIBUTES>
   <ATT>onehour-yes.gif</ATT>
   <ATT>kids-yes.gif</ATT>
   <ATT>winter-yes.gif</ATT>
   <ATT>parking-yes.gif</ATT>
   <ATT>wheelchair-yes.gif</ATT>
</ATTRIBUTES>
<HINTS><![CDATA[abzra rfg bzra]]></HINTS>
<LOGS>
<OWNLOGID></OWNLOGID>
<OWNLOG><![CDATA[]]></OWNLOG>
<LOG><![CDATA[<img src='icon_camera.gif'>&nbsp;2010-04-18 by thegorbi<br><br />Gemeinsam mit powerball den schönen Innenhof besucht. Gemütlich ein Webcam-Photo geschossen und genossen das ich beim Bürgermeister auf dem Parkplatz stand <img src='http://www.geocaching.com/images/icons/icon_smile_cool.gif' border=0 align=middle><p>thegorbi sagt herzlichen Dank<br />]]></LOG>
<LOG><![CDATA[<img src='icon_camera.gif'>&nbsp;2010-04-18 by powerball1505<br><br />Visited today together with TheGorbi. <br>The moated castle is really beautiful.<p>TFTC<br>Powerball1505 <br><br />]]></LOG>
<LOG><![CDATA[<img src='icon_camera.gif'>&nbsp;2010-04-16 by Wolf64<br><br />Bei schönem Wetter diesen CamCache besucht. Alles sehr gepflegt und wir wären gerne mal die Burg hoch. Leider war diese zu. Danke fürs "Versteck". <p>#2979<p><br />]]></LOG>
<LOG><![CDATA[<img src='icon_camera.gif'>&nbsp;2010-04-05 by Lierath<br><br />Auf dem Weg zu Oma diesen tollen Webcamcache gesucht und an einem wiklich sehr schönen Ort gefunden.<br>Leider nur den Preis für das Prospeckt nicht gefunden. Falls der Owner Bedenken haben sollte, das wir wirklich dort waren, soll er mich anschreiben.<br>Ich habe jede menge Beweißfotos von dem schönen Ort gemacht.<br>Nur leider bin ich auf dem Foto mit meinem iPhone beschäftigt um die Webcam zu finden. Nur meine Frau grinst mit Ihrem Kaffe to go vom Hotel in die Cam.<br>Wiedermal ein klasse Ort, den wir ohne Geocaching NIE geshen hätten. Vielen vielen Dank und beste Grüße aus dem Westerwald<br>***Lierath***<br />]]></LOG>
<LOG><![CDATA[<img src='icon_camera.gif'>&nbsp;2010-04-02 by strada87<br><br />Heute ganz früh hier gewesen. Da war selbst mein Telefonjoker noch nicht wach. Danke für's Zeigen dieses schönen Fleckens.<p>Gruß<br>Strada87<br />]]></LOG>
<LOG><![CDATA[<img src='icon_camera.gif'>&nbsp;2010-03-30 by DeathMAX<br><br />Da luisanna, helojame und ich noch keinen Webcam-Cache hatten, beschlossen wir anzuhalten und das mal auszuprobieren. Ich bin der rechte der gerade das Bild speichert. Schade das es diese Cacheart nicht mehr geben wird. Nebenbei auch ein sehr schöner Ort. Danke fürs zeigen.<p>Gruß DeathMAX<br />]]></LOG>
<LOG><![CDATA[<img src='icon_camera.gif'>&nbsp;2010-03-30 by luisanna<br><br />Sehr schöner und interessanter Ort. Ohne das Cachen wäre ich wohl auch hier nicht so schnell hingekommen. Jetzt bin ich aber froh hier gewesen zu sein <img src='http://www.geocaching.com/images/icons/icon_smile.gif' border=0 align=middle>. Danke für's Zeigen und die schnelle Freigabe.<br />]]></LOG>
<LOG><![CDATA[<img src='icon_camera.gif'>&nbsp;2010-03-30 by helojame<br><br />Luisanna DeathMAX und ich haben heute hier auch einen Stop gemacht .Wir sind die da vor dem Brunnen . Danke für meinen Ersten WEBCAM Cache   und die schnelle Logfreigabe  Gruß helojame <br>( BIld wir nachgereicht )  <br />]]></LOG>
<LOG><![CDATA[<img src='icon_camera.gif'>&nbsp;2010-03-28 by LA_Lulles<br><br />In den Osterferien gemeinsam mit LA_Hunters und Oma und Opa auch diesen Cache gelogged.<p>TFTC LA_Lulles<br />]]></LOG>
<LOG><![CDATA[<img src='icon_camera.gif'>&nbsp;2010-03-28 by LA_Hunters<br><br />Ein Teil der LA_Hunters war in den Osterferien vor Ort und  hat sich an diesem Ort mit Verstärkung fotografieren lassen.<p>DFDC sagen die LA_Hunters<br />]]></LOG>
<LOG><![CDATA[<img src='icon_camera.gif'>&nbsp;2010-03-23 by dieMessmers<br><br /><img src='http://www.geocaching.com/images/icons/icon_smile_big.gif' border=0 align=middle> Während einer Tagung geloggt. Danke an Andreas, der auf SMS-Zuruf das Bild "geschossen" hat. <img src='http://www.geocaching.com/images/icons/icon_smile_big.gif' border=0 align=middle><br>dieMessmers<img src='http://www.geocaching.com/images/icons/icon_smile_big.gif' border=0 align=middle><br />]]></LOG>
<LOG><![CDATA[<img src='icon_camera.gif'>&nbsp;2010-03-17 by delfin115<br><br />Danke an den Owner, Foto im Anhang<br />]]></LOG>
<LOG><![CDATA[<img src='icon_camera.gif'>&nbsp;2010-02-21 by dagmarundroger<br><br />Unser erster Webcamcache -Versuch hat noch nicht ganz perfekt geklappt, ist eine längere Geschichte. <br>Danke an Smeagol fürs Zeigen des interessanten Ortes und die freundliche Logfreigabe.<br />]]></LOG>
<LOG><![CDATA[<img src='icon_camera.gif'>&nbsp;2010-02-04 by Geolurch<br><br />Mit Teutodiver im Tiefschnee bei herrlichem Sonnenschein geloggt. Waren hier geschäftlich zu einer Tagung.<p>Nette Location. Webcam hat leider nicht geklappt, deshalb nur ein Foto.<p>Danke an den Owner.<p>TFTC<p>Geolurch<br />]]></LOG>
<LOG><![CDATA[<img src='icon_camera.gif'>&nbsp;2010-02-04 by Teutodiver<br><br />Wir waren zu einer geschäftlichen Veranstaltung im Prinz von Hessen.<br>Wirklich eine sehr schöne Location. <br>Aufgrund der einzelnen Termine haben wir allerdings die Cam nicht "erwischt" und mußten auf's Handy ausweichen... <img src='http://www.geocaching.com/images/icons/icon_smile_blush.gif' border=0 align=middle><br>Vielen Dank für die Logerlaubnis!<br>Viele Grüße<br>TFTC<br>Die Teutodiver<br />]]></LOG>
<LOG><![CDATA[<img src='icon_camera.gif'>&nbsp;2009-11-21 by kevrox24<br><br />Bei einer Tagung geloggt und gefunden. Meine erste Webcam :-) Leider bin ich techn. nicht  ganz so fit, daher anbei "Beweisfoto"<br>TYFTC kevrox24<br />]]></LOG>
<LOG><![CDATA[<img src='icon_camera.gif'>&nbsp;2009-11-21 by geofutz<br><br />Auf dem Weg zum Event nach Bad Hersfeld wollte ich hier unbedingt mal vorbeischauen.<br>Ein tolles Ambiente und noch vorm Dunkelwerden erledigt.<br><font face="comic sans ms"> <font color="blue">Danke für <b><font color="red"># 1286 </font><br><i>Gruß aus dem Eichsfeld/Thüringen und BYE Geofutz <img src='http://www.geocaching.com/images/icons/icon_smile_wink.gif' border=0 align=middle></i></b></font><br><br />]]></LOG>
<LOG><![CDATA[<img src='icon_camera.gif'>&nbsp;2009-11-21 by Aldokyl<br><br />Nur einer vor Ort, und das war ich. Mail trotzdem geschickt.<br>Danke für´s zeigen dieses Platzes.<br />]]></LOG>
<LOG><![CDATA[<img src='icon_camera.gif'>&nbsp;2009-11-10 by rabenv&#246;gel<br><br />Vielen Dank für die Loggerlaubnis und den Hinweiss wo man die Fotos nachsehen kann. Werde beim nächsten Lehrgang nocheinmal vorbeischauen um ein Foto nachzureichen wo ich zu sehen bin.<br>Danke sagen die Rabenvögel<br />]]></LOG>
<LOG><![CDATA[<img src='icon_camera.gif'>&nbsp;2009-11-01 by thomasm80<br><br />01.11.2009 16:00:<p>Nun hat's endlich mal geklappt, auch diesen Cache abzuhaken.<p>Nachdem ich unterwegs war, um für einen neuen kleinen Multi die Strecke zu erkunden, bin ich nochmal hierher.<p>TFTC<br>ThomasM80<p>GC#601<br />]]></LOG>
<LOG><![CDATA[<img src='icon_camera.gif'>&nbsp;2009-10-21 by makajali<br><br />An unserem letzten Urlaubstag haben wir die Wasserburg in Friedewald besucht. Nach der Besichtigung haben wir uns auf den Brunnenrand gesetzt und auf unser Foto gewartet <img src='http://www.geocaching.com/images/icons/icon_smile_wink.gif' border=0 align=middle> <p>Danke für´s Herführen und viele Grüße aus Schleswig-Holstein<br>makajali<br />]]></LOG>
<LOG><![CDATA[<img src='icon_camera.gif'>&nbsp;2009-10-18 by Sharky2k<br><br />Danke für unseren ersten Webcam-Cache.<p>Gruß<br>Sharky2k<br />]]></LOG>
<LOG><![CDATA[<img src='icon_camera.gif'>&nbsp;2009-10-17 by Giratina<br><br />Zusammen mit Team Fazind an diesen Ort gewesen und meinen ersten Webcam Cache erledigt. TFTC Gruß Giratina<br />]]></LOG>
<LOG><![CDATA[<img src='icon_camera.gif'>&nbsp;2009-10-17 by fazind<br><br />Unser 1. Webcam-Cache zusammen mit Giratina. Ist schon eine lustige Angelegenheit. Die Antwort zur Frage fast übersehen vor lauter Zahlen. Erst beim dritten Lesen gefunden. Hat man halt davon, wenn die Brille nicht auf der Nase ist. Vielen Dank, Gruß FaZind<br />]]></LOG>
<LOG><![CDATA[<img src='icon_camera.gif'>&nbsp;2009-10-06 by Oko1966<br><br />Hier habe ich schon einen sehr schönen Geburtstag feiern dürfen.<p>Sehr schöne Lokalität, welche allerdings nicht ganz billig ist.<p>Vielen Dank an den Owner für die schnelle Logfreigabe <img src='http://www.geocaching.com/images/icons/icon_smile_big.gif' border=0 align=middle><p>Auch Dank an Michael01 für das fertigen des Fotos <img src='http://www.geocaching.com/images/icons/icon_smile_wink.gif' border=0 align=middle><p>TFTC<p>GC#785<br />]]></LOG>
<LOG><![CDATA[<img src='icon_camera.gif'>&nbsp;2009-09-28 by pbooda<br><br />Dies war die 2te von sieben Finden für meinen Mann mbooda und mich heute. TFTC!<br />]]></LOG>
<LOG><![CDATA[<img src='icon_camera.gif'>&nbsp;2009-09-28 by mbooda<br><br />Wie einfach! Das Hotel hatte einen eigenen HotSpot und wir haben unser eigenes Bild!<br />]]></LOG>
<LOG><![CDATA[<img src='icon_camera.gif'>&nbsp;2009-09-26 by Ama.deus<br><br />Der war längst mal fällig und lag direkt auf dem Weg zum Dreienberg.<br>Hier wird wohl öftrer geheiratet, so auch heute.<br>Das Bild is nich das beste, fast wäre ich zu nah dran gewesen...<br>Dankeschön und Gruß<br>Ama.deus<br />]]></LOG>
<LOG><![CDATA[<img src='icon_camera.gif'>&nbsp;2009-09-19 by TausH<br><br />War mächtig was los auf dem Platz, Hochzeitsleute!<p>Nettes Plätzchen und schönes Hotel.<p>DfdC<br>TausH<p>Antwort ist unterwegs! <img src='http://www.geocaching.com/images/icons/icon_smile_wink.gif' border=0 align=middle><br />]]></LOG>
<LOG><![CDATA[<img src='icon_camera.gif'>&nbsp;2009-09-04 by husky99<br><br />War mit nosaint mal wieder auf Cacher-Runde. Hatten den Panorama-Rundweg Dreienberg anvisiert und diesen Webcam- Cache, der unser erster werden sollte, gleich auf dem Weg mitgenommen. Danke für den ersten im Kreisgebiet und danke an nosaints Papa am PC! ;-)<br>TFTC<br />]]></LOG>
<LOG><![CDATA[<img src='icon_camera.gif'>&nbsp;2009-09-04 by nosaint<br><br />Heute mit husky99 diesen "besonderen" Cache in der näheren Umgebung gemacht. Ein herzliches Dankeschön nicht nur an den owner an dieser Stelle, sondern auch an Vaddern, der die Aufgabe des Bild abspeicherns am heimischen PC übernahm! DANKE SCHÖÖÖÖN!<br>TFTC!<br />]]></LOG>
<LOG><![CDATA[<img src='icon_camera.gif'>&nbsp;2009-08-17 by Brabus74<br><br />TFT WebcamCache - Heute war das mal fällig. Glücklicherweise war Michael01 zuhause und hat das Bild gespeichert. Dafür nochmal Dankeschön. Brabus74<br />]]></LOG>
<LOG><![CDATA[<img src='icon_camera.gif'>&nbsp;2009-08-10 by wojtili<br><br />Zusamen mit deutschi die Vorzüge dieser Location genossen. Jetzt sehen wir wieder, jung, fit und schön aus.<p>Kurz vor der Abreise noch diesen Cache mitgenommen. Den Standort der Cam haben wir uns einfach von der Chefin sagen lassen.<br>Das Foto selber finde ich eher mmmh: Nicht nur, dass es unscharf ist, ich bin auch echt schlecht getroffen, da ich gerade unser Gepäck sortiere. Aber da die Webcam partout kein anderes Bild schießen wollte (wir standen sicherlich 2 Minuten in optimalerer Position), müssen wir halt mir dem von deutschi geschossen Vorlieb nehmen. <img src='http://www.geocaching.com/images/icons/icon_smile_wink.gif' border=0 align=middle><p>DFDC wojtili<br />]]></LOG>
<LOG><![CDATA[<img src='icon_camera.gif'>&nbsp;2009-08-09 by deutschi<br><br />Nach einem schönen Wellness-Wochenende noch schnell diesen Cache gemacht. Leider ist das Iphone nicht das beste Werkzeug, aber dennoch können wojtili und ich uns gut erkennen. Sehr netter Ort hier. Auch die Ruine ist sehenswert.<br />]]></LOG>
<LOG><![CDATA[<img src='icon_camera.gif'>&nbsp;2009-04-13 by Team n3vS<br><br />Heute bei super Wetter um 9.35 Uhr unseren ersten Webcamcache mit crowie und Klebsch gemacht.<p>Schöne Sache!<p>DFDC<p><br />]]></LOG>
<LOG><![CDATA[<img src='icon_camera.gif'>&nbsp;2009-04-13 by Klebsch<br><br />Hier fing heute unsere Tour an.<br>...das Bild kann sich ein Log vorher angesehen werden :)<br />]]></LOG>
<LOG><![CDATA[<img src='icon_camera.gif'>&nbsp;2009-04-13 by crowie<br><br />Heute bei bestem Wetter im Team mit<p>Klebsch<br>Team n3vS<br>crowie<p>angefahren.<br />]]></LOG>
<LOG><![CDATA[<img src='icon_camera.gif'>&nbsp;2009-04-05 by Die Cachelinge<br><br />Diesen Wecamcache heute schnell mal angefahren.<img src='http://www.geocaching.com/images/icons/icon_smile_big.gif' border=0 align=middle><p>TFTC und Grüße<br>Effexxx<br />]]></LOG>
<LOG><![CDATA[<img src='icon_camera.gif'>&nbsp;2009-02-06 by NSWO<br><br />Heute endlich mal beim "Webcamcache: Prinz von Hessen" gewesen. Das Beispiel des Kamerabildes passt allerdings nicht zur Wirklichkeit. Die Kamera ist genau gegenüber angebracht. Sodass natürlich jetzt auch das Bild anders aussieht. <br><br />]]></LOG>
<LOG><![CDATA[<img src='icon_camera.gif'>&nbsp;2008-10-30 by otter4711<br><br />Heute morgen hat es schon geschneit!<br>Schönes Hotel und Wellness-Bereich. <br />]]></LOG>
<LOG><![CDATA[<img src='icon_camera.gif'>&nbsp;2008-10-18 by adventure cyclist<br><br />Von WebCacm nix gesehen, aber im Team mit Hase.Siegfried haben wir unsere Anwesenheit dokumentiert. Nettes Örtchen. Ob mich dorthin wohl mal jemand einlädt? Ansonsten ziehe ich doch die Zelt-Übernachtung vor.<p>Danke für den Cache!<br>adventure cyclist<br />]]></LOG>
<LOG><![CDATA[<img src='icon_camera.gif'>&nbsp;2008-10-18 by Hase.Siegfried<br><br />Der Laden scheint ja weit jenseits des Jugendherbergsniveaus zu Hause zu sein und zu bieten - wenn ich mal zu viel Kohle habe, komme ich wieder <img src='http://www.geocaching.com/images/icons/icon_smile_big.gif' border=0 align=middle> ! Danke für den Cache!<p>Gruß,<p>Hase.Siegfried<br />]]></LOG>
<LOG><![CDATA[<img src='icon_camera.gif'>&nbsp;2008-09-09 by Timpedu<br><br />Haben mal den Prinz von Hessen besucht. Anscheinend hat das Personal keine Zeit die WebCam zu reparieren. Is auch wirklich eine Qual mit dem Personal. <img src='http://www.geocaching.com/images/icons/icon_smile_shock.gif' border=0 align=middle><p>Danke an den Owner, dass er unseren Wasserburgruinenprospekt für xy,za € akzeptiert hat. <p>Hier der Log mal von der anderen Seite.<p><b><font face="comic sans ms"> TFTC<font color="blue"> Timpedu</b></font><br><br />]]></LOG>
<LOG><![CDATA[<img src='icon_camera.gif'>&nbsp;2008-09-01 by Airwolf26<br><br />Die Kamera ist immer noch defekt... Und das bei einem 5***** Sterne Hotel, peinlich.<br>Besichtigung in und um das Hotel sehr beeindruckend.<br>Wasserschloß und Ausstellung sehenswert.<br>Komme seit 10 Jahren nach Heringen, heute dank GC mal hier in Friedewald Station gemacht.<p>TFTC Wolfgang & Uschi aus dem Rheinland<br />]]></LOG>
<LOG><![CDATA[<img src='icon_camera.gif'>&nbsp;2008-08-26 by Moor2007<br><br />Ich danke "smeagol" für die schnelle Log Freigabe.Da die Webcam immer noch defekt ist, Fotobeweis.<br>Am Cach war dann auch noch der Akku von der Digicam leer.<br> <br>Also Foto mit dem Handy und was soll ich sagen, nur das vom Schild am Eingang zum Turm ist etwas geworden. Also die Antwort geschwärzt und als Beweis ins Netz gestellt.<p>TFTC sagt Moor2007<br />]]></LOG>
<LOG><![CDATA[<img src='icon_camera.gif'>&nbsp;2008-07-27 by hasenhirn1<br><br />Diese Webcam war mit Team Parabel schnell gefunden. Leider konnten wir auf der angegebenen URL nicht die Webcam finden. Ein sehr schöner Platz!<p>Danke für diesen schönen Cache!<br>Gruß <font color="blue"><b>hasenhirn1</b></font> <img src='http://www.geocaching.com/images/icons/icon_smile_big.gif' border=0 align=middle><br />]]></LOG>
<LOG><![CDATA[<img src='icon_camera.gif'>&nbsp;2008-07-27 by Parabel<br><br />Zusammen mit Hasenhirn1 haben wir heute diesen wunderschönen Platz besucht Im Schatten den Rechner hochgefahren, leider führte die angegebene URL immer auf die Homepage vom Schloßhotel, auch nach längerer Suche nicht die richtige URL gefunden. Die Webcam haben wir gesichtet und so stellten wir uns in Position und Claudia spielte die Webcam mit ihrer Digicam, ist doch ganz gut geworden.<p>Herzlichen Dank und liebe Grüße<p><b><font color="blue">Parabel</b></font><img src='http://www.geocaching.com/images/icons/icon_smile_big.gif' border=0 align=middle><img src='http://www.geocaching.com/images/icons/icon_smile_big.gif' border=0 align=middle><br />]]></LOG>
<LOG><![CDATA[<img src='icon_camera.gif'>&nbsp;2008-06-28 by carks<br><br />Dies war nicht nur ein Drive-In, sondern ein Sleep-In. Da die WebCam nicht funktioniert, morgens aufgstanden und Foto vom Balkon meines Hotelzimmers gemacht.<p>Danke<br>carks<p><br>[This entry was edited by carks on Saturday, July 05, 2008 at 2:58:18 PM.]<br />]]></LOG>
<LOG><![CDATA[<img src='icon_camera.gif'>&nbsp;2007-12-23 by team-firefly<br><br />Unser erster Web-Cam Cache. Haben lange gesucht bis wir die Cam entdeckt haben und unser 'Fotograf' musste dann doch schneller weg als verhofft. Aber dank der zusätzlichen Frage dürfen wir loggen *jipee*<br />]]></LOG>
<LOG><![CDATA[<img src='icon_camera.gif'>&nbsp;2007-10-19 by michael01<br><br />Wirklich ein sehr schöner Ort hier.<br>Danke für die schnelle Logfreigabe.<p>TFTC<br>michael01<br />]]></LOG>
<LOG><![CDATA[<img src='icon_camera.gif'>&nbsp;2007-09-08 by Nordhesse<br><br />Auf Kurzbesuch bei Lamaril diesen Cache auch noch mitgenommen. Danke für die Logerlaubnis.<p>TFTWC, Nordhesse<br />]]></LOG>
<LOG><![CDATA[<img src='icon_camera.gif'>&nbsp;2007-09-08 by Lamaril<br><br />Welch schöner Ort...schade nur, dass das Wetter recht trübe ist. Dafür haben der Nordhesse und ich das Ambiente vom "Prinzen von Hessen" genossen. Es lohnt auf jeden Fall! Danke für die Logfreigabe!<br>TFTC LAMARIL<br />]]></LOG>
<LOG><![CDATA[<img src='icon_camera.gif'>&nbsp;2007-06-27 by dagobert110<br><br />Hallo! Zum Auftakt einer langen Runde gefunden!<p>Dagobert 110 und 6 Helferlein<br />]]></LOG>
<LOG><![CDATA[<img src='icon_camera.gif'>&nbsp;2007-05-19 by Bergschrat<br><br />Die Webcam ist etwas ungünstig ausgerichtet. Vielleicht tut es ja auch ein Photo.<br>Danke und Glückauf<br />]]></LOG>
<LOG><![CDATA[<img src='icon_camera.gif'>&nbsp;2006-12-01 by tiggermaus<br><br />Haben auf der Fahrt nach Berlin kurz vorbeigeschaut. Hat allerdings eine Weile gedauert, bis die Kamera aktualisiert hatte. Wahrscheinlich war das Wetter zu kalt, jedenfalls waren wir ganz alleine da. Gut zu erkennen der Papierausdruck für den Cache <img src='http://www.geocaching.com/images/icons/icon_smile_big.gif' border=0 align=middle><br>Gruß,<br>David & Doris<br />]]></LOG>
<LOG><![CDATA[<img src='icon_camera.gif'>&nbsp;2006-10-04 by Hase5000<br><br />Für unseren Cache Nummer 300 habe ich mir extra einen guten Anzug angezogen. Naja ok, den Anzug hatte ich eigentlich wegen einer Tagung im Schlosshotel an... <img src='http://www.geocaching.com/images/icons/icon_smile_big.gif' border=0 align=middle><p>Die Cam macht genau alle 10 Minuten ein Bild (also z.B. 8.00, 8.10, 8.20 usw). Von daher empfinde ich es nicht als problematisch sich z.B. um 8.18 hinzustellen und dann 3-4 Minuten zu warten. Handy an's Ohr und keinem fällt's auf - man muss ja ohnehin den "Fotograf" benachrichtigen.<p><br>Thanx4Cache<br>Hase5000<p><br>#300<br />]]></LOG>
<LOG><![CDATA[<img src='icon_note.gif'>&nbsp;2006-09-22 by smeagol<br><br />Prinzenrolle hat mich darauf hingewiesen (Danke nochmal!), dass die Webcam nur noch Fotos in sehr großen zeitlichen Abständen veröffentlicht - so maht das für einen Webcam-Cache natürlich nur wenig Sinn ... <img src='http://www.geocaching.com/images/icons/icon_smile_sad.gif' border=0 align=middle> Trotzdem lasse ich den Cache vorerst nochmal aktiviert - wer nicht so lange warten will, bis die Webcam sich aktualisiert hat, der kann mir ja einfach ein selbstgemachtes Foto vor der Kulisse des naheliegenden historischen Gebäudes machen ... In der Zwischenzeit werde ich mir etwas Neues für diesen Cache einfallen lassen!! <img src='http://www.geocaching.com/images/icons/icon_smile.gif' border=0 align=middle><p>Schöne Grüße und happy hunting! Smeagol<br />]]></LOG>
<LOG><![CDATA[<img src='icon_camera.gif'>&nbsp;2006-09-15 by prinzenrolle<br><br />Während eines zweitägigen Workshop wollte ich mich hier ablichten lassen, konnte jedoch kein Bild von mir bekommen.<br>Bei einem Gespräch mit dem Besitzer des Hotels hat sich herausgestellt, dass die WebCam nur noch alle 15-30 Minuten ein Bild liefert, da sich einige Gäste beschwert hatten.<br>Ich wünsche den nächsten Cachern mehr Geduld oder Glück beim ablichten.<p>In Absprache mit dem Cacheowner logge ich diesen Cache, obwohl ich kein Bild machen konnte.<p>Vielen dank an smeagol<br>Prinzenrolle<br><br />]]></LOG>
<LOG><![CDATA[<img src='icon_camera.gif'>&nbsp;2006-06-10 by norby.de<br><br />Heute als erstes den WebCamCache. <img src='http://www.geocaching.com/images/icons/icon_smile_cool.gif' border=0 align=middle> Mindestens 10 min rumstehen sieht schon irgendwie komisch aus, zumindest für die Gäste... <br>Viele Grüße an ALLE...  Norbert<br />]]></LOG>
<LOG><![CDATA[<img src='icon_camera.gif'>&nbsp;2006-05-26 by Altes Ehepaar<br><br />Jetzt haben wir endlich das Bild bekommen und können den cache Loggen. Vielen Dank und Gruß, <br>das alte Ehepaar<br />]]></LOG>
<LOG><![CDATA[<img src='icon_camera.gif'>&nbsp;2006-04-02 by Mueckenfett<br><br />Auf meiner Hersfeld-Rotenburg-Tour diesen schönen Ort mal besucht.Leider war`s schon kurz nach 5 Uhr und keine Besichtigung der Wasserburg möglich.<br>Die Cam war schnell entdeckt,aber das gute Bild wurde nur alle 10 min aktualisiert<img src='http://www.geocaching.com/images/icons/icon_smile_sad.gif' border=0 align=middle><br>Besten Dank für diesen tollen Ort.<br>Tom aus Mühlhausen/Thür.<br />]]></LOG>
<LOG><![CDATA[<img src='icon_camera.gif'>&nbsp;2006-03-19 by KnickKnack<br><br />Hallo!<br>Auf Dienstreise mit unserem besten Einkäufer unterwegs, haben wir hier an diesem schönen Wasserschloß eine kleine Pause eingelegt. Das Bild der Kamera ist grotten schlecht, deshalb noch ein Zweites dazu.<br>Danke für diesen Cache an wirklich sehenswerter Location!<br>Herzliche Grüße aus dem Rheinland<br>Team KnickKnack unterwegs mit Sunnyboy11<br />]]></LOG>
<LOG><![CDATA[<img src='icon_camera.gif'>&nbsp;2006-03-18 by Sunnyboy11<br><br />15:50 Uhr #123<p>Heute zum zweiten Mal mit KnickKnack an dieser wirklich sehenswerten Location. Am Vortag war leider morgens um 6:30 Uhr die Webcam noch nicht aktiv... Heute hat es dann bei frostigen Temperaturen geklappt. Dank auch an Vater-KnickKnack und Mitch60, die zu Hause am Rechner für uns die Foto's schossen. Da das Webcam-Foto nicht so dolle ist haben wir zusätzlich unser eigenes noch beigefügt.<br>Vielen Dank für diesen Cache.<p>Grüße aus dem Rheinland<br>Sunnyboy11 <img src='http://www.geocaching.com/images/icons/icon_smile_cool.gif' border=0 align=middle> -Alex-<p><br />]]></LOG>
<LOG><![CDATA[<img src='icon_camera.gif'>&nbsp;2006-01-07 by Heussi<br><br />Hallo Sméagol!<p>Unser erster Webcamcache!<br>Am 07.01.2006 um 15.40Uhr Webcam-Cache bei miesem Wetter durch meine bessere Hälfte geloggt! (siehe Fotos!).<br>E-Mail über Prospektpreis folgt! <p>Danke für den tollen Cache!<p>Viele Grüsse von den Heussis!<br />]]></LOG>
<LOG><![CDATA[<img src='icon_enabled.gif'>&nbsp;2005-08-16 by smeagol<br><br />So, webcam sollte wieder funzen ... hab jetzt mal den direkten link zum Foto oben integriert und es etwas einfacher gemacht ... <img src='http://www.geocaching.com/images/icons/icon_smile.gif' border=0 align=middle><br />]]></LOG>
<LOG><![CDATA[<img src='icon_disabled.gif'>&nbsp;2005-08-02 by smeagol<br><br />Da die Webcam derzeit wohl außer Betrieb ist, wird auch der Cache bis auf Weiteres erstmal disabled ... <img src='http://www.geocaching.com/images/icons/icon_smile_sad.gif' border=0 align=middle><br />]]></LOG>
<LOG><![CDATA[<img src='icon_camera.gif'>&nbsp;2005-07-30 by geoPirat<br><br />Schöner Ort, den ich mit Familie zum Picknicken schon mal besucht hatte. Toll, das jetzt hier eine WebCam ist. Konnte leider mit meinem Notebook keine GPRS Verbindung zur WebCam aufbauen, deshalb DigiCam-Fotos. Herzlichen Dank für den Cache!<br />]]></LOG>
<LOG><![CDATA[<img src='icon_camera.gif'>&nbsp;2005-06-06 by Bayer<br><br />Da die Webcam nicht ging, haben Findfix und ich die Bilder so gemacht.<br>Der Ort ist eine Anfahrt wert.<br>Danke für die Erlaubnis an Smeagol.<br>Bayrischer Gruß<br><br />]]></LOG>
<LOG><![CDATA[<img src='icon_camera.gif'>&nbsp;2005-06-06 by Findfix<br><br />Just for the hunt - TNLNSL		<br>		<br>Gruß Findnix		<img src='http://www.geocaching.com/images/icons/icon_smile_cool.gif' border=0 align=middle><br><br />]]></LOG>
</LOGS>
<NOTES><![CDATA[]]></NOTES>
<IMAGES>
    <IMG>gcnz50_0.gif<URL>http://www.geocaching.com/images/icons/icon_smile_big.gif</URL></IMG>
    <IMG>gcnz50_1.gif<URL>http://www.geocaching.com/images/icons/icon_smile_wink.gif</URL></IMG>
    <IMG>gcnz50_2.gif<URL>http://www.geocaching.com/images/icons/icon_smile.gif</URL></IMG>
    <IMG>GCNZ50_3.jpg<URL>http://img.geocaching.com/cache/0f2b3cb4-014d-4bf3-980a-3dcf91adc497.jpg</URL></IMG>
    <IMG>GCNZ50_4.jpg<URL>http://img.geocaching.com/cache/09382db9-b086-4927-8e49-48732de88856.jpg</URL></IMG>
    <IMG>GCNZ50_4.jpg<URL>http://img.geocaching.com/cache/09382db9-b086-4927-8e49-48732de88856.jpg</URL></IMG>
    <IMGTEXT>GCNZ50_0</IMGTEXT>
    <IMGTEXT>GCNZ50_1</IMGTEXT>
    <IMGTEXT>GCNZ50_2</IMGTEXT>
    <IMGTEXT>Das historische Geb&#228;ude (SPOILER!!!)</IMGTEXT>
    <IMGTEXT>GCNZ50_3<DESC>So kann das dann aussehen - bei der Gelegenheit noch ein Dankesch&#246;n ans &quot;EiskalteHaendchen&quot;!!!</DESC></IMGTEXT>
    <IMGTEXT>GCNZ50_3<DESC>So kann das dann aussehen - bei der Gelegenheit noch ein Dankesch&#246;n ans &quot;EiskalteHaendchen&quot;!!!</DESC></IMGTEXT>
</IMAGES>
<TRAVELBUGS>
</TRAVELBUGS>
<URL><![CDATA[]]></URL>
<SOLVER><![CDATA[]]></SOLVER>
    <CACHE  name = "Webcamcache: Prinz von Hessen" owner = "smeagol" lat = "50,880266666667" lon = "9,855816666667" hidden = "2005-05-17" wayp = "GCNZ50" status = "" ocCacheID = "" lastSyncOC = "20100419233600" num_recommended = "0" num_found = "-1" attributesYes = "6597076189184" attributesNo = "0" boolFields="1922" byteFields="723466" attributesYes1 = "0" attributesNo1 = "0" />
</CACHEDETAILS>
