<?xml version="1.0" encoding="ISO-8859-1"?>
<CACHEDETAILS>
<VERSION value = "3"/>
<DETAILS><![CDATA[<br>kleiner Cache für zwischendurch.<br />
An manchen Tagen ist hier mit erhöhtem Muggelaufkommen zu
rechnen.<br />
24.2.07 etwas verlegt]]></DETAILS>
<COUNTRY><![CDATA[Germany]]></COUNTRY>
<STATE><![CDATA[Thüringen]]></STATE>
<ATTRIBUTES>
   <ATT>wheelchair-no.gif</ATT>
   <ATT>bicycles-yes.gif</ATT>
   <ATT>firstaid-yes.gif</ATT>
   <ATT>stroller-yes.gif</ATT>
   <ATT>available-yes.gif</ATT>
   <ATT>dogs-yes.gif</ATT>
</ATTRIBUTES>
<HINTS><![CDATA[Onhz zvg Avfgxnfgra,va 2z ubrur]]></HINTS>
<LOGS>
<OWNLOGID></OWNLOGID>
<OWNLOG><![CDATA[]]></OWNLOG>
<LOG><![CDATA[<img src='icon_smile.gif'>&nbsp;2010-04-02 by Kateflight<br><br />Schöner cache,schnell gefunden.tftc<br />]]></LOG>
<LOG><![CDATA[<img src='icon_needsmaint.gif'>&nbsp;2010-04-02 by Kateflight<br><br />Schöner cache und schnell gefunden, leider ist das Logbuch voll. Bitte um  Erneuerung=) TFTC<br />]]></LOG>
<LOG><![CDATA[<img src='icon_smile.gif'>&nbsp;2010-04-02 by heilaender123<br><br />Ein schönes Plätzchen für einen Cache <br>Danke sagt der Heilaender123 <img src='http://www.geocaching.com/images/icons/icon_smile_big.gif' border=0 align=middle><br />]]></LOG>
<LOG><![CDATA[<img src='icon_smile.gif'>&nbsp;2010-03-29 by Kami79<br><br />bei einem rundgang durch den hübschen garten (den wir noch nicht mal kannten) richtung vogelhäuschen - ja welches denn nun?  <img src='http://www.geocaching.com/images/icons/icon_smile_wink.gif' border=0 align=middle> - spaziert und um 19:30 fix mal geloggt...<br>noch kurz in den (wunsch-)brunnen geschaut und weiter ging es durch mühlhausen...<p>DFDC Kami+kleinstrolch<br />]]></LOG>
<LOG><![CDATA[<img src='icon_smile.gif'>&nbsp;2010-03-29 by saheimast<br><br />Den letzten Tag unseres Caching-Urlaubs in Mühlhausen erfolgreich abgeschlossen. Danke für die vielen netten caches.<br />]]></LOG>
<LOG><![CDATA[<img src='icon_smile.gif'>&nbsp;2010-03-29 by Satchmo77<br><br />An unserem letzen Tag auf Cacherreise nach Mühlhausen auf den Spuren der "Mühlhauser Verstecker" auch diesen gefunden. Danke für eine tolle Zeit mit vielen, tollen Dosen in eindrucksvoller Umgebung! TFTC<br />]]></LOG>
<LOG><![CDATA[<img src='icon_smile.gif'>&nbsp;2010-03-29 by Fhuti83<br><br />Schnell gefunden und gelogt. Unterwegs mit saheimast und satchmo77. TFTC<br />]]></LOG>
<LOG><![CDATA[<img src='icon_smile.gif'>&nbsp;2010-03-27 by UlliSilke<br><br />Hübsche Umgebung für einen Cache! Danke für´s Zeigen! UlliSilke.<br />]]></LOG>
<LOG><![CDATA[<img src='icon_smile.gif'>&nbsp;2010-02-24 by nor@x<br><br />Beim ersten Versuch einen Tag eher, hat er sich bei strömenden Regen noch versteckt. Da kam aber sicher auch die nur geringe Lust zum Suchen dazu. Heute konnte er sich nicht lange verstecken. Ein kurzer Blick und schon in den Händen gehalten. Schönes Versteck.<br>TFTC nor@x<br />]]></LOG>
<LOG><![CDATA[<img src='icon_smile.gif'>&nbsp;2010-02-03 by Nalenia<br><br />gut gefunden. bewundernswerte Bauwerke hier, danke für´s zeigen.<br>TFTC<br>Nalenia<img src='http://www.geocaching.com/images/icons/icon_smile_wink.gif' border=0 align=middle><br />]]></LOG>
<LOG><![CDATA[<img src='icon_smile.gif'>&nbsp;2010-01-24 by beagle67<br><br />Im Schutz der Dunkelheit schnell gefunden.<br>Vorsicht momentan sehr glatt!!!<br>---24.01.2010---17.15Uhr---<br>TFTC<br><br />]]></LOG>
<LOG><![CDATA[<img src='icon_smile.gif'>&nbsp;2010-01-10 by Ausche<br><br />Gut gefunden. <br>TFTC<br />]]></LOG>
<LOG><![CDATA[<img src='icon_smile.gif'>&nbsp;2010-01-09 by R&#252;ben<br><br />schöne gegend und auch schnell gefunden! <br>TFTC<br />]]></LOG>
<LOG><![CDATA[<img src='icon_smile.gif'>&nbsp;2010-01-09 by monalisa812<br><br />eine sehr schöne umgebung auch mitten in der nacht! aber er war nicht ganz einfach zu finden! aber es hat noch funktioniert! <br>TFTC <br />]]></LOG>
<LOG><![CDATA[<img src='icon_smile.gif'>&nbsp;2010-01-09 by mediamarkt1990<br><br />nach einer cache tour mit monalisa und rüben gefunden bloß die koordinaden sind für die katz die müssen mal aktualisiert werden TFTC<br />]]></LOG>
<LOG><![CDATA[<img src='icon_smile.gif'>&nbsp;2010-01-07 by rageracer<br><br />Heute auf kleiner abendlicher Cache-Tour mit Gastcacher Jörgi gewesen,<br>und nachdem wir erst den falschen Baum im Visir hatten, haben wir den Cache dann doch gut gefunden.<br>Man muss dazu sagen das es dunkel war und wir dort nicht unbedingt mit der Taschenlampe rumfunzeln wollten.<br>Gute Idee mit der Befestigung.  	<img src='http://www.geocaching.com/images/icons/icon_smile_wink.gif' border=0 align=middle><p>rageracer --- 07.01.10 --- 19.30 Uhr<p>TFTC<br />]]></LOG>
<LOG><![CDATA[<img src='icon_smile.gif'>&nbsp;2010-01-02 by David+Chrissi<br><br />(Häckchen) Auch wir haben heute ENDLICH bei einem kleinem Ausflug diesen Cache gefunden. Auch wenn das GPS 35 Meter Entfernung zeigte .... Danke fürs zeigen, ganz liebe Grüße senden <br>David+ Chrissi  <img src='http://www.geocaching.com/images/icons/icon_smile.gif' border=0 align=middle> <br />]]></LOG>
<LOG><![CDATA[<img src='icon_smile.gif'>&nbsp;2009-12-27 by hblack<br><br />Hier hätte es ohne Hint sicher sehr viel länger gedauert. Beide GPS waren beim Versteck nämlich ganz anderer Meinung!! <img src='http://www.geocaching.com/images/icons/icon_smile_evil.gif' border=0 align=middle> Danke für den Cache! <img src='http://www.geocaching.com/images/icons/icon_smile.gif' border=0 align=middle><br />]]></LOG>
<LOG><![CDATA[<img src='icon_smile.gif'>&nbsp;2009-12-13 by imme56<br><br />Auf kleiner Runde durch MHL gut gefunden. Im Sommer ist es hier bestimmt unterhaltsam. DFDC<br />]]></LOG>
<LOG><![CDATA[<img src='icon_smile.gif'>&nbsp;2009-12-12 by Tini1985<br><br />Endlich mal wieder Zeit gehabt für eine Mini-Cache-Tour in MHL und diesen schnell geloggt.<br>TFTC und bis morgen,<br>Tini1985<br />]]></LOG>
<LOG><![CDATA[<img src='icon_smile.gif'>&nbsp;2009-12-05 by Hardcore-UH<br><br />schnell gefunden und gelogt schöne sache<br>TFTC<br />]]></LOG>
<LOG><![CDATA[<img src='icon_smile.gif'>&nbsp;2009-11-22 by Querfahrer<br><br />Die Koordinaten schickten uns ein paar Meter in die andere Richtung! Mit unserem Helfer haben wir das Döschen um 15:40 Uhr überreicht bekommen.<p>Danke für den Cache<p>Grüße<br>Susi und Uwe<p><br />]]></LOG>
<LOG><![CDATA[<img src='icon_smile.gif'>&nbsp;2009-11-10 by Karolli<br><br />Der Cache hat sich wirklich gelohnt - so ein schöner, versteckter Platz. Und selbst bei dem schlechten Wetter heute, konnten wir es nicht lassen am Wasserrad zu spielen<img src='http://www.geocaching.com/images/icons/icon_smile_cool.gif' border=0 align=middle>.<br>Danke fürs Zeigen!<br />]]></LOG>
<LOG><![CDATA[<img src='icon_smile.gif'>&nbsp;2009-10-18 by Gapsappa<br><br />Diesen idyllischen Platz kannte ich noch gar nicht.<br>Hier waren wir sicher nicht das letzte Mal!<p>Danke, Gapsappa<br />]]></LOG>
<LOG><![CDATA[<img src='icon_smile.gif'>&nbsp;2009-10-14 by halligalli<br><br />danke für's zeigen der schönen wasserspiele !<br>steffen<br />]]></LOG>
<LOG><![CDATA[<img src='icon_smile.gif'>&nbsp;2009-10-04 by muurikka<br><br />Schöner Cache in schöner Location. Vielen Dank!<br />]]></LOG>
<LOG><![CDATA[<img src='icon_smile.gif'>&nbsp;2009-10-03 by DasKnie<br><br />Gefunden! Zum Glück, denn beim ersten Alnauf ging's nicht wegen zu vieler Muggels. Das eher durchschnittliche Wetter heute hat uns geholfen! :-)<br />]]></LOG>
<LOG><![CDATA[<img src='icon_smile.gif'>&nbsp;2009-10-01 by Ferdi Fuchs<br><br />Gemeinsam mit Püsterich bei einer nächtlichen Runde gefunden.<br />]]></LOG>
<LOG><![CDATA[<img src='icon_smile.gif'>&nbsp;2009-10-01 by P&#252;sterich<br><br />Als letzten der heutigen Tour durch Mühlhausen um 22.10 Uhr gefunden.<p>Püsterich<br />]]></LOG>
<LOG><![CDATA[<img src='icon_note.gif'>&nbsp;2009-09-13 by armsoeh<br><br />Hier war grad ein Konzert im Garten...mussten unverrichteter Dinge weiterfahren.<p>Viele Grüße vom Armsoeh-Team<br />]]></LOG>
<LOG><![CDATA[<img src='icon_smile.gif'>&nbsp;2009-09-04 by Hawkbounce<br><br />Mit dem Team meines Vertrauens, mal wieder auf Tour gewesen.<p>TFTC Hawkbounce<br />]]></LOG>
<LOG><![CDATA[<img src='icon_smile.gif'>&nbsp;2009-09-04 by sixpack KS<br><br />Mit einer schnellen Crew - ein schneller Zugriff.<p>TFTC sixpack ks<br />]]></LOG>
<LOG><![CDATA[<img src='icon_smile.gif'>&nbsp;2009-09-04 by michael3005<br><br />Heute im bewährten Team mit Yanthana, Sixpack KS und Hawkbounce gut und sicher gefunden.<p>TFTC<p>Michael3005<br />]]></LOG>
<LOG><![CDATA[<img src='icon_smile.gif'>&nbsp;2009-09-04 by yanthana<br><br />Auf Tour mit Michael3005, Sixpack KS und Hawkbounce. Diesen Cache dabei gut und sicher gefunden.<p>TFTC<p>Yanthana<br />]]></LOG>
<LOG><![CDATA[<img src='icon_smile.gif'>&nbsp;2009-08-23 by compiprofi<br><br />Die Station des cache war zwar nicht schnell, aber nach gründlichem Rundumblick dann doch noch ausgemacht. Im Sommer ist es doch etwas schwieriger als bei Schneetreiben. <img src='http://www.geocaching.com/images/icons/icon_smile_big.gif' border=0 align=middle> Aber haben ihn muggelfrei loggen können und hatten sogar noch genügend Zeit, um die Ausstellung genauestens zu betrachten. Schöner Ort. Danke fürs Zeigen. In: vogel, Out nix <img src='http://www.geocaching.com/images/icons/icon_smile_big.gif' border=0 align=middle><img src='http://www.geocaching.com/images/icons/icon_smile_big.gif' border=0 align=middle><img src='http://www.geocaching.com/images/icons/icon_smile_big.gif' border=0 align=middle><br />]]></LOG>
<LOG><![CDATA[<img src='icon_smile.gif'>&nbsp;2009-08-23 by Cori87<br><br />Zusammen mit Nathus (siehe unten) gefunden. Dankeschön!!<br />]]></LOG>
<LOG><![CDATA[<img src='icon_smile.gif'>&nbsp;2009-08-22 by Nathus<br><br />Mit meiner Band D:PROJEKT weilten wir in Mühlhausen zum evang. Jugendtag. Zwischendurch blieb Zeit zum Cachen <img src='http://www.geocaching.com/images/icons/icon_smile_tongue.gif' border=0 align=middle>.<br>Schöner Ort zum Relaxen hier. Danke.<p><font color="green"><b>*Nathus*</b></font><br />]]></LOG>
<LOG><![CDATA[<img src='icon_smile.gif'>&nbsp;2009-08-11 by leoni_1984<br><br />Schönes Ding! Gefunden mit Kathy und denn Cachedogs Benni und Jacky! Danke fürs zeigen! <br />]]></LOG>
<LOG><![CDATA[<img src='icon_smile.gif'>&nbsp;2009-08-09 by la_ku<br><br /><br>Zu Besuch in Eigenrieden auf einem Rundgang durch Mühlhausen schnell gefunden. Sehr schöner Ort, musste gleich noch auf ein Bierchen bleiben.<p>Grüße aus Halle.<p>TFTC, La_ku<p><br />]]></LOG>
<LOG><![CDATA[<img src='icon_smile.gif'>&nbsp;2009-08-05 by pebbles1305<br><br />Was für ein schöner Ort!!!<p>Ich bin jetzt mal so frech und logge als found, obwohl ich mich nicht ins Logbuch eintragen konnte. Ich hab den Kleinen berührt, hätte ihn auch an mich nehmen und eintragen können, aber das Döschen nicht wieder an seinen Ort der Bestimmung bringen können!<p>Ich hoffe, es "gildet", allein schon für die weite Anreise!<p>Nummer 27 auf Thüringen-Hessen-Niedersachsen-Tour  #398<br />]]></LOG>
<LOG><![CDATA[<img src='icon_smile.gif'>&nbsp;2009-07-23 by littlesoldier<br><br />Beim zweiten Versuch erfolgreich geloggt!<br />]]></LOG>
<LOG><![CDATA[<img src='icon_smile.gif'>&nbsp;2009-07-19 by fabio-otto<br><br />Ja den Garten kenn ich schon länger, ist ein schöner Fleck.<br>Danke für den schönen Cache.<br />]]></LOG>
<LOG><![CDATA[<img src='icon_smile.gif'>&nbsp;2009-07-14 by FTT<br><br />Schließe mich dann mal Biba und Burnair an.Schöne Stelle hier, die ich so auch noch nicht gesehen hatte.<br>TFTC<br />]]></LOG>
<LOG><![CDATA[<img src='icon_smile.gif'>&nbsp;2009-07-14 by burnair<br><br />keine muggler ging dann fix dank biba ;-)<br />]]></LOG>
<LOG><![CDATA[<img src='icon_smile.gif'>&nbsp;2009-07-14 by biba1981<br><br />erst falsches vogelhaus erwischt<img src='http://www.geocaching.com/images/icons/icon_smile_blush.gif' border=0 align=middle> schnell nochma das gps ausgepackt aber dann das richtige<img src='http://www.geocaching.com/images/icons/icon_smile_big.gif' border=0 align=middle><br />]]></LOG>
<LOG><![CDATA[<img src='icon_smile.gif'>&nbsp;2009-06-18 by BastiVW<br><br />beim kurzen zwischen stopp, trotz vieler muggels schnell logt<br />]]></LOG>
<LOG><![CDATA[<img src='icon_smile.gif'>&nbsp;2009-05-31 by Horse-Team<br><br />Auf Tour durch Mühlhausen auch diesen Cache gut mit variblue und kpit51 bei schönem Wetter gefunden. <br>TFTC<br>Horse-Team<br />]]></LOG>
<LOG><![CDATA[<img src='icon_smile.gif'>&nbsp;2009-05-31 by variblue<br><br />Auf einer landschaftlich sehr schönen Tour nach Mühlhausen zusammen mit dem<br>Horse-Team und kpit51 haben wir auch diesen Cache gut und schnell gefunden.<p>Danke für den Cache.<p>Gruß<br><b><font color="blue">variblue</b></font><br><br />]]></LOG>
<LOG><![CDATA[<img src='icon_smile.gif'>&nbsp;2009-05-31 by kpit51<br><br />Heute mal mit dem Horse-Team und variblue eine Runde in und um Mühlhausen gedreht und den einen und anderen Cache besucht. <br>Ich danke allen Ownern für ihre Mühe mal schöne und mal schnelle Caches zu legen.<p>Vielen Dank<br>Peter<br />]]></LOG>
<LOG><![CDATA[<img src='icon_smile.gif'>&nbsp;2009-05-30 by Red Caboose<br><br />Schnell gefunden.<br>TFTC Gruß Red Caboose.<br />]]></LOG>
<LOG><![CDATA[<img src='icon_smile.gif'>&nbsp;2009-05-30 by Irrwitzer<br><br />Kurz vor Einbruch der Dunkelheit wurden wir nur noch von merkwürdigen Vögeln beobachtet <img src='http://www.geocaching.com/images/icons/icon_smile_wink.gif' border=0 align=middle><br>TFTC Team Irrwitzer<br />]]></LOG>
<LOG><![CDATA[<img src='icon_smile.gif'>&nbsp;2009-05-10 by two rubsners<br><br />Obwohl die Koordinaten etwas irreleiten, doch noch gefunden.<br />]]></LOG>
<LOG><![CDATA[<img src='icon_smile.gif'>&nbsp;2009-05-01 by freiluftfan<br><br />am kampf- und feiertag schnell gefunden, das muggelaufkommen war wider erwarten gering. schönes plätzchen. <br />]]></LOG>
<LOG><![CDATA[<img src='icon_smile.gif'>&nbsp;2009-05-01 by nico.mac<br><br />Nachdem ich die Spurensuche in Mühlhausen aufgrund des Feiertages leider nicht erfolgreich abschließen konnte, habe ich einen Abstecher zu diesem Cache gemacht. TFTC an dieser schönen Stelle, an der ich sonst wohl vorbeigelaufen wäre. nico.mac<br />]]></LOG>
<LOG><![CDATA[<img src='icon_smile.gif'>&nbsp;2009-04-26 by 0-Rgeiz<br><br />Wie schon so häufig:<br>Ohne GeoCaching wären wir hier nicht hingekommen.<br>Interessant.<br>Danke für den Cache.<br />]]></LOG>
<LOG><![CDATA[<img src='icon_smile.gif'>&nbsp;2009-04-25 by itzibitzi<br><br />Kleiner Rundgang mit überaschenden Innenhöfen. Sieht man von außen überhaupt nicht. Schön gemacht. Danke fürs Zeigen.<br />]]></LOG>
<LOG><![CDATA[<img src='icon_smile.gif'>&nbsp;2009-04-19 by Sobo<br><br />Alligateuse und ich haben einen Ausflug nach Muehlhausen und Umgebung gemacht und wollten an diesem Cache nicht achtlos vorueberziehen. <br>Noch bevor ich zugegriffen hatte, hielt alligateuse das Doeschen bereits in der Hand. <br>Herzlichen Dank fuer den Cache und Gruesse aus der Nordheide,<br>Sobo<br />]]></LOG>
<LOG><![CDATA[<img src='icon_smile.gif'>&nbsp;2009-04-19 by alligateuse<br><br />Große Mühlhausen-Tour mit sobo <img src='http://www.geocaching.com/images/icons/icon_smile_big.gif' border=0 align=middle> ein flotter Cache für zwischendurch, sozusagen.<p>Danke fürs Verstecken, Grüße aus Hamburg,<br>Annett<br />]]></LOG>
<LOG><![CDATA[<img src='icon_smile.gif'>&nbsp;2009-04-19 by Kuchenmops<br><br />Seit dem Besuch dieses Caches weiß ich nun auch was Spolien sind, da hätte ich in der Schule mal besser aufpassen sollen. Mit dem Cache gab es keine Probleme, vielen Dank und Grüße an den Owner!<br />]]></LOG>
<LOG><![CDATA[<img src='icon_smile.gif'>&nbsp;2009-04-19 by LadyOscar<br><br />Ein wirklich sehr schönes Plätzchen, hier hätten wir es länger aushalten können. <br>Vielen Dank fürs Zeigen und das schöne Versteck! <br />]]></LOG>
<LOG><![CDATA[<img src='icon_smile.gif'>&nbsp;2009-04-19 by Kerny77<br><br />Nix fuer kleine, aber ich hatte ja nen partner dabei <img src='http://www.geocaching.com/images/icons/icon_smile_big.gif' border=0 align=middle><br />]]></LOG>
<LOG><![CDATA[<img src='icon_smile.gif'>&nbsp;2009-04-05 by wildthing666<br><br />... schöner Ort... hat uns gut gefallen. <br>LG Wildthing666 + Teddily + Kids<br />]]></LOG>
<LOG><![CDATA[<img src='icon_smile.gif'>&nbsp;2009-04-05 by Sharky77<br><br />Viele Bäume und viele Muggel...aber trotzdem sicher geborgen! TFTC!<br />]]></LOG>
<LOG><![CDATA[<img src='icon_smile.gif'>&nbsp;2009-03-24 by MaxThomas<br><br />Was sind Spolien?<br>Grüße,<br>MaxThomas<br />]]></LOG>
<LOG><![CDATA[<img src='icon_smile.gif'>&nbsp;2009-03-08 by Schippi38<br><br />Bei Regenwetter war hier nicht viel los und so konnte ungestört geloggt werden.<br>Danke sagt Schippi38!<br />]]></LOG>
<LOG><![CDATA[<img src='icon_smile.gif'>&nbsp;2009-02-16 by wombat62<br><br />Bei naßkaltem Wetter rasch gefunden und geloggt.<p>Vielen Dank sagt Wombat62<br />]]></LOG>
<LOG><![CDATA[<img src='icon_smile.gif'>&nbsp;2009-02-07 by michael01<br><br />Heute waren wir unterwegs mit Smeagol, Schnullerbacke77 und Frittenbude70, um Mühlhausen unischer zu machen.<p>Bei inzwischen völliger Dunkelheit und Dauerregen haben wir es uns nicht nehmen lassen, auch diesen Cache noch zu bergen.<p>Danke und viele Grüße<br>Michael01<br>#1398<br><br />]]></LOG>
<LOG><![CDATA[<img src='icon_smile.gif'>&nbsp;2009-02-05 by die Engel vom Dorf<br><br />Unsere Rundtour durch Mühlhausen führte uns auch in den Hinterhof-Kunstgarten, dem der Owner einen Cache gewidmet hat. Kreative Köpfe haben in der Nähe der Spolien ein kleines Wasserspiel-Ensemble gestaltet, dass in Sommertagen sicher zum Verweilen einläd. Wir haben den Cache recht schnell gefunden und uns selbst zur Belohnung ins angrenzende Restaurant "Puschkin" eingeladen <img src='http://www.geocaching.com/images/icons/icon_smile_big.gif' border=0 align=middle>. Die kleine Runde hat sich somit voll gelohnt, wegen des gefundenen Döschens, der interessanten Umgebung und des schmackhaften Essens <img src='http://www.geocaching.com/images/icons/icon_smile_approve.gif' border=0 align=middle>. <p>Danke für's Herlocken sagen die Engel vom Dorf<br># 778<br />]]></LOG>
<LOG><![CDATA[<img src='icon_smile.gif'>&nbsp;2009-02-01 by commander-rabb<br><br />Schönes Versteck. Wir haben ihn im "Vorbeigehen" geloggt :-)<p>DFDC<br>commander-rabb<br />]]></LOG>
<LOG><![CDATA[<img src='icon_smile.gif'>&nbsp;2009-01-24 by Schnullerbacke77<br><br /><img src='http://img.groundspeak.com/forums/emoticons/signal/cute.gif' width=19 height=19 border=0 align=middle>Mein 440. Cache.<img src='http://img.groundspeak.com/forums/emoticons/signal/smile.gif' width=19 height=19 border=0 align=middle><br>Mühlhausen mit Frittenbude70 und Smeagol heute unsicher gemacht.<br>War an der richtigen Stelle und hab ihn doch nicht gesehen. Gut das Smeagol da war. Ruckzuck geloggt und auf zur Letterbox.<br>Vielen Dank für diesen interessanten Ort und viele Grüsse an den Owner.<img src='http://img.groundspeak.com/forums/emoticons/signal/cute.gif' width=19 height=19 border=0 align=middle><br>Schnullerbacke77<br />]]></LOG>
<LOG><![CDATA[<img src='icon_smile.gif'>&nbsp;2009-01-24 by Team Fribu70 &amp; Schnuba77<br><br /><b>Die Verrückten - Smeagol, Schnullerbacke77 und ich- waren wieder unterwegs, diesmal musste Mühlhausen dran glauben!</b><br><font color="blue">Nach der Spurensuche ging es dann schnell zum Startpunnkt des Letterbox-Caches.<br>Auf dem Weg dahin musste dies kleine Dose auch noch fallen. <p><i>Vielen Dank!</i></font><img src='http://img.groundspeak.com/forums/emoticons/signal/big_smile.gif' width=19 height=19 border=0 align=middle><br />]]></LOG>
<LOG><![CDATA[<img src='icon_smile.gif'>&nbsp;2009-01-24 by smeagol<br><br />1496. Auf Mühlhausen-Tour mit Schnullerbacke77 und Frittenbude70!<p>Auf dem Weg zum Startpunkt des Letterbox-Caches haben wir dann auch hier nochmal vorbeigeschaut und das Döschen schnell entdeckt - interessante Stelle!<p>Danke und Gruß, Smeagol<br />]]></LOG>
<LOG><![CDATA[<img src='icon_smile.gif'>&nbsp;2008-12-12 by kallimunkel<br><br />14:40 Uhr Der große Kallimunkel war dienstlich in MHL unterwegs und ein wenig Zeit blieb, um auch diesen schnell zu finden.<br>Danke und Grüße aus NDH senden die Kallimunkels<br />]]></LOG>
<LOG><![CDATA[<img src='icon_smile.gif'>&nbsp;2008-11-03 by geofutz<br><br />Nach einem Termin in Ammern hier mal zu einem Gegenbesuch vorbeigeschaut und schnell gefunden. Mal wieder eine Ecke, die ich noch nicht kannte.<br>Gratulation noch zum Cache # 6.000<br>In und Out: TB Geofutz Counter<br>Beste Grüße aus dem Eichsfeld und Danke für # 335.<br>BYE Geofutz.<br />]]></LOG>
<LOG><![CDATA[<img src='icon_smile.gif'>&nbsp;2008-11-01 by Steppenwolf6666<br><br />Diesmal konnte ich den Cache in Ruhe angehen und loggen.<br />]]></LOG>
<LOG><![CDATA[<img src='icon_smile.gif'>&nbsp;2008-11-01 by Blacky59<br><br />Mit Steppenwolf6666 unterwegs gewesen und auch hier vorbei gekommen.<br />]]></LOG>
<LOG><![CDATA[<img src='icon_smile.gif'>&nbsp;2008-10-31 by MrTT<br><br />Der Kleinste hatte hier die besten Augen.<br />]]></LOG>
<LOG><![CDATA[<img src='icon_smile.gif'>&nbsp;2008-10-30 by das Licht<br><br />Schnell gefunden<p>Danke<br />]]></LOG>
<LOG><![CDATA[<img src='icon_smile.gif'>&nbsp;2008-10-30 by Sonnen Strahl<br><br />Schnell gefunden.<p>Danke<br />]]></LOG>
<LOG><![CDATA[<img src='icon_smile.gif'>&nbsp;2008-10-20 by X-Gang<br><br />Auf dem Weg in die Altstadt haben wir diesen interessanten <img src='http://www.geocaching.com/images/icons/icon_smile.gif' border=0 align=middle> Platz kennen gelernt.<br>Danke und Grüße von der X- Gang. <br />]]></LOG>
<LOG><![CDATA[<img src='icon_smile.gif'>&nbsp;2008-10-05 by Hartn<br><br />Beim 2.Anlauf gefunden. Ist bei mir um die Ecke.<br />]]></LOG>
<LOG><![CDATA[<img src='icon_smile.gif'>&nbsp;2008-09-26 by Hoffi1986<br><br />Kurz vor dem Aufgeben doch noch durch Zufall der 2 Gastcacher gefunden! So leicht zu übersehen!<br />]]></LOG>
<LOG><![CDATA[<img src='icon_smile.gif'>&nbsp;2008-09-01 by GeoSittiche<br><br />Immer wieder vergessen,nun endlich gehoben.<br>Danke<br>die GeoSittiche<br />]]></LOG>
<LOG><![CDATA[<img src='icon_smile.gif'>&nbsp;2008-08-22 by Morglin<br><br />Auf unserer Reise hatten wir einen freien Vormittag, den ich zum Cachen genutzt habe. <br>Das ist ja ein wunderschöner Ort! Vielen Dank fürs Zeigen!<br>Grüße aus Berlin,<br>Morglin<br />]]></LOG>
<LOG><![CDATA[<img src='icon_smile.gif'>&nbsp;2008-08-12 by kleinerMuck77<br><br />Auf einem schönen Spaziergang durch Mühlhausen gut gefunden - vielen Dank.<p>#432<br />]]></LOG>
<LOG><![CDATA[<img src='icon_smile.gif'>&nbsp;2008-07-02 by Moor2007<br><br />Heute mittag gelogt.<p>TFTC sagt moor2007<br />]]></LOG>
<LOG><![CDATA[<img src='icon_smile.gif'>&nbsp;2008-06-08 by Strauchdieb<br><br />Unser Erster in Mühlhausen und dann gleich so ein schicker Hinterhof.<br>Danke sagen Maik und Sabine<br />]]></LOG>
<LOG><![CDATA[<img src='icon_smile.gif'>&nbsp;2008-05-24 by funki<br><br />Auch diesen zusammen mit *sarah*, Slentil, inge + dunsi sowie polizei gut gefunden. Danke dafür.<br>Funki<p><br />]]></LOG>
<LOG><![CDATA[<img src='icon_smile.gif'>&nbsp;2008-05-24 by *sarah*<br><br />Auf unserer heutigen Tour durch Mühlhausen auch diesen gut gefunden. Danke  	<br> <br />]]></LOG>
<LOG><![CDATA[<img src='icon_smile.gif'>&nbsp;2008-05-24 by Polizei<br><br />Ob das eine Geocacherhochzeit so nah bei dem cache war?<br>Eingetragen hatten sie sich zumindest nicht.<p>Danke für die Dose<br><br />]]></LOG>
<LOG><![CDATA[<img src='icon_smile.gif'>&nbsp;2008-05-24 by slentil<br><br />Hier hat es uns wirklich gefallen. Schnell war der Cache gefunden und geloggt.<p>Danke <p><br />]]></LOG>
<LOG><![CDATA[<img src='icon_smile.gif'>&nbsp;2008-05-24 by dunsi<br><br />Nur gut, daß der Garten nicht voller Spoiler ist <img src='http://www.geocaching.com/images/icons/icon_smile_big.gif' border=0 align=middle>. Danke für die Dose, die wir im Rudel während einer Hochzeit schnell heben konnten. Inge+Dunsi<br />]]></LOG>
<LOG><![CDATA[<img src='icon_smile.gif'>&nbsp;2008-05-18 by didi50<br><br />schnell gefunden danke für das zeigen<br />]]></LOG>
<LOG><![CDATA[<img src='icon_smile.gif'>&nbsp;2008-05-03 by FOTOCACHE<br><br />Danke für den Cache an interessanter Location.<p>TFTC<p>FOTOCACHE<br />]]></LOG>
<LOG><![CDATA[<img src='icon_smile.gif'>&nbsp;2008-04-27 by fox-hunter_I<br><br />Auf großer Frühlingscacher-tour schnell gefunden. TFTC und weiter gehts ....<br />]]></LOG>
<LOG><![CDATA[<img src='icon_smile.gif'>&nbsp;2008-04-06 by dop3<br><br />schnell entdeckt!<br />]]></LOG>
<LOG><![CDATA[<img src='icon_smile.gif'>&nbsp;2008-03-24 by AT-AT<br><br />zusammen mit gollumgandalf gefunden, ab jetzt allein auf Tour<br>TFTC<br />]]></LOG>
<LOG><![CDATA[<img src='icon_smile.gif'>&nbsp;2008-03-24 by Gollum &amp; Galadriel<br><br />Eigentlich wollten wir den Merci-Cache heben aber da war offensichtlich grad jemand beim Packen. Wir wollten nicht stören, also haben diesen hier angesteuert und erfolgreich gehoben.<br>TFTC<br />]]></LOG>
<LOG><![CDATA[<img src='icon_smile.gif'>&nbsp;2008-03-22 by madd.in<br><br />Beim zweiten Versuch...<p>tftc madd.in <br />]]></LOG>
<LOG><![CDATA[<img src='icon_smile.gif'>&nbsp;2008-03-02 by 2wsx4rfv<br><br />Gut daß ich nicht zum Vogelhaus hoch musste ;-))  <b><font color="blue">   549 </b></font><br />]]></LOG>
<LOG><![CDATA[<img src='icon_smile.gif'>&nbsp;2008-02-02 by diainsel.de<br><br />Mein dritter Cach in MHL heute.<p>Gruß Eberhard<br><br />]]></LOG>
<LOG><![CDATA[<img src='icon_smile.gif'>&nbsp;2008-01-30 by coolbahia<br><br />Am 30.01.08 um 14:23Uhr mit Gastcacher<br>Frank schnell entdeckt.<p>TFTC Coolbahia<br />]]></LOG>
<LOG><![CDATA[<img src='icon_smile.gif'>&nbsp;2007-12-16 by nudenn<br><br />Auf dem Weg zum Nachtcache hier schnell gehalten - danke ! <img src='http://www.geocaching.com/images/icons/icon_smile_blush.gif' border=0 align=middle><br />]]></LOG>
<LOG><![CDATA[<img src='icon_smile.gif'>&nbsp;2007-11-26 by GC Team Obereip<br><br />Der Cache lag auf den Weg zurück in mein Hotel, da hab ich doch nochmal anhalten müssen (-:<p>TFTC, viele Grüße aus Köln, Sascha vom GC Team Obereip<br><br />]]></LOG>
<LOG><![CDATA[<img src='icon_smile.gif'>&nbsp;2007-11-02 by Gerstenzwerge<br><br />Nr. 30 unserer über 50iger Statistikcachetour in die Mühlhäuser Gegend.<br>Hatte ein größeres Objekt im Auge aber Kurt war schnell erfolgreich.<br>Vielen Dank und schöne Grüße <br>vom Gerstenzwerg auf Tour mit dem Portitzer.<br><br />]]></LOG>
<LOG><![CDATA[<img src='icon_smile.gif'>&nbsp;2007-11-02 by Portitzer<br><br />Nachts lassen sich viele Stadtcaches viel besser suchen und finden. Dieser gehört dazu.<p>Ohne Muggel problemlos gefunden.<p>Danke und viele Grüße<p>Kurt<br />]]></LOG>
<LOG><![CDATA[<img src='icon_smile.gif'>&nbsp;2007-10-24 by Jubaka<br><br />Moin!<br>Auf unserer Thüringen Urlaubstour problemlos um 12:15h gefunden. Heute war der Garten völlig Muggelfrei. Jetzt wissen wir was Spolien sind.<br>Vielen Dank für den Cache.<br>Jubaka<br />]]></LOG>
<LOG><![CDATA[<img src='icon_smile.gif'>&nbsp;2007-10-20 by mottobug<br><br />Sehr schöne, gepflegte, Anlage!<p>tftc<br />]]></LOG>
<LOG><![CDATA[<img src='icon_smile.gif'>&nbsp;2007-10-20 by SAM-Hessen<br><br />Heute zusammen mit Mottobug auf Cachetour gut gefunden.Das war wohl der schönste Platz an den wir heute geführt wurden, dort hatten wir uns auch noch eine Weile umgesehen. TFTC<br />]]></LOG>
<LOG><![CDATA[<img src='icon_smile.gif'>&nbsp;2007-09-30 by uhri<br><br />Bei schlechten Wetter ist hier wenig Betrieb und deshalb auch ohne Probleme gefunden.<br>Danke sagt Uhri+Braut<br>Hinweis: Das Logbuch ist voll und ein Stift fehlt.<br />]]></LOG>
<LOG><![CDATA[<img src='icon_smile.gif'>&nbsp;2007-08-11 by Renault Family<br><br />Das war unser erster eigener Fund nach langem mitsuchen.<br />]]></LOG>
<LOG><![CDATA[<img src='icon_smile.gif'>&nbsp;2007-07-18 by Die Biboes<br><br />Peinlich Peinlich,<p>war am 18.07.2007 in MHL, habe den Cache schnell gefunden und das loggen vergessen.<p># 131<p>Die Biboes<br />]]></LOG>
<LOG><![CDATA[<img src='icon_smile.gif'>&nbsp;2007-07-07 by Bl&#252;mchenBande<br><br />Wir hatten schon damit gerechnet, das das Ding am Dings das Versteck wäre, zum Glück war es dann doch leichter. TFTC<p>Wir wissen jetzt auch, was Spolien sind (<a href="http://de.wikipedia.org/wiki/Spolien." target="_blank" rel="nofollow">visit link</a>) <br />]]></LOG>
<LOG><![CDATA[<img src='icon_smile.gif'>&nbsp;2007-07-07 by Yalla<br><br />Hier herrschte durch eine Hochzeit großes Muggelaufkommen. Sie haben sich aber nicht für uns interessiert.<br><img src='http://www.geocaching.com/images/icons/icon_smile_wink.gif' border=0 align=middle><br />]]></LOG>
<LOG><![CDATA[<img src='icon_smile.gif'>&nbsp;2007-06-04 by Sanctus70<br><br />Muggels ohne Ende bei diesem schönen Wetter....da habe ich mich als "Pinkler" getarnt....TFTC sagt Sanctus70<img src='http://www.geocaching.com/images/icons/icon_smile_cool.gif' border=0 align=middle><br />]]></LOG>
<LOG><![CDATA[<img src='icon_smile.gif'>&nbsp;2007-06-02 by wilmus<br><br />schöner kleiner Cache...<p>danke dafür<br />]]></LOG>
<LOG><![CDATA[<img src='icon_smile.gif'>&nbsp;2007-05-26 by cato44<br><br />Ein kleiner Cache, aber ein großartiger Ort! <br>Danke an den owner!<p>P.S. Was bitte sind SPOLIEN?????<br />]]></LOG>
<LOG><![CDATA[<img src='icon_smile.gif'>&nbsp;2007-05-20 by braendys<br><br />Bei schönstem Wetter einen Sonntagsspaziergang gemacht und gefunden. <p>Danke, Team Braendys<br />]]></LOG>
<LOG><![CDATA[<img src='icon_smile.gif'>&nbsp;2007-04-15 by Team Fire &amp; Ice<br><br />LOG 00:00 Uhr<br>Der erste Log des Tages. Schnell gefunden.<p>Danke sagt das<br>Team Fire & Ice<br>Steffi und Heiko aus Erfurt<br />]]></LOG>
<LOG><![CDATA[<img src='icon_smile.gif'>&nbsp;2007-04-15 by Leo3000<br><br />Zusammen mit Rokop schnell gefunden.<p>Lg, Leo<br />]]></LOG>
<LOG><![CDATA[<img src='icon_smile.gif'>&nbsp;2007-04-15 by Rokop<br><br />Im Rahmen des 2. Thüringer Events zusammen mit Leo3000 fix gefunden. Vielen Dank für die schönen Caches.<p>Schöne Grüße, Rokop<br />]]></LOG>
<LOG><![CDATA[<img src='icon_smile.gif'>&nbsp;2007-04-14 by Barbie&amp;Bruettler<br><br />Zusammen mit Nandro bei allerschönstem Wetter vor dem ersten Thüringen-Event diesen schönen Ort besucht und den Cache schnell entdeckt.<br>TFTC<p>B&B<br>-1128-<br />]]></LOG>
<LOG><![CDATA[<img src='icon_smile.gif'>&nbsp;2007-04-14 by Ilsebilse<br><br />Letzter Zwischenstop vor dem Event, ein sehr schönes Fleckchen!<p>Danke für die Dose,<p>Ilsebilse<br />]]></LOG>
<LOG><![CDATA[<img src='icon_smile.gif'>&nbsp;2007-04-14 by P<br><br />Trotz des herrlichen Wetters waren wir ganz alleine im Park.<br>Nach dem Loggen ging's gleich weiter zum Event.<p>Danke für die Dose & Ahoi aus der Cacherschmiede Linden,<br>Pom<br><br />]]></LOG>
<LOG><![CDATA[<img src='icon_smile.gif'>&nbsp;2007-04-14 by El_Rolfo<br><br />Nachdem wir am voran gegangenen Tag wegen einem persönlichen Wächter am Cache abgebrochen hatten, war heute am Start unserer gemeinsamen Tour mit der Zahnfee das Loggen kein Problem.<br>Ein sehr schöner Park, der jetzt im Frühling mit den vielen blühenden Tulpen besonders einen Besuch wert ist.<p>Vielen Dank für die schöne Stelle hier in Mühlhausen sagen<p>Katrin+Rolf<br />]]></LOG>
<LOG><![CDATA[<img src='icon_smile.gif'>&nbsp;2007-04-14 by Zahnfee&amp;Co<br><br />Unser erster Cache am heutigen Tag!Da es erst 9:15 Uhr war konnten wir mit Team El Rolfo <br>hier ungstört loggen. Der Park ist wirklich eine Augenweide, auch wenn wir keine Gartenfreaks sind <img src='http://www.geocaching.com/images/icons/icon_smile_wink.gif' border=0 align=middle><br>Danke und Grüße aus Borna<br />]]></LOG>
<LOG><![CDATA[<img src='icon_smile.gif'>&nbsp;2007-04-14 by SwedenHawk<br><br />Vor dem heutigen Event diesen Cache zusammen mit Ilse und Pom gefunden.<br>Danke sagt SwedenHawk<br />]]></LOG>
<LOG><![CDATA[<img src='icon_smile.gif'>&nbsp;2007-04-14 by nandro<br><br />Vor dem 2.Thüringer Event haben Barbie & Brüttler und ich noch einen kleinen Stadtbummel gemacht und ein paar Caches und Sehenswürdigkeiten gesammelt.<br>Danke für den Cache.<p><br><font face="comic sans ms"><b><font color="blue">+++Gruss Nandro+++</font><br><font size="1"><font face="arial"><br><br />]]></LOG>
<LOG><![CDATA[<img src='icon_smile.gif'>&nbsp;2007-04-14 by DL3BZZ<br><br />14. April 2007   16:20 Uhr<p>Mit fcvc diesen Cache anläßlich des 2. Thüringer Event (GC10QEQ) aufgesucht. Mühlhausen ist eine Reise wert.<p>NRNR<p>Bis denne<br>Lutz, DL3BZZ<br />]]></LOG>
<LOG><![CDATA[<img src='icon_smile.gif'>&nbsp;2007-04-14 by fcvc<br><br />Nach dem Event mit Lutz noch vorbei gefahren und geloggt.<br>Danke und Gruß<br>aus Kassel von<br>Corinna und Christof<p>ps<br>super Event, tausend Dank. <br><br />]]></LOG>
<LOG><![CDATA[<img src='icon_smile.gif'>&nbsp;2007-04-14 by ArnGeko<br><br />Bei einem Abstecher während GC10QEQ gut + schnell gefunden.<br>TFTC + Grüsse.<br />]]></LOG>
<LOG><![CDATA[<img src='icon_smile.gif'>&nbsp;2007-04-07 by ifindnix<br><br />Salvete!<br>Dieser Cache verhilft uns zu einer Kaffee-Pause mit fünf gierigen Katzen.<img src='http://www.geocaching.com/images/icons/icon_smile_big.gif' border=0 align=middle><br>Vobis gratias agimus!<p>ifindnix & crew<br>#569<br />]]></LOG>
<LOG><![CDATA[<img src='icon_smile.gif'>&nbsp;2007-04-07 by Team Kumunst<br><br />ehr schöner kleiner Park in dem wir ein kleines Picknick abhielten. Zusammen mit ifindnix gefunden. Danke und Gruß. Team Kumunst<br />]]></LOG>
<LOG><![CDATA[<img src='icon_smile.gif'>&nbsp;2007-03-17 by Grottenolm87<br><br />Habe meinen Account von Knutsch&Fleck in Grottenolm87 gewechselt. Sollte jemand damit Probleme haben, kann er diesen Log ohne Kommentar löschen.<br>I´ve changed my account from Knutsch&Fleck to Grottenolm87. The log can discharge momentarily if somebody disagree with this.  <br><br />]]></LOG>
<LOG><![CDATA[<img src='icon_smile.gif'>&nbsp;2007-03-17 by Eichsgenossen<br><br />Go trabbi go<br>Schnell und nass (wir) gefunden.<br>14:55 Uhr<br>Die Eichsgenossen<br />]]></LOG>
<LOG><![CDATA[<img src='icon_smile.gif'>&nbsp;2007-03-17 by Erithacus Rubecula<br><br />Abgestaubt<br>Im Regen schnell gefunden.<br>14:56 Uhr<p>Knutsch&Fleck<br />]]></LOG>
<LOG><![CDATA[<img src='icon_smile.gif'>&nbsp;2007-03-15 by LUPO.79<br><br />Juhuuu, jetzt kanns los gehen... Der erste Cache gefunden. Super Geschichte... Danke traveler77 für die Einweisung...<br />]]></LOG>
<LOG><![CDATA[<img src='icon_smile.gif'>&nbsp;2007-03-15 by Traveler77<br><br />Bei schönstem Sonnenschein mit Gastcacher Michael abgestaubt. <img src='http://www.geocaching.com/images/icons/icon_smile_wink.gif' border=0 align=middle><br />]]></LOG>
<LOG><![CDATA[<img src='icon_smile.gif'>&nbsp;2007-03-11 by S&#246;ckchen<br><br />Erst etwas länger im Efeu herumgesucht, bis mir der Kleine direkt vor den Fingern hing. Schön angelegter Garten. Im Sommer lohnt sich ein Besuch hier im Biergarten.<br>Gruß Silke<br />]]></LOG>
<LOG><![CDATA[<img src='icon_smile.gif'>&nbsp;2007-03-01 by Hor_andy<br><br /><br>Schönes Versteck das neue Versteck, gute Idee.<br>Empfehlenswert ist eventuell erst nach 4 zu suchen, sonst sind fast immer mißtrauische Gärtner in der Nähe, ist aber kein Muß.<br>Nebenbei noch der Erste im neuen Logbuch geworden.<br>TFTC <p><br />]]></LOG>
<LOG><![CDATA[<img src='icon_enabled.gif'>&nbsp;2007-02-24 by Mueckenfett<br><br />weiter gehts<br />]]></LOG>
<LOG><![CDATA[<img src='coord_update.gif'>&nbsp;2007-02-24 by Mueckenfett<br><br /><strong>N 51° 12.335 E 010° 26.997</strong><br /><br />** Coordinates Changed From **<br>N 51° 12.347 E 010° 26.990<br>Distance From Old: 77.7 feet<br>die Suche kann weiter gehen<br />]]></LOG>
<LOG><![CDATA[<img src='icon_disabled.gif'>&nbsp;2007-02-04 by Mueckenfett<br><br />leider erst mal ein paar Tage Pause.<br>Wird aber erneuert.<br>Tom<br />]]></LOG>
<LOG><![CDATA[<img src='icon_note.gif'>&nbsp;2007-01-20 by Eichsgenossen<br><br />Wir waren zwar da, haben aber auch mit eindeutigen Hint nichts gefunden. Wir vermuten das er gemuggelt worden ist. Kannst du das bitte nachprüfen?<p>Die Eichsgenossen<br />]]></LOG>
<LOG><![CDATA[<img src='icon_note.gif'>&nbsp;2006-11-19 by gloomy<br><br />Beim Mittagessen hatten wir freien Blick auf den Cache. Geloggt hatte ich ja schon vor einiger Zeit...<br />]]></LOG>
<LOG><![CDATA[<img src='icon_smile.gif'>&nbsp;2006-11-17 by team matzl<br><br />Auf dem Rückweg von "Toms Geburtstagscache" zum Hotel "Brauerei zum Löwen" haben wir diesen Micro schnell gefunden. Er lag zwar nicht am richtigen Platz (hint!) haben ihn aber entsprechend des hints wieder richtig versteckt und mit einem Stein abgedeckt.   TFTC<p>Mirco & Nadine<p>-279-<br />]]></LOG>
<LOG><![CDATA[<img src='icon_smile.gif'>&nbsp;2006-11-04 by Uzusmaximus<br><br />An einem schönen, leicht verregneten Novermbersamstag gehoben. Thx<br />]]></LOG>
<LOG><![CDATA[<img src='icon_smile.gif'>&nbsp;2006-10-24 by Quadman<br><br />Gefunden<img src='http://www.geocaching.com/images/icons/icon_smile_big.gif' border=0 align=middle><p>Die #1 heute morgen. Netter Garten.<p>Danke und Gruß Stefan<br />]]></LOG>
<LOG><![CDATA[<img src='icon_sad.gif'>&nbsp;2006-10-21 by do3ukw<br><br />Wir sind ziemlich sicher an der richtigen stelle gesucht zu haben, aber alle hohlräume die es dort gab waren leider leer!<br>Es grüßen andreas & anke aus bensheim!<br />]]></LOG>
<LOG><![CDATA[<img src='icon_smile.gif'>&nbsp;2006-10-07 by JonnyH&#252;tchen<br><br />Vor dem Mittagessen noch schnell gesucht .<br />]]></LOG>
<LOG><![CDATA[<img src='icon_smile.gif'>&nbsp;2006-09-16 by gloomy<br><br />Der ist nur 100m von unserer Unterkunft entfernt, also ein absolutes Muss... VG und Danke, gloomy!<br />]]></LOG>
<LOG><![CDATA[<img src='icon_smile.gif'>&nbsp;2006-07-23 by retobea<br><br />Nach Mühlhausen(500km from home!)hat uns ein spontaner e-bay Kauf gelockt,und da ich nur eine halbe Stunde Zeit hatte,bis Sohnemann seinen Motorradkauf abgewickelt hat,konnte ich leider nur ein paar Caches auf die schnelle machen.<br> Dieser hier war auch ohne hint problemlos zu finden.<br>TFTC<br>Grüssle retobea<br />]]></LOG>
<LOG><![CDATA[<img src='icon_note.gif'>&nbsp;2006-07-20 by wolf4<br><br />Jetzt weiß ich auch was Spolien sind!<p>Alles voller Bau- und Gartenmuggels bei der Arbeit, außerdem schaute ein neugieriger Alter (mit Armkissen!) aus dem gegenüberliegenden Haus genau auf die vermutete Stelle. <p>Also unverrichteter Dinge weiter. <p>Danke für die Spolien & Gruß<br>WOLF4<br />]]></LOG>
<LOG><![CDATA[<img src='icon_smile.gif'>&nbsp;2006-07-17 by DerAlte<br><br />Auf unserer heutigen Cache-Tour u.a. diesen Cache nochmals aufgesucht und gehoben:<br>Beim ersten Besuch durch hartnäckige Muggels vertrieben ist es heute sehr schnell gegangen. Besten Dank an den ‚Schatzmeister’.<br>DerAlte & Frau<br><br />]]></LOG>
<LOG><![CDATA[<img src='icon_smile.gif'>&nbsp;2006-07-09 by Bara68<br><br />Ich habe heute zusammen mit meinen Kindern diesen Ort besucht. Mein Jüngster Sohn hat dann den Cache schnell gefunden. Bara68 - notrade-<br />]]></LOG>
<LOG><![CDATA[<img src='icon_smile.gif'>&nbsp;2006-07-08 by KaputtesLicht<br><br />im letzten Moment gefunden, wir haben es schon fast aufgegeben. Wir haben fast eine Stunde an der falschen Stelle gesucht, haben ihn dann aber doch noch gefunden!!!<br>Danke, CIAO<br />]]></LOG>
<LOG><![CDATA[<img src='icon_smile.gif'>&nbsp;2006-07-08 by unwissenheit<br><br />Gruss Leute !!!<p>wir hatten uns heute von mugglichen Momenten nicht abhalten lassen. Da doch sich jemand den Spass erlaubt hat die Schilder zu vertauschen hatten wir es relativ schwer und unsere GPS(meines und KaputtesLicht sein's)<br>haben uns auch nich an die richtige Stelle gebracht, doch wir wollten grade alle Zelte "abbreißen" und in der wirklich allerletzten Sekunde schauten wir doch noch zum richtigen Versteck und siehe da VENI VEDI VIcachI<p>Weiter so mit den irrführenden Caches ... <br>;-)<br>MfG Unwissenheit<br />]]></LOG>
<LOG><![CDATA[<img src='icon_smile.gif'>&nbsp;2006-06-16 by sydo+nem<br><br />Schöner Cache. Mal ganz interessant sowas aus der Nähe zu sehen!<br />]]></LOG>
<LOG><![CDATA[<img src='icon_sad.gif'>&nbsp;2006-06-16 by DerAlte<br><br />Nachdem wir ca. 10 Min. erfolglos auf das Ende einer Tratsch-Versammlung fast vor dem Versteck gewartet hatten sind wir unverrichteter Dinge weiter. Ein recht ungünstiger Platz für einen Cache. <br>DerAlte & Frau<br><br />]]></LOG>
<LOG><![CDATA[<img src='icon_smile.gif'>&nbsp;2006-06-08 by loazzolo<br><br />Na, jetzt weiss ich auch, was 'Spolien' sind <img src='http://www.geocaching.com/images/icons/icon_smile_cool.gif' border=0 align=middle>. Und so nahe habe ich die auch noch nie gesehen. Den log von DrMurphy kannte ich noch nicht, mir erging es jedenfalls ähnlich. Weil eine ältere Dame sich sehr für die Gartenanlage interessierte... und viele Handwerker... und keine Zeit... bin ich erstmal abgezogen <img src='http://www.geocaching.com/images/icons/icon_smile_blackeye.gif' border=0 align=middle>. Aber der hint ist so absolut eindeutig für eine Punktlandung, also bin ich nochmal hin und habe das dann blitzschnell erledigt<img src='http://www.geocaching.com/images/icons/icon_smile_big.gif' border=0 align=middle>. Zum loggen gibt es eine schöne Bank in der Nähe und zur richtigen Tageszeit gibts auch Kulinarisches nebenan <img src='http://www.geocaching.com/images/icons/icon_smile_approve.gif' border=0 align=middle>! Danke erneut an Mueckenfett! <br>P.S. Ich glaube, dieser Cache wird länger Bestand haben als mancher glaubt, es sei denn, die Spoilien kommen mal woanders hin...? <br />]]></LOG>
<LOG><![CDATA[<img src='icon_smile.gif'>&nbsp;2006-06-03 by DrMurphy<br><br />Bei unserm Pfingstwochenende in Mühlhausen haben wir dieses kleine Döslein gefunden. Beinah hätte ich es mit meinen Wurstfingern nicht herrausbekommen.<br>Danke <br><br />]]></LOG>
<LOG><![CDATA[<img src='icon_smile.gif'>&nbsp;2006-04-23 by Kruemel68<br><br />Lustiger Cache Tom. Mal sehen, wie lange der Bestand hat...<p>Gruss Krümel68 mit C. & J.<br />]]></LOG>
<LOG><![CDATA[<img src='icon_smile.gif'>&nbsp;2006-04-17 by caprikitty<br><br />der ging ja ma echt fix<br />]]></LOG>
<LOG><![CDATA[<img src='icon_smile.gif'>&nbsp;2006-04-17 by Chris601<br><br />Da hat mir doch "jemand" einen Cache vor die Haustür gelegt (Entfernung von daheim 400m). <img src='http://www.geocaching.com/images/icons/icon_smile_big.gif' border=0 align=middle><br>Danke Vielmals!<p>Diesen Garten kannte ich noch gar nicht.<p>Leider nur Zweiter.<br />]]></LOG>
<LOG><![CDATA[<img src='icon_smile.gif'>&nbsp;2006-04-16 by Die Hasenschnitzels<br><br />Schnell vor dem Gänsebraten noch nen FF geholt. War niemand unterwegs bei diesem Sauwetter. Ob der Cache aber lange diese Location überlebt?<p>Thx Mueckenfett für den Cache<p>Die Hasenschnitzels aus Stuttgart<br />]]></LOG>
<LOG><![CDATA[<img src='icon_greenlight.gif'>&nbsp;2006-04-15 by ApproV<br><br />Published<br />]]></LOG>
</LOGS>
<NOTES><![CDATA[]]></NOTES>
<IMAGES>
</IMAGES>
<TRAVELBUGS>
</TRAVELBUGS>
<URL><![CDATA[]]></URL>
<SOLVER><![CDATA[]]></SOLVER>
    <CACHE  name = "Spolien und Bauhandwerk im Garten" owner = "Mueckenfett" lat = "51,205583333333" lon = "10,44995" hidden = "2006-04-15" wayp = "GCVE2G" status = "" ocCacheID = "" lastSyncOC = "20100419230731" num_recommended = "0" num_found = "-1" attributesYes = "8830452762627" attributesNo = "2199023255552" boolFields="1922" byteFields="33689359" attributesYes1 = "0" attributesNo1 = "0" />
</CACHEDETAILS>
