<?xml version="1.0" encoding="ISO-8859-1"?>
<CACHEDETAILS>
<VERSION value = "3"/>
<DETAILS><![CDATA[<img src="http://www.baby-oel.de/temp/forum/gckatze2.jpg" />
<p>An den Startkoordinaten gibt es genug freie Parkplätze. Zur
Location: Zu Zeiten der DDR befand sich in der Nähe des
Startpunktes eine Kaserne der Roten Armee (Sowjetunion). Später
gelangt ihr auf den ehemaligen Übungsplatz.</p>

<br>Dieser Cache ist ausdrücklich kein Spaziergang. Es wird eine
Wegstrecke von ca. 5km zurückgelegt. Es geht durch Gelände, welches
nicht ganz ungefährlich ist. Hat es vorher gerenet, wird es
matschig sein. Rechnet damit, dass ihr klettern und kriechen müsst
und euch die Klamotten dreckig machen <b>werdet!</b> Platzangst
dürft ihr nicht haben, es wird sehr eng! (T4!) Plant für einen
ruhigen Rundgang zwei Stunden ein!<br />
<br />
<p><font size="+1" color="red">ACHTUNG! Station 2 müsst ihr GENAU
um Mitternacht erreichen! Ihr solltet aus diesem Grund ca. 23:20
Uhr am Startpunkt loslaufen, dann habt ihr genug Zeit!</font></p>
<p>Was ihr braucht ist einfach und für einen Nachtcache nicht
unüblich: eine gute, fokusierbare und ausdauernde Taschenlampe,
festes Schuhwerk und einen Partner solltet ihr auch dabei haben!
(Gerade bei dem letzten Punkt waren wir uns beim Betatest einig.
Allein zu gehen ist bei diesem Cache echt heavy!) Zusätzlich zu
diesem Standard benötigt ihr noch eine 9V-Blockbatterie.</p>
<b><u>Nun gehts also los:</u></b>
<p>Begib dich von den Startkoordinaten zu folgendem Punkt:<br />
N51°11.198<br />
E010°28.526<br />
Folge dazu am besten der Reflektorstrecke. Mit einem halbwegs
geländegängigen Fahrzeug können fußlahme Cacher auch bis dorthin
fahren (anderer Weg, Zufahrt über Felchta).<br />
Spätestens an diesem Punkt solltet ihr am Waldrand ein Blinklicht
sehen.<br />
Begib dich dorthin und denke daran, dass (wie immer hier oben) der
kürzeste Weg nicht der beste Weg ist!<br />
Warte am Blinklicht GENAU auf Mitternacht! Dann findest du die
nächste Station. Mit einem gebündelten, möglichst hellen, jedoch
nur kurzem Lichtstrahl erhältst du dort die Ost-Koordinate der
nächsten Station.<br />
Die Nord-Koordinate ist: <i>N 51°11.014</i><br />
Ja, hier geht es hinein! <img src=
"http://www.geocaching.com/images/icons/icon_smile.gif" border="0"
align="middle" /> Finde die hier eingegipste, versteckte Elektronik
und benutze deine 9V-Batterie an den Schraubenenden. Dort erhältst
du <b>AB</b><br />
Wieder draußen, gehe ca. 80m in westliche Richtung und du findest
auf einem Hügel bei einer Baumgruppe den nächsten Eingang.<br />
Du kennst ja das Spiel: Hinein, Elektronik suchen, Batterie, und
diesmal <b>CD</b> notieren.</p>
<p>Weiter geht es zu:<br />
<i>N 51°10,AB4<br />
E 010°28,CD9</i></p>
<p>Hier findest du den Hinweis, wo es weitergeht.<br />
An der nächsten Station muss ich ein wenig um Vorsicht bitten. Ihr
sucht einen Ziegelstein, der auf einem alten Fundament befestigt
ist.<br />
Bringt wieder euren 9V-Block zum Einsatz (Polung dieses mal leider
nicht egal) und ihr erhaltet den Hinweis, der euch zum Final führt!
Hierbei könnte ein langer Stock/Ast hilfreich sein. <img src=
"http://www.geocaching.com/images/icons/icon_smile_wink.gif"
border="0" align="middle" /> Sowas findet ihr vor Ort.<br />
Diese Station wird mit zunehmender Vegetation im Frühjahr/Sommer
sicher nicht einfacher. Seht zu, wie ihr damit zurecht kommt
<img src="http://www.geocaching.com/images/icons/icon_smile.gif"
border="0" align="middle" />.</p>
<p><font size="3">Nun also Viel Spaß um Mitternacht auf den
Katzentreppen!</font></p>
<p><b>Fotos sind natürlich gern gesehen!</b></p>
<p><font size="1">Ein abschließender Hinweis noch in eigener Sache:
Dieser Cache wurde im März 2008 vollkommen umgebaut. Ich lade
deshalb alle Cacher, die diesen Cache bereits gefunden haben,
ausdrücklich ein, ihn nochmals zu suchen, zu finden und natürlich
auch zu loggen!<br />
Da einige Zwischenstationen an den selben Punkten liegen wie früher
und der zurückgelegte Weg sehr ähnlich dem ursprünglichen Weg ist,
verzichte ich auf eine Archivierung und eine Neueinstellung des
Caches. Außerdem hänge ich irgendwie an "meinem Ersten". Danke fürs
Verständnis.</font></p>]]></DETAILS>
<COUNTRY><![CDATA[Germany]]></COUNTRY>
<STATE><![CDATA[Thüringen]]></STATE>
<ATTRIBUTES>
   <ATT>available-no.gif</ATT>
   <ATT>wheelchair-no.gif</ATT>
   <ATT>flashlight-yes.gif</ATT>
   <ATT>mine-yes.gif</ATT>
   <ATT>thorn-yes.gif</ATT>
   <ATT>night-yes.gif</ATT>
   <ATT>scenic-yes.gif</ATT>
   <ATT>parking-yes.gif</ATT>
   <ATT>danger-yes.gif</ATT>
</ATTRIBUTES>
<HINTS><![CDATA[Zvggreanpug: fpuyvrßr qvr Nhtra!<br>Ohaxre: angüeyvpu vzzre vz yrgmgra Enhz<br>qnanpu: Uvajrvf zvg Rqqvat na trzrvare Fgryyr<br>Onpxfgrva: sbytr qrz Fgenuy haq fcevatr qnaa mhz Svany]]></HINTS>
<LOGS>
<OWNLOGID></OWNLOGID>
<OWNLOG><![CDATA[]]></OWNLOG>
<LOG><![CDATA[<img src='icon_smile.gif'>&nbsp;2010-04-08 by Cashteam grrrrrrrr<br><br />sehr geiler cash !!!!<br />]]></LOG>
<LOG><![CDATA[<img src='icon_note.gif'>&nbsp;2010-03-27 by Chris601<br><br />eine stage zickt wieder. bitte mit dem Suchen erstmal warten.<br />]]></LOG>
<LOG><![CDATA[<img src='icon_note.gif'>&nbsp;2010-03-27 by Hoffi1986<br><br />TB abgelegt als ich den Owner bei der Wartung begleitet habe... <br />]]></LOG>
<LOG><![CDATA[<img src='icon_smile.gif'>&nbsp;2010-01-03 by FG1-Team<br><br />Mit dem festen Entschluß, diese Nacht jede graue Katze aufzustöbern, starteten wir Richtung Mühlhausen. Gleich an der ersten Station stellten wir fest, dass dieser Cache unserer größten Aufmerksamkeit bedarf und keine Ablenkung duldete... <img src='http://www.geocaching.com/images/icons/icon_smile_cool.gif' border=0 align=middle> Es bedurfte schon einiger Grübeleien, was das eigentlich ist?? Etwa eine Kamera??? <img src='http://www.geocaching.com/images/icons/icon_smile_evil.gif' border=0 align=middle> <img src='http://www.geocaching.com/images/icons/icon_smile_evil.gif' border=0 align=middle> Nee, viel cooler!!<br>An der nächsten Station brauchten wir im kalten Wasser stehend einige Geduld bis alles funktionierte... Wer lesen kann, ist klar im Vorteil!!! Dies stellten wir wieder mal fest, nachdem wir entnervt die Beschreibung noch mal zu Rate gezogen hatten. Damit waren wir nun der Meinung, dass die nächste Station deutlich einfacher werden sollte.... War sie aber nicht, da wir hier doch eine kleine Ewigkeit suchten. Wo wir überall rumgekrabbelt sind!!! <img src='http://www.geocaching.com/images/icons/icon_smile_blackeye.gif' border=0 align=middle> Seitdem waren wir jedenfalls deutlich dreckiger... War ja versprochen worden...<br>Leider war an der nächsten Station dann für uns Schluß. Sowohl die Kräfte als auch die Batterien gingen zu Ende und wir mussten abbrechen. Der von uns kontaktierte Owner war ganz erschüttert, dass wir gerade diese Station nicht gefunden haben <img src='http://www.geocaching.com/images/icons/icon_smile_blush.gif' border=0 align=middle> und bestärkte uns, die Sache noch einmal anzugehen. <img src='http://www.geocaching.com/images/icons/icon_smile_approve.gif' border=0 align=middle><br>So ging es die nächste Nacht erneut nach Mühlhausen und wir fanden die Station SOFORT! Okay, wie blind kann man sein... Und wir hatten uns hier auch eindeutig von der T4-Wertung beeinflussen lassen. Also, wenn die Station mal noch gemeiner werden soll... wir haben da Ideen <img src='http://www.geocaching.com/images/icons/icon_smile_wink.gif' border=0 align=middle> <img src='http://www.geocaching.com/images/icons/icon_smile_big.gif' border=0 align=middle> Leider war das Erfolgserlebnis nur von kurzer Dauer, die nächste Station war aufgrund des tiefen Schnees nicht zu finden. Wir haben zwar ausdauernd ein größeres Gebiet gefegt und durchpflügt, leider war die entscheidende Stelle nicht dabei. <img src='http://www.geocaching.com/images/icons/icon_smile_dissapprove.gif' border=0 align=middle> Irgendwie ziemlich frustriert zogen wir von dannen. Auf dem Rückweg sahen wir auf einmal 4 Gestalten am Waldesrand stehen. Sie standen natürlich gleich unter Verdacht, Cacher zu sein, schienen sich aber nicht so richtig zu erkennen geben zu wollen und zogen sich in den Wald zurück. Dann sahen wir von der anderen Seite Taschenlampen in der Ferne aufblitzen und beschlossen, doch noch ein bisschen zu warten... Die Taschenlampen schienen es auch ziemlich eilig zu haben (tjaja, Mitternacht ist eben genau festgelegt <img src='http://www.geocaching.com/images/icons/icon_smile_big.gif' border=0 align=middle> ), denn man hörte immer wieder Stimmen "Beeilung".... "schnellerrrrrr" rufen. <img src='http://www.geocaching.com/images/icons/icon_smile.gif' border=0 align=middle> Es wurde bald deutlich, dass die zuerst gesichteten zweiTaschenlampen nur die Vorhut bildeten... Es wurden dann nämlich 3, - nein 4, - nein 10, die in einer langgezogenen Reihe über das zugeschneitete Feld spurteten <img src='http://www.geocaching.com/images/icons/icon_smile_big.gif' border=0 align=middle> <img src='http://www.geocaching.com/images/icons/icon_smile_big.gif' border=0 align=middle> <img src='http://www.geocaching.com/images/icons/icon_smile_big.gif' border=0 align=middle> Es war die Truppe um Darmsaft und Prinzessin Mimi, die die erste Station mit Kriegsgeheul stürmten.<br>Die anderen von uns gesichteten Gestalten kamen dann auch bald zum Vorschein und stellten sich als die Geo-Zwerge und Freunde heraus. Ab da bekam die Sache eindeutig einen Event-Charakter <img src='http://www.geocaching.com/images/icons/icon_smile_big.gif' border=0 align=middle> <img src='http://www.geocaching.com/images/icons/icon_smile_big.gif' border=0 align=middle> <img src='http://www.geocaching.com/images/icons/icon_smile_big.gif' border=0 align=middle><br>Für uns hatte es noch einen weiteren schönen Nebeneffekt: da die Geo-Zwerge diesen Cache schon gemacht hatten, konnten sie uns mit der eingeschneiten Station auf die Sprünge helfen. <img src='http://www.geocaching.com/images/icons/icon_smile_approve.gif' border=0 align=middle> Danke nochmal!!<p>Unser Fazit: definitiv einer unserer Favoriten! En aufwändiger und liebevoll gemachter Cache, klasse Stationen und Gelände super ausgenutzt! Wir können nur empfehlen, sich nicht den Spaß nehmen zu lassen, in dem man vorab sich zu viele Hinweise geben lässt.<br><br />]]></LOG>
<LOG><![CDATA[<img src='icon_smile.gif'>&nbsp;2010-01-03 by Prinzessin_Mimi<br><br />Das war mal eine coole Akton :D<br>Bis kurz vor knapp noch beim "Güldenem M" Mut angefressen und dann ging es los. Von den Startkoordinaten den Reflektoren gefolgt und das Cachermobil vom FG1-Team gesichtet. Da wir ein bisschen getröddelt haben mussten wir zum Blinklicht rennen (bei Schnee nicht gerade von Vorteil). Trotzdem noch pünktlich geschafft :)<br>Angekommen haben wir auf das Signal gewartet und dann fing es an. Kurz orientiert und dann sind 11 Mann auf eine Stelle zugestürmt. <br>Die Ostkoordinaten waren bald ausfindig gemacht. Dann ging es los zu den Bunkern. Nachdem wir uns mit der Technik vertraut gemacht haben hatten wir schnell die 2 Zahlen. Ab zum nächsten, gleiches Spiel ... mussten aber erstmal die Technik finden :D Das hat einige Zeit beansprucht. Die letzte Station war schnell gefunden. Beim Final bekamen wir dann Hilfe vom Geozwerg. Schnell gefunden und dann auf zum Rückweg.<br>"To put it all in an nutshell" (:D) war es ein sehr schöner Cache, der in sich stimmig war. Solche sind mir die liebsten. Spannung Spiel und Schokolade :D<br>TFTC =)<br />]]></LOG>
<LOG><![CDATA[<img src='icon_smile.gif'>&nbsp;2010-01-03 by Darmsaft<br><br />Der Besuch war schon länger geplant und diese Nacht war es soweit. Zusammen mit Mimi, mediamarkt und einem Haufen Gastcachern auf Reflektorsuche begeben. Am Ende der Strecke sahen wir dann ein großes Cachemobil stehen, waren uns aber nicht sicher, ob es denn wirklich Cacher sind <img src='http://www.geocaching.com/images/icons/icon_smile_tongue.gif' border=0 align=middle> Kurzer Blick auf die Uhr : Was? Nur noch 3 Minuten?! Macht hin! (Die 23:20 Uhr sind sicher nicht für den Winter gedacht) Also ganz schnell zum Blinklicht, wo wir dann auf das FG1-Team gestoßen sind <img src='http://www.geocaching.com/images/icons/icon_smile_approve.gif' border=0 align=middle> Auf Kommando waren 11 Leute still, bis es los ging ...<br>Auf einmal machten alle die Lampen wieder an und rannten wie wild durch den Schnee, bis einer der Gastcacher das gesuchte Objekt gefunden hatte. Das Ablesen der nächsten Koordinaten war anfangs etwas schwieriger, aber machbar. Und wie wir da alle vor dem Ding stehen, kommt von hinten einer der Geo-Zwerge schreiend aus dem Wald herausgerannt, dahinter der andere Zwerg, Rüben und Monalisa. Nun waren wir sogar 15! Cacher <img src='http://www.geocaching.com/images/icons/icon_smile_shock.gif' border=0 align=middle><img src='http://www.geocaching.com/images/icons/icon_smile_shock.gif' border=0 align=middle><img src='http://www.geocaching.com/images/icons/icon_smile_shock.gif' border=0 align=middle><p>Die Zwerge etc. haben den Cache schon früher gemacht, sie wollten uns eigentlich nur ein wenig erschrecken(nicht geschafft ;P).<br>Wir sind anschließend auf direktem Weg zum Bunker 1, wo sich der 9V Block bewährte. Im nächsten Bunker suchten wir jedoch gut eine halbe Stunde nach "dem Ding".<br>Als CD klar waren, ging es wieder nach draußen. Dort erzählte uns der Geozwerg plötzlich, dass das Final unerreichbar wäre, weil ...<br>Also haben wir zunächst die vorletzte Station im Vorbeigehen gemacht und sind dann zur letzten Station. Von dort aus haben wir das Final zum Glück doch noch mithilfe eines Reflektors gefunden ;) (Was machen an dieser Stelle wohl Leute, die keine P14 von Lenser haben? Es ist immerhin schon ganz schön weit ...)<p>Naja egal, auf jeden Fall war es ein wunderschöner Cache mit viel Liebe zum Detail. Die Bunker sind ebenfalls sehr cool, es gab viel zu sehen und viel zum schmutzig machen <img src='http://www.geocaching.com/images/icons/icon_smile.gif' border=0 align=middle><br>Ein riesiges TFTC an den Owner und ein großes großes Dankeschön an die Zwerge, Rüben und Monalisa für die tatkräftige Unterstützung + Hilfe.<p>regards<br>Darmsaft<p>[This entry was edited by Darmsaft on Sunday, January 03, 2010 at 10:46:42 AM.]<p>[This entry was edited by Darmsaft on Sunday, January 03, 2010 at 10:49:00 AM.]<br />]]></LOG>
<LOG><![CDATA[<img src='icon_smile.gif'>&nbsp;2010-01-03 by mediamarkt1990<br><br />Super Cache nach längere suche und hilfe von rüben,monalisa und geozwerge gut gefunden danke für eure hilfe.<p>PS: laser ist zu gefrohren und müsste neu kallibriert werden <br />]]></LOG>
<LOG><![CDATA[<img src='icon_enabled.gif'>&nbsp;2009-12-24 by Chris601<br><br />Alles funktioniert wieder!<p>[This entry was edited by Chris601 on Thursday, December 24, 2009 at 3:43:45 PM.]<br />]]></LOG>
<LOG><![CDATA[<img src='icon_disabled.gif'>&nbsp;2009-11-14 by Chris601<br><br />Ich muss leider schon wieder Wartung anmelden. :-(<br />]]></LOG>
<LOG><![CDATA[<img src='icon_smile.gif'>&nbsp;2009-11-12 by square_wire<br><br />ich schließe mich meinem vorredner an, der cache is völlig irre!!! ich würde ja gern noch wissen was der hint an der ersten station (dem roten blinklicht) war und wo man hinleuchten sollte....wenn das der owner liest, bitte mal ne mail über gc schicken...tftc<br />]]></LOG>
<LOG><![CDATA[<img src='icon_smile.gif'>&nbsp;2009-11-12 by the_globemaster<br><br />Sind (Square_Wire, Gastcacher Andrè und ich) heute diesen echt super gemachten Cache angegangen...<br>Anfangs lief alles prima. 11:50 das Blinklicht erreicht und nun gespanntes Warten - leider vergebens:-( entweder waren wir zu unaufmerksam oder wir waren, auf Grund der kürzlich verstellten Uhren zur Winterzeit, zu spät.<br>Aber das war kein Grund aufzugeben. Mit der Nordkoordinate ging's weiter und wieder ohne Erfolg. Wir liefen blind an allen Stationen vorbei und entschlossen uns, noch mal gründlich zu überlegen. Da wir unwissend bei der vorletzten Station vorm Final schon mal gesucht hatten, suchten wir erneut und wurden fündig:-) was für eine Erleichterung...<br>Schnell die Koordinaten eingetippt und dann zum erstem mal die Batterie nutzen können. Das Final wurde dann nach ner halben Stunde gefunden. <br>Jetzt wollten wir aber doch die ausgelassenen Stationen sehen und hatten diese auch auf Anhieb gefunden. Die Bunkeranlage(n) sind sehr interessant und in Verbindung mit einem Nachtcache sehr gruselig. <p>Als Resumè kann man sagen: ein toll gemachter Cache, welcher wohl mit dem nicht bemerktem Hinweis am Anfang viel spannender hätte werden können...<p>Danke fürs Zeigen<br>the_globemaster<br />]]></LOG>
<LOG><![CDATA[<img src='icon_smile.gif'>&nbsp;2009-10-24 by David+Chrissi<br><br />Heute diesen grandios gemachten Nacht-cache im Team mit Tini1985 gesucht.Hat riesig Spaß gemacht.<br>Ganz großes Lob an Chris601!!Danke.<br>Haben sowas vorher noch nie erlebt.Echt super.<br>TFTC<br>David+Chrissi<br />]]></LOG>
<LOG><![CDATA[<img src='icon_smile.gif'>&nbsp;2009-10-24 by Tini1985<br><br />Wow, endlich beim zweiten Anlauf, um ein paar Tipps vom Owner und vom Telefonjoker reicher zusammen mit David+Chrissi, ohne die wir es nie geschafft hätten, diesen Cache erfolgreich gemeistert!!! Da wir ja bereits einmal um Mitternacht vor einigen Wochen da waren, konnten wir nun in der Dämmerung mitten drin einsteigen und waren ca. 20 Uhr mit der Runde fertig! Ist schon irre, was der Owner da ausgetüfftelt hat!!!<p>Vielen Dank für den tollen Cache<br>Tini1985<br />]]></LOG>
<LOG><![CDATA[<img src='icon_enabled.gif'>&nbsp;2009-10-20 by Chris601<br><br />out: leere Batterien<br>in: volle Batterien <br><img src='http://www.geocaching.com/images/icons/icon_smile.gif' border=0 align=middle><br />]]></LOG>
<LOG><![CDATA[<img src='icon_smile.gif'>&nbsp;2009-10-18 by klins<br><br />Zu viert saßen wir um Mitternacht am Blinklicht, ein bischen wie Silvester aber wegen der Kälte kein Sekt sondern Glühwein, ob es wohl an dem gelegen hat, dass wir nichts bemerkt haben? Dann eben nur mit der Nordkoodinate...mit Logik, Intuition und sicher auch ein bischen Glück gings recht bald weiter...2,5 Stunden später, klitschnass und total verdreckt halten wir das Döschen in den Händen!<br>Was für eine Nacht, vielen Dank dafür.<p>Gabi, Kringel, Kathrin & Klins<br />]]></LOG>
<LOG><![CDATA[<img src='icon_smile.gif'>&nbsp;2009-09-27 by Ullina<br><br />Zusammen mit Karolli auf Tour gegangen (zu viert ist es angenehmer 	<img src='http://www.geocaching.com/images/icons/icon_smile_wink.gif' border=0 align=middle>). <br>Dank der guten Vorarbeit die letzten Aufgaben gemeinsam bewältigt. <br>Auch wenn wir auf dem Acker rumgeirrt sind 	<img src='http://www.geocaching.com/images/icons/icon_smile_wink.gif' border=0 align=middle>, hat es bei sehr gutem trockenen Wetter viel Spaß gemacht<img src='http://www.geocaching.com/images/icons/icon_smile_big.gif' border=0 align=middle><br>Ullina<br>Out: TB<br />]]></LOG>
<LOG><![CDATA[<img src='icon_smile.gif'>&nbsp;2009-09-27 by Karolli<br><br /><img src='http://www.geocaching.com/images/icons/icon_smile.gif' border=0 align=middle> 100 <img src='http://www.geocaching.com/images/icons/icon_smile.gif' border=0 align=middle><br>Wir waren vor zwei Wochen schon mal da und haben die Runde im 2. Bunker abgebrochen,da uns das Zelt, der Grill, der Schlafsack, die Zahnbürste und Zahnpasta etwas irritiert haben <img src='http://www.geocaching.com/images/icons/icon_smile_sad.gif' border=0 align=middle> - ja, es war unheimlich.<br>Also haben wir uns jetzt mit Ullina Verstärkung mitgebracht und alles klappte wunderbar!!!<br>Naja <img src='http://www.geocaching.com/images/icons/icon_smile_question.gif' border=0 align=middle><br>Der Navigator gibt die Koordinaten ein und sagt: "550 m in westlicher Richtung"<br>Wir alle sind frohen Mutes (die Bunker hatten wir hinter uns) bergauf, bergab, vorbei an ganz vielen Wildschweinen, die sich mit Sicherheit alle in den Hecken versteckt hatten, gewandert, bis wir mitten auf einem Feld standen!!!<br>Frage vom Navigator: "Wie waren nochmal die Koordinaten?"<br>Die Antwort erfolgte prompt. Neueingabe. "500m in östlicher Richtung" <img src='http://www.geocaching.com/images/icons/icon_smile_dead.gif' border=0 align=middle> <img src='http://www.geocaching.com/images/icons/icon_smile_shock.gif' border=0 align=middle> <img src='http://www.geocaching.com/images/icons/icon_smile_angry.gif' border=0 align=middle><br>Also Komando zurück! Irgendwo dahinten, hinter den Heckenrose ist eine weitere Station! <br>Ja, der direkte Weg ist nicht immer der der Beste, aber wir ließen uns nicht entmutigen und hielten nach etwa 2h den Schatz in den Händen!<p>Das war ein schöne, spannende und lustige Runde! Ein würdiger 100.<p>TFTC<br>In. Leuchtsterne<br>Out: Coin<br />]]></LOG>
<LOG><![CDATA[<img src='icon_smile.gif'>&nbsp;2009-09-06 by R&#252;ben<br><br />hey man, das ist ein cach der sich gewaschen hat.<br>was soll ich noch sagen die geo-zwerge und monalisa812 haben schon alles gesagt!<br>was man sagen kann........nochmals vielen dank für die location<br>TFTC<br />]]></LOG>
<LOG><![CDATA[<img src='icon_smile.gif'>&nbsp;2009-09-06 by monalisa812<br><br />wow mein lieber schwan, ist das ein übel geiler cach...........<br>also mit den Geo-Zwergen, Rüben und Hardcore-UH sind wir diesen cach angegangen.<br>mhm wie die Geo-Zwerge schon gesagt haben haben wir leider nen telefonejoker gebraucht, naja wenn man auf der leitung steht :-)<br>so dann ging es aber ganz flott weiter, und jetzt ratet mal wer den ersten bunker aus zufall gefunden habt...........<br>so war es hubs wo ist die monalisa hin? .............hab denbunker gefunden naja tollpatsch wie immer :-)<br>also wie gesagt dieser cach ist fantastisch............trotz das alles sack nass war aber das nimmt man gerne in kauf um so eine location zu sehen!<br>TFTC<br />]]></LOG>
<LOG><![CDATA[<img src='icon_smile.gif'>&nbsp;2009-09-06 by Geo-Zwerge<br><br />Das war mal wieder ne tour wo man sich fragt, wie blöd bin ich das ich mitten in der Nacht querfeldein durch nasses gras laufe in bunker krieche und alles wegen einer Dose die im Feld versteckt ist. Ich glaube langsam, dass man eine gesunde Meise braucht um zu cachen.<img src='http://www.geocaching.com/images/icons/icon_smile_tongue.gif' border=0 align=middle> <br>OK DIE IST VORHANDEN <img src='http://www.geocaching.com/images/icons/icon_smile.gif' border=0 align=middle> <img src='http://www.geocaching.com/images/icons/icon_smile.gif' border=0 align=middle> <img src='http://www.geocaching.com/images/icons/icon_smile.gif' border=0 align=middle><p>Nichts gegen den Owner aber wie muss man sein <img src='http://www.geocaching.com/images/icons/icon_smile_question.gif' border=0 align=middle> um auf so eine Idee zu kommen „Geniale Idee“<p>Der Cache hat viel Spaß  gemacht und wir haben auch alle Stationen gefunden. <img src='http://www.geocaching.com/images/icons/icon_smile.gif' border=0 align=middle> Bis auf den anfang da musste ich meinen tel. Joker belästigen zum Glück war er noch nicht im Bett. <img src='http://www.geocaching.com/images/icons/icon_smile_big.gif' border=0 align=middle> Danke<p>Ps.geht aber alles nach plan haben nur auf der Leitung gestanden <img src='http://www.geocaching.com/images/icons/icon_smile.gif' border=0 align=middle><p>DANKE FÜR DIE SCHÖNE RUNDE <br />]]></LOG>
<LOG><![CDATA[<img src='icon_smile.gif'>&nbsp;2009-09-05 by Hardcore-UH<br><br />War mal nen sehr schöner Nachtcach, echt spannend und ne sehr schöne gegend<br />]]></LOG>
<LOG><![CDATA[<img src='icon_enabled.gif'>&nbsp;2009-08-18 by Chris601<br><br />Weiter gehts. Endlich.<p>[This entry was edited by Chris601 on Wednesday, September 16, 2009 at 4:20:55 AM.]<br />]]></LOG>
<LOG><![CDATA[<img src='icon_disabled.gif'>&nbsp;2009-06-15 by Chris601<br><br />Es wundert mich zwar etwas, dass ihr trotz Hint an dieser Stelle nicht weitergekommen seid, aber da die "Schlüsselstage" offenbar nichts mehr macht, ist Wartung angesagt.<br />]]></LOG>
<LOG><![CDATA[<img src='icon_sad.gif'>&nbsp;2009-06-13 by sufferright<br><br />Mit den smoerys gestern dieses leicht frustrierende nachtabenteuer gehabt...wenn man sich die logs anschaut müssen wir ja wirklich irgendwo richtig blöd gewesen sein. <br>Nachdem wir aber an der edding-station mit 5 augenpaaren jedes ding umgedreht hatten, mussten wir eben doch enttäuscht die heimreise antreten. :(<br />]]></LOG>
<LOG><![CDATA[<img src='icon_sad.gif'>&nbsp;2009-06-13 by smoery<br><br />Wir hatten es nun endlich hinbekommen, uns diesen Nachtcache mal vorzunehmen und die fast 100km bis dorthin zurück zu legen.<br>So sind wir auch schon um 23 uhr gestartet um auch wirklich um 00.00 uhr an station 2 zu sein. Dort früh genug angekommen und noch die nähre gegend zu inspiziert, aber dann wurde es langsam spannend - es war 0.00 uhr... aber nichts, rein garnichts passierte :(<br>Hier muss wirklich mal nachgesehen werden!!!<br>Also gingen wir auch nur den Nord-Koordinaten nach und fanden dann nach etwas umherirren auch beide bunker - für CD brauchten wir auch etwas länger, denn in diesem waren wir nur zu zweit drin.<br>Wieder voll motiviert ging es alo zur nächsten Station - dort konnten wir zu fünft aber den Hinweis nicht finden - wir suchten und suchten aber uns wollte sich kein hinweis offenbaren... ein Tip wäre hier ganz schön.<p>Es war mittlerweile 02.40 uhr, also haben wir aufgegeben und traten um 03.00 ... nach 4 Stunden vergeblicher suche die traurige heimreise an.<p>:((<br />]]></LOG>
<LOG><![CDATA[<img src='icon_smile.gif'>&nbsp;2009-06-01 by HeiligerJoghurt<br><br />Ja die Runde mit uniqueray war schon was besonderes.<p>Was wir so alles in den Bäumen gesehen haben. Perlenkette Stacheldraht, Kabelstücke nd Keilriemen da fragt man sich jedesmal <br>von Cachern oder  Elstern ?<p>Und was hört man nicht alles wenn man auf ein Geräusch wartet.<br>Mühlhausens Disco,Flatternde Tiere,Vogelstimmen aus jeder Ecke<br>und seinen eigenen Blutdruck.<p>Aber das die Kröte sogar auf die Koordinaten geschaut hatte war der Hit. Ach ja unsere Hosen waren bis zu den Knieen nass und die Schuhe können wir jetzt als Wasserwage nutzen.<p>--- Vielen Dank für die Nachtwanderung ---<br />]]></LOG>
<LOG><![CDATA[<img src='icon_smile.gif'>&nbsp;2009-06-01 by uniqueray<br><br /># 120<p>wir haben ihn in einem drei-mann-team gefunden!<p>da sind wir wohl immer um die andere suchmannschaft gekreist und haben uns nicht gefunden <img src='http://www.geocaching.com/images/icons/icon_smile_shock.gif' border=0 align=middle><p>das licht war schnell entdeckt und die station gefunden. aber gehört haben wir absolut gar nichts! wir stellten uns exakt 0:00 uhr in einigem abstand von einander und fuhren die satellitenschüsseln aus. nix, nix, nix...  <img src='http://www.geocaching.com/images/icons/icon_smile_sad.gif' border=0 align=middle><br>auch ein telefonat mit einem vorfinder und dessen hinweise brachten keine weitere station zum vorschein. wir beschlossen, den wald generalstabsmäßig zu durchkämmen, ohne erfolg. nach einer stunde erfolgloser suche wollte ich schon abbrechen wobei mir auf dem rückweg eine entscheidende idee kam.<p>"wir haben ja die nordkoordinate..."  <img src='http://www.geocaching.com/images/icons/icon_smile_wink.gif' border=0 align=middle><p>ziemlich platt erreichten wir dann den einstieg zum bunker. wie sich später herausstellte, war dies der zweite zu besuchende ort. schade, dass die anlage viel zu klein ist. wenn man hier was von einem "bunker" liest, denkt man schnell an eine weitverzweigte anlage. naja...<p>von dort liefen wir dann erst in die falsche richtung um dann den richtigen ersten bunker zu finden. nach anfänglichem planlosem suchen kamen wir auf die idee, mal die beschreibung zu lesen. ach wie einfach kann dann manches sein <img src='http://www.geocaching.com/images/icons/icon_smile_big.gif' border=0 align=middle><p>die nächste station war dann wieder schwieriger. auch wenn es im nachhinein logisch ist, wäre es schön, wenn der owner in der beschreibung "wo es weitergeht" noch einen zeilenumbruch einpflegen könnte. da es beim start unserer runde schön regnete, sahen wir aus... und es machte keinen unterschied ob man sich hier mal richtig ausruht oder nicht. wir fanden den edding-hinweis und befreiten sogar noch eine kröte aus dem tiefen verlies   	<img src='http://www.geocaching.com/images/icons/icon_smile.gif' border=0 align=middle><p>und dann ging alles sehr schnell. der letzte hinweis war sehr gut zu finden, wir folgtem dem licht und brauchten beim final gar nicht mutig zu sein. 03:45 uhr geloggt und auf ging es zurück zum cachemobil. zum abschluss natürlich schön durch hüfthohes gras. unsere schuhe und hosen waren so nass, dass ein wasseraufguss keine änderung hervorgerufen hätte  <img src='http://www.geocaching.com/images/icons/icon_smile_dead.gif' border=0 align=middle><p>alles in allem eine interessante runde, die jedoch sicher nur im trockenen spaß machen kann. die lausch-station könnte mal überprüft werden (obwohl wir über sommer- und winterzeit disskutiert hatten) dennoch gefunden, ziemlich durchwässert und platt zu hause angekommen.<p>vielen dank!<p><br />]]></LOG>
<LOG><![CDATA[<img src='icon_note.gif'>&nbsp;2009-06-01 by fabio-otto<br><br />Anfrage an Chris601!!!! Wir waren 14 leute in Bunker 2, ca ne Stunde und keiner hat das Schaltfeld gefunden. Obwohl wir genau wussten wie es aussah. <br>Bitte schau mal nach, ob noch alles am rechten Fleck ist.<br>Denn es ist ein geiler Cache und wir würden ihn echt gern Loggen<p>Thx<br />]]></LOG>
<LOG><![CDATA[<img src='icon_smile.gif'>&nbsp;2009-05-02 by kalimo<br><br />Dieser Cache war schon seit längeren auf unserer Liste. Heute wollten wir´s wissen. Den Ruchsack gepackt und los. Am Blicklicht warteten wir und stellten fest, das wir nicht die einzigen waren. Also gings gemeinsam durch die Nacht. Die einzelnen Stationen haben wir gut gefunden und ne Menge Spaß gehabt. Am Ziel angekommen, traf auch noch der Owner ein, der uns die ganze Zeit verfolgt hatte. Im großen und ganzen war das ein gelungener Abend und ein wirklich schöner Cache. <p>out: GC<p>TFTC Team kalimo<br />]]></LOG>
<LOG><![CDATA[<img src='icon_smile.gif'>&nbsp;2009-05-02 by wauzi08<br><br />am startpunkt angelangt ging es los der reflektorstrecke entlang, immer weiter mitten in der nacht durch feld und wiesen.<img src='http://www.geocaching.com/images/icons/icon_smile_cool.gif' border=0 align=middle> und mit einmal siehe da am blinklicht noch zusätzliche lichter. wer war denn das???<img src='http://www.geocaching.com/images/icons/icon_smile_shock.gif' border=0 align=middle><br>ein weiteres team was sich auf den weg machte diesen cache zu heben. also waren wir nun zu acht und los ging es.:)<br>nach einigen minuten ging  weiter zu den bunkern. verdammt <img src='http://www.geocaching.com/images/icons/icon_smile_shock.gif' border=0 align=middle> die sind vielleicht eng gewesen also gingen nur fünf von uns hinein, was für ein spass nach einiger zeit ging es dann zu den nächsten.<br>den ziegelstein gefunden gingen wir nun weiter in richtung ziel. ein licht sollte uns den weg weisen, zum glück war jemand mit breitem kreuz dabei der konnte uns führen.:)<br>am ziel angekommen, mit der dose in der hand knackte es in einigen metern entfernung<img src='http://www.geocaching.com/images/icons/icon_smile_shock.gif' border=0 align=middle> wer war denn das??? <img src='http://www.geocaching.com/images/icons/icon_smile_question.gif' border=0 align=middle> ein tier, ein irrer oder wer? es war chris601 der uns die ganze zeit beobachtete <br>ein heiden spass mitten durch die nacht, einfach unvergesslich <br>danke!!!!!!!!!!!!!!!!!!<p>[This entry was edited by wauzi08 on Monday, May 04, 2009 at 6:13:33 AM.]<br />]]></LOG>
<LOG><![CDATA[<img src='icon_smile.gif'>&nbsp;2009-05-02 by Hoffi1986<br><br />Der Abend ging wunderbar los, volle Taschenlampen, die 9V-Batterie war auch geladen und gute Laune im Gepäck hatten wir auch genug. <img src='http://www.geocaching.com/images/icons/icon_smile_big.gif' border=0 align=middle> Also los in die Katzentreppen. <img src='http://www.geocaching.com/images/icons/icon_smile.gif' border=0 align=middle> Auf dem Weg der Reflektorstrecke wurde uns klar, dass das kein Zuckerschlecken wird, der Regen des vorigen Tages war noch deutlich zu spüren. Doch vor uns waren Taschenlampen zu sehen, Chris? <img src='http://www.geocaching.com/images/icons/icon_smile_blackeye.gif' border=0 align=middle><br>Als dann der letzte Nachzügler zu uns gestoßen war, meldete der, dass da was Großes im Feld umhergerannt war. Okay, nix weiter gedacht, war ja vielleicht nur ein Reh. <img src='http://www.geocaching.com/images/icons/icon_smile_wink.gif' border=0 align=middle><br>Am Blinklicht angekommen trafen wir dann auf ein weiteres Team. Toll, denn Rudelcachen macht gleich noch viel mehr Spaß und man kann sich ja nebenbei mal ein bisschen austauschen.<br>Die Mitternachtsstage hat uns wahnsinnig Nerven gekostet, weil man damit ja nicht um diese Uhrzeit rechnet. <img src='http://www.geocaching.com/images/icons/icon_smile_clown.gif' border=0 align=middle> Also auf in die Bunker! Im zweiten Bunker fanden wir am Eingang Kerzen. Oh wie nett, dass uns der Owner was dagelassen hat, vielleicht geht uns ja damit ein Licht auf. <img src='http://www.geocaching.com/images/icons/icon_smile_tongue.gif' border=0 align=middle><br>Nachdem alle Bunker erfolgreich gemeistert waren, ging es ans Finale. Den Backstein haben wir super gefunden, doch das mit der Projektion war mehr oder weniger Glückssache. Du musst weiter rechts, links, jetzt geradeaus.  <img src='http://img.groundspeak.com/forums/emoticons/signal/bad_boy_a.gif' width=19 height=19 border=0 align=middle><br>Die Dose hielten wir dann recht schnell in der Hand. Doch mit einem Mal knackte es im Unterholz und ein Pfiff durchdrang den Nachthimmel. Es war Chris601, der uns die ganze Zeit beobachtete und dann auch das Reh, welches auf dem Feld rumsprang, war. <img src='http://www.geocaching.com/images/icons/icon_smile_wink.gif' border=0 align=middle><br>Ein wunderbar geplanter und umgesetzter Cache, wie ich es bis jetzt noch nicht erlebt hatte, auch wenn das Wetter ein wenig gegen uns gearbeitet hat. Den vergessen wir so schnell nicht wieder!<br>TFTC<br />]]></LOG>
<LOG><![CDATA[<img src='icon_enabled.gif'>&nbsp;2009-04-24 by Chris601<br><br />Fehlende Stage ersetzt, die anderen Stages sind auch o.k.<p>Der Eingang des ersten Bunkers wurde (leider <img src='http://www.geocaching.com/images/icons/icon_smile_wink.gif' border=0 align=middle>) etwas erweitert, sodass die T-Wertung von 4,5 nicht mehr aufrecht zu erhalten ist. Ich würde ihn jetzt maximal als 4 einstufen - mit der Tendenz  zur 3,5. <p>[This entry was edited by Chris601 on Monday, April 27, 2009 at 9:23:21 PM.]<br />]]></LOG>
<LOG><![CDATA[<img src='icon_smile.gif'>&nbsp;2009-04-09 by madd.in<br><br />Hier waren wir heute beim zweiten Mal, letztes Jahr im August haben wir die ersten Stationen erkundet und waren restlos begeistert...<img src='http://www.geocaching.com/images/icons/icon_smile.gif' border=0 align=middle><br>An der einen Station war dann leider Schluss weil wir echt Tomaten auf den Augen gehabt haben müssen. Also huete bei schönstem Sonnenschein noch mal auf die Suche begeben und modernster Projektionstechnik auch gut gefunden <img src='http://www.geocaching.com/images/icons/icon_smile.gif' border=0 align=middle><img src='http://www.geocaching.com/images/icons/icon_smile.gif' border=0 align=middle><img src='http://www.geocaching.com/images/icons/icon_smile.gif' border=0 align=middle><p>tftc, madd.in<img src='http://img.groundspeak.com/forums/emoticons/signal/big_smile.gif' width=19 height=19 border=0 align=middle><br />]]></LOG>
<LOG><![CDATA[<img src='icon_smile.gif'>&nbsp;2009-03-22 by knipperdolling07<br><br />Ein toller Nachtcache!<p>Da das erste Blinklicht kaputt ist, haben wir station2 mit einem Tipp des owners  gut gefunden, und nach fast zwei stündiger suche stolz den Final in den Händen gehabt.<p>Danke für diesen tollen Cache, der ganz weit oben auf unserer top 10 steht.<p>TFTC<br>Knipperdolling07<br />]]></LOG>
<LOG><![CDATA[<img src='icon_smile.gif'>&nbsp;2009-03-22 by hetten2001<br><br />Super Cache! Alle sind voll begeistert! Wenn man die Beschreibung gelesen hat kommt man schon mal ins grübeln. :D Cooles Gelände und auch ein nettes anderes Team kennengelernt. TOP!!<p>Die 2. Elektronik haben wir auch mindestens eine halbe Stunde an der falschen Stelle gesucht.<p>1:47Uhr wurde das Final mit 8 Personen erreicht.<br>(2x 4Personen Team´s)<p>Chris / hetten2001<br />]]></LOG>
<LOG><![CDATA[<img src='icon_smile.gif'>&nbsp;2009-03-22 by kiepenkerl08<br><br />Ein richtig toller Nachtcache nach meinem Geschmack!<br>An der zweiten Station haben knipperdolling, proficacher und ich uns einer zweiten Gruppe angeschlossen...<p>Vielen DFDD<br>kiepenkerl08<br />]]></LOG>
<LOG><![CDATA[<img src='icon_smile.gif'>&nbsp;2009-03-22 by proficacher09<br><br />Bei einem schönen Wochenendbesuch in Mühlhausen haben wir uns abends die Zeit genommen, altes Militätgelände zu erkunden. Gegen Mitternacht hat sich auf dem Acker ein Treffpunkt entwickelt...auch ein nettes Erlebnis. Dann eine tolle und ideenreich ausgestattete Tour, jeder in unserer großen Truppe (8 Cacher) hat dann seinen Teil zum Gelingen des nächtlichen Unternehmens beigetragen. Hat viel Spaß gemacht. Dafür herzlichen Dank.<br />]]></LOG>
<LOG><![CDATA[<img src='icon_smile.gif'>&nbsp;2009-01-17 by Team Tambach<br><br />Ja...auch wir gehörten zu dem kleinen Event dazu..  ;-)<br>Nachdem wir schon eine Runde rund rum gelaufen waren....und so ziemlich den Heimweg antreten wollten, trafen wir plötzlich den Owner auf Cache-Wartung. Ohne wie wir wussten, wie uns richtig geschieht, ging es: "...folgt mir, ich führ euch hin, beeilt euch..."   <br>Hinterher...und dann...ahhh der nächste Hinweis.... :-)<br>(Leider fehlte das rote Blinklicht)<br>Von da an lief es dann wie am Schnürchen.....so vielen Augen bleibt halt nix verborgen....<br>Sehr schöner Cache, nur zu empfehlen....<p>Grüße an den Rest der Gruppe......theio & friends, Dr.Ptah, Rocco82 & Schatz, Dirty Dirch, 1/2 dog-on-tour, rey81, The Finch und ein Gastcacher<p><br>Danke, das Team Tambach<br />]]></LOG>
<LOG><![CDATA[<img src='icon_disabled.gif'>&nbsp;2009-01-17 by Chris601<br><br />Das Blinklicht an Stage 1 ist gemugelt wurden. Seine Position scheint "verbrannt" zu sein. Vermutlich hat es gemand blinken gesehen und hält jetzt weiter dort Ausschau, ob mal wieder was blinkt. Das größere Problem ist jetzt nicht das Basten eines Neuen sondern das Finden einer geeigneten Unterbringung.<br>Prinzipiell kann der Cache noch gefunden werden - alle anderen Stationen sind heil. Wer ihn in der "Temp.-Disable"-Zeit suchen möchte, kann sich zwecks kleinem Hint gern an mich wenden.<p>Kurze Geschichte zur Cachewwartung letzte Nacht: Zu spät losgekomen, nebelig.. also auf den Check der nicht ganz so wichtigen Reflektorstrecke verzichtet und ein Stück weiter mit dem Auto gefahren. Das Blinklicht an Stage1 war nicht auszumachen. Nebel vermutlich... Also näher ran. <br>Kein Blinklicht aber Lichtschein? Das muss ein Auto gewesen sein von der Straße nach Eisenach. Noch einmal.. Irgendwie viel zu unkoordiniert für ein Auto. Zwei verschiedene Lichtkegel? Da ist definitiv jemand mit Taschenlampe unterwegs! Ich habe also zurückgeleuchtet. Und schon kamen mir 2 oder 3 Leute mit Lampen entgegen, die genauso verdutzt geguckt haben wie ich. Ich konnte dann nur ganz vorsichtig fragen "Sucht ihr was?", was dann auch etwas zurückhaltend bestätigt wurde: "Ja, wir suchen was" <img src='http://www.geocaching.com/images/icons/icon_smile.gif' border=0 align=middle><br>Ich habe also die ersten 3 Cacher schnell noch zur Stage 2 geführt, da es ja schon 2 oder 3 Minuten vor Mitternacht war. Plötzlich kamen aus allen Richtungen noch mehr Lampen. An Stage 2 angekommen (die ich nun als fehlend bestätigen muss) war es plötzlich eine riesige Traube von Leuten und ich fragte nur noch "Um himmels Willen, wieviele seid ihr?!". "12" war die Antwort, die mich dann doch etwas überrascht hatte. <img src='http://www.geocaching.com/images/icons/icon_smile.gif' border=0 align=middle> Fast schon ein Event.<p>Hilfe brauchte ich an den nächsten Stages nicht zu geben. Einer 12-Mann Gruppe verschließt sich auf längere Sicht offenbar gar nichts!<p>Da die Mitternachts-Stage auch von einigen Cachern lokalisiert wurde, die mich nicht getroffen hatten, bin ich sicher, ihr hättet den Cache auch ohne meine Hilfe gefunden.<p>Schön, euch kennengelernt zu haben!<p>Bilder von den Stages o.ä. gern an: web@baby-oel.de <br />]]></LOG>
<LOG><![CDATA[<img src='icon_smile.gif'>&nbsp;2009-01-16 by DrPtah<br><br />Thx für diesen tollen Cache. <p>Greetz to theio & friends, DirtyDirch, Tom_Po, Rey81, Rocco82 und sein Schatz, TeamTambach, TheFinch und Kraehe82<br />]]></LOG>
<LOG><![CDATA[<img src='icon_smile.gif'>&nbsp;2009-01-16 by rey81<br><br />Thx für diesen ausgezeichneten Cache in einer schönen Umsetzung mit vielen kleinen technischen Features. <br>Ich kann Ihn nur weiter empfehlen und hoffe, dass chris601 bald ein neues geeignetes Versteck für Station 2 findet, was von den muckeln nicht entdeckt wird.<p>TFTC<br>rey81<br> <br>+  theio & friends, DirtyDirch, 1/3 Dog-on-Tour, DrPtah,Rocco82 und sein Schatz, TeamTambach, TheFinch und ein Gastcacher<br />]]></LOG>
<LOG><![CDATA[<img src='icon_smile.gif'>&nbsp;2009-01-16 by Theio&amp;Friends<br><br />Dieser sollte für unsere Nachtcache-Runde der letzte und wie sich noch herausstellen sollte auch der aufregenste des ganzen Abends werden. <img src='http://www.geocaching.com/images/icons/icon_smile_approve.gif' border=0 align=middle><br>Wir starteten an den gegebenen Parkkordinaten und hangelten uns der intakten Reflektorstrecke entlang bis zu Stage 1. Der übelste Neben verhinderte jedoch, dass wir das Blinklicht sehen konnten. Wir umrundeten also den Wald dank Kartennavi, aber immer noch kein Blinklicht (wir hätten noch ewig suchen können, das Blinklicht wurde gemuggelt). Mitternacht näherte sich und so entschlossen wir uns wieder Richtung Stage 1-Koords zu laufen. Die anderen des Teams waren voraus und plötzlich geschah "ES". Wir also in die Richtung gesprintet... Mal wieder zeigte sich: Der direkte Weg ist nicht immer der beste... Dornenbüsche, Hohlweg, ... <img src='http://www.geocaching.com/images/icons/icon_smile_blackeye.gif' border=0 align=middle> Und dann an Stage 2 standen die anderen ganz entspannt, während wir vom Rennen pumpten! Antwort: "Wir haben den Owner getroffen!" Wenig später kam dann chris601 mit dem Rest dazu und es kam zu einem kleinen spontanen Event. Chris hat sich aber in Zurückhaltung geübt und nur bei der Frage nach dem besten Weg um die Hecke haben wir uns an seiner Laufrichtung orientiert und wären fast den langen Weg unten rum gelaufen!  <img src='http://www.geocaching.com/images/icons/icon_smile_wink.gif' border=0 align=middle><br>Wir hatten viel Spass. Die Stationen sind abwechslungsreich gestaltet und für Techis absolut interessant. Die Machart von den Stationen hatten wir so noch nicht gesehen! Also: Absolut empfehlenswert!<p>TFTC<br><i>theio & friends, DirtyDirch, 1/3 Dog-on-Tour, DrPtah, Rey81, Rocco82 und sein Schatz, TeamTambach, TheFinch und ein Gastcacher</i><br />]]></LOG>
<LOG><![CDATA[<img src='icon_smile.gif'>&nbsp;2009-01-16 by dirtydirch<br><br />Bei Nebel ein Blinklicht zu finden ist gar nicht so einfach - vor allem wenn es verschwunden ist. Dank Kartennavigation waren wir jedoch am richtigen Wald unterwegs. Dank Ownerhilfe waren wir aber noch rechtzeitig um Mitternacht an Station 2. Von da an konnten alle Station mit genügend Augenpaaren gelöst werden.<p>Super Cache mit sehr guten Ideen<p>DirtyDirch unterwegs mit:<br>TheFinch, Rey81, DrPtah, Dog-on-Tour, Theio&friend, TeamTambach, Rocco82&sein Schatzzz und unser Gastcacher!<br />]]></LOG>
<LOG><![CDATA[<img src='icon_smile.gif'>&nbsp;2009-01-16 by TheFinch<br><br />Zufälle gibt es manchmal...tzz. Da Station 2 offensichtlich von Muggels gehoben wurde, hatten wir Glück im Unglück. Der owner Chris601 drehte eine Runde und gabelte uns auf. Dadurch konnten wir den NC recht problemlos durchführen. Ein großes Lob an den owner: Sehr schöne Ideen und interessante Orte!<br>Zur Herde gehörten Rocco82 und Schatz, Rey81, DrPtah, 1/2 Dog-on-Tour, TeamTambach, Theio&friends, DirtyDirch und Gast<p>TheFinch<br />]]></LOG>
<LOG><![CDATA[<img src='icon_smile.gif'>&nbsp;2009-01-16 by Rocco82 und sein Schatz<br><br />Unser letzter Nachtcache auf dieser Runde! Am Anfang waren wir noch tierisch motiviert! Und als uns die ersten Reflektoren - die echten - angestrahlt haben, waren wir auch noch sher optimistisch, obwohl es doch schon ordentlich neblig war. Man konnte noch was erkennen, aber knapp 100m weiter war Schicht im Schacht. Und diese Wettereigenschaft hatte uns dann an Station 1 dann den Wind aus den Segeln genommen! Rotes Licht?! Wo denn?<img src='http://www.geocaching.com/images/icons/icon_smile_shock.gif' border=0 align=middle> Wir konnten ja nicht mal ein Feld geschweige denn einen Wald ausmachen.<img src='http://www.geocaching.com/images/icons/icon_smile_blackeye.gif' border=0 align=middle> Gut dass wir einige Karten-Navis dabei hatten, So haben wir uns dann einfach mal zum "Rotem Berg" aufgemacht in der Hoffnung, dass wir dort ein rotes Licht finden. Aber ein Satz mit x - Das war wohl nix.<br>Eigentlich wollten wir schon wieder Richtung Autos laufen, da schlug es Mitternacht und ich blieb einfach mal stehen und da war was! Und wir dann sofort in die Richtung gelaufen und siehe da, da hatte uns dann der Owner auch schon empfangen. Er war auf Wartungstour - zum Glück. So konnten wir den Cache dann doch weiter machen!<p>Wir haben ein dann noch ein paar schöne Stationen erleben können. Vorallem in diesen engen aber angenehm warmen Bunkerresten!<img src='http://www.geocaching.com/images/icons/icon_smile_cool.gif' border=0 align=middle><br>Und dann die letzte Station! Wir haben ganz schön gestaunt, als uns wieder die Hinweise einfielen!<p>Danke für das Zeigen dieses Geländes und der Ideen, die hier "Verbaut" wurden!<br>Im Rudel mit TheFinch, Rey81, DrPtah, Dog-on-Tour, Theio&friend, TeamTambach, DirtyDirch und unser Gastcacher!<p>Rocco82 und sein Schatz sagen danke!  <img src='http://www.geocaching.com/images/icons/icon_smile_approve.gif' border=0 align=middle><br />]]></LOG>
<LOG><![CDATA[<img src='icon_smile.gif'>&nbsp;2008-11-20 by dallow<br><br />an der zweiten station haben hat es eine ganze weile gedauert, bis uns ein "licht" aufging. zu wenig um die ecke gedacht. die anderen stationen recht schnell gefunden und am ende mußten wir bei starkem wind den cache doch noch etwas suchen. sehr clevere ausführung das ganze, hat uns sehr viel spaß bereitet. die anfahrt hatz sich echt gelohnt, danke an den owner!<br />]]></LOG>
<LOG><![CDATA[<img src='icon_smile.gif'>&nbsp;2008-11-01 by j.kowi<br><br />Ein weiterer toller Einsatz der CSG 9 (Cache such Gruppe 9)<p>bestehend aus:<br>-Späher: stevm (Er ist der, der alle Landschaften und Löcher erkundet bevor der Rest der Truppe folgt)<br>-Techniker: mik900 (Er schaut die ganze Zeit auf sein Handy. Es ist unsere Informationszentrale für Navigation, Internet, Telekommunikation und alles andere!)<br>-Versorgung: Frau von stevm (mit Duplo, Mandarinen und anderen Süßigkeiten versorgt sie uns immer wieder gerne)<br>-Berichterstatter(in): meine Frau (mit Kamera und einem Gedächtnis wie ein Buch unterstützt sie uns)<br>-General(in): mik900 seine Frau (mit ihren zwei kleinen Kindern und ihrem Verantwortungsbewusstsein liegt es an ihr ob der Einsatz gestartet wird oder nicht)<br>und zu guter Letzt,<br>-Grenadier: meine Wenigkeit (Der Mann fürs Grobe. Mit Panzer (dunkelgrüner Mazda 323), Axt, Machete und anderen Spezialwerkzeugen immer zur stelle wenn's mal hart auf hart kommt)<p>Wirklich eine tolle Idee!!!<br>TFTC<br />]]></LOG>
<LOG><![CDATA[<img src='icon_smile.gif'>&nbsp;2008-11-01 by mik900<br><br />super cache. War mit J.KOWI und STEVM + deren Frauen unterwegs. Echt ein wenig gruselig zu Halloween!<p>Großes Lob an den Owner, super Idee und super Umsetzung!<p>[This entry was edited by mik900 on Saturday, November 01, 2008 at 6:55:18 AM.]<p>[This entry was edited by mik900 on Saturday, November 08, 2008 at 2:41:15 PM.]<br />]]></LOG>
<LOG><![CDATA[<img src='icon_smile.gif'>&nbsp;2008-10-31 by stevm<br><br />Echt SUPER Cache. Am anfang ,nach 24 Uhr, haben wir uns ein bißchen blöd angstellt weil jeder was anderes sagte.Aber zum Glück ging es dann für uns doch noch weiter.<br>Eine echt super Location,sowas sollte es öfter geben!!!<p>Dieser Cache wird immer in Erinnerung bleiben!<p>TFTC<p>sagt: STEVM and CSG 9<p><br />]]></LOG>
<LOG><![CDATA[<img src='icon_note.gif'>&nbsp;2008-10-26 by Chris601<br><br />Cachekontrolle: Alles bestens (hat mich eigentlich fast verwundert nach all der Zeit) <br>Alle Batterien noch voll und alle Elektronik noch trocken.<p>in: Coin<br>out: TB<br />]]></LOG>
<LOG><![CDATA[<img src='icon_smile.gif'>&nbsp;2008-08-31 by ifindnix<br><br />Salvete!<br>Wir waren mal wieder gemeinsam mit Team Kumunst auf cache-Tour in Thüringen! <img src='http://www.geocaching.com/images/icons/icon_smile_big.gif' border=0 align=middle><br>Was soll man sagen: Klasse Stationen, spannende Location und nichts für Weil-es-an-der-Bühne-so-eng-ist-in-der-Loge-Sitzer! <img src='http://www.geocaching.com/images/icons/icon_smile_wink.gif' border=0 align=middle>  <br>Vobis gratias agimus!<br>ifindnix & crew <br />]]></LOG>
<LOG><![CDATA[<img src='icon_smile.gif'>&nbsp;2008-08-31 by Team Kumunst<br><br />Ein toller Nachtcache mit sehr interessanten Stationen. Wie findet man so eine Location ?<br>Zusammen mit ifindnix & crew die Runde angegangen.<br>Danke und Gruß<br>Team Kumunst<br />]]></LOG>
<LOG><![CDATA[<img src='icon_note.gif'>&nbsp;2008-08-19 by Gollum &amp; Galadriel<br><br />TB abgelegt<br />]]></LOG>
<LOG><![CDATA[<img src='icon_smile.gif'>&nbsp;2008-08-06 by Traumpaar1<br><br />Zusammen mit BatiVW und Castcacher geloggt, allein trauten wir uns dann doch nicht. Wir hatten wirklich sehr viel Spaß als auch noch einer von uns glaubte seinen Autoschlüssel verloren zu haben! Geile Sache - sollte jeder ausprobieren<br>würden uns über mehr Nachtcaches riesig freuen<br />]]></LOG>
<LOG><![CDATA[<img src='icon_note.gif'>&nbsp;2008-08-01 by Chris601<br><br />Cachekontrolle: Alles o.k. Das mit dem 2. Bunkereingang stimmt. Ich habe da den Schäfer in Verdacht. Aber solange es nur ein paar Holzbretter sind - ist das o.k.<p>[This entry was edited by Chris601 on Thursday, August 14, 2008 at 1:10:24 PM.]<br />]]></LOG>
<LOG><![CDATA[<img src='icon_smile.gif'>&nbsp;2008-07-28 by BastiVW<br><br />hat sehr viel spaß gemacht. Für alle anderen nicht lange über legen einfach machen. <br><br />]]></LOG>
<LOG><![CDATA[<img src='icon_smile.gif'>&nbsp;2008-07-26 by Die_Sylle<br><br />zusammen mit dem tesaabroller, grasnabentaucher, ashracx und pcd onkel unterwegs gewesen. ich muss ehrlich sagen ich hatte nen bissl angst. war auch die einzigste die draußen geblieben is um aufzupassen.<br>aber es war trotzdem sehr nett.<p>tftc<br />]]></LOG>
<LOG><![CDATA[<img src='icon_smile.gif'>&nbsp;2008-07-26 by Tesaabroller<br><br />Die Nacht eine kleine Tour mit der Sylle, Arschkratz, PCDonkel und dem Grasnabentaucher unternommen.<p>Der Cache hier war ja das Ziel und der Weg dafür hat sich auch gelohnt ;-) Schöne Stationen, toller Lost Places, coole Rätseleien bei Nacht. Lediglich der Weg zum Final hat sich extrem schwierig gestaltet, ansonsten war alles gut zu lösen.<p>Eine Anmerkung aber:<br>Bunkereingang Nummer 2 wurde, wohl von einem Bauern, mit Holz und Dreck zugeschüttet. Dadruch war der Eingang ein wenig schwerer zu finden (wir fanden den falschen zuerst - der ist richtig zugesschüttet), hier sollten Nachfolgende besser das Spoilerbild mitnehmen, wir hatten leider keines.<p>So haben wir uns den Zugang wieder freigemacht und nach verlassen des Bunkers auch wieder ein wenig verschlossen, vielleicht verzichtet der Bauer dann auf weiteres zukippen.<p>Also Leute - geht rann an den Cache, vielleicht ist der nicht mehr lange und ihr hättet echt was verpasst!<p>Vielen Dank für die viele Arbeit und die tolle Ausarbeitung an den Owner.<br />]]></LOG>
<LOG><![CDATA[<img src='icon_smile.gif'>&nbsp;2008-07-25 by Ashracx<br><br />mit tesaabroller, grasnabentaucher, die_sylle und pcdonkel gefunden<p>tftc<br />]]></LOG>
<LOG><![CDATA[<img src='icon_smile.gif'>&nbsp;2008-06-29 by GeoSittiche<br><br />Dieser Multi ist wirklich beeidruckend, nichts für Weicheier.<br>Leider hat das Team kurz vor Schluß kapitulieren müssen<br>und einen zweiten Anlauf genommen,was bei Tagesicht<br>geschah.<br>Mit ein bisschen Glück war das auch möglich.<br>Haben das "Paket" neu getarnt,da es sicher durch den letzten Sturm freigelegt war.<br>Noch einmal ein dickes Lob an den Owner für dei genialen<br>Spitzfindigkeiten.<br>TFTC<br>-GC out<br>-GC in                   <br>                     die GeoSittiche<br />]]></LOG>
<LOG><![CDATA[<img src='icon_smile.gif'>&nbsp;2008-06-01 by muckel<br><br />Super!<br>Diese nächtliche Rundreise hat uns allen super viel Spaß gemacht! Der Cache hält auf jeden Fall alles was er verspricht. Verblüffende Effekte, coole Ideen und dreckige Klamotten <img src='http://www.geocaching.com/images/icons/icon_smile_big.gif' border=0 align=middle>.<br>Zweimal waren wir müdigkeitsbedingt kurz vor dem Aufgeben, haben aber doch noch bis zum Ende durchgehalten.<p>In/Out: Coin / TB<p>Danke für diese tollen Cache & Gruß aus HH,<br>Muckel<br />]]></LOG>
<LOG><![CDATA[<img src='icon_smile.gif'>&nbsp;2008-04-20 by AT-AT<br><br />Heute war ich mit gollumgandalf und Gastcacherin auf Mitternachtstour. Es war ziemlich aufregend und verblüffend, teilweise auch etwas gruselig.<br>Vielen Dank!<br />]]></LOG>
<LOG><![CDATA[<img src='icon_smile.gif'>&nbsp;2008-04-20 by Gollum &amp; Galadriel<br><br />Einfach nur fantastisch! Geniale Ideen!<br>Am Blinklicht ein bischen Probleme gehabt, die Ost-Koords zu deuten...dann aber den Aha-Effekt gehabt. Am ersten Bunker gezögert, ob wir das wirklich tun sollen und warum. Dann aber gabs kein Halten mehr. Im zweiten Bunker haben wir uns dann total blöd angestellt. "Guck mal, das heisst doch bestimmt....", aber irgenwie auf der Leitung gestanden und nicht den richtigen Schluss gezogen. Zum Glück dann doch noch fündig geworden und die Sache zu Ende gebracht. Ein wirklich tolles Erlebnis. Vielen Dank für die aufregende Nacht!<br />]]></LOG>
<LOG><![CDATA[<img src='icon_smile.gif'>&nbsp;2008-04-19 by xivVerge<br><br />2:05 Uhr<p>Ja richtig um 2 Uhr früh hatte unsere Fünfergruppe es endlich geschafft.<br>Aber der Cache war echt jede Minute wert. Ausser vielleicht die Minuten zurück zum Auto um die vergessene 9V Batterie zu holen. <img src='http://www.geocaching.com/images/icons/icon_smile_angry.gif' border=0 align=middle><br>Ansonsten großen Respekt an den Owner für diesen extrem gut ausgetüftelten Cache.<img src='http://www.geocaching.com/images/icons/icon_smile_approve.gif' border=0 align=middle><p>in, out: nix<p>xivVerge<br />]]></LOG>
<LOG><![CDATA[<img src='icon_smile.gif'>&nbsp;2008-04-18 by p3rrin<br><br />Ein wirklich sehr spannender Cache. Was uns an den einzelnen Stationen geboten wurde sucht seinesgleichen. <img src='http://www.geocaching.com/images/icons/icon_smile_big.gif' border=0 align=middle> Am Final mussten wir eine ganze Weile suchen, da wir den Hinweis zunächst falsch interpretierten.<p>Danke für den tollen Cache!<p>nichts getauscht<br />]]></LOG>
<LOG><![CDATA[<img src='icon_smile.gif'>&nbsp;2008-04-18 by Sabbi<br><br />130 km Fahrt - nur für einen Cache? Es sollte sich lohnen. Zu fünft ging's auf Cachesuche. Wir hatten das Auto an den Parkkoordinaten abgestellt und stiefelten Richtung Stage 1. <p>Meine rot-grün Sehschwäche machte es mir unmöglich das erste Blinklicht zu sehen, glücklicherweise war ich nicht allein und die anderen mit ihren Adleraugen konnten mein Defizit ausgleichen.<p>Mitternacht - perfekt, alles klappte. Doch wir hatten schon etwas Mühe die nächsten Koordinaten zu entziffern. Wirklich eine klasse Idee.<p>Am ersten Einstieg angekommen, "fuhr ich hinab" um unten festzustellen das ich die 9V Batterie im Auto vergessen hatte. <p>"Ähm Jungs, nehmt's mir nicht übel aber ich glaube die Batterie liegt im Auto." <p>Was dann folgte kann man sich denken. Natürlich, ich wurde frenetisch gefeiert, bejubelt, man trug mich auf Händen! <p><img src='http://www.geocaching.com/images/icons/icon_smile_angry.gif' border=0 align=middle><img src='http://www.geocaching.com/images/icons/icon_smile_angry.gif' border=0 align=middle><img src='http://www.geocaching.com/images/icons/icon_smile_angry.gif' border=0 align=middle><img src='http://www.geocaching.com/images/icons/icon_smile_angry.gif' border=0 align=middle> ---> <img src='http://www.geocaching.com/images/icons/icon_smile_shy.gif' border=0 align=middle> = <img src='http://www.geocaching.com/images/icons/icon_smile_blackeye.gif' border=0 align=middle><p>Nix da, wir mussten zurück. Also knapp 2 km zum Auto gestiefelt und uns kurzerhand entschieden mit dem Cachemobil direkt zum Feld zu fahren. Klasse Idee, das Auto war danach nicht wieder zuerkennen.<p>Die kommenden Stationen waren ebenfalls sehr gut ausgearbeitet und mit ein wenig Geschick gut zu finden. An der Station zum Final hatten wir ein paar Probleme, die wir aber nach einigem Hin- und Her doch lösen konnten. <p>Alles in allem eine runde Sache und ein überaus gelungener Cache! Vielen Dank für die schöne Runde!<p>IN: TB-Bembel, Bailys-Shopping-Coin<br>OUT: Travel-Slug, Kompass<p>P.S. Der GC - "Moose Coin" war nicht im Cache!<p>Sabbi<p><br>[This entry was edited by Sabbi on Saturday, April 19, 2008 at 4:26:09 AM.]<br />]]></LOG>
<LOG><![CDATA[<img src='icon_smile.gif'>&nbsp;2008-04-18 by brotMachine<br><br />Im Fünfer-Team starteten wir gegen 23:30 an den Parkkoordinaten. Zum Glück waren die letzten Tage relativ trocken, somit waren die kürzesten Wege meist doch die besten :)<br>Viertel vor 12 waren wir dann an der ersten Station und warteten gespannt. Als es dann soweit war waren wir schon sehr verblüfft, wieviel Mühe sich der Owner bei diesem Cache gemacht hat. Wrklich toll!<br>Alle Stationen hatten ihren ganz besonderen Reiz und so konnte uns der Cache reichliche 2,5h auf Trab halten. Vielleicht müsste man noch die halbe Stunde abziehen, die wir für das Holen der im Auto vergessenen 9V Batterie benötigten, aber auch das hat uns und besonders unserem "Neuen" einen ganz besonderen Spaß verschafft ;)<p>Vielen Dank für diesen großartigen Cache!<br>brotMachine und R.aus N.<p>Out: TB<br>In: -<br />]]></LOG>
<LOG><![CDATA[<img src='icon_smile.gif'>&nbsp;2008-03-22 by Grottenolm87<br><br />Habe meinen Account von Knutsch&Fleck in Grottenolm87 gewechselt. Sollte jemand damit Probleme haben, kann er diesen Log ohne Kommentar löschen.<br>I´ve changed my account from Knutsch&Fleck to Grottenolm87. The log can discharge momentarily if somebody disagree with this.  <br><br />]]></LOG>
<LOG><![CDATA[<img src='icon_smile.gif'>&nbsp;2008-03-22 by Mueckenfett<br><br />Toll was uns da geboten wurde, genial ausgearbeitet.<br>Hat bestimmt viel Arbeit gemacht.<br>Schön das jetzt die Bunkeranlage mit einbezogen wurde.<br>Mal gut das Kruemel68 nicht bis Mitternacht durch hielt und auf der heimischen Couch einschlief.Wer weiss was uns sonst im Bunker geboten wurde.<br>Tom<br />]]></LOG>
<LOG><![CDATA[<img src='icon_smile.gif'>&nbsp;2008-03-22 by Renault Family<br><br />Das war für mich aus Berlin ein absolutes Muss. Bei Kälte, Matsch und Schnee und nicht gerade schönen Temperaturen hier vor Mitternacht noch auf einige andere Cacher getroffen. Die Bäume leuchteten im Licht und ein Blinken in der Ferne. Gut in der Zeit hin zum Licht und nun auf die Geisterstunde wartend. Wir hatten genug Zeit und erkundeten die nähere Umgebung und fanden den 1.Bunker. Hinein!? Niemals<img src='http://www.geocaching.com/images/icons/icon_smile_shock.gif' border=0 align=middle> Doch wir mussten diese matschige Angelegenheit auf uns nehmen. Ich dachte nur bei diesem kleinen Loch, hoffentlich kommt man da wieder raus! Nun Beeilung und zurück zum Licht. Was hier um Null Uhr erschien war einfach genial. Anfänglich schwer zu deuten, aber entschlüsselt wurde alles. Auf zum nächsten Bunker und auch hier hinein. Toll den Hinweis versteckt. Alle Stationen waren klasse und nach ca. 1,5 h am Final angelangt und Glücklich.<p>Danke für den sehr schönen Nachtcache und Grüße aus Berlin von Matti<p>IN: Geocoin Disco Schnecke<br><br />]]></LOG>
<LOG><![CDATA[<img src='icon_smile.gif'>&nbsp;2008-03-22 by Eichsgenossen<br><br />Heute Nacht trotz Schneewarnung diesen Cache mit 8 Mann(Frauen) angetreten.<br>Ein Cache der eine Herausforderung an Mensch und Kleidung ist.Tolle Tüftler waren hier am Werk-Abenteuer,Spaß und gut vorbereitete Stationen verdienen das Predikat 1a.<br>            Grüße von den Eichsgenossen<br />]]></LOG>
<LOG><![CDATA[<img src='icon_smile.gif'>&nbsp;2008-03-22 by Erithacus Rubecula<br><br />Abgestaubt!<br>Gestern Früh noch mit Mückenfett und den Eichsgenossen verabredet und dann gings gemneinsam los. Bis Mitternacht hätten wir nicht unbedingt warten müssen, haben es dann aber doch noch gemacht und gelöst. Beim ersten Bunker hatte der mänliche Teil von uns ganz schön Angst vorm steckenbleiben, beim Versuch wieder raus zu kommen. Hat dann aber doch noch geklappt<img src='http://www.geocaching.com/images/icons/icon_smile_tongue.gif' border=0 align=middle> Ansonsten ein Klasse Cache mit gut ausgearbeiteten Stages. TFTC<p>Knutsch&Fleck<br />]]></LOG>
<LOG><![CDATA[<img src='icon_note.gif'>&nbsp;2008-03-18 by Mueckenfett<br><br />Hi Chris,<br>wenn du auf mich wartest, dann mußt du dich bis aufs lange Osterwochenende(Fr.) gedulden.<br>Werde dann mit Verstärkung aus Berlin dein Meisterwerk angehen.<br>Alleine schaffe ich das doch nie <img src='http://www.geocaching.com/images/icons/icon_smile_wink.gif' border=0 align=middle><br>Tom<br />]]></LOG>
<LOG><![CDATA[<img src='icon_note.gif'>&nbsp;2008-03-16 by Chris601<br><br />2km konnte ich euch heimlich folgen und hätt auch gern noch ein wenig weiter Mäuschen gespielt. Nach einer Woche Sturm und Regen war ich auf Cache-Kontrolle, nachdem ich gesehen habe, dass jemand schon im Auto saß und gelesen hat <img src='http://www.geocaching.com/images/icons/icon_smile_wink.gif' border=0 align=middle><p>Im Wald hab ich mich dann etwas zu nah an die Mitternachts-Stage herangepirscht und als ihr nun auch noch in meine Richtung losgepirscht seid, gabs kein Entweichen mehr. Hätt euch gern erst am Fianl überrascht. <img src='http://www.geocaching.com/images/icons/icon_smile_tongue.gif' border=0 align=middle><p>Schön, endlich die letzten "3 Großen" des Landkreises mal persönlich kennengelernt zu haben, ich hätte eher mit einem bekannten Gesicht gerechnet <img src='http://www.geocaching.com/images/icons/icon_smile_wink.gif' border=0 align=middle><br>Danke für die netten Worte!<p>Schade, beim Erfolgsbier wär ich auch gerne dabei gewesen, da war ich wohl zu schnell fort. Das klappt aber schon noch mal! Hin und wieder trifft man sich ja mal..<br>(..nachts im Wald)<br />]]></LOG>
<LOG><![CDATA[<img src='icon_smile.gif'>&nbsp;2008-03-16 by LUPO.79<br><br />Spontaner Treff zum Samstag-Abend mit Traveler77 und Hor_andy um diesen Cache zu absolvieren. Alte Klamotten an, alles was Licht bringt dabei und los gings. Auf dem Weg zur Blinkistation über diverse Möglichkeiten der Nachtcachegestaltung unterhalten und schon hatten wir das erste Highlight: 2 syncron bewegliche Reflektoren... Wie hast du das denn nur hinbekommen, Chris? (Ist der jeden Abend da?) An Station 2 noch genügend Zeit um weiter fachzusimpeln und Punkt 2400Uhr gings weiter... Und siehe da, stand uns doch plötzlich der Owner im Dunkeln gegenüber... Die restlichen sehr gut gemachten und gewählten Stationen ohne Probleme gemeistert und so ließen wir die Cache-Nacht bei nem kühlem Pils auf Traveler seinen 600sten ausklingen. <br>Danke Chris, für ein weiteres Highlight im UH-Kreis... <br />]]></LOG>
<LOG><![CDATA[<img src='icon_smile.gif'>&nbsp;2008-03-16 by Hor_andy<br><br /><br>Toller, toller Cache der uns da erwartete. Auf dem Hinweg neben diversen Reflektoren noch zwei gesehen die sich bewegten, ein Waschbär beobachtete uns von einem Baum herab. Zu Früh an Stage 1 gewesen, aber allemal besser als zu spät, nach der Aufgabenlösung den Weg zur nächsten Stage aufgenommen, als ich mich plötzlich rufen hörte "da guckt wer hinterm Baum vor", der Owner wars der dann uns begleitend, unser Treiben sichtlich amüsiert beobachtete. Helfen mußte er uns nicht, schließlich waren wir in der gleichen Top-Besetzung unterwegs, in der wir seinerzeit in der VEB-Nachtschicht am Final kläglich versagte, nein unsere sechs Augen reichten völlig aus, wenngleich wir sie hin und wieder weit aufrissen um zu glauben was wir sahen.<br>Schlußendlich passten wir überall hinein und auch wieder raus und irgendwann standen auch wir zum zweiten Mal im Logbuch drin. Am Auto gab dann der Traveler noch ein Jubiläumsbier aus auf seinen 600., Chris war da aber schon wieder losgeschüsselt.<br>Toller Nachtcache, der eigentlich nichts zu wünschen lässt. <br>TFT(N)C<br><br />]]></LOG>
<LOG><![CDATA[<img src='icon_smile.gif'>&nbsp;2008-03-16 by Traveler77<br><br /><img src='http://www.geocaching.com/images/icons/icon_smile_big.gif' border=0 align=middle> 600 <img src='http://www.geocaching.com/images/icons/icon_smile_big.gif' border=0 align=middle><br>Das ist ja mal wieder ein zu empfehlendes Highlight in Mühlhausen. Nachdem ich die Runde vor knapp einem Jahr schon mal bei Tag gedreht habe, kann man die Umgestaltung wirklich als gelungen bezeichnen. Heute Nacht im Team mit Hor_andy und Lupo.79 angegangen und an Station 2 gleich noch auf den Owner getroffen, der von nun an mit uns ging. So manches Loch in der Erde ist mit damals gar nicht aufgefallen und heute kriecht man drinnen rum. Wer weiß was das Areal noch alles zu bieten hat? Lob und Anerkennung. <img src='http://www.geocaching.com/images/icons/icon_smile_wink.gif' border=0 align=middle> TFTC<br />]]></LOG>
<LOG><![CDATA[<img src='icon_smile.gif'>&nbsp;2008-03-09 by Kruemel68<br><br />Spontancaching Samstag nacht ! War ne echt coole Sache, im Rudel mit all den IFA Freunden die bekannte Runde zu gehen. Der (ursprüngliche) Cache hat durch die Änderungen sehr gewonnen und steht nun ganz weit oben auf meiner persönlichen Hitliste ! Lustig auch, zweimal am "selben" Cache Erstfinder zu sein :-) <p>Bleibt zu hoffen, dass die ganzen Basteleien lange Wind und Wetter trotzen, es wär schade drum ....<p>Allen "watchern" kann ich nur viel Spaß wünschen !<p>Danke auch an Kitty für das schöne Bunkerfoto.<p>Es grüßen Christel & Stefan<br />]]></LOG>
<LOG><![CDATA[<img src='icon_smile.gif'>&nbsp;2008-03-09 by caprikitty<br><br />Sehr geiler Cache. Habe diesen ja schon vor einigen Wochen gemacht und ihn nach Hause gebracht und es hat sich gelohnt. Einer der besten und aufregensten Nachcaches.<br>Ich danke meinem Schatz dafür, dass er alles zur vollsten Zufiredenheit "gebastelt" hat.<br>War auch sehr angenehm den Cache in einer großen Gruppe zu "jagen" so wurde die Angst minimiert, aber das Herz raste trotzdem.<br />]]></LOG>
<LOG><![CDATA[<img src='icon_note.gif'>&nbsp;2008-03-08 by Kruemel68<br><br />Cool, da hat man grad so einen Samstag Abend "wie immer" hinter sich ( glaubt man )....und dann solch eine mail....Also auf gehts`s .....<br />]]></LOG>
<LOG><![CDATA[<img src='icon_note.gif'>&nbsp;2008-03-08 by Hor_andy<br><br /><br>Na so'n Ärger, gerade heute habe ich keine Möglichkeit teilzunehmen. Halte meiner Freundin heute zum Frauentag mal den Rücken frei damit sie mal fortgehen kann und passe heute auf unseren Kleinen auf. Den Cache hoöen wir uns dann ein anderes Mal.<br><br />]]></LOG>
<LOG><![CDATA[<img src='icon_enabled.gif'>&nbsp;2008-03-08 by Chris601<br><br />So, nun gehts los. Ab jetzt können die bisherigen Finder erneut ihren Fund loggen, wenn sie auf Nachtwanderung waren!<p>[This entry was edited by Chris601 on Sunday, March 09, 2008 at 10:40:27 AM.]<br />]]></LOG>
<LOG><![CDATA[<img src='icon_note.gif'>&nbsp;2008-03-08 by caprikitty<br><br />Heute der Testdurchlauf gegen 23.30 Uhr<br />]]></LOG>
<LOG><![CDATA[<img src='icon_smile.gif'>&nbsp;2007-12-27 by caprikitty<br><br />Bin heute mal losgestiefelt, um meinen 100. Cache zu finden und dachte die Katzentreppen sind ideal. Dank ein wenig Hilfe vom Owner ging es auch ohne Maulschlüssel sehr gut voran. Ich habe alle Stationen gefunden und fand den Bunker natürlich sehr faszinierend, ich würde mich freuen, wenn der Owner mit mir mal hinabsteigt, allein habe ich zu sehr Angst <img src='http://www.geocaching.com/images/icons/icon_smile_big.gif' border=0 align=middle><p>Den Cache habe ich natürlich auf anraten von Chris601 mitgenommen.<p>Danke<br />]]></LOG>
<LOG><![CDATA[<img src='icon_disabled.gif'>&nbsp;2007-12-13 by Chris601<br><br />Heute endlich mal eine Cachekomtrolle angesetzt. Tcha, da hat jemand sämtliches Metall im E-Häuschen (legal oder illegal) verschrottet inkl. Türen und Schraubenschlüssel. <br>Der Cache schreit sowieso nach einer Erneuerung. Das werde ich spätestens nach dem Winter in Angriff nehmen.<p>Außerdem haben die Bubis zwar den Diabetis-TB in Toms Geburtstagscache entnommen und hier abgelegt, aber ihn nicht online geloggt. Ich habe ihn hieraus erst mal an mich genommen und caprikitty übergeben.<br />]]></LOG>
<LOG><![CDATA[<img src='icon_smile.gif'>&nbsp;2007-09-01 by Bubies<br><br />Nach einem Urlaubs-Ausflug nach Mühlhausen und dem Finden von 2 weiteren Caches in der Umgebung am 29.08. gegen 19.47 Uhr gehoben. Leider stimmen die GPS-Koordinaten nicht ganz, weswegen wir erst ne halbe Stunde vergeblich im sehr versteckreichen Gelände suchten und uns an Brennesseln verbrannten  Trotzdem schöner Platz, v.a. bei Sonnenuntergang.<p>out: 6-Kantschlüssel, Feuerzeug    in: TB Diabetes, Eisstäbchen, Block, Lippenstifte<p>LG - Team Bubies in vertrauter Heimat<br />]]></LOG>
<LOG><![CDATA[<img src='icon_smile.gif'>&nbsp;2007-07-14 by till-beton<br><br />Bei bestem Wetter einen schönen Spaziergang gemacht... der unfreundliche Schäfer konnte den Spaß nicht trüben, der Bunker war genial!<p>Grüße aus Essen von<p>Till-Beton, der mit dem Team Braendys den Schatz hob.<br>(sein Schatzi war auch mit dabei) <br />]]></LOG>
<LOG><![CDATA[<img src='icon_smile.gif'>&nbsp;2007-05-19 by MrTT<br><br />Schöne interessante Strecke. Haben unser pre-pubertäres Kind endlich mal wieder ehrlich begeistert erleben dürfen. Das Schraubenschlüsselversteck ist super. Ein Glück, daß einer von uns nur ein laufender Meter ist, sonst hätten wir hier wohl resigniert.<br />]]></LOG>
<LOG><![CDATA[<img src='icon_smile.gif'>&nbsp;2007-04-22 by S&#246;ckchen<br><br />Zusammen mit Mueckenfett auf großer Radtour rund um Mühlhausen.<br>Silke<br />]]></LOG>
<LOG><![CDATA[<img src='icon_smile.gif'>&nbsp;2007-04-15 by Die Hasenschnitzels<br><br />Unser letzter "den machen wir mal wann anders"-Cache in MHL. Vor langer Zeit mal angefangen und nie zu Ende gemacht. Aber der Cache hat sich voll gelohnt. Tolle Location, toller Ausblick. Wirklich eine schöne Runde. Keine Ahnung warum wir den Cache so lange vor uns her geschoben haben.<br>Aber mit team fire&ice hat es auch riesigen Spaß gemacht.<br>No trade<p>MfG Die Hasenschnitzels Jenny&Thorsten<br />]]></LOG>
<LOG><![CDATA[<img src='icon_smile.gif'>&nbsp;2007-04-15 by Team Fire &amp; Ice<br><br />LOG: 14:05 Uhr<br>Der krönende Abschluß einer gemeinsamen Runde mit den<br>Hasenschnitzels. Es hat großen Spaß mit Euch gemacht. <img src='http://www.geocaching.com/images/icons/icon_smile_big.gif' border=0 align=middle>Danke nochmals für den Bonuscoin von Euch und Dank auch an Chris601 für diesen Cache.<p>Haben alle Stationen bei bestem Wetter problemlos gefunden.<p>Grüße vom <br>Team Fire & Ice<br>Steffi und Heiko aus Erfurt<p>OUT: TB<br />]]></LOG>
<LOG><![CDATA[<img src='icon_smile.gif'>&nbsp;2007-03-11 by Traveler77<br><br />Heute mit Hor_andy bei bestem Sonnenschein den Schatz gehoben. <img src='http://www.geocaching.com/images/icons/icon_smile_wink.gif' border=0 align=middle><br>In: Mystic´s Tiger´s TB<br />]]></LOG>
<LOG><![CDATA[<img src='icon_smile.gif'>&nbsp;2007-03-11 by Hor_andy<br><br /> <p>Heute bei Super-Cachewetter gut gefunden, interessante Gegend. Das einzige Problem war eine Abweichung von ca. 10m am Final, aber das tat der Sache keinen Abruch. TFTC<p><br />]]></LOG>
<LOG><![CDATA[<img src='icon_note.gif'>&nbsp;2006-11-26 by JonnyH&#252;tchen<br><br />TB entnommen<br />]]></LOG>
<LOG><![CDATA[<img src='icon_note.gif'>&nbsp;2006-11-08 by Chris601<br><br />laut "Uzusmaximus" liegt der Schlüssel noch dort. Man muss natürlich auch etwas gucken! <img src='http://www.geocaching.com/images/icons/icon_smile_wink.gif' border=0 align=middle><br />]]></LOG>
<LOG><![CDATA[<img src='icon_smile.gif'>&nbsp;2006-11-04 by KaputtesLicht<br><br />Gefunden! Toller Ort. wir waren gleich erstmal in dem Bunker. Interessant!!!! Haben auch was dagelassen!<br />]]></LOG>
<LOG><![CDATA[<img src='icon_smile.gif'>&nbsp;2006-11-04 by Uzusmaximus<br><br />An einem schönen, leicht verregneten Novermbersamstag gehoben. Thx<br />]]></LOG>
<LOG><![CDATA[<img src='icon_smile.gif'>&nbsp;2006-10-31 by tbauer<br><br />Sehr schoner Cache.<br>Ich arbeite in dem Gewerbegebiet an der Trifft (direkt gegenüber) seit 12 Jahren war aber noch nie auf diesem ehem. Übungsplatz.<br>Wir haben alle Stationen ohne Probleme gefunden.<br>Lediglich das Elektrohäuschen war durch Vandalismus sehr zerstört. Deshalb haben wir dort auch keinen Werkzeugschlüssel finden können.<br>Da man aber ohne die Schlüsselweiten die Koordinaten des Final nicht errechnen konnte blieb uns nur Intuition.<br>Wir sind also den Rundweg weiter gegangen und haben auf gut Glück die alten Bäume durchsucht.<br>Beim 6. Baum wurden wir fündig.<p>Beim Suchen im Elektrohäuschen wurden wir von Leuten mit Hunden beobachtet, das könnte das andere Team gewesen sein welches an diesem Tag nach dem Cache gesucht hat (leider vergeblich).<p>In: Spongebob Zettelblock<br>Out: kleine grüne Spielzeugraupe<br />]]></LOG>
<LOG><![CDATA[<img src='icon_sad.gif'>&nbsp;2006-10-31 by tom07<br><br />Hallo,<p>bei schönem Wetter hat sich die ganze caching-Gemeinde auf die Suche gemacht. Startpunkt schnell gefunden - Zahlen nicht aufgeschrieben, da aber alle sich irgendwas gemerkt haben, konnten wir den 2. Punkt im Wald noch sicher finden. Auch der Bunker war eigentlich kein Problem. Dann das Stromhäuschen, hatten wir auch schon vorher gesichtet. Aber der Maulschlüssel ist fort, oder wir haben ihn nicht gesehen - und wir waren immerhin 4 Erwachsene, 2 Jugendliche und 2 Hunde. Damit gestaltete sich die Suche nach dem Cache äußerst schwierig. Wir vermuten, dass wir mit den uns zur Verfügung gestandenen Koordinaten den Ort ermitteln konnten - jedoch kein Cache zu finden.<p>Chris601, bitte prüfe Dein Versteck.<p>Schade - nichts gefunden, aber gute Location und eigentlich prima vorbereitet.<p>Tom07 <br />]]></LOG>
<LOG><![CDATA[<img src='icon_note.gif'>&nbsp;2006-10-02 by Chris601<br><br />Cachekontrolle:<br>Der Schlüssel liegt noch da. Ein fach hinter/unter der einzigen Tür, durch die man das Häuschen wirklich betreten kann <img src='http://www.geocaching.com/images/icons/icon_smile_wink.gif' border=0 align=middle><br>Der Cache selbst ist bestens in Ordnung und trocken.<p>PS: Momentan gibts zwischen dem Wald und dem Bunker (bei den Ruinen) lecker Pflaumen. Die Bäume sind -im Gegensatz zu den Kirschbäumen- praktisch noch unentdeckt und hängen voll. Außerdem gibts dort noch einen Baum mit gelben (!) Kirschen. Sehr lecker, aber schon fast überreif.<br>Wer den Cache noch auf der Watchlist hat, sollte deshalb vielleicht JETZT losziehen!<br>Viel Spaß!<br />]]></LOG>
<LOG><![CDATA[<img src='icon_smile.gif'>&nbsp;2006-09-17 by gloomy<br><br />Schöner Spaziergang am Vormittag. Habe die erste ZS als Drive-in genommen und bin zügig zum Trafo-Häuschen vorgedrungen. Den Schlüssel hab' ich nicht gefunden, hatte auch kein Foto dabei. Aber der 4. Baum war dann ein Treffer...<br>VG und Danke, gloomy!<br />]]></LOG>
<LOG><![CDATA[<img src='icon_smile.gif'>&nbsp;2006-07-17 by DerAlte<br><br />Auf unserer heutigen Cache-Tour u.a. diesen Cache aufgesucht und gehoben: Die erste Station war die verblüffendste! Anschließend sind wir fast bis zum ‚Elektrohäuschen’ gefahren (nur nach langer Trockenperiode möglich!). Und dann großer Schreck: der angepeilte Baum war leer! Aber es gibt dort ja noch etliche andere wo man fündig werden kann.<br>Es hat riesigen Spaß gemacht und die Kirschen haben geschmeckt! Besten Dank an den ‚Schatzmeister’.<br>In: Raupe   -  out: Spielkarten<br>DerAlte & Frau<br><br />]]></LOG>
<LOG><![CDATA[<img src='icon_smile.gif'>&nbsp;2006-06-23 by dizi<br><br />Alls Stationen gut gefunden. Das Trafohäuschen haben wir östlich entdeckt nicht im Westen. Den Bunker haben wir komplett erkundet. Er ist größer als man von außen vermuten könnte. Nur leider ist er vollständig leergeräumt sodaß man nicht viel über den Ursprünglichen Zweck erfährt. Es sind auch schon einige Gänge eingestürzt so erkennt man nicht mehr das ganze Ausmaß.<br>Also wieder mal ein super Cache ganz nach meinem Geschmack. <br>Vielen Dank sagt Dizi.<br>in/out:nix<br />]]></LOG>
<LOG><![CDATA[<img src='icon_smile.gif'>&nbsp;2006-06-18 by Asskicker &amp; Bia<br><br />Bei schönstem Wetter alles gut gefunden. Kirschen waren leider noch immer nicht ganz reif!! Schade.<br>Danke für den schönen Cache. Weiter so!<p>MfG Asskicker & Bia<p>out: Magnet<br>in: Münzen<br />]]></LOG>
<LOG><![CDATA[<img src='icon_smile.gif'>&nbsp;2006-06-17 by sydo+nem<br><br />Nach der Wanderung teils auf Wegen und teils quer durch Feld und Wiese gleich alle Punkte gefunden. Sogar der Bunker war auffindbar aber manche Leute scheinen den mit einer Mülltonne verwechselt haben - nur aufgestapeltes Gestrüpp und Müll drum herum und drauf. Aber auch allerlei Getier war zu sehen: von der kleinen Zecke am Final, den toten Rehkopf bei den Pappeln bis zu einem ausgewachsenen Hasen, der sich schnell vor uns in Sicheheit brachte. <br>Ansonsten eine schöne Gegend für eine ausgiebige Wanderung.<br>Es hat uns sehr gefallen.<br>IN: Double Dragons Skatblatt<br>OUT: TB "Nikolaus"<br />]]></LOG>
<LOG><![CDATA[<img src='icon_smile.gif'>&nbsp;2006-06-16 by Bara68<br><br />Also ich hatte hier nicht so viel Glück wie meine Vorgänger. Aufgrund guter Vorbereitung konnte ich die Cachegegend schon vorher erraten, wollte aber den vorgegebenen Rundgang ablaufen. Das Schild fand ich ohne Probleme. Dort machte ich aber gleich einen Rechenfehler und fand deshalb auch keinen Kirschbaum. Das war mir egal, denn die Beschreibung verrät hier (leider) die Lösung. Ab hier nahm ich den östlichen Weg zum Wald. Dieser Weg ist übrigens auch nicht viel länger, aber man muss ihn auch finden (mit Flussüberquerung). Das war für mich alles kein Problem, denn ich hatte ein Luftbild mitgenommen. Im Wald angekommen ging gerade die Sonne unter. So viel es mir auch nicht schwer, genau 150 m in diese Richtung zu laufen, aber hier gab es weit und breit keinen Bunker. Ja und was nun? Jetzt wusste ich gar nicht mehr, wie es weitergehen sollte. Also noch mal genau nachgelesen und allen Mut zusammen genommen und nach Westen gegangen und dann in der Ferne doch noch das Elektro-Häuschen entdeckt. Gott sei Dank, dachte ich, jetzt wird alles gut. Aber, ich hatte leider das Bild vom Elektro-Häuschen nicht ausgedruckt. Nach kurzer Suche hatte ich hier keine Lust mehr zu suchen und so ging ich auf direkten Weg zu der Position, die ich schon vorher zu Hause (richtig) erraten hatte. Dort angekommen dauerte es noch 1min dann hatte ich den Cache in der Hand. Vielen Dank an Chris601 für diesen Cache. Bara68 –notrade- Mein Tipp: Nicht für Radfahrer geeignet und auch das Auto sollte am Startpunkt bleiben.<br />]]></LOG>
<LOG><![CDATA[<img src='icon_smile.gif'>&nbsp;2006-06-16 by Mueckenfett<br><br />Zusammen mit Kruemel68 und Jonny Hütchen schöne Feierabendrunde gemacht.<br>Das Zielgebiet von Chris seinem Erstlingswerk war uns bestens bekannt,obwohl man erst einige Zeit nach der Wende dahin konnte.<br>Hochsicherheitsgebiet der Russen <img src='http://www.geocaching.com/images/icons/icon_smile_shock.gif' border=0 align=middle> .<br>Neu war für mich der Bunkereingang <img src='http://www.geocaching.com/images/icons/icon_smile_cool.gif' border=0 align=middle> ,werde auf jeden Fall mal da auf Suche gehen<img src='http://www.geocaching.com/images/icons/icon_smile_big.gif' border=0 align=middle><br>Aber nun zum Cache:<br>Die Wegstrecke ist okay und die Zeit verging wie im Fluge.<br>Alle Stationen super gefunden,das Finden des Schlüssels dauerte nur etwas länger und Kruemel war als erster am richtigen Baum<img src='http://www.geocaching.com/images/icons/icon_smile_wink.gif' border=0 align=middle><br>Tom aus Mühlhausen/Thür.<br />]]></LOG>
<LOG><![CDATA[<img src='icon_smile.gif'>&nbsp;2006-06-16 by JonnyH&#252;tchen<br><br />Gegen 19:32 Uhr cache erfolgreich gefunden.<img src='http://www.geocaching.com/images/icons/icon_smile_big.gif' border=0 align=middle><br />]]></LOG>
<LOG><![CDATA[<img src='icon_note.gif'>&nbsp;2006-06-16 by Kruemel68<br><br />und wieder rein<br />]]></LOG>
<LOG><![CDATA[<img src='icon_smile.gif'>&nbsp;2006-06-16 by Kruemel68<br><br /><img src='http://www.geocaching.com/images/icons/icon_smile_wink.gif' border=0 align=middle> Mal wieder Erster ! Nach schöner Runde das Final gut gefunden. Prima erster Cache, danke Chris !<p>Mal sehen, wie weit es der Trabs schafft.<p>IN TB Travel Duck<br>OUT: TB "Trabi" und TB "Heiliger Nikolaus"<br />]]></LOG>
<LOG><![CDATA[<img src='icon_note.gif'>&nbsp;2006-06-13 by Chris601<br><br />TB "Industrieverband Fahrzeugbau der DDR" startet seine Reise hier. <p>Gute Fahrt mit Trabant!<br />]]></LOG>
<LOG><![CDATA[<img src='icon_greenlight.gif'>&nbsp;2006-06-13 by Laogai<br><br />Published<br />]]></LOG>
</LOGS>
<NOTES><![CDATA[]]></NOTES>
<IMAGES>
    <IMG>gcwjq4_0.jpg<URL>http://www.baby-oel.de/temp/forum/gckatze2.jpg</URL></IMG>
    <IMG>gcwjq4_1.gif<URL>http://www.geocaching.com/images/icons/icon_smile.gif</URL></IMG>
    <IMG>gcwjq4_2.gif<URL>http://www.geocaching.com/images/icons/icon_smile_wink.gif</URL></IMG>
    <IMG>GCWJQ4_1.gif<URL>http://www.geocaching.com/images/icons/icon_smile.gif</URL></IMG>
    <IMG>GCWJQ4_3.jpg<URL>http://img.geocaching.com/cache/6e085d61-ea21-4a61-bafb-df495702e381.jpg</URL></IMG>
    <IMG>GCWJQ4_4.jpg<URL>http://img.geocaching.com/cache/56583a17-ee33-44d4-8ae6-8a20cb3f1561.jpg</URL></IMG>
    <IMG>GCWJQ4_5.jpg<URL>http://img.geocaching.com/cache/08b7f2ae-52a8-4f19-a3e4-573830cb4308.jpg</URL></IMG>
    <IMG>GCWJQ4_6.jpg<URL>http://img.geocaching.com/cache/e052f78e-33c5-4039-9c24-c8b7111ce0f9.jpg</URL></IMG>
    <IMG>GCWJQ4_7.jpg<URL>http://img.geocaching.com/cache/15434d22-aa6b-4b33-9dca-603cb93da6d3.jpg</URL></IMG>
    <IMGTEXT>GCWJQ4_0</IMGTEXT>
    <IMGTEXT>GCWJQ4_1</IMGTEXT>
    <IMGTEXT>GCWJQ4_2</IMGTEXT>
    <IMGTEXT>GCWJQ4_3</IMGTEXT>
    <IMGTEXT>der kleinere Bunkereingang<DESC>Auch hier m&#252;sst ihr rein. Hier sind die Schlanken im Vorteil, aber auch &quot;st&#228;mmige&quot; Jungs passen durch!</DESC></IMGTEXT>
    <IMGTEXT>Hier m&#252;sst ihr rein!<DESC>Macht bitte vorsichtig!</DESC></IMGTEXT>
    <IMGTEXT>russischer Benzinkanister</IMGTEXT>
    <IMGTEXT>Vorsicht, gef&#228;hrliche Gegend!</IMGTEXT>
    <IMGTEXT>Wer kann (noch) Russisch?</IMGTEXT>
</IMAGES>
<TRAVELBUGS>
</TRAVELBUGS>
<URL><![CDATA[]]></URL>
<SOLVER><![CDATA[]]></SOLVER>
    <CACHE  name = "Nachts sind alle Katzen grau" owner = "Chris601" lat = "51,196" lon = "10,464833333333" hidden = "2006-06-13" wayp = "GCWJQ4" status = "" ocCacheID = "" lastSyncOC = "20100419225640" num_recommended = "0" num_found = "-1" attributesYes = "17730704245760" attributesNo = "2199023255553" boolFields="1922" byteFields="67315742" attributesYes1 = "0" attributesNo1 = "0" />
</CACHEDETAILS>
