<?xml version="1.0" encoding="ISO-8859-1"?>
<CACHEDETAILS>
<VERSION value = "3"/>
<DETAILS><![CDATA[<br>Vor langer langer Zeit wurde dieser Park angelegt.<br />
An dieser Stelle befand sich mal ein Großer Teich,<br />
aber der mußte in den frühen Jahren der DDR weichen.<br />
Und nun ist wohl die Natur der große Gewinner.<br />
Die Eingangstore sind leider verschlossen,aber es gibt noch ein
kleines Lückchen zum Eintreten.<br />
Der Empfang wird nicht so toll sein,<br />
daher die Reihen hinunter und eine Mauer suchen.]]></DETAILS>
<COUNTRY><![CDATA[Germany]]></COUNTRY>
<STATE><![CDATA[Thüringen]]></STATE>
<ATTRIBUTES>
   <ATT>stroller-no.gif</ATT>
   <ATT>wheelchair-no.gif</ATT>
   <ATT>bicycles-yes.gif</ATT>
   <ATT>available-yes.gif</ATT>
   <ATT>dogs-yes.gif</ATT>
</ATTRIBUTES>
<HINTS><![CDATA[iba bora trfrura yvaxf]]></HINTS>
<LOGS>
<OWNLOGID></OWNLOGID>
<OWNLOG><![CDATA[]]></OWNLOG>
<LOG><![CDATA[<img src='icon_smile.gif'>&nbsp;2010-04-14 by Magi007<br><br />Sehr schöner Cache, wir waren schon tausend mal in mühlhausen aber diesen schönen ort haben wir noch nie gesehen<br>TFTC<br />]]></LOG>
<LOG><![CDATA[<img src='icon_smile.gif'>&nbsp;2010-04-11 by mausebaer13<br><br />Welch wunderschöner Ort wird hier von der Natur zurück erobert. Es ist echt schade, dass diese schöne Location nicht mehr genutzt wird. Sei es wie es sei. Erstmal den Eingang suchen und dann auf zum Cache, dieser wurde auch schnell gehoben. TFTC<br>Out: Coin<br>In: Chefkoch-Zwerg<br />]]></LOG>
<LOG><![CDATA[<img src='icon_smile.gif'>&nbsp;2010-04-10 by Geo-Zwerge<br><br />mit mediamarkt1990 schnell gefunden naja mit anruf an den joker <img src='http://www.geocaching.com/images/icons/icon_smile_big.gif' border=0 align=middle> dann schnell geloggt und wieder wech<br>schauen uns den ort bestimmt auch mal im hellen an<p>TFTC<br />]]></LOG>
<LOG><![CDATA[<img src='icon_smile.gif'>&nbsp;2010-04-10 by mediamarkt1990<br><br />Schöner cache am frühen morgen so um 1 gehoben <p>coin in<br />]]></LOG>
<LOG><![CDATA[<img src='icon_smile.gif'>&nbsp;2010-04-07 by Stedolili<br><br />Da kommt Abenteuerstimmung auf. Toller Cache und da wir von der anderen Seite gekommen sind auch einfach durch dass Tor hinein. Trotzdem gibt es an diesem verlassenen Ort Muggels. Schnell alles wieder versteckt. Danke<p>Out: TB<br>IN: Münze BUGA<br />]]></LOG>
<LOG><![CDATA[<img src='icon_smile.gif'>&nbsp;2010-04-06 by ep24<br><br />... sieht schon etwas vergessen aus hier - toller Ort<p>im Team mit Sonnen-Cacher und Gast-Cacher Moritz muggelfrei gelogt<p>#60<br>TFTC<br />]]></LOG>
<LOG><![CDATA[<img src='icon_smile.gif'>&nbsp;2010-04-02 by klins<br><br />Meine ganz private Ostersuche.... 	<img src='http://www.geocaching.com/images/icons/icon_smile_wink.gif' border=0 align=middle><br>Dieser war der erste auf meiner Tour und lies gleich so richtig Schatzjägerflair aufkommen.... 	<img src='http://www.geocaching.com/images/icons/icon_smile.gif' border=0 align=middle><br>Vielen Dank<br>Klins<p>In: TB; Ente<br>out: coin<br />]]></LOG>
<LOG><![CDATA[<img src='icon_smile.gif'>&nbsp;2010-03-28 by Gispi Hunters<br><br />Gut und schnell gefunden und geloggt.<br>So einen Ort vermutet man eigentlich nicht da drin.<br>Coin in<p>TFTC Team "Gispi Hunters"<br />]]></LOG>
<LOG><![CDATA[<img src='icon_smile.gif'>&nbsp;2010-03-27 by saheimast<br><br />Einen erfolgreichen Caching-Tag mit Satchmo77 und Fhuti83 in Mühlhausen erlebt. TFTC<br />]]></LOG>
<LOG><![CDATA[<img src='icon_smile.gif'>&nbsp;2010-03-27 by Satchmo77<br><br />Auf Cachingtour mit Saheimast und Fhuti83 auch diesen gut gefunden! TFTC<br />]]></LOG>
<LOG><![CDATA[<img src='icon_smile.gif'>&nbsp;2010-03-27 by Fhuti83<br><br />Schöner Cache, so sollten Lost Places immer sein. Konnte mich schnell zusammen mit satchmo77 und saheimast durch das Tor zwängen und den Cache heben. TFTC<br />]]></LOG>
<LOG><![CDATA[<img src='icon_smile.gif'>&nbsp;2010-03-13 by HeiligerJoghurt<br><br />Danke fürs zeigen,<br>ja der Natur ist es egal was da mal war.<br>tolle Dose <br />]]></LOG>
<LOG><![CDATA[<img src='icon_smile.gif'>&nbsp;2010-03-05 by toxic89<br><br />super platz... bestimmt mal nen theater gewesen. danke fürs zeigen. tftc<br />]]></LOG>
<LOG><![CDATA[<img src='icon_smile.gif'>&nbsp;2010-03-05 by lissi1991<br><br />zusammen mit toxic und fox den wald erkundet..auch der schnee konnte uns nix anhaben <img src='http://www.geocaching.com/images/icons/icon_smile_tongue.gif' border=0 align=middle><br>echt toller platz..danke für's zeigen..<p>TFTC<br />]]></LOG>
<LOG><![CDATA[<img src='icon_smile.gif'>&nbsp;2010-03-05 by Fox33<br><br />Schnell gefunden. Danke fürs zeigen<br />]]></LOG>
<LOG><![CDATA[<img src='icon_smile.gif'>&nbsp;2009-12-28 by hblack<br><br />Im Anschluss an den NC und in völliger Dunkelheit gemacht. Sehr schön!!! Wir brauchten eine ganze Weile, um den Eingang zum Teich? <img src='http://www.geocaching.com/images/icons/icon_smile_question.gif' border=0 align=middle> zu finden (obwohl das Ganze hier eher wie ein früheres Theater aussieht). Es musste hier jetzt jedenfalls möglichst schnell gehen (hatten nämlich eigentlich keine Zeit mehr - der Zug zurück nach Berlin durfte doch nicht verpasst werden!!!). Aber alles gut: Schatz gefunden, Zug bekommen (er hatte ja auch 8min Verspätung). Vielen Dank für diesen Käsch - der letzte auf unserer Tour durch Mühlhausen (heißt bei uns jetzt neu: Mueckenfetttown <img src='http://www.geocaching.com/images/icons/icon_smile_tongue.gif' border=0 align=middle>) und Umgebung! Beste Grüße aus Berlin! <img src='http://www.geocaching.com/images/icons/icon_smile_big.gif' border=0 align=middle><br />]]></LOG>
<LOG><![CDATA[<img src='icon_smile.gif'>&nbsp;2009-12-27 by heilaender123<br><br />Heute mit Gastcacherin Anke diesen Cache angegangen.<br>Ich war als Kind mal da und bin sehr überrascht wie schnell sich die Natur wieder alles zurück erobert.<p>Danke fürs zeigen sagt der Heilaender123     <img src='http://www.geocaching.com/images/icons/icon_smile_tongue.gif' border=0 align=middle><br />]]></LOG>
<LOG><![CDATA[<img src='icon_smile.gif'>&nbsp;2009-12-03 by Karolli<br><br />Das war der spannendste Cache unserer heutigen Runde. Wir haben schnell eine kleine Lücke im Zaun entdeckt und konnten uns dann völlig einsam und unbeobachtet im Areal bewegen.<br>Wir sind von dem Ort total fasziniert und fragen uns immernoch, als was er genutzt wurde? Theater mit Wassergraben?<br>Die Cachesuche war eine Sache für sich! Die Cachebeschreibung nicht richtig gelesen und dann auch noch links und rechts verwechselt<img src='http://www.geocaching.com/images/icons/icon_smile_dead.gif' border=0 align=middle>. Kurz vorm Aufgeben habe ich nochmal um die Ecke geschaut und die Dose war gaaanz schnell gefunden<img src='http://www.geocaching.com/images/icons/icon_smile_cool.gif' border=0 align=middle>. Arni fand das auch ganz spektakulär und hat genau aufgepasst!<br>Vielen Dank fürs Zeigen dieses Ortes!<br />]]></LOG>
<LOG><![CDATA[<img src='icon_smile.gif'>&nbsp;2009-11-29 by beagle67<br><br />Sehr schöner Cach, aber es ist schade darum, was da so langsam zerfällt.<p>Sollte man gemacht haben diesen Cach.<p>TFTC <br />]]></LOG>
<LOG><![CDATA[<img src='icon_smile.gif'>&nbsp;2009-10-24 by Tini1985<br><br />Mit David+Chrissis Begleitung gestern schnell gefunden und geloggt. Beeindruckende Location, dort wo man das ganz und gar nicht vermutet. Schade, dass es nicht genutzt wird...<br>In: Geokrety<p>TFTC und fürs Zeigen<br>Tini1985<br />]]></LOG>
<LOG><![CDATA[<img src='icon_smile.gif'>&nbsp;2009-10-16 by misfit87<br><br />Zusammen mit Rurpot gefunden...sehr schöner Ort und gutes Versteck...auch wenn sich Rurpot beim rausholen sein Fingerchen eingeklemmt hat ;)<br>TFTC<br />]]></LOG>
<LOG><![CDATA[<img src='icon_smile.gif'>&nbsp;2009-09-26 by Rurpot<br><br />Toller Ort ... is voll gruslig da ... irgendwie :D<br>Waren in der Abenddämmerung dort und haben den Cache schnell gefunden.<br>Weiß leider das genaue Datum nicht mehr -> steht im Logbuch =)<br>TFTC!<br />]]></LOG>
<LOG><![CDATA[<img src='icon_smile.gif'>&nbsp;2009-09-25 by stechi-lsz<br><br />Mann, Mann - welch Ort! Da kann man nur träumen von Konzerten, Kino, Theater. Wie schön mag das mal gewesen sein? Also - mal die Suchmaschine angeworfen und gefunden, dass am 09. August 1996 dort noch ein Konzert war:  The Inchtabokatables, The Bates, The Caine und Fast Food Cannibales. Im Gästebuch auf der Internetseite der Stadt Mühlhausen zum Thema: "Freilichtbühne am Rieseninger Berg" steht als Antwort zu einer Frage nach deren Zukunft, dass diese Bühne aus emissonstechnischer Sicht nicht mehr für Open-Air Veranstaltungen dienen kann und die Stadt darüber nachdenkt, wie man die Fläche!! in die umgebende Parkanlage einbinden kann. Das war im April 2008. Meine Frage - wieso "Fläche"? Hier geht es um die Location! Eine Partei hat auf ihrer Mühlhäuser Internetseite ihr Wahlprogramm 2009 veröffentlicht. Darin schreibt sie, dass sie sich dafür einsetzt, dass die Freilichtbühne am Rieseninger wieder instand gesetzt und für Aufführungen aller Art genutzt wird.<br>So, das war nun ein längeres Log, aber mich hat der Ort so fasziniert, dass ich für alle Cacher hier mal bischen Licht ins Dunkel bringen wollte.<br>Danke für's zeigen !!!!<br />]]></LOG>
<LOG><![CDATA[<img src='icon_smile.gif'>&nbsp;2009-08-10 by leoni_1984<br><br />Gefunden mit Schatzi Christian, Kathy und Cachedogs Benni, Jacky! Ohne meine Kathy hätte ich ihn nicht gefunden weil wir für diesen Cache keine Hinweise mitgenommen hatten weil wir garnicht so viele machen wollten! <img src='http://www.geocaching.com/images/icons/icon_smile.gif' border=0 align=middle> <img src='http://www.geocaching.com/images/icons/icon_smile_shock.gif' border=0 align=middle><br />]]></LOG>
<LOG><![CDATA[<img src='icon_smile.gif'>&nbsp;2009-08-07 by David+Chrissi<br><br />Sehr interissante Ecke im Mühlhäuser Thomas-Müntzer-Park.Wäre sonst nie da hin gekommen. Sehr gutes Versteck.Hat riesig Spaß Gemacht.Danke.<br>David+Chrissi<br />]]></LOG>
<LOG><![CDATA[<img src='icon_smile.gif'>&nbsp;2009-07-07 by nudenn<br><br />Beim ersten Versuch im Dunkeln sind wir dran vorbei gelaufen...<br>Viele Grüße von<br><img src='http://www.geocaching.com/images/icons/icon_smile.gif' border=0 align=middle>nudenn<img src='http://www.geocaching.com/images/icons/icon_smile.gif' border=0 align=middle><br />]]></LOG>
<LOG><![CDATA[<img src='icon_smile.gif'>&nbsp;2009-06-14 by das Kuschi-Team<br><br />Der war der vierte auf meiner heutigen Görmar-Tour. Geloggt um 14.50 Uhr. Was für ein geiler Ort, genau nach meinem Geschmack, war wohl ein Freilufttheater. Sowas habe ich auch schon als LP in Erfurt gesucht und gefunden. DANKE und Gruß Dorett<br />]]></LOG>
<LOG><![CDATA[<img src='icon_smile.gif'>&nbsp;2009-05-22 by fabio-otto<br><br />geiler cache und sehr schnell gefunden.<br>Da kommen Erinnerungen!!<p>Thx<br />]]></LOG>
<LOG><![CDATA[<img src='icon_smile.gif'>&nbsp;2009-05-17 by waldi78<br><br />Heute bei schönem Wetter und nach umkreisen des Geländes auf der Suche nach einer  Lücke hinein...gefunden!!!<p>In: blaue formbare Figur<br>Out: Geocoin<br />]]></LOG>
<LOG><![CDATA[<img src='icon_smile.gif'>&nbsp;2009-05-14 by Der_Doc<br><br />Heute nach einem erfolgreichen Geschäftstermin ein wenig auf Cachingtour gegangen und diesen gut und schnell gefunden.<br>Ein toller Lost Place. Allerdings ist mir nicht klar geworden, was hier mal war.<br>Da der Cachebhälter nur noch an einer Seite schließt, und / oder scheinbar jemand etwas Feuchtes hineingetan hat, war der gesamte Inhalt etwas muffig.<br>Gruß aus Dortmund.<br>T4TC<br>In: Coin<br>Out: Affe<br />]]></LOG>
<LOG><![CDATA[<img src='icon_smile.gif'>&nbsp;2009-05-06 by schatzmaster<br><br />Das war das absolute Highlight der heutigen After-Work-Tour :-)<br>Geiler Lost Place mit vielen Knochen und anderen komischen Sachen. Hier dachten wir als erstes, es wär eine Tiershowbühne (der Graben war so tief...)<p>IN: sprechender digitaler Leuchtaffe & 3D Puzzle<br>OUT: Ladekabel & Erfrischungstuch<p>T4TC,<br>Schatzmaster<br />]]></LOG>
<LOG><![CDATA[<img src='icon_smile.gif'>&nbsp;2009-04-26 by littlesoldier<br><br />Beim Spaziergang durch den Park mit Conny schnell gefunden & geloggt!<br>Schöne Location für Kino, Theater o.ä.!?<br />]]></LOG>
<LOG><![CDATA[<img src='icon_smile.gif'>&nbsp;2009-04-19 by Sobo<br><br />Alligateuse und ich haben einen Ausflug nach Muehlhausen und Umgebung gemacht und wollten an diesem Cache nicht achtlos vorueberziehen. <br>Um das Doeschen zu suchen, haben wir uns vom Eventort entfernt und uns mit Bara68, der froehlichen Radlerin und ihrem Sohn zu diesem interessanten Ort begeben. Schade, das der Platz vergammelt. Das Doesle hielten wir bald in der Hand. So konnten wir freudestrahlend unsere Hieroglyphen hinterlassen.<br>Herzlichen Dank fuer den Cache und Gruesse aus der Nordheide,<br>Sobo<br />]]></LOG>
<LOG><![CDATA[<img src='icon_smile.gif'>&nbsp;2009-04-19 by Sectio aurea<br><br />Während dem aufräumen beim CITO gefunden<br />]]></LOG>
<LOG><![CDATA[<img src='icon_smile.gif'>&nbsp;2009-04-19 by Nidolli<br><br />Interessantes Plätzchen. Den konnten wir da nicht liegen lassen; genauso wenig wie den Sperrmüll, der direkt neben dem Cacheversteck vor sich hingammelte. Unser starker Joe_M trug es also bis zum Sperrmüllkontainer. Was machte der da bloß im Park? Ach ja, richtig: nebenbei gab's ja auch noch ein CITO. Wie passend!<br>Vielen Dank fürs Zeigen!<p><b><font color="purple">* 634 *</font></b><br />]]></LOG>
<LOG><![CDATA[<img src='icon_smile.gif'>&nbsp;2009-04-19 by alligateuse<br><br />Große Mühlhausen-Tour mit sobo <img src='http://www.geocaching.com/images/icons/icon_smile_big.gif' border=0 align=middle> Gleich vorweg, dass sobo und ich eigentlich "nur" diesen Cache suchen wollten und dabei auf ein CITO-Event stießen, was wir gar nicht auf der Uhr hatten. So konnten wir mit Bara68 und der fröhlichen Radlerin plus Sohnemann die Dose in einer gemeinsamen Aktion finden.<p>Sehr schöne Lokation, die hat wirklich einen Cache verdient. Wo sieht man so etwas heute noch? Schade, dass alles so verfällt.<p>Danke fürs Verstecken, Grüße aus Hamburg,<br>Annett<br />]]></LOG>
<LOG><![CDATA[<img src='icon_smile.gif'>&nbsp;2009-04-19 by Joe_M<br><br />Am 19.April 2009 um 12:05Uhr als #472 gefunden.<p>Nachdem wir den CITO-Müllsack ziemlich schnell voll hatten und ihn mit weiteren Grobmüll an die Straße stellten, haben wir diese Dose auf dem Rückweg noch mitgenommen.<br>Ein eigenartige Atmosphäre, aber interessant.<p><br>TFTC,<br>Joe<br />]]></LOG>
<LOG><![CDATA[<img src='icon_smile.gif'>&nbsp;2009-04-19 by Kuchenmops<br><br />Kurz vor dem Aufbruch vom Event haben wir natürlich auch diesen Cache nicht unbesucht gelassen, wirklich interessant was sich da alles hinter den Büschen verbirgt. Der Fund der Dose war nicht wirklich schwierig, einfach nur den Spuren der vielen Vorbesucher hinterher und man war am Ziel.<p>Danke für den Cache!<br />]]></LOG>
<LOG><![CDATA[<img src='icon_smile.gif'>&nbsp;2009-04-19 by SAM-Hessen<br><br />Gemeinsam mit Guardiano im Rahmen des CITO Event mitgenommen.<p>Hier waren wir schon einmal, allerdings hatten wir ihn damals nicht gefunden, heute sah das anders aus :-)<p>Danke dafür sagen SAM-Hessen.<br />]]></LOG>
<LOG><![CDATA[<img src='icon_smile.gif'>&nbsp;2009-04-19 by wellenreiter<br><br />Am Rande des CITO gefunden. Vielen Dank für's Zeigen dieser interessanten Stelle, sowas habe ich hier nicht erwartet!<br />]]></LOG>
<LOG><![CDATA[<img src='icon_smile.gif'>&nbsp;2009-04-19 by Guardiano<br><br />Diesen im Anschluß an das Event gemeinsam mit SAM-Hessen gut gefunden. TFTC<br />]]></LOG>
<LOG><![CDATA[<img src='icon_smile.gif'>&nbsp;2009-04-19 by LadyOscar<br><br />Bevor wir dem Park den Rücken kehren wollten, sind wir natürlich noch zu diesem netten Plätzchen hier.<br>Sehr interessant und fast schade drum, dass es so verfällt - allerdings gäbe es diesen Cache dann so bestimmt nicht <br>big smile <p>Vielen Dank und Grüße an den Owner<br />]]></LOG>
<LOG><![CDATA[<img src='icon_smile.gif'>&nbsp;2009-04-19 by Dr.A.Colian<br><br />Während des Aufräumens konnte man ja noch einen Cache direkt an der Joggingstrecke vom Mückenfett machen! <img src='http://www.geocaching.com/images/icons/icon_smile.gif' border=0 align=middle><p>Natürlich war der Andrang groß, da wir nicht die Einzigen waren, die sich auf den Weg zur Dose gemacht haben! <img src='http://www.geocaching.com/images/icons/icon_smile.gif' border=0 align=middle><p>Vor Ort konnten wir dann auch nochmal erwas "TO" machen, und Müll mitnehmen!<p>Danke und viele Grüße,<br>Dr.A.Colian<p>#606<br />]]></LOG>
<LOG><![CDATA[<img src='icon_smile.gif'>&nbsp;2009-04-19 by dragon1978<br><br />Wärend des CITOs mit gesucht und gefunden.Es bot sich so an!!<p>#816<br />]]></LOG>
<LOG><![CDATA[<img src='icon_smile.gif'>&nbsp;2009-04-19 by invinoveritas<br><br />Heute bei dem CITO Event haben wir uns natürlich den Cache nicht entgehen lassen, dummerweise habe ich kurz vorm Ziel den Halt verloren und bin zu Fall gekommen aber ausser eine Schramme und jede Menge Schlamm an der Hose lebe ich ja noch.<p>Danke für den tollen Cache.<p>Gruß an den Owner<br />]]></LOG>
<LOG><![CDATA[<img src='icon_smile.gif'>&nbsp;2009-04-19 by kallimunkel<br><br />Heute beim CITO gefunden, unter Anleitung des Geofutz, da wir keine Hand frei hatten für´s GPS...<br>Habe mir im Vorfeld von einem "alten" Mühlhäuser erzählen lassen, wie es früher hier aussah...<br>Schade drum!<br>Danke & Grüße aus NDH sagen die Kallimunkels<br>Out: TB VW Bug<br />]]></LOG>
<LOG><![CDATA[<img src='icon_smile.gif'>&nbsp;2009-04-19 by FroehlicheRadlerin<br><br />Nachdem wir vor anderthalb Jahren bei schwarzer Nacht das Loch im Zaun zum Einstieg nicht fanden, konnte ich heute in der Gruppe den Cache dank Baras Hilfe relativ flott finden und loggen. Vielen Dank sagen Katja & Tom<br />]]></LOG>
<LOG><![CDATA[<img src='icon_smile.gif'>&nbsp;2009-04-19 by Sascha75<br><br />Gefunden!<p>Als ich das letzte mal da war war ich wohl noch ein Pionier zu ner Kulturellen veranstaltung.<p>Aus diesem Grunde lege ich eine Stimmgabel hinein :)<p>in: Stimmgabel<p>out: NIX<p>lg<p>Sascha75<br />]]></LOG>
<LOG><![CDATA[<img src='icon_smile.gif'>&nbsp;2009-04-19 by Sharky77<br><br />Beim CITO einen kl Abstecher gemacht ;-)<p>TFTC!<br />]]></LOG>
<LOG><![CDATA[<img src='icon_smile.gif'>&nbsp;2009-04-19 by kasimodo<br><br />Beim heutigen CITO gefunden! <img src='http://www.geocaching.com/images/icons/icon_smile_tongue.gif' border=0 align=middle><br>Dies mit Hilfe und Unterstützung von Heiko (TF&I) der mich in seiner "Funktion" als ausgebildeter Rettungssanitäter bei der Suche begleitete.Durch meinen Unfall und der OP bin ich noch sehr (zu) unsicher auf den Beinen.<p>Danke und viele Grüße<br>kasimodo<br><br />]]></LOG>
<LOG><![CDATA[<img src='icon_smile.gif'>&nbsp;2009-04-19 by Yalla<br><br />Beim aufräumen, grillen & chillen mitgefunden.<br><img src='http://www.geocaching.com/images/icons/icon_smile_cool.gif' border=0 align=middle><br>Vielen Dank und Viele Grüße von Yalla<br />]]></LOG>
<LOG><![CDATA[<img src='icon_smile.gif'>&nbsp;2009-04-19 by two rubsners<br><br />Beim Event mal schnell mitgenommen.<br />]]></LOG>
<LOG><![CDATA[<img src='icon_smile.gif'>&nbsp;2009-04-19 by Kerny77<br><br />Im Rahmen von aufraeumen, grillen und chillen, auch hier aufgeraeumt! <img src='http://www.geocaching.com/images/icons/icon_smile_wink.gif' border=0 align=middle><br>TFTC<br />]]></LOG>
<LOG><![CDATA[<img src='icon_smile.gif'>&nbsp;2009-04-19 by geoanni<br><br />Beim CITO heute mit den Kallimunkel schnell gefunden.<br>IN: TB VW Bug<br>OUT: nix<br><font color="green"> Danke für <b># 134</b> und</font><br><font color="purple"><b>BYE Geoanni.</b></font> <br><br />]]></LOG>
<LOG><![CDATA[<img src='icon_smile.gif'>&nbsp;2009-04-11 by blue flow<br><br />Schöner cach ,war das Letzte mal zu Ostzeiten da , schade um die schöne Anlage ,  eine Schande !.......   <p>Grüße aus Duisburg<br />]]></LOG>
<LOG><![CDATA[<img src='icon_smile.gif'>&nbsp;2009-04-03 by FTT<br><br />23.35 Uhr<br>Unser 2. Anlaufpunkt der Nachtaktion.Zusammen mit biba 1981 auch noch mal eben aufgesucht.Im Dunkeln ganz schön aufregend.Vielleicht sollte man diesen Ort nochmal im Hellen aufsuchen um sich einen besseren Eindruck zu machen.Trozdem eine lustige Aktion.Gut zu finden...<br>TFTC #17<br />]]></LOG>
<LOG><![CDATA[<img src='icon_smile.gif'>&nbsp;2009-04-03 by biba1981<br><br />gleich nach dem müntzer park bei nacht mitgenommen :-) schaniere könnten mal wieder geölt werden<br />]]></LOG>
<LOG><![CDATA[<img src='icon_smile.gif'>&nbsp;2008-12-30 by geofutz<br><br />Früher steppte hier wohl sicherlich mal der Bär. Heute ist wohl Gras über die ganze Sache gewachsen. Ein sehr einsamer Ort.<br>Heute auf der Tour mit Schippi38 schnell gefunden.<br>In und Out: <i>TB Geofutz Counter</i><br><font color="blue"> Danke für <b># 508</b> und</font><br><font color="green"><b><i>BYE Geofutz.</i></b></font><br><br />]]></LOG>
<LOG><![CDATA[<img src='icon_smile.gif'>&nbsp;2008-12-30 by Schippi38<br><br />Zusammen mit Geofutz hier gewesen und den Cache auch relativ schnell gefunden.Dieser Ort hat sicherlich schon bessere Zeiten erlebt, ist irgendwie schade drum.<br>Danke sagt Schippi38!<br />]]></LOG>
<LOG><![CDATA[<img src='icon_smile.gif'>&nbsp;2008-12-15 by mamy1<br><br />Dieser Ort hat bestimmt schon bessere Zeiten gesehen. Es ist schon immer wieder erstaunlich, dass es fast überall Örtlichkeiten gibt, die sich selbst überlassen werden. Der Cache konnte nach kurzer Orientierungslosigkeit im Zielgebiet dann doch relativ schnell gefunden werden.<p>Danke fürs Verstecken und vorweihnachtliche Grüße von mamy1<br />]]></LOG>
<LOG><![CDATA[<img src='icon_smile.gif'>&nbsp;2008-11-01 by Steppenwolf6666<br><br />Diesen Cache alleine aufgesucht, da Blacky59 diesen schon hatte - den Eingang gut und schnell gefunden und dann auch schnell geloggt.<br />]]></LOG>
<LOG><![CDATA[<img src='icon_smile.gif'>&nbsp;2008-10-31 by Gerstenzwerge<br><br />Weiter gings.<br>Der vergessene Ort wurde von uns nicht übersehen.<br>Aber die Erinnerung verblaßt...<br>Danke und Gruß aus Leipzig<br>vom Gerstenzwerg<br />]]></LOG>
<LOG><![CDATA[<img src='icon_smile.gif'>&nbsp;2008-10-31 by Portitzer<br><br />Eigentlich hatten wir diesen Cache gar nicht mit im Plan. Aber da wir gerade in der Nähe waren, konnten wir dann doch nicht anders ... <img src='http://www.geocaching.com/images/icons/icon_smile_big.gif' border=0 align=middle>.<br>Der Zugang war etwas beschwerlich, der Zaun war relativ gut instandgesetzt, aber an einer Stelle ging es auf dem Bauch kriechend doch. Zum Glück waren gerade keine Hundemuggels in der Nähe...<br>Wirklich Schade, dass die Location so verkommt. Andererseits gäbe es dann diesen Cache ja gar nicht <img src='http://www.geocaching.com/images/icons/icon_smile.gif' border=0 align=middle>.<p>Danke und viele Grüße<br>Kurt<p>#1211<br />]]></LOG>
<LOG><![CDATA[<img src='icon_smile.gif'>&nbsp;2008-10-30 by das Licht<br><br />Schnell gefunden<p>Danke<br />]]></LOG>
<LOG><![CDATA[<img src='icon_smile.gif'>&nbsp;2008-10-30 by Sonnen Strahl<br><br />Schnell gefunden.<p>Danke<br />]]></LOG>
<LOG><![CDATA[<img src='icon_smile.gif'>&nbsp;2008-09-28 by GeoSittiche<br><br />Ja ja die Freilichtbühne wie sie früher eimal hieß.Unser letzter Besuch dort war ein Karatkonzert.Ist schon traurig,wie es jetzt dort aussieht.Ein gelungener Platz für einen Cache.<br>TFTC<br>die GeoSittiche<br />]]></LOG>
<LOG><![CDATA[<img src='icon_smile.gif'>&nbsp;2008-09-22 by Hoffi1986<br><br />Sehr guter Cache, aber nur zu finden, wenn man die Location halbwegs kennt. Wurden leider vom Regen überrascht und wollen uns noch mal im Logbuch eintragen!<br>Dankeschön!<br />]]></LOG>
<LOG><![CDATA[<img src='icon_smile.gif'>&nbsp;2008-08-06 by Traumpaar1<br><br />ein wirklich schöner Ort, die tour hat sich wieder einmal gelont. Wir wussten garnicht das es sowas in MHL gibt <img src='http://www.geocaching.com/images/icons/icon_smile_blush.gif' border=0 align=middle><br />]]></LOG>
<LOG><![CDATA[<img src='icon_smile.gif'>&nbsp;2008-07-29 by sorglos<br><br />Nach "Die Fabrik Claes" heute das zweite Highlight des Tages. <p>Die fast surreale Location muss man gesehen haben. Da fragt man sich, wie es hier mal vor vermutlich Jahrzehten ausgesehen hat.<p>Sehr zu empfehlen!!!!<p>Danke und viele Grüße,<br>Sorglos<br />]]></LOG>
<LOG><![CDATA[<img src='icon_smile.gif'>&nbsp;2008-07-28 by BastiVW<br><br />sehr schöner ort <br />]]></LOG>
<LOG><![CDATA[<img src='icon_smile.gif'>&nbsp;2008-07-06 by Black Hawk73<br><br />Heute bei schönem Wetter und Gastcacher im 2. Anlauf auf die Suche gemacht. Beim 1. mal fast dran gewesen aber wegen ungenauem Navi nicht gefunden. Diesmal neues Navi und dann ging es zügig voran. Den Cache dann an der angegebenen Stelle gefunden und muggelfrei geloggt. Er müsste mal auf schimmelfreien Inhalt überprüft werden und neue Tüte aussen rum wäre auch nicht schlecht.  <p>TFTC<p>In: Surfing Pinguin<br>Out: Patrik und 1 Glas Bier<br />]]></LOG>
<LOG><![CDATA[<img src='icon_smile.gif'>&nbsp;2008-05-22 by DL3BZZ<br><br /><b>#1166</b>   22. Mai 2008   09:55 Uhr<p>Und weiter geht es bei der kleinen Urlaubsrunde durch Mühlhausen.<br>Sehr interessante Location, schade, dass das so verfällt.<p>NRNR<p>Bis denne<br>Lutz, DL3BZZ + Kerstin<br />]]></LOG>
<LOG><![CDATA[<img src='icon_smile.gif'>&nbsp;2008-04-28 by Blacky59<br><br />Auf dem Weg in den Kurzurlaub diesen Ort besucht. Sind gleich durch den Haupteingang rein und haben Ihn gut gefunden.<br>Out: TB<br />]]></LOG>
<LOG><![CDATA[<img src='icon_smile.gif'>&nbsp;2008-04-27 by fox-hunter_I<br><br />Wir haben dann mal gleich den Haupteingang genommen ...alles andere war ja mit Stacheldraht "vermint" <img src='http://www.geocaching.com/images/icons/icon_smile_approve.gif' border=0 align=middle> . Von solch einem  lost place habe auch ich noch nichts gewußt, danke an den owner! Der cache war dann auch schnell gefunden ... eventuell sollte der Nässeschutz in Form der Tüte gewechselt werden weil von Mäusen angeknabbert. TFTC und weiter gehts ... <br />]]></LOG>
<LOG><![CDATA[<img src='icon_smile.gif'>&nbsp;2008-03-22 by Renault Family<br><br />Hier vor Ort alles gefunden, danke fürs zeigen des Ortes. Kannte ich nicht.<p>Danke sagen Sandra, Max & Matti<br />]]></LOG>
<LOG><![CDATA[<img src='icon_smile.gif'>&nbsp;2008-03-22 by madd.in<br><br />Bei Schneefall zu Ostern (!!!) und bei absoluter Dunkelheit doch ganz gut gefunden...<br>in:TB<p>tftc madd.in<br><br />]]></LOG>
<LOG><![CDATA[<img src='icon_note.gif'>&nbsp;2008-02-02 by Gollum &amp; Galadriel<br><br />Coin rein/raus<br>km-Zähler<br />]]></LOG>
<LOG><![CDATA[<img src='icon_smile.gif'>&nbsp;2008-02-02 by AT-AT<br><br />zusammen mit gollumgandalf gefunden, ab jetzt allein auf Tour<br>TFTC<br />]]></LOG>
<LOG><![CDATA[<img src='icon_smile.gif'>&nbsp;2008-02-02 by Gollum &amp; Galadriel<br><br />ein schöner Platz, unser zweiter Cache...jetzt hat uns das Virus<br />]]></LOG>
<LOG><![CDATA[<img src='icon_smile.gif'>&nbsp;2007-12-08 by felixwh<br><br />Auf dem Weg zum UH-Event relativ schnell gefunden, aber im Sommer ist das bestimmt nicht so einfach. Der Ort ist wirklich vergesseen, schade eigentlich...<br>TftC<p>out: TB<br />]]></LOG>
<LOG><![CDATA[<img src='icon_maint.gif'>&nbsp;2007-11-10 by Mueckenfett<br><br />Heute große Kontrollrunde.<br>Die Box liegt noch gut im Versteck.<br>Tom<br />]]></LOG>
<LOG><![CDATA[<img src='icon_note.gif'>&nbsp;2007-10-20 by SAM-Hessen<br><br />Ich schreibe hier nur eine Notiz weil wir garantiert nochmal hier herkommen und suchen werde. Der Ort hier hat uns sehr beeindruckt, nur schade das wir hier die Dose nicht finden konnten obwohl wir echt lange und gründlich mit motobug gesucht haben.<br />]]></LOG>
<LOG><![CDATA[<img src='icon_sad.gif'>&nbsp;2007-10-20 by mottobug<br><br />Wunderschöne Anlage, sehr schade das sie nicht mehr bewirtschaftet wird. <p>Trotz 45 Minuten Suche, Cache nicht gefunden :-(<p><br />]]></LOG>
<LOG><![CDATA[<img src='icon_smile.gif'>&nbsp;2007-08-09 by caprikitty<br><br />Ein echt beeindruckender Ort, nur schade das er vergessen wird. Ein Eindringen schien fast unmöglich, aber dank meiner 1 im Geräteturnen früher habe ich es auch so über das geschlossene Tor geschafft <img src='http://www.geocaching.com/images/icons/icon_smile_big.gif' border=0 align=middle>.<p>Out: TB Noi´s bug<p>Dieser Tb wird mit Chris601 und mir auf die Reise nach Kroatien gehen.<br />]]></LOG>
<LOG><![CDATA[<img src='icon_smile.gif'>&nbsp;2007-07-07 by braendys<br><br />Endlich heute nach dem dritten Besuch hier mit vereinten Kräften gefunden. Das Loch im Zaun wurde mittlerweile geschlossen aber mit ein bisschen Geduld findet man noch eins, zwei Stellen an denen man den Zaun unbeschadet übersteigen kann. <p>no trade<p>Danke, Team Braendys<br />]]></LOG>
<LOG><![CDATA[<img src='icon_smile.gif'>&nbsp;2007-06-23 by uhri<br><br />Es waren gerade keine Künstler auf der Bühne, da haben wir zugeschlagen. Mücken, Brennesseln und Regen. <br>Einfach perfekt.<p>Uhri und sein Team<br><br />]]></LOG>
<LOG><![CDATA[<img src='icon_sad.gif'>&nbsp;2007-06-23 by braendys<br><br />Leider nicht gefunden - wahrscheinlich ist es für diesen Cache momentan aber auch nicht die beste Jahreszeit um ihn zu suchen - alles total zugewuchert dort - eben lost place.<p>Ansonsten waren wir sehr beeindruckt von diesem Ort. Hier scheint ja früher richtig was losgewesen zu sein, schade das sowas verfällt!!<br />]]></LOG>
<LOG><![CDATA[<img src='icon_smile.gif'>&nbsp;2007-05-17 by MrTT<br><br /> Dank 5 Paar Augen war der Cache  schnell entdeckt. Wie schön war es doch früher hier.<br><br />]]></LOG>
<LOG><![CDATA[<img src='icon_note.gif'>&nbsp;2007-04-22 by S&#246;ckchen<br><br />Tb vergessen zu loggen<br />]]></LOG>
<LOG><![CDATA[<img src='icon_smile.gif'>&nbsp;2007-04-22 by S&#246;ckchen<br><br />Zuletzt war ich hier vor 15 Jahrn zum Karate Konzert.<img src='http://www.geocaching.com/images/icons/icon_smile.gif' border=0 align=middle> Allerdings sah es damals noch ganz anders hier aus. Schöne Erinnerungen, auch wenn mir Lost Places immer etwas unheimlich sind.<br>Silke<br />]]></LOG>
<LOG><![CDATA[<img src='icon_smile.gif'>&nbsp;2007-04-21 by caro1<br><br />zusammen mit cato44 diesen cache relativ schnell gefunden. sehr schöner ort für einen cache. <br />]]></LOG>
<LOG><![CDATA[<img src='icon_smile.gif'>&nbsp;2007-04-21 by cato44<br><br /> Nur unter den scheuen Augen einer Katze mit caro1 das Versteck schnell ausfindig gemacht. Schwieriger war es eher, das Gelände unbeobachtet zu verlassen, da sich in der Gegend viele minderjährige Muggles aufhielten.<br>Interessanter Ort!<br>Danke, cato44<br />]]></LOG>
<LOG><![CDATA[<img src='icon_smile.gif'>&nbsp;2007-04-15 by Odysseus-DPB<br><br />#0269 0:15<br>Nachdem ich den Wald duch den Nachtcache jetzt schon ein bischen kenne, habe ich noch schnell diesen Cache gesucht. Zum Glück habe ich von meinen Mitcacher einen Tip bekommen wo ungefär der cache liegt, da der GPS Empfang leider nicht so gut war. Somit habe ich ihn recht schnell gefunden und mich im anschluß wieder duch den Urwald richtung Auto gekämpft. Leider hatte ich keine Machete dabei <img src='http://www.geocaching.com/images/icons/icon_smile_wink.gif' border=0 align=middle><br />]]></LOG>
<LOG><![CDATA[<img src='icon_smile.gif'>&nbsp;2007-04-14 by ifindnix<br><br />Salvete!<br>Auf dem Rückweg vom Thüringer Event schnell mitgenommen! <img src='http://www.geocaching.com/images/icons/icon_smile_big.gif' border=0 align=middle><br>Vobis gratias agimus!<br>ifindnix & crew<br>#623<br>_________________________<br><a href="cache_details.aspx?guid=cbc00d35-c1c1-44f7-b89e-75d645c648dd" target="_blank" rel="nofollow"><font><font face="comic sans ms"><font color="red"><i>Da simmer dabei, dat wird prima ...</i></font><font face="arial"><font size="2"><font color="black"></a><br>(MegaPott GeOlympics 2007)<br />]]></LOG>
<LOG><![CDATA[<img src='icon_smile.gif'>&nbsp;2007-04-14 by Team Kumunst<br><br />Wir mögen solche lost places. Ist doch immer wieder interessant wie die Natur sich alles wieder zurückholt. Danke und Gruß. Team Kumunst.<br />]]></LOG>
<LOG><![CDATA[<img src='icon_smile.gif'>&nbsp;2007-04-14 by ArnGeko<br><br />Bei einem Abstecher während GC10QEQ gut + schnell gefunden.<br>TFTC + Grüsse.<br />]]></LOG>
<LOG><![CDATA[<img src='icon_smile.gif'>&nbsp;2007-04-11 by Traveler77<br><br />Auf der Mittagsrunde abgestaubt. <img src='http://www.geocaching.com/images/icons/icon_smile_wink.gif' border=0 align=middle> TFTC<br />]]></LOG>
<LOG><![CDATA[<img src='icon_smile.gif'>&nbsp;2007-04-11 by LUPO.79<br><br />Wieder mal mit dem Traveler77 die Mittagspause genutzt und den Cache gehoben. Erstaunlich, wieviele Orte es doch gibt, die so verwahrlosen.... <img src='http://www.geocaching.com/images/icons/icon_smile_sad.gif' border=0 align=middle><p>IN: Amway-Schlüsselanhänger<br>OUT: Aufkleber<br />]]></LOG>
<LOG><![CDATA[<img src='icon_smile.gif'>&nbsp;2007-03-17 by Grottenolm87<br><br />Habe meinen Account von Knutsch&Fleck in Grottenolm87 gewechselt. Sollte jemand damit Probleme haben, kann er diesen Log ohne Kommentar löschen.<br>I´ve changed my account from Knutsch&Fleck to Grottenolm87. The log can discharge momentarily if somebody disagree with this.  <br><br />]]></LOG>
<LOG><![CDATA[<img src='icon_smile.gif'>&nbsp;2007-03-17 by unwissenheit<br><br />Vergessener Ort,... oja das ist er wohl!<p>Hab mich durchs Laub und den kleineren Gestrüpp durchgewuselt<br>und den kleinen dann auch schon 3min später in den Händen gehalten!<p>Danke für die seltenere Location!<p>mfG unwissenheit<br />]]></LOG>
<LOG><![CDATA[<img src='icon_smile.gif'>&nbsp;2007-03-17 by Erithacus Rubecula<br><br />Abgestaubt<br>Im Regen schnell gefunden.<br>12:15 Uhr<p>Knutsch&Fleck<br />]]></LOG>
<LOG><![CDATA[<img src='icon_smile.gif'>&nbsp;2007-03-11 by muurikka<br><br />Schöner Cache, wobei ich die Location noch aus anderer Zeit kenne.<p>Grüße Jan<br>-no trade-<br />]]></LOG>
<LOG><![CDATA[<img src='icon_smile.gif'>&nbsp;2007-02-18 by Team Fire &amp; Ice<br><br />LOG: 15:15 Uhr<br>Was für Theater! Uriger, wirklich vergessener Ort.<p>TFTC. <img src='http://www.geocaching.com/images/icons/icon_smile_big.gif' border=0 align=middle><p>Team Fire & Ice<br>Steffi und Heiko aus Erfurt<br>und Gastcacherin Anja<p>IN: TB Southern Comfort<br>OUT: Aufkleber<br />]]></LOG>
<LOG><![CDATA[<img src='icon_smile.gif'>&nbsp;2007-02-17 by Hor_andy<br><br />Nach kleinem Samstagsausflug bei bestem Wetter relativ schnell gefunden.<p>Vielen Dank an Mückenfett für diesen schönen Cache<p> <p>in : Cent-Münzen<p>out : TB Ricardo el Chihuahua peqeno<br><br />]]></LOG>
<LOG><![CDATA[<img src='icon_smile.gif'>&nbsp;2007-02-13 by Eichsgenossen<br><br />Go Trabi go!<br>8:45 Uhr<br>Out: Coin Isle of man<br>TFTC<br />]]></LOG>
<LOG><![CDATA[<img src='icon_note.gif'>&nbsp;2007-02-02 by Mueckenfett<br><br />Cachekontrolle, alles i.o.<br>was nettes abgelegt<br>Tom<br />]]></LOG>
<LOG><![CDATA[<img src='icon_note.gif'>&nbsp;2007-01-13 by Uzusmaximus<br><br />Schnell noch nen TB-Tausch vorgenommen!!<br />]]></LOG>
<LOG><![CDATA[<img src='icon_smile.gif'>&nbsp;2006-12-15 by DerAlte<br><br />Cache nach kurzer Suche gefunden. Daß Mühlhausen sogar ein so gewaltiges Amphie-Theater hatte, war mir unbekannt. Besten Dank an den 'Schatzmeister'. TB "Cat MARK" ausgelegt.<br>In: Pflegetuch  -  out: Sticker<br>DerAlte & Frau<br />]]></LOG>
<LOG><![CDATA[<img src='icon_smile.gif'>&nbsp;2006-11-04 by KaputtesLicht<br><br />Total vergessen ist der Ort. Wußte gar nicht, das es hier sowas gibt! Schoen. Danke!<br />]]></LOG>
<LOG><![CDATA[<img src='icon_smile.gif'>&nbsp;2006-11-04 by Uzusmaximus<br><br />An einem schönen, leicht verregneten Novermbersamstag gehoben. Thx<br />]]></LOG>
<LOG><![CDATA[<img src='icon_smile.gif'>&nbsp;2006-10-29 by tbauer<br><br />Beim Betreten des eingezäunten Geländes hatten wir schon<br>ein ungutes Gefühl. Der Zaun war zwar notdürftig geflickt, was uns aber nicht abgehalten hat.<br>Wir kannten bisher nur den Sportplatz, was gegenüber ist wussten wir gar nicht.<br>Nach kurzer Suche war der Cache dann auch gefunden.<p>nichts in/out<br />]]></LOG>
<LOG><![CDATA[<img src='icon_smile.gif'>&nbsp;2006-10-29 by Bara68<br><br />Der vergessene Ort selbst hat mir heute sehr gut gefallen. Mehrere Muggels gingen in der Nähe spazieren. Das Tor war geschlossen. Ich konnte es jedoch problemlos überwinden. Aufgrund des schlechten Empfangs habe ich mir erstmal 20 min das Laub am Boden genauer angeschaut. Danach ging der Empfang ganz verloren, so dass ich hier nach weiteren 20 min abbrach. Glücklicherweise habe ich heute noch zwei weitere Teams bei der Suche getroffen. Von einem Team erhielt ich auch einen genauen Hinweis, so dass ich den Schatz im 2. Anlauf finden konnte. Bara68 In: Geocaching Aufkleber Out: Nichts<br />]]></LOG>
<LOG><![CDATA[<img src='icon_smile.gif'>&nbsp;2006-10-24 by Quadman<br><br />Gefunden<img src='http://www.geocaching.com/images/icons/icon_smile_big.gif' border=0 align=middle><p>Eine sehr interessante Location. Auch heute waren die Tore dicht und man musste sich ´nen anderen Weg suchen. Hätte ich dort nicht erwartet, was ich sah...<p><br>Danke und Gruß Stefan<br />]]></LOG>
<LOG><![CDATA[<img src='icon_smile.gif'>&nbsp;2006-10-21 by do3ukw<br><br />Auf unserer schatztour haben wir ihn schnell und problemlos gefunden! Ein wirklich interessanter ort!<br>Es bedanken sich andreas & anke aus bensheim!<br />]]></LOG>
<LOG><![CDATA[<img src='icon_smile.gif'>&nbsp;2006-10-04 by Chris601<br><br />Genau hier dachte ich auch schon über einen Cache nach. Da ist mir Tom zuvor gekommen.<br>Heute waren die Tore alle verschlossen und ich musste mich durch den Zaun und Gestrüpp schlagen.<br>Am Ziel musste ich aber trotz Hint ne ganze Weile suchen. Gut versteckt aber! ..und erst der Cache-Container <img src='http://www.geocaching.com/images/icons/icon_smile_wink.gif' border=0 align=middle> <br>Erste Sahne!<p>Vielen Dank!<p>no trade<br />]]></LOG>
<LOG><![CDATA[<img src='icon_smile.gif'>&nbsp;2006-09-16 by gloomy<br><br />Schöner Ort, Cache war gut zu finden. Out: Coin<br>VG und Danke, gloomy!<br />]]></LOG>
<LOG><![CDATA[<img src='icon_smile.gif'>&nbsp;2006-09-13 by rambo&amp;jona<br><br />zusammen mit Asskicker und Bia auf tour gewesen. <br>gut gefunden, schönes ding.<p>liebe grüsse !<br />]]></LOG>
<LOG><![CDATA[<img src='icon_smile.gif'>&nbsp;2006-09-10 by Asskicker &amp; Bia<br><br />Zusammen mit Rambo und Jona schnell gefunden.<br>Tore sind nicht mehr verschlossen.<br>Schöner, leider vergessener Ort.<p>out : Golfball<br>in : Geocoin<p>VLG !<p>[This entry was edited by Asskicker & Bia on Tuesday, September 12, 2006 at 7:22:12 AM.]<br />]]></LOG>
<LOG><![CDATA[<img src='icon_smile.gif'>&nbsp;2006-08-27 by Die Hasenschnitzels<br><br />Noch am Sonntag abend schnell gehoben, da noch der FTF gewunken hat. Aber leider ein bißchen zu spät gekommen. Krümel und Johnny Hütchen waren schon da.<br>Danach sind wir mit dem Owner noch ordentlich Kirmes feiern gewesen. War richtig klasse.<br>Danke für den schönen Cache- ein schöner Lost Place<p>MfG Die Hasenschnitzels Jenny & Thorsten<p>-No trade-<br />]]></LOG>
<LOG><![CDATA[<img src='icon_smile.gif'>&nbsp;2006-08-27 by Kruemel68<br><br />Mit Jonny Hütchen am Kirmes Sonntag gehoben.<img src='http://www.geocaching.com/images/icons/icon_smile_wink.gif' border=0 align=middle><br />]]></LOG>
<LOG><![CDATA[<img src='icon_smile.gif'>&nbsp;2006-08-27 by JonnyH&#252;tchen<br><br />Nach etwas Suche dann doch noch links unten gefunden.<img src='http://www.geocaching.com/images/icons/icon_smile.gif' border=0 align=middle><br>Danke Mueckenfett für diesen Cache.<br>Jonnyhütchen<br>Out: TB   In: Brustbeutel<br />]]></LOG>
<LOG><![CDATA[<img src='icon_greenlight.gif'>&nbsp;2006-08-26 by ApproV<br><br />Published<br />]]></LOG>
</LOGS>
<NOTES><![CDATA[]]></NOTES>
<IMAGES>
</IMAGES>
<TRAVELBUGS>
</TRAVELBUGS>
<URL><![CDATA[]]></URL>
<SOLVER><![CDATA[]]></SOLVER>
    <CACHE  name = "Vergessener Ort" owner = "Mueckenfett" lat = "51,204583333333" lon = "10,48675" hidden = "2006-08-25" wayp = "GCXYHG" status = "" ocCacheID = "" lastSyncOC = "20100419231016" num_recommended = "0" num_found = "-1" attributesYes = "2051" attributesNo = "2233382993920" boolFields="1922" byteFields="67246356" attributesYes1 = "0" attributesNo1 = "0" />
</CACHEDETAILS>
