<?xml version="1.0" encoding="ISO-8859-1"?>
<CACHEDETAILS>
<VERSION value = "3"/>
<DETAILS><![CDATA[Dies ist die schönste Quelle der Stadt, sie versorgt Teile der
Stadt mit Trinkwasser. Seit 1990 werden hier auch wieder
Brunnenfeste gefeiert. Das Brunnenhaus ist leider seit einigen
Jahren geschlossen, früher beherbergte es eine kleine Ausstellung
und war Teil der Mühlhäuser Museen.
<br>Am Start kannst du einen schriftlichen Hinweis (Koords) auf eine
geeignete Parkmöglichkeit finden. Von dort aus sind es dann nur
noch ein paar Meter bis zur Quelle. Besichtige nun in Ruhe die
Quelle und zähle dabei die "Zaunfelder" des Geländers, das dem
Wasser am nächsten ist. Setze die Zahl = Z.<br />
Finde nun noch heraus, wieviel Kubikmeter Wasser die Quelle täglich
fördert. Diese Zahl sei C. In der Umgebung der Quelle findest du
eine Angabe über die Höhe in Metern ü. NN.<br />
Setze diese Zahl unter Nichtbeachtung des Komma KLMN.
<p>Da an der Quelle häufig hohes Muggelaufkommen herrscht, habe ich
dir den Cache etwas entfernt versteckt, nämlich bei N 51°
(Z-1).M(3*Z)+4 und E 010° KL.(C/5)+(Z*4)+2</p>
<p>Viel Spaß beim Suchen !</p>
<p>Startinhalt:</p>
<p>GC Aufkleber<br />
Smily<br />
Ü-Ei Figur<br />
Button "Turnen ist mehr"<br />
Spitzer (nicht zum tauschen sondern zum spitzen)<br />
Schlüsselanhänger Drumbo<br />
Steueralarm</p>
<p>Eine Mini-Kopie des Brunnenhauses kann man im Ruhlaer
"miniathür" bestaunen.</p>
<p><br />
14. Juni: Der Hinweis am Start hat wohl die Witterung nicht
überstanden. Für aufmerksame Leser ist die Aufgabe aber auch ohne
den Hinweis leicht zu lösen. Viel Spaß !</p>]]></DETAILS>
<COUNTRY><![CDATA[Germany]]></COUNTRY>
<STATE><![CDATA[Thüringen]]></STATE>
<ATTRIBUTES>
   <ATT>bicycles-yes.gif</ATT>
   <ATT>parking-yes.gif</ATT>
   <ATT>available-yes.gif</ATT>
   <ATT>dogs-yes.gif</ATT>
   <ATT>motorcycles-yes.gif</ATT>
</ATTRIBUTES>
<HINTS><![CDATA[vaara]]></HINTS>
<LOGS>
<OWNLOGID></OWNLOGID>
<OWNLOG><![CDATA[]]></OWNLOG>
<LOG><![CDATA[<img src='icon_smile.gif'>&nbsp;2010-04-08 by erwinlottemann<br><br />Falsche Zaunfelder gezählt, Stift verloren und wiedergefunden, eklige Tüten am Final, das in einem Insektennest lagert.<br>Das waren die Erlebnisse und Eindrücke der Lottemanns an dieser schönen Quelle.<br>DFDC<br />]]></LOG>
<LOG><![CDATA[<img src='icon_smile.gif'>&nbsp;2010-04-05 by mondenkind1970<br><br />Schneller Multi für zwischendurch. Danke für´s Zeigen.<br />]]></LOG>
<LOG><![CDATA[<img src='icon_smile.gif'>&nbsp;2010-04-02 by mausebaer13<br><br />Ein schneller Multi zum Anfang. Sehr viele Muggels unterwegs. TFTC<br />]]></LOG>
<LOG><![CDATA[<img src='icon_smile.gif'>&nbsp;2010-03-29 by saheimast<br><br />Den letzten Tag unseres Caching-Urlaubs in Mühlhausen erfolgreich abgeschlossen. Danke für die vielen netten caches.<br />]]></LOG>
<LOG><![CDATA[<img src='icon_smile.gif'>&nbsp;2010-03-29 by Satchmo77<br><br />An unserem letzen Tag auf Cacherreise nach Mühlhausen auf den Spuren der "Mühlhauser Verstecker" auch diesen gefunden. Danke für eine tolle Zeit mit vielen, tollen Dosen in eindrucksvoller Umgebung! TFTC<br />]]></LOG>
<LOG><![CDATA[<img src='icon_smile.gif'>&nbsp;2010-03-29 by Fhuti83<br><br />Schnell gefunden und gelogt. Unterwegs mit saheimast und satchmo77. TFTC<br />]]></LOG>
<LOG><![CDATA[<img src='icon_smile.gif'>&nbsp;2010-03-18 by rageracer<br><br />Im vierten Anlauf, nach ein paar Minuten suchen, endlich gefunden.<br>Ohne Schnee gings echt viel besser.  	<img src='http://www.geocaching.com/images/icons/icon_smile_wink.gif' border=0 align=middle><br>Nur der Frost wollte noch nicht ganz kampflos aufgeben, konnte den kleinen dann aber doch befreien.<p>#105 --- 18.03.2010 --- 19.15 Uhr<p>TFTC<br />]]></LOG>
<LOG><![CDATA[<img src='icon_note.gif'>&nbsp;2010-03-02 by Kruemel68<br><br />Heute Cachekontrolle. Außer, dass der Frost die Dose noch festhält ist alles okay. Happy hunting !<br />]]></LOG>
<LOG><![CDATA[<img src='icon_smile.gif'>&nbsp;2009-12-13 by imme56<br><br />Auch in der tristen Jahreszeit ist die Quelle einen Besuch wert. Dose schnell gefunden. DFDC<br />]]></LOG>
<LOG><![CDATA[<img src='icon_smile.gif'>&nbsp;2009-11-22 by FroehlicheRadlerin<br><br />Heute den noch halb-sonnigen Vormittag genutzt, um endlich mal diese schöne Quelle zu besuchen, die ich schon lange auf der Liste hatte. Sieht ja wirklich wunderschön aus - wenn ich nur wüsste, was IN diesem Häuschen ist...?! Auf dem Weg zum Final konnten wir uns zweimal nur mit einem kühnen Sprung in den Seitengraben vor heranrasenden MTBlern retten - ganz schön gefährliche Gegend hier! Danke für den Cache!<br />]]></LOG>
<LOG><![CDATA[<img src='icon_smile.gif'>&nbsp;2009-08-09 by David+Chrissi<br><br />Unser Erster Multi-Cache...Und auf Anhieb Gefunden.Nur den Hinweis am Start haben wir nicht gefunden.Danke<br>David+Chrissi<br />]]></LOG>
<LOG><![CDATA[<img src='icon_note.gif'>&nbsp;2009-07-26 by Hoffi1986<br><br />Ich habe heute mal nach dem TB und der Coin gesehen und muss sagen, dass beide weg sind! Schade!<img src='http://img.groundspeak.com/forums/emoticons/signal/tired.gif' width=19 height=19 border=0 align=middle><br />]]></LOG>
<LOG><![CDATA[<img src='icon_note.gif'>&nbsp;2009-07-11 by Irrwitzer<br><br />Eine Bitte an den nächsten Finder: <br>Wir haben Anfang Juni die Coin "De Ruijter in 21th century" im Cache abgelegt. Bisher ist sie nicht wieder geloggt worden. Ist die Coin noch da? Wenn nicht, müssen wir sie als vermisst registrieren <img src='http://www.geocaching.com/images/icons/icon_smile_sad.gif' border=0 align=middle>. <br>(es wäre leider nicht die einzige Coin/TB, die in Mühlhausen verschollen ist <img src='http://www.geocaching.com/images/icons/icon_smile_evil.gif' border=0 align=middle>)<br>Team Irrwitzer<br />]]></LOG>
<LOG><![CDATA[<img src='icon_smile.gif'>&nbsp;2009-06-24 by biba1981<br><br />beim zweiten anlauf diesma geklappt das letzte ma war was schief gelaufen mit dem rechnen<img src='http://www.geocaching.com/images/icons/icon_smile_blackeye.gif' border=0 align=middle>aber heute ging es ganz schnell <img src='http://www.geocaching.com/images/icons/icon_smile_wink.gif' border=0 align=middle><p>out:schlüsselband<br>in:schlüsselanhänger<br />]]></LOG>
<LOG><![CDATA[<img src='icon_smile.gif'>&nbsp;2009-06-24 by FTT<br><br />Heute mit biba1981 in aller Ruhe loggen können.Von den TB/Coin war allerdings nichts zu sehen...<br>TFTC<br />]]></LOG>
<LOG><![CDATA[<img src='icon_smile.gif'>&nbsp;2009-06-01 by Red Caboose<br><br />Gemeinsam mit Team Irrwitzer auf die Suche gegangen und gefunden.<br>TFTC Gruß Red Caboose.<br />]]></LOG>
<LOG><![CDATA[<img src='icon_smile.gif'>&nbsp;2009-06-01 by Irrwitzer<br><br />Nachdem wir die Suche nach dem Cache, der an der Popperöder Quelle beginnt, abgebrochen hatten <img src='http://www.geocaching.com/images/icons/icon_smile_blackeye.gif' border=0 align=middle>, haben wir dann den Cache, der so heißt (aber nicht dort beginnt <img src='http://www.geocaching.com/images/icons/icon_smile_evil.gif' border=0 align=middle>) um so erfolgreicher gefunden <img src='http://www.geocaching.com/images/icons/icon_smile_big.gif' border=0 align=middle>.<br>Nun aber weiter in den Stadtwald .....<br>TFTC Team Irrwitzer<br />]]></LOG>
<LOG><![CDATA[<img src='icon_smile.gif'>&nbsp;2009-05-31 by womo-driver<br><br />Bei unserem Pfingstwomotreffen gefunden.<br>Schöne Stelle, die wir ohne Geocachen vielleicht nicht entdeckt hätten<p>Liebe Grüße aus GE<br>Brigitte und Andreas<br />]]></LOG>
<LOG><![CDATA[<img src='icon_smile.gif'>&nbsp;2009-05-31 by Horse-Team<br><br />Auf Tour durch Mühlhausen auch diesen Cache mit variblue und kpit51 bei schönem Wetter gefunden. Waren zunächst durch die Startkoordinaten verwirrt, dann aber doch noch die Quelle gefunden und nach einigem Rechnen auch den Cache. Beim Suchen des Finals kam eine ältere Dame vorbei, die fragte was es hier Interessantes zu sehen gibt. Als sie die Weide neben uns sah meinte sie: Beindruckender Baum. Und sie blieb in dem Glauben wir hätten den Baum bewundert <img src='http://www.geocaching.com/images/icons/icon_smile_big.gif' border=0 align=middle><br>TFTC<br>Horse-Team<br />]]></LOG>
<LOG><![CDATA[<img src='icon_smile.gif'>&nbsp;2009-05-31 by variblue<br><br />Auf einer landschaftlich sehr schönen Tour nach Mühlhausen zusammen mit dem<br>Horse-Team und kpit51 haben wir auch diesen Cache nach einigem Hin und Her gefunden.<p>Die angegebenen Koords sind leider nicht die Startkoords, oder hier ist nichts<br>mehr zu finden. Man sollte entweder vor Ort wieder etwas herrichten oder den<br>Cache in einen Mystery ändern!<p>Danke für den Cache.<p>Gruß<br><b><font color="blue">variblue</b></font><br><br />]]></LOG>
<LOG><![CDATA[<img src='icon_smile.gif'>&nbsp;2009-05-31 by Murray39<br><br />War heute mal wieder mit Megafan unterwegs und wir haben endlich den Quellencache gehoben. 3. Anlauf ;-)<br />]]></LOG>
<LOG><![CDATA[<img src='icon_smile.gif'>&nbsp;2009-05-31 by kpit51<br><br />Heute mal mit dem Horse-Team und variblue eine Runde in und um Mühlhausen gedreht und den einen und anderen Cache besucht. <br>Ich danke allen Ownern für ihre Mühe mal schöne und mal schnelle Caches zu legen.<p>Vielen Dank<br>Peter<br />]]></LOG>
<LOG><![CDATA[<img src='icon_smile.gif'>&nbsp;2009-05-31 by TPok<br><br />Heute bei einem Ausflug mit der Muggelfamilie schnell mitgenommen und dabei prompt megafan beim heben des Caches ertappt. Da fiel das Scuhen natürlich leicht. ^^<p>In: Schlüsselband<br>Out: Mr. Hummer (Kunststofffigur)<p>TFTC, TPok und Heavenly<br><br />]]></LOG>
<LOG><![CDATA[<img src='icon_smile.gif'>&nbsp;2009-05-31 by megafan<br><br />Schöner Cache. Nach dem zweiten Anlauf gefunden...erst war der Akku vom GPS Gerät leer, dann Gewitter....nun endlich gefunden.<p>:-)<br />]]></LOG>
<LOG><![CDATA[<img src='icon_smile.gif'>&nbsp;2009-05-22 by blue flow<br><br />Schöner Cache . Geloggt 17.25 Uhr 22.5.2009 , nur so erfährt man was über die Quelle . mfg   blue flow<br />]]></LOG>
<LOG><![CDATA[<img src='icon_smile.gif'>&nbsp;2009-04-25 by maddin77<br><br />Hallo, dies war unser erster cache. Meine Frau hatte den richtigen Riecher für die Suche nach der Höhenangabe und dann bei der direkten Suche nach dem Cache. Macht auf jeden Fall Lust auf mehr.<br />]]></LOG>
<LOG><![CDATA[<img src='icon_smile.gif'>&nbsp;2009-04-05 by littlesoldier<br><br />Schöner kleiner Multi! Alles leicht zu lösen und Cache dank Hint auch recht zügig gefunden!<br>Finalkoordinaten etwas abweichend!?<br />]]></LOG>
<LOG><![CDATA[<img src='icon_smile.gif'>&nbsp;2009-03-14 by commander-rabb<br><br />Ein kleiner interessanter Cache, bei dem man auch noch einige wissenswerte Dinge erfährt. <br>Nach etwas halbstündiger Suche wollten wir schon erfolglos abbrechen, doch dann fanden wir den Cache 20 m von den errechneten Koordinaten entfernt.<p>in: Coin.<br>out: nix<br>eigentlich wollten wir den Gänse-TB mitnehmen, aber der war leider nicht mehr da <img src='http://www.geocaching.com/images/icons/icon_smile_sad.gif' border=0 align=middle><p><br>Danke für den Cache<br>das Team von commander-rabb<p>[This entry was edited by commander-rabb on Sunday, March 15, 2009 at 7:23:39 AM.]<br />]]></LOG>
<LOG><![CDATA[<img src='icon_smile.gif'>&nbsp;2008-12-27 by miric99<br><br />Danke für die nette Runde zur Quelle.  Trade in: TB XJM5P9   out: Ü-Ei Figur    TFTC miric99<br />]]></LOG>
<LOG><![CDATA[<img src='icon_smile.gif'>&nbsp;2008-12-16 by Gapsappa<br><br />Eine sehr schöne Quelle! Am Final gab es mehrere Möglichkeiten, da haben wir eine Zeitlang gesucht.<p>Danke, Gapsappa<br />]]></LOG>
<LOG><![CDATA[<img src='icon_smile.gif'>&nbsp;2008-11-28 by Hoffi1986<br><br />Ein sehr schöner Cache, den wir auf unserer abendlichen Runde mitgenommen haben. Bei den Startkoords haben wir gedreht und sind zurückgefahren, weil wir dachten die Koords sind falsch. Doch als wir dann am Brunnenhaus waren, war alles klar. Am Final hab ich dann genau in der falschen Ecke gesucht, aber mein Frauchen hats dann doch gefunden.<br>TFTC<br />]]></LOG>
<LOG><![CDATA[<img src='icon_smile.gif'>&nbsp;2008-10-31 by LUPO.79<br><br />Nun war es endlich soweit. Junior wollte mal wieder Klettern und Enten füttern, also ab zum Schwanenteich und damit dann auch endlich diesen geloggt. Danke an Stefan für den tip (hab meinen fehler jetzt glaub ich entdeckt!). Und damit ist dieser mein Schnapszahl-Cache-Nr. 555... Prost...<p>IN: Coin<br />]]></LOG>
<LOG><![CDATA[<img src='icon_smile.gif'>&nbsp;2008-08-18 by caprikitty<br><br />Von den Ameisen behütet schlummert er noch immer hier.<br>Vielen Dank fürs Zeigen dieser schöne Gegend. Ich kannte zwar die Quelle schon, aber so genau hab ich sie mir noch nicht angeschaut.<br />]]></LOG>
<LOG><![CDATA[<img src='icon_smile.gif'>&nbsp;2008-05-10 by GeoSittiche<br><br />Interessanter Quellencache,danke für`s herlocken -<br> die Geosittiche<br />]]></LOG>
<LOG><![CDATA[<img src='icon_smile.gif'>&nbsp;2008-03-30 by dop3<br><br />schnell gefunden<br>out: coin<br>in: armband<br><br />]]></LOG>
<LOG><![CDATA[<img src='icon_smile.gif'>&nbsp;2008-03-23 by madd.in<br><br />Haben diesen Cache auch bei Dunkelheit gut gefunden :)<br>In: Coin<br>tftc madd.in<br />]]></LOG>
<LOG><![CDATA[<img src='icon_smile.gif'>&nbsp;2008-03-22 by AT-AT<br><br />zusammen mit gollumgandlaf gefunden<br>TFTC<br />]]></LOG>
<LOG><![CDATA[<img src='icon_smile.gif'>&nbsp;2008-03-22 by Gollum &amp; Galadriel<br><br />Wenn auch wenig Zeit war , der musste es heute sein.<br>Schön, diese Rechenaufgaben und altes Wissen wird auch gleich wieder aufgefrischt.<br>TFTC<br />]]></LOG>
<LOG><![CDATA[<img src='icon_smile.gif'>&nbsp;2008-03-20 by Renault Family<br><br />Hier auf Osterbesuch in Mühlhausen um 16.00 Uhr geloggt. Unser Max war der Finder und ganz stolz.<br>Danke sagen Sandra, Max & Matti<br />]]></LOG>
<LOG><![CDATA[<img src='icon_smile.gif'>&nbsp;2008-03-09 by fox-hunter_I<br><br />Endlich wieder mal was zum Rechnen ... das Finden war schon lange Pflicht und ist nun trotz Sonntäglichen Muggelverkehrs zu einem glücklichen Ende gebracht. Dank dem Eigner für diesen netten Spaziergang!<br>Und weiter solls gehen ...<br />]]></LOG>
<LOG><![CDATA[<img src='icon_smile.gif'>&nbsp;2007-09-02 by uhri<br><br />Schöner Sonntagsspaziergang. Um die Mittagszeit sind nicht so viele Muggels am Final unterwegs.<br>In : Ü-Ei Figur<br>Out: Spinne<br />]]></LOG>
<LOG><![CDATA[<img src='icon_smile.gif'>&nbsp;2007-04-21 by caro1<br><br />ein schöner platz an der quelle, hat uns (cato44 und mir) dort sehr gefallen und nachdem wir die neuen koordinaten errechneten, machten wir uns auf zum cache und haben ihn dann doch noch gefunden, nachdem wir etwas ratlos waren. da unsere gps-geräte doch unterschiedliche meterangaben zeigten.<br>danke!<br />]]></LOG>
<LOG><![CDATA[<img src='icon_smile.gif'>&nbsp;2007-04-21 by cato44<br><br />Sehr sehenswerter Quellort! Nach Absuchen mehrerer Versteckmöglichkeiten Cache gut gefunden und etwas stärker als  vorher wieder getarnt.<br>Danke<br>sagen die "catos"<br />]]></LOG>
<LOG><![CDATA[<img src='icon_smile.gif'>&nbsp;2007-03-17 by Hor_andy<br><br /><br>Nach kurzer Suche und kleinem Spaziergang, gut gefunden. TFTC<br><br />]]></LOG>
<LOG><![CDATA[<img src='icon_smile.gif'>&nbsp;2007-03-17 by Traveler77<br><br />bei Nieselregen abgestaubt. <img src='http://www.geocaching.com/images/icons/icon_smile_wink.gif' border=0 align=middle><br />]]></LOG>
<LOG><![CDATA[<img src='icon_smile.gif'>&nbsp;2007-03-08 by DerAlte<br><br />Bei stark hereinbrechender Dunkelheit diesen Cache nach kurzer Suche entdeckt. Besten Dank an den 'Schatzmeister'<br>In/out: nichts<br>DerAlte<br />]]></LOG>
<LOG><![CDATA[<img src='icon_smile.gif'>&nbsp;2007-02-18 by braendys<br><br />Bei herrlichem Wetter einen schönen Sonntagsspaziergang gemacht und den Cache auch schnell gefunden.<p>Vorsicht: hohes Muggelaufkommen!<p>Danke, Team Braendys<br />]]></LOG>
<LOG><![CDATA[<img src='icon_smile.gif'>&nbsp;2006-12-25 by S&#246;ckchen<br><br />Auf dem Weg zum Weihnachtsessen ins Weisse Haus,diesen kleinen Multi gelöst.<br>out TB<br>Silke<br />]]></LOG>
<LOG><![CDATA[<img src='icon_smile.gif'>&nbsp;2006-12-03 by Grottenolm87<br><br />Habe meinen Account von Knutsch&Fleck in Grottenolm87 gewechselt. Sollte jemand damit Probleme haben, kann er diesen Log ohne Kommentar löschen.<br>I´ve changed my account from Knutsch&Fleck to Grottenolm87. The log can discharge momentarily if somebody disagree with this.  <br><br />]]></LOG>
<LOG><![CDATA[<img src='icon_smile.gif'>&nbsp;2006-12-03 by Eichsgenossen<br><br />Seid bereit! Immer bereit!<p>Schnell gefunden.<br>TFTC<br>14:24 Uhr<p>Die Eichsgenossen<br />]]></LOG>
<LOG><![CDATA[<img src='icon_smile.gif'>&nbsp;2006-12-03 by Erithacus Rubecula<br><br />Abgestaubt<p>Nach einer kurzen Suche schnell gefunden.<br>TFTC<br>In: TB<br>Out: TB<br>14:23 Uhr<p>Knutsch&Fleck<br />]]></LOG>
<LOG><![CDATA[<img src='icon_smile.gif'>&nbsp;2006-12-02 by Bara68<br><br />Nachdem ich die Daten zusammengesammelt hatte, ging es auf direkten Wege zum Cacheversteck, welches ich dann auch problemlos gefunden habe. Danke an Kruemel68 für diesen Cache.<p>Bara68<p>Rein: TB The Chiefs Pouch<br />]]></LOG>
<LOG><![CDATA[<img src='icon_smile.gif'>&nbsp;2006-11-18 by gloomy<br><br />Die Quelle war mir bereits gut bekannt. So konnten wir zügig zum Cache vordringen. VG und Danke, gloomy!<br />]]></LOG>
<LOG><![CDATA[<img src='icon_smile.gif'>&nbsp;2006-11-04 by KaputtesLicht<br><br />Das Brunnehaus haben wir zwar schonmal bei einem anderen Cache gesehen, hat uns aber trotzdem wieder fasziniert. Danke.<br />]]></LOG>
<LOG><![CDATA[<img src='icon_smile.gif'>&nbsp;2006-11-04 by Uzusmaximus<br><br />An einem schönen, leicht verregneten Novermbersamstag gehoben. Thx<br />]]></LOG>
<LOG><![CDATA[<img src='icon_smile.gif'>&nbsp;2006-10-29 by Die Hasenschnitzels<br><br />Auch wenn das Wetter am Wochenende etwas bescheiden war, konnte es uns nicht vom Cachen abhalten. <br>Die nötigen Infos und der Cache waren schnell gefunden.<br>Danke. TNLN<p>MfG Die Hasenschnitzels Jenny & Thorsten<br />]]></LOG>
<LOG><![CDATA[<img src='icon_smile.gif'>&nbsp;2006-10-07 by JonnyH&#252;tchen<br><br />Auch diesen Schatz haben wir im Team gefunden, wobei pecodu diesmal der Erste war.<br><br />]]></LOG>
<LOG><![CDATA[<img src='icon_smile.gif'>&nbsp;2006-10-07 by pecodu<br><br />Danke schön! Und noch Einen zusammen mit Owner, JonnyHütchen und Mückenfett abgelaufen. Viele Grüße nach MHL.<br />]]></LOG>
<LOG><![CDATA[<img src='icon_smile.gif'>&nbsp;2006-10-07 by Mueckenfett<br><br />Dies war der dritte Schatz im Team.<br>Tom<br />]]></LOG>
<LOG><![CDATA[<img src='icon_smile.gif'>&nbsp;2006-10-02 by Chris601<br><br />sehr toll gemacht. DANKE! <p>ich hatte ein paar Probleme mit der Lösungsformel. Aber nach einigem Suchen doch gefunden. Auch an der Quelle hatte ich natürlich erst die anderen Zaunfelder gezählt, mich dann aber doch für die Quelleneinfassung entschieden.<p>Klingt ja so, als ob es noch mehr Quellencaches geben wird. Ich freu mich drauf!<p>no trade.<br />]]></LOG>
<LOG><![CDATA[<img src='coord_update.gif'>&nbsp;2006-10-01 by ApproV<br><br /><strong>N 51° 11.888 E 010° 25.059</strong><br /><br />Start geändert.<br />]]></LOG>
<LOG><![CDATA[<img src='icon_greenlight.gif'>&nbsp;2006-09-30 by ApproV<br><br />Published<br />]]></LOG>
</LOGS>
<NOTES><![CDATA[]]></NOTES>
<IMAGES>
    <IMG>GCYK33_0.jpg<URL>http://img.geocaching.com/cache/30d43b34-744c-4850-ba51-c89aa0d1901f.jpg</URL></IMG>
    <IMGTEXT>Lustiger Baum<DESC>Auf dem Weg zum Cache kommst du an diesem lustigen Nistkastenbaum vorbei.</DESC></IMGTEXT>
</IMAGES>
<TRAVELBUGS>
</TRAVELBUGS>
<URL><![CDATA[]]></URL>
<SOLVER><![CDATA[]]></SOLVER>
    <CACHE  name = "M&#252;hlh&#228;user Quellen  Popper&#246;der Quelle" owner = "Kruemel68" lat = "51,198133333333" lon = "10,41765" hidden = "2006-09-30" wayp = "GCYK33" status = "" ocCacheID = "" lastSyncOC = "20100419230717" num_recommended = "0" num_found = "-1" attributesYes = "4720643" attributesNo = "0" boolFields="1922" byteFields="50530831" attributesYes1 = "0" attributesNo1 = "0" />
</CACHEDETAILS>
