<mmc>
	<settings fontsize="16"/>

	<role name="always" active="false"/>
	<role name="menu"/>
	<role name="zoom" disable="map|centermap|detail"/>
	<role name="centermap"  disable="zoom|map|detail"/>
	<role name="map" disable="zoom|centermap|detail"/>
	<role name="detail" disable="zoom|centermap|map"/>
	<role name="show_map" active="true"/> <!-- this name of role is fix in code! -->
	<role name="show_caches" active="true"/><!-- this name of role is fix in code! -->
	<role name="fill_white" active="true"/><!-- this name of role is fix in code! -->
	<role name="zoom_manually"/><!-- this name of role is fix in code! -->


	<!-- Buttons right side -->
	<button action="close" fromRight="25" fromTop="5" location="mmcOldStyle/cl_icon_close_map_20x20.png" icon="mmcOldStyle/cl_icon_close_map_20x20.png" visibleIf="always" />
	<button action="moveToGps" fromRight="31" fromTop="30" location="mmcOldStyle/cl_icon_move_to_gps_26x24.png" icon="mmcOldStyle/cl_icon_move_to_gps_26x24.png" visibleIf="always" />
	<button action="1to1" fromRight="23" fromTop="200" location="mmcOldStyle/cl_icon_1to1_18x18.png" icon="mmcOldStyle/cl_icon_1to1_18x18.png" visibleIf="always" />
	<button action="changeStateOfRole" fromRight="29" fromTop="225" changeStateof="zoom_manually" location="mmcOldStyle/cl_zoom_manually_24x24.png" icon="mmcOldStyle/cl_zoom_manually_24x24.png" visibleIf="!zoom_manually"/>
	<button action="changeStateOfRole" fromRight="29" fromTop="225" changeStateof="zoom_manually" location="mmcOldStyle/cl_zoom_activated_24x24.png" icon="mmcOldStyle/cl_zoom_activated_24x24.png" visibleIf="zoom_manually"/>

	<!-- Main Menu-Button left side -->
	<button action="changeStateOfRole" fromLeft="10" fromTop="10" changeStateof="menu" location="mmcOldStyle/cl_icon_menu_20x20.png" visibleIf="!menu"/>

	<!-- bottom text icons -->
	<button action="none" fromRight="110" fromBottom="20" location="mmcOldStyle/cl_white_background_110x20.png" visibleIf="always" content="scale" alignText="BR"/>
	<button action="none" fromLeft="0" fromBottom="20" location="mmcOldStyle/cl_white_background_55x20.png" visibleIf="always" content="distance" alignText="BL"/>

	<!-- Main menu -->
	<button action="selectMap" fromLeft="10" fromTop="10" location="mmcOldStyle/cl_menubutton_top_360x20.png" icon="mmcOldStyle/cl_icon_folder_15x15.png"  visibleIf="menu+!map" localeDefault="Select a map manually$s" localeID="4235" alignText="CL" textOffsetLeft="40"/>
	<button action="changeMapDir" fromLeft="10" fromTop="30" location="mmcOldStyle/cl_menubutton_middle_360x20.png" icon="mmcOldStyle/cl_icon_folders_15x15.png"  visibleIf="menu+!map" localeDefault="Change map directory" localeID="4237" alignText="CL" textOffsetLeft="40"/>
	<button action="changeStateOfRole" fromLeft="10" fromTop="50" changeStateof="show_map" location="mmcOldStyle/cl_menubutton_middle_360x20.png" icon="mmcOldStyle/cl_icon_no_map_15x15.png" visibleIf="menu+!map+!show_map" localeDefault="Show map" localeID="4239" alignText="CL" textOffsetLeft="40"/>
	<button action="changeStateOfRole" fromLeft="10" fromTop="50" changeStateof="show_map" location="mmcOldStyle/cl_menubutton_middle_360x20.png" icon="mmcOldStyle/cl_icon_map_15x15.png" visibleIf="menu+!map+show_map" localeDefault="Hide map" localeID="4241" alignText="CL" textOffsetLeft="40"/>
	<button action="changeStateOfRole" fromLeft="10" fromTop="70" changeStateof="fill_white" location="mmcOldStyle/cl_menubutton_middle_360x20.png" icon="mmcOldStyle/cl_icon_no_map_15x15.png" visibleIf="menu+!map+!fill_white" localeDefault="Show white areas" localeID="4267" alignText="CL" textOffsetLeft="40"/>
	<button action="changeStateOfRole" fromLeft="10" fromTop="70" changeStateof="fill_white" location="mmcOldStyle/cl_menubutton_middle_360x20.png" icon="mmcOldStyle/cl_icon_map_15x15.png" visibleIf="menu+!map+fill_white" localeDefault="Fill white areas" localeID="4266" alignText="CL" textOffsetLeft="40"/>
	<button action="changeStateOfRole" fromLeft="10" fromTop="90" changeStateof="show_caches" location="mmcOldStyle/cl_menubutton_middle_360x20.png" icon="mmcOldStyle/cl_icon_no_map_15x15.png" visibleIf="menu+!map+!show_caches" localeDefault="Alle Cache anzeigen" localeID="4268" alignText="CL" textOffsetLeft="40"/>
	<button action="changeStateOfRole" fromLeft="10" fromTop="90" changeStateof="show_caches" location="mmcOldStyle/cl_menubutton_middle_360x20.png" icon="mmcOldStyle/cl_icon_map_15x15.png" visibleIf="menu+!map+show_caches" localeDefault="Keine Cache anzeigen" localeID="4269" alignText="CL" textOffsetLeft="40"/>
	<button action="none" fromLeft="10" fromTop="110" location="mmcOldStyle/cl_menubutton_ruler_360x20.png" visibleIf="menu+!map"/>
	<button action="highestResGpsDest" fromLeft="10" fromTop="130" location="mmcOldStyle/cl_menubutton_middle_360x20.png" icon="mmcOldStyle/cl_icon_map_pos_dest_15x15.png" visibleIf="menu+!map" localeDefault= "Highest res. containing dest.  cur. position" localeID="4244" alignText="CL" textOffsetLeft="40"/>
	<button action="highestResolution" fromLeft="10" fromTop="150" location="mmcOldStyle/cl_menubutton_middle_360x20.png" icon="mmcOldStyle/cl_icon_map_highest_res_15x15.png" visibleIf="menu+!map" localeDefault="Highest resolution" localeID="4246" alignText="CL" textOffsetLeft="40"/>
	<button action="keepManResolution" fromLeft="10" fromTop="170" location="mmcOldStyle/cl_menubutton_middle_360x20.png" icon="mmcOldStyle/cl_icon_map_man_res_15x15.png" visibleIf="menu+!map" localeDefault="Keep manual resolution" localeID="4248" alignText="CL" textOffsetLeft="40"/>
	<button action="none" fromLeft="10" fromTop="190" location="mmcOldStyle/cl_menubutton_ruler_360x20.png" visibleIf="menu+!map"/>
	<button action="allCachesRes" fromLeft="10" fromTop="210" location="mmcOldStyle/cl_menubutton_middle_360x20.png" icon="mmcOldStyle/cl_icon_map_all_15x15.png" visibleIf="menu+!map" localeDefault="Load a map containing all marked caches" localeID="4252" alignText="CL" textOffsetLeft="40"/>
	<button action="moreDetails" fromLeft="10" fromTop="230" location="mmcOldStyle/cl_menubutton_middle_360x20.png" icon="mmcOldStyle/cl_icon_map_more_details_15x15.png" visibleIf="menu+!map" localeDefault="Load a map with more details" localeID="4254" alignText="CL" textOffsetLeft="40"/>
	<button action="moreOverview" fromLeft="10" fromTop="250" location="mmcOldStyle/cl_menubutton_middle_360x20.png" icon="mmcOldStyle/cl_icon_map_less_details_15x15.png" visibleIf="menu+!map" localeDefault="Load a map for a better overview" localeID="4256" alignText="CL" textOffsetLeft="40"/>
	<button action="none" fromLeft="10" fromTop="270" location="mmcOldStyle/cl_menubutton_ruler_360x20.png" visibleIf="menu+!map"/>
	<button action="moveToDest" fromLeft="10" fromTop="290" location="mmcOldStyle/cl_menubutton_middle_360x20.png" icon="mmcOldStyle/cl_icon_to_target_15x15.png" visibleIf="menu+!map" localeDefault="Move to goto point" localeID="4260" alignText="CL" textOffsetLeft="40"/>
	<button action="moveToCenter" fromLeft="10" fromTop="310" location="mmcOldStyle/cl_menubutton_middle_360x20.png" icon="mmcOldStyle/cl_icon_to_centre_15x15.png" visibleIf="menu+!map" localeDefault="Move to centre" localeID="4264" alignText="CL" textOffsetLeft="40"/>
	<button action="moveToGps" fromLeft="10" fromTop="330" location="mmcOldStyle/cl_menubutton_bottom_360x20.png" icon="mmcOldStyle/cl_icon_to_gps_15x15.png" visibleIf="menu+!map" localeDefault="Move to GPS position" localeID="4262" alignText="CL" textOffsetLeft="40"/>

</mmc>
